ppt,donation,cond_sex,cond_metaphor,rt_consent,rt_instructions,rt_trial,rt_4,rt_5,rt_6,rt_7,rt_8,rt_9,rt_10,rt_11,rt_12,rt_13,rt_debrief,total_time,urgent,sympathy,peace,guilty,self_cancer,ff_cancer,gender,education,socioeconomic,english,age,purpose,feedback,purpose_code,feedback_code
01da7l27x0krhqe9tpp5,30,female,battle,17000,32351,27892,9916,3219,3373,4181,3554,3395,7633,3219,5470,3076,5964,130511,5,6,4,4,N,Y,M,M,75-100k,Y,32,,,NA,NA
0fbnwdvm7gs36e603g51,0,female,battle,3631,35953,108619,12109,4338,12681,5094,4422,3556,16629,6454,86862,2331,2457,305760,5,6,5,5,N,Y,F,B,25-50k,Y,50,My willingness to give to an unknown person (the bonus given to a cancer patient that I know nothing about)as opposed to giving to the person in the given scenario.,,CH,NA
0qcvwk0ooyevwfukfuus,25,male,literal,5464,24954,5191,11452,5245,2470,2176,2483,2247,8750,5876,2167,3175,10164,92122,3,4,2,4,N,Y,M,B,75-100k,Y,40,,,NA,NA
0zu77vpp3bapfp74l9sa,10,male,literal,21760,48105,62038,14227,5037,8282,6789,5182,4120,22114,11748,83956,5654,9302,311050,4,4,2,4,N,N,F,B,50-75k,Y,31,How humans sympathize with people in life threatening health coditions  ,no,CH,ON
1cm51ddgsc9r21bwe97x,10,female,journey,8846,22330,38794,11170,3513,5389,4843,2989,2960,11862,3487,2641,1077,8257,129058,6,6,5,1,N,Y,F,A,50-75k,Y,35,,,NA,NA
1cpa1g5263o0c1ka4o6n,45,male,literal,48502,25723,32732,5294,3130,4389,7635,2497,2050,9663,3780,2193,1441,6424,156211,4,6,4,3,N,Y,M,HS,50-75k,Y,31,,,NA,NA
1mbb70yhzk99369j5lxr,0,female,journey,2023,13936,9953,4680,3384,3471,2695,2039,1674,5196,2722,2128,875,1779,57003,3,0,2,0,N,N,M,B,50-75k,Y,36,,,NA,NA
1odm29anhxvvbnvhw74a,5,male,journey,13703,21509,45033,5975,5436,4833,10576,4147,2300,9120,3700,13055,5568,3922,149325,4,4,5,2,N,Y,M,B,25-50k,Y,29,I think you were testing human empathy.,Thank you!,CH,TY
1oqn6nq7dkk4uj862r4r,0,male,literal,639459,9171,396319,2688,2728,1380,1761,2017,1227,6074,2522,1213,963,2766,1070688,5,4,4,3,N,N,M,B,50-75k,Y,38,,,NA,NA
1r1ta31rn8xn9amwjv3d,10,female,literal,12857,19891,47314,5752,5483,1748,2401,7280,1906,11588,4489,17053,1078,6666,146009,5,3,5,4,N,N,M,HS,25-50k,Y,33,Testing to see how people will donate,,DE,NA
1rc573f8hef5ay5dpkdk,0,male,battle,4081,140304,77158,6288,3831,5576,5854,3608,2269,9702,6126,2991,2719,5593,276324,5,6,5,3,N,N,M,A,50-75k,Y,35,,,NA,NA
1s2rok3bc2h3zg94zzkn,15,male,battle,59282,50134,64982,6154,2757,4350,4538,3399,3521,13371,3085,11791,1467,8077,244506,6,6,6,0,Y,Y,F,HS,50-75k,Y,26,,,NA,NA
1z84fkru8logy80uxc1r,0,female,literal,5481,4756,10771,4522,1175,858,1545,2596,1270,6542,2700,1535,1074,2988,48301,4,4,3,2,N,N,M,B,50-75k,Y,28,,,NA,NA
21z2d4xavqt3vyqm9sor,25,male,journey,4131,119611,36646,11196,3367,2520,3007,2073,2403,7118,3373,1099,1033,3875,201775,5,5,3,5,N,N,M,HS,25-50k,Y,33,,,NA,NA
27jm00pyykzq8ncea8ut,27,female,battle,10732,237734,24961,8441,3001,11752,5580,5109,6464,12011,3613,6663,11812,7272,356695,5,5,2,4,N,N,F,B,>150k,Y,29,decisions,fun,DE,CM
29o2xhk7e8dsrq2sf8lq,25,male,journey,17682,16325,6036,3520,3585,3954,4081,2300,1854,6191,1773,1471,1382,2712,73325,6,6,3,2,N,Y,F,B,100-150k,Y,28,,"",NA,NA
2adn4tn4cmfuz61swwx9,0,male,battle,5163,26389,50819,3523,3069,12400,1934,2065,2764,7945,5140,5181,5253,45478,177548,4,0,4,3,N,Y,M,B,10-25k,Y,36,I'm not sure.,"No, thank you.",UN,TY
2brmb1p5r8kgrmyo3aua,0,female,journey,3717,21499,45527,8795,2323,3045,2582,12300,2690,9719,4413,1983,1533,4302,124868,6,6,3,3,N,Y,M,HS,50-75k,Y,71,,,NA,NA
2mbh75xmh3wkw1qqy03z,20,male,journey,15278,34398,49847,7491,6976,3790,3289,4439,3551,17486,3750,33492,4186,23638,212291,3,4,4,1,N,Y,F,B,25-50k,Y,54,how people with relatives or personal cancer experience donate more than those who have no one close to them with the disease,no,DE,ON
2quwpjc489gdxrzf7hp6,15,female,literal,3832,27884,66603,41648,7832,3956,2638,4209,2350,12107,3824,2023,836,17204,197754,4,4,4,2,N,Y,F,P,50-75k,Y,NA,,,NA,NA
2vqfn32drxencqqg7c4c,5,male,journey,14454,37116,15558,4663,2252,9396,27012,3860,1664,7115,4331,2782,935,8909,141270,3,6,6,4,N,Y,F,A,25-50k,Y,31,,,NA,NA
3dn2ykz4gzz3qqxjoo6f,0,male,journey,49784,15028,24326,7839,3843,1942,2167,3789,2581,32440,3629,6055,4799,9315,167853,4,4,4,2,N,N,M,B,50-75k,Y,43,compassion?,Thank you,CH,TY
3o0uym6hdnhlzt6zsgya,3,female,battle,9728,37915,142242,6151,3336,7050,7065,3074,7363,17480,5475,2338,1687,13131,264764,5,5,4,1,N,N,F,B,25-50k,Y,35,,,NA,NA
3zt2lq8cb31wav44gr4g,35,female,literal,66878,43501,106779,11955,4630,11358,5401,3773,6861,20267,4224,30267,8063,37759,363028,3,3,3,0,N,N,F,HS,<10k,Y,28,"Whether people were willing to donate more if they'd had past experiences with cancer, either personal or remote?",,DE,NA
48gybdc4sct77fxozk07,27,female,battle,8941,16626,21277,9708,12193,8118,9829,9220,5812,18749,5629,3354,2815,17176,149948,4,4,4,3,N,Y,M,B,50-75k,Y,25,,,NA,NA
4d9y7uf6rt7os26ep39o,40,female,battle,10800,33017,24207,5248,2558,2355,2382,4833,6603,89082,10997,10361,5610,6430,215084,5,3,2,5,N,N,F,HS,50-75k,Y,29,I'm not sure.,No,UN,ON
4edabr05cqfzfzycfpjb,5,female,battle,7311,21277,41372,10210,3327,4502,4354,2680,2709,10211,3261,2526,1194,25229,141020,4,4,5,2,N,Y,F,A,10-25k,Y,37,,,NA,NA
4m059x4yu4a4hwe5srpl,45,male,literal,57751,48858,127100,8776,9236,4005,3806,3102,4837,18523,4726,43159,95245,49161,478704,4,4,3,0,N,Y,F,M,25-50k,Y,54,The response to the wording of the fundraiser.,"If there really is a drawing, and if I won, I really would want $45 of the $50 donated to a cancer patient, although I have my doubts about whether it is true or not.",TH,CM
545sfx76x6kx341qc65l,10,male,literal,10437,16005,36684,8645,9521,4114,4962,5252,1730,8428,2822,1792,1323,39061,151209,5,4,1,3,N,N,M,B,25-50k,Y,25,,,NA,NA
5b4v3l0umq0gfzm18l0c,0,female,journey,33278,70385,90964,14039,7541,2596,5930,24630,2091,16392,4805,13212,1616,3989,291852,5,6,1,3,N,Y,M,B,<10k,Y,36,,,NA,NA
5bxgv1uapsbdscdzmr6r,25,male,journey,90273,47154,43955,6623,8145,2946,4149,5417,2705,12147,7416,13529,2690,6048,253736,5,6,3,3,N,Y,F,A,25-50k,Y,58,I'm really unsure.,,UN,NA
5p6tkz6w2lj43uugnc74,5,male,journey,3716,12621,17067,8407,3196,2066,9080,1814,2486,5749,2565,7563,1893,1564,80215,6,5,4,1,N,N,M,B,50-75k,Y,32,measuring choices and opinions,thanks,DE,TY
5py3oftebwo8f29qp6yk,20,male,journey,35030,65558,75489,10999,23661,10603,5527,16259,4012,21908,5159,91251,53902,50467,470546,6,6,5,1,Y,Y,F,B,75-100k,Y,48,I think you might have been testing for peoples level of generosity or giving to strangers versus the possibility of a higher personal reward. ,Interesting study. I think it would be also interesting to know how people would respond if it was framed as a family member or as someone they know. I would guess people would give up much more of the money up front. ,CH,CM
5qlkks318jkxpb0gkdbt,28,male,battle,169904,6900,8442,16027,15955,15044,2384,3067,7192,9579,19352,2753,1861,25442,306187,4,4,3,3,N,Y,M,B,100-150k,Y,40,,,NA,NA
5yls8jnycc1sm9nx3840,25,male,battle,16394,39736,94060,27743,10181,7589,7788,10531,6793,16866,5445,53456,26849,43652,371684,6,6,0,0,Y,N,M,P,>150k,Y,25,testing how people feel toward what they read.,i would like to donate for jason.,TH,CM
68p5gxoz7f6a69058cpm,13,female,journey,4398,3968,4487,3005,2084,3220,1743,2904,1604,6099,3522,25852,1141,8011,72551,3,4,2,2,N,N,F,HS,10-25k,Y,21,,,NA,NA
6bfb0dlcvjhrga18c98v,25,female,literal,11623,36531,30356,5457,2814,5168,4127,2650,3470,31474,10218,2371,3860,4846,155535,5,4,4,1,N,N,M,B,25-50k,Y,58,,,NA,NA
6gl8jput3opwqz51jbvy,0,female,journey,4888,13084,5543,3213,1956,2989,2243,1521,2324,5862,2036,1224,705,3112,51189,3,1,4,0,N,Y,F,B,50-75k,Y,24,,,NA,NA
6l7yd7lvbjdwplpbwxj6,4,female,literal,4009,25333,61533,9066,4894,8325,3246,3102,2669,7515,3941,13762,76567,4907,229258,5,6,5,0,N,Y,F,B,25-50k,Y,55,I'm not sure. ,My Mom died last month from CLL (chronic lymphcytic leukemia) after having been diagnosed 6 years ago and she'd been through several chemo and targeted therapies. It turned aggressive on her in the last year. ,UN,CM
6pnqgm27q3wexos9ohmy,0,male,literal,17168,8544,3892,4975,1254,1838,919,11732,1712,4693,1784,2287,1335,1159,63557,1,1,4,3,N,Y,M,A,75-100k,Y,19,I do not know.,No,UN,ON
7188m5sm7uepl0ywgqwn,4,female,journey,1455748,110631,19541,23292,7768,43733,2602,2699,3769,11595,2742,2276,1861,4261,1692817,5,6,2,3,N,Y,F,HS,<10k,Y,29,,,NA,NA
754fmu3tengew9o63hua,5,male,battle,5812,18079,10389,7572,2492,1845,3177,3472,1883,10896,3709,2640,1547,5245,79232,3,4,3,2,N,Y,M,HS,25-50k,Y,28,,,NA,NA
7bjzhnv0c36cn7sq51j1,0,male,literal,4086,12844,12540,6366,4485,15183,3721,3088,3321,10165,4407,22018,1249,7344,111259,5,6,3,4,N,N,M,HS,50-75k,Y,25,,,NA,NA
7hsz1h2l64b0n5crpgle,36,male,battle,11046,8354,13312,5071,7616,3624,2630,3638,20692,17660,16282,61838,18065,11483,205275,5,5,5,5,Y,Y,M,M,25-50k,Y,34,good,good survey,BT,CM
7km221u3oq1gxwnjpd4r,5,male,literal,6629,19883,42828,6000,6850,10933,2940,4566,2136,7089,4788,5021,1913,7880,129710,2,5,4,5,N,Y,M,B,25-50k,Y,37,Not sure.,,UN,NA
7rktqp1s43txxp9av55k,10,female,journey,3675,16327,24766,5175,3993,2916,2322,3153,2750,7543,2837,2178,1008,5576,84680,5,4,5,3,N,Y,F,B,10-25k,Y,37,,,NA,NA
81g7l0squnjfvpgunax9,50,female,journey,3397,27065,45785,10757,2364,3663,9840,2346,2780,6969,3080,2009,967,3448,125012,6,6,5,1,N,Y,M,M,25-50k,Y,37,,,NA,NA
92j38w20drah2zvsu0xy,26,female,battle,26821,5741,15327,5183,1362,3172,2082,2028,1917,6046,3495,1338,1779,11630,91930,4,3,4,3,N,N,M,B,75-100k,Y,25,,,NA,NA
9fxtcsmq2702jjcb9t6o,10,male,journey,18269,32348,85920,13614,2811,2148,1602,2959,2634,7269,3269,5067,4957,14749,199513,6,6,2,6,N,Y,F,B,25-50k,Y,31,I'm not sure.,,UN,NA
9jhrvg7dem0j5198jdoc,0,female,literal,7171,31986,54495,8905,2747,3000,2819,2140,1583,7597,4332,1529,2155,4893,135646,5,5,4,1,N,N,M,B,25-50k,Y,31,,,NA,NA
9lmyj4279b9bwzapomla,0,male,literal,3421,16456,80218,6793,2663,4396,5545,2246,1954,4822,3371,1723,1023,4018,138811,6,3,5,6,N,N,M,HS,10-25k,Y,27,,,NA,NA
9m9uxgnyy3tooqv0q44d,30,male,journey,6765,43041,56530,6782,6980,3069,4638,5331,1796,6610,3042,17438,1732,2686,166963,6,6,6,0,N,N,F,A,75-100k,Y,46,To understand how much people are willing to donate.,,DE,NA
9mnvpq5xymhrzsrt04kg,0,female,journey,8223,23198,51329,8585,4409,2882,3096,2306,2162,7176,3222,17753,3115,4291,142070,3,5,3,1,N,N,M,B,50-75k,Y,36,generosity based on the content of the fundraising message or maybe who wrote it,,CH,NA
9sbunje3bzqmqs1799ns,50,male,battle,16963,29754,55088,32222,6104,3257,8059,2889,3593,11653,4367,2920,1627,5340,184431,6,6,2,2,N,N,F,B,25-50k,Y,35,,,NA,NA
9t9yoef71vohh8jmnm5c,10,male,literal,4231,27105,39490,7033,3115,2750,3365,2215,2523,10056,2267,4383,4526,2951,116716,6,6,4,0,N,N,F,HS,25-50k,Y,36,I'm not sure.,None,UN,ON
9vvt3ed503o6hqo0kv40,2,male,battle,10019,23200,48334,7376,7445,4590,3669,4473,2914,11730,3304,52984,1410,20841,202717,5,6,5,3,N,Y,M,B,50-75k,Y,27,I'm honestly note sure. Perhaps how different people may be more generous if they have had a similar type of exposure?,,CH,NA
a56ajag43y7mkgqhl6dv,25,male,literal,62926,18670,43276,9915,3404,3062,4635,3128,2731,9986,2921,7830,1586,9753,184444,3,5,3,2,N,Y,M,A,50-75k,Y,31,see if we'd donate depending on the circumstances,,DE,NA
acljumtd5myppe89uz5b,0,female,journey,3763,21294,36292,87446,3236,4038,1357,3846,1211,13516,6045,1349,842,4088,188819,5,4,5,6,N,N,M,HS,50-75k,Y,23,,,NA,NA
alxytaqsy2js1mpc8z7z,10,male,battle,8004,25208,22616,7208,5969,6599,4054,3935,2160,13892,3642,10408,2414,20538,136895,4,5,4,5,N,N,M,HS,25-50k,Y,37,generosity?, ,CH,NA
aog1khr6zlhvd5ub9xso,0,female,literal,546238,214423,30167,4240,3461,2767,1853,2209,1890,5119,3749,1522,892,2063,821091,4,5,3,1,N,N,M,B,25-50k,Y,29,,,NA,NA
asd7nuj29xmu48sw9bku,10,female,journey,13408,50707,26377,9089,4699,1972,2500,3278,2465,15871,3321,21134,29197,6781,191604,4,5,4,4,N,Y,F,HS,25-50k,Y,56,How generous we feel the need to donate to others.,"Thanks, the cure for cancer is there already. The hospitals just don't want to use it. ",CH,CM
b6p491zu2tw7rzdq25o3,30,female,battle,6808,32916,79739,13361,12349,7797,8640,4332,2813,15228,3804,4669,1910,3987,198623,5,4,3,5,N,N,M,A,25-50k,N,32,,,NA,NA
b90cbbte6xfwmtge7aup,31,male,battle,11385,6230,3350,2005,2193,2228,4358,3848,4751,9300,4761,31550,3729,8604,106952,4,3,4,3,N,N,F,B,50-75k,Y,27,"nice experiment .i want participate to this experiment daily give me.",nice,BT,CM
baccwmbu85jzeagn92ll,5,male,literal,4383,18502,24165,4817,6086,4214,2338,3028,2040,9537,2934,1662,1050,2488,87893,1,3,5,0,N,Y,M,B,25-50k,Y,42,,,NA,NA
bbc2avl9kppu4atvnfvf,0,male,literal,3377,11084,93135,5525,2175,3054,5256,5518,3048,11386,3894,2574,1367,6924,158446,5,5,3,2,N,N,M,B,50-75k,Y,33,,,NA,NA
bw0vnmcrvgvb32zt605x,36,male,journey,57505,52873,39646,13063,14580,4669,3476,10504,11434,24122,27356,6243,2737,19283,287950,0,4,3,4,N,Y,M,B,25-50k,Y,24,,,NA,NA
cb08msyjmo4k9q2cd7an,35,female,journey,3495,7206,18693,7508,2768,3722,2530,1744,1710,7059,2452,2032,938,2038,65179,5,3,4,2,N,N,M,B,50-75k,Y,28,,,NA,NA
cdbwdh48cj3aydpt50b9,5,male,literal,14472,42144,112173,7034,4675,8178,6741,9465,3202,11506,3401,16356,4969,6425,251864,4,5,2,2,N,N,M,A,25-50k,Y,33,Trying to find out how much people would donate if given the choice.,NA,DE,ON
ce8oter8ooef43p58qo9,10,female,literal,9501,68530,82118,12399,16342,4351,3839,5069,3270,10178,10230,2134,1183,18812,250390,6,6,6,5,N,Y,M,M,>150k,Y,50,,,NA,NA
cgjtlulv7uqfmdaf5bpw,0,male,battle,3003,6867,15356,5220,3813,31190,5309,3108,1821,5875,2964,1406,1438,4255,91843,5,5,4,2,N,Y,M,HS,10-25k,Y,31,,,NA,NA
chnhrroj7991ul76off2,0,female,literal,3990,23942,15604,44130,5425,2128,4030,3298,7435,7132,4818,3322,1046,3048,129813,3,2,4,2,N,N,M,HS,10-25k,Y,30,,,NA,NA
cmq4uc4nvzk0a3h5lhrt,50,female,battle,4278,9302,16283,8405,2648,3549,4869,3443,1880,9149,2996,2896,1168,12910,84233,4,5,4,2,N,Y,F,HS,<10k,Y,36,,,NA,NA
cto7km6p384hhtwmk520,0,female,journey,14314,16817,16730,12878,5949,3258,6668,4214,3564,10162,9846,4746,13640,3307,126382,3,5,5,3,N,N,F,B,75-100k,Y,26,not sure,"everything went fine, no issues",UN,ON
cyspv13omqwmrc4uxxtg,4,male,journey,4616,46396,139537,11249,3614,16891,5676,3713,3455,13417,3004,2846,1680,35069,291914,5,5,4,4,N,Y,F,HS,10-25k,Y,55,,,NA,NA
efwu9dzfl25ac1a8td3m,50,female,journey,209142,48658,78974,10046,12487,4276,5727,2525,2710,10063,4046,51062,60263,10201,512137,6,6,3,0,N,Y,M,P,75-100k,Y,37,Reading and responding to questions about donations,Cool survey! I hope I'm selected in the drawing so I can donate all to Jennifer.,TH,CM
el0yjwj1dxrprafnrj58,30,male,literal,62142,70806,138326,36835,4060,7156,5061,8643,3403,10714,5766,18638,16438,42429,430965,6,6,3,5,N,Y,F,HS,<10k,Y,44,,No comments.  Thanks!,NA,TY
epvknq5p9bw6xrsz2t9o,50,female,journey,2335,13893,19567,3647,3911,4911,3799,2303,1583,7569,3215,4296,1455,1937,74765,5,5,3,1,N,Y,M,HS,25-50k,Y,29,I don't know.,,UN,NA
esccnqk5qw9y3ktq4sgk,37,male,battle,42994,10782,24862,6546,3993,3500,4472,7483,4424,12955,8847,27825,15692,9388,193876,4,5,5,4,Y,Y,M,B,10-25k,Y,30,yes wonderful experience ,nice this task,BT,CM
ex0efh9amz88s6rrmgbf,50,female,journey,10947,28309,31959,6180,8065,5928,2644,3846,2388,10995,3564,3103,1819,9080,129501,6,6,4,1,N,N,F,B,50-75k,Y,28,,,NA,NA
fjjcnvj3nb9qy555zaq1,5,female,battle,2991,32032,56947,13228,5637,3365,2502,2540,2984,8002,3361,19025,2748,8425,164031,6,5,3,4,N,Y,M,M,25-50k,Y,27,Compassion for people who have experienced cancer in their life vs. not. ,N/A,CH,ON
fnct3128to7eufbjp7sf,15,male,journey,4906,29245,17993,5928,4642,6466,4412,3893,2688,8104,4352,1787,1097,4834,102011,4,5,5,4,N,N,M,M,25-50k,Y,35,,,NA,NA
frol78a3dhe0d00o2vjh,0,female,battle,2882,16219,21454,4960,11090,3352,2793,3079,2746,7918,3392,18343,1524,3050,103204,5,3,4,2,N,N,F,A,50-75k,Y,34,Sympathy and donor behavior,,CH,NA
g1hzbep0b8hoy0vmtqz0,31,female,battle,121144,11539,3179,1996,919,2351,750,2172,1222,4773,3334,1811,337,1328,157372,6,0,3,4,N,N,M,M,50-75k,Y,25,,,NA,NA
g6x4u2w0m7hw8ygs92c2,0,female,journey,107575,40481,34883,9685,6861,6579,4556,3920,2478,13925,3337,102614,3916,5133,346425,2,6,3,3,N,Y,F,HS,50-75k,Y,30,"To see what people will donate while having little facts. I put zero for example but I'm not cold hearted. I just didn't have enough details like how much insurance covers, if she has insurance, etc. Without that info I would not feel comfortable donating. I would rather donate the amount myself to cancer research because I know exactly where it is going.",no,DE,ON
gf9bezlgo8vla1ukf97v,0,male,journey,4858,26893,19360,6570,6031,3384,3648,4079,2453,26237,4916,2096,1642,5486,118383,3,1,2,2,N,N,M,B,50-75k,Y,30,,,NA,NA
ghpdvhkas4owm5dasn2d,38,male,battle,8844,11258,12094,11462,11353,5914,34225,23392,7881,19718,33698,40248,24529,11265,258213,6,6,0,0,N,N,M,M,25-50k,Y,30,HEALTH,GOOD,BT,CM
gjymqa64gyscw2qdqugq,0,female,literal,9989,28903,56014,10197,5854,5166,3758,4325,2318,11168,3230,12375,3399,26475,183454,2,3,3,0,N,Y,F,P,100-150k,Y,40,not sure ,no,UN,ON
gkgko2fveq25jz2f6rjs,30,female,battle,6150,40716,23775,8887,2940,4757,2318,2460,2116,6715,2181,2310,2031,4397,112187,4,5,4,4,N,N,M,HS,50-75k,Y,33,ty,ty,BT,TY
goa3b1jrumjyczqd8z5v,0,male,journey,3656,12987,24449,4140,3656,3632,2007,2555,2156,7475,3925,16188,4914,6039,98293,4,3,3,3,N,N,M,M,50-75k,Y,32,whether a story would make you donate even though you do not know the person.,thanks for the survey,DE,TY
h0jkbufsos3m5sor9433,34,male,battle,122448,6097,3063,1923,1673,866,600,1357,2200,16744,3889,843,405,1112,163807,3,2,4,6,N,N,F,M,50-75k,Y,40,,,NA,NA
h1qbu48qb8ss5wrmqj0a,0,female,journey,57059,21551,9528,5881,3015,2233,3819,4221,3334,10299,5376,1288,1248,2460,131484,4,1,5,2,N,Y,M,B,25-50k,Y,25,,,NA,NA
h32g87ptkfep6bu1pocs,40,male,battle,6888,23340,38906,4874,5541,4606,4207,2211,3991,16867,2523,1786,941,1449,118479,6,6,4,1,N,N,M,HS,10-25k,Y,24,,,NA,NA
h6vyrpk5u8zamcgyp20n,4,female,battle,9525,53400,40386,4560,3868,2893,6522,2793,2616,8707,4400,3378,1154,14390,159196,5,2,0,0,N,N,F,B,<10k,Y,26,,,NA,NA
hfwtbeqk0tsww6bzrmob,20,male,battle,25805,43043,75191,15534,8500,3508,7813,3356,2596,13561,4060,56334,4671,44684,309025,4,5,3,0,N,Y,F,HS,<10k,Y,42,I'm honestly not sure. Maybe to gauge a person's reactions to crowdfunding for medical treatment?,Thank you!,TH,TY
hhz19vr55ourmbacoz6r,0,male,battle,6513,60458,414462,4670,11590,4438,1998,2669,2166,6728,3214,3087,1774,4701,529071,3,3,3,0,N,N,M,A,50-75k,Y,47,,,NA,NA
hkv9y3dv3zhr3vgp7aku,0,female,battle,18473,109812,40364,6025,23331,4697,3256,3581,3852,13332,4280,2037,1027,3073,237465,4,0,3,0,N,Y,M,B,50-75k,Y,35,,,NA,NA
hoxoxdu2hmyxbr837lud,10,male,battle,23569,36169,93481,11288,6784,3928,3660,2918,3372,12237,5684,17598,2287,43894,267848,5,6,5,1,N,Y,F,HS,<10k,Y,61,I'm not sure....maybe something about sympathy?,,CH,NA
hpc2dcfw5ekno8swpqkk,0,male,battle,5221,20521,77114,5667,2489,4730,3674,2729,2417,16578,166184,12164,1715,2145,324024,6,6,3,3,N,Y,F,B,<10k,Y,37,,,NA,NA
hpqrwb2cnmnh40fxa5y9,5,male,battle,4760,52935,76296,14176,15940,8005,4527,4551,6817,12770,7135,2727,2269,18590,232093,6,6,4,3,N,N,M,HS,10-25k,Y,60,,,NA,NA
jbmnhkllla2o5yg5ughn,31,female,battle,126283,20424,13654,4868,6195,5391,4826,11318,5504,285307,8317,3351,1362,24284,524189,6,5,4,4,N,Y,F,B,75-100k,Y,27,,,NA,NA
jqud8d49v98d0rrwnhys,15,female,literal,4830,21760,21059,7884,3217,2814,1878,3952,4801,10803,4478,25204,9285,5049,127228,5,5,5,3,N,Y,F,B,75-100k,Y,25,PEOPLE'S WILLINGNESS TO MAKE MONETARY CONTRIBUTION IN EMERGENCY CASES. ,INTERESTING AND FUN SURVEY,CH,CM
jqvcpknlc95z823ogf3c,5,male,literal,5707,110009,81699,12108,8031,5889,3344,5501,3065,11887,3480,3701,2195,2359,259511,6,6,3,0,N,Y,M,HS,25-50k,Y,42,,,NA,NA
juhjc2q8wv9jwmf9gucf,10,male,battle,8242,43514,25600,3558,1550,1881,1635,2114,3333,6766,4402,1716,1078,4674,110342,5,5,4,4,N,N,M,B,10-25k,Y,30,,,NA,NA
juodaa7g0k7xofxg9vhm,5,female,journey,4747,25442,13534,11751,2221,2115,2196,2142,3066,6397,4133,4425,1606,2297,86475,6,4,3,0,N,Y,M,B,75-100k,Y,25,perception,,TH,NA
jvhxwrnq6rua87esvr0h,0,female,literal,3807,11680,11684,5123,4723,8298,43768,96639,1780,6550,2898,1967,963,1829,202187,4,6,2,0,N,Y,F,HS,25-50k,Y,28,,,NA,NA
jyyj9nqlypvtctmcwet5,5,male,battle,9005,23906,59563,5597,7075,6528,6836,3227,2010,7142,3314,109612,7063,19911,271353,5,4,2,3,N,N,F,A,25-50k,Y,30,I believe the purpose of this experiment is to measure how different demographics choose to allocate their (possible) bonus money to a cause. Additionally I think the experiment is trying to find a correlation between the users emotions and the amount of money they choose to donate.,"Fun and interesting study, thank you!",DE,TY
k7g6cl8usob7dr3sljlx,20,female,battle,11518,33191,70340,12889,6408,3231,4594,4525,2646,18346,5101,2565,1687,26437,204711,5,6,4,3,N,Y,F,B,50-75k,Y,40,,,NA,NA
k8l9t354g77jfk2f5v1c,50,female,journey,5957,22159,34107,5659,2581,3863,4125,3838,2201,5382,3425,25200,1093,1675,121693,5,6,3,5,N,Y,M,HS,10-25k,Y,38,Thoughts on a person donating to a cause.,,TH,NA
kf3zdhwxlfn2aon88z62,25,male,battle,8357,32335,67320,14502,9220,4563,4212,3980,4030,9119,4710,4855,3823,3257,175234,5,6,5,0,N,Y,M,B,100-150k,Y,41,not sure,none,UN,ON
kgrk6fj6qzol9dh21sl1,25,male,journey,7359,9494,10025,7736,3308,2534,2045,2092,1957,11433,2706,14618,2765,17987,96491,5,5,4,0,N,Y,F,HS,50-75k,Y,22,I think we were testing people's charity.,,CH,NA
kolzuhuuyzmkkzm1h1e6,20,male,battle,12538,29037,39038,12471,7415,4184,3847,3831,2135,8979,4111,63119,1544,14010,206461,5,3,4,5,N,N,M,B,25-50k,Y,30,Empathy and/or sympathy toward someone with cancer needing money for treatment and how generous people are with potential bonus money from the study.,,CH,NA
krgyeljgwexugrz79096,5,female,literal,63594,43838,56831,12390,4213,3600,17107,3440,5378,18450,6058,2398,1845,3350,243722,4,4,6,5,N,N,M,P,>150k,Y,35,,,NA,NA
kzt570lclfs6tv5csp81,0,male,battle,4005,22593,34261,15887,2834,2717,2330,2542,2242,7200,2772,1912,1026,2999,105845,5,4,3,0,N,Y,M,B,25-50k,Y,37,,,NA,NA
l54vg7422bd8n87qvqqt,50,female,journey,18663,61962,91299,11228,10110,3549,5312,3312,3425,9899,6523,36097,2860,19702,284455,6,6,2,3,N,Y,F,A,25-50k,Y,36,I think this study was to see the amount of empathy and what someone would donate.,,CH,NA
lhr5dtknf9h20pehpuap,30,female,journey,33040,26116,33275,6001,6147,5839,6062,2641,3058,9479,3779,19439,1271,8358,164808,5,5,4,4,N,Y,F,B,10-25k,Y,30,To see what people would give to someone for a donation. ,,DE,NA
lpe2bo5q8swy6mddg3jw,2,female,literal,5248,27436,15166,8766,3303,5831,2655,3230,2262,11988,3423,23288,9895,12442,135158,4,5,2,3,N,Y,F,B,50-75k,Y,37,To see how reading the passage would make us feel inclined to donate to that cause. ,"Thank you for allowing me to participate, I really appreciate it!",TH,TY
lqs1uuekcq95yw41fad2,5,male,journey,3527,28732,45102,12718,4468,3349,5517,4148,3436,17289,4276,3279,1351,2117,139714,5,5,4,3,N,N,F,HS,50-75k,Y,35,,,NA,NA
lt8kstogtnaekfq05j2v,9,male,journey,3712,23655,12019,5915,10409,4512,3259,3087,2118,11876,3757,33469,1239,2780,122168,6,6,3,0,N,N,M,HS,50-75k,Y,23,How sympathetic we felt. Especially under the circumstances that we can gain more money.,,CH,NA
lw7sv8l258jwyzl6oobu,25,female,journey,55483,82858,57438,23318,7470,12423,7766,3453,5550,12962,3421,4271,1143,5180,283081,5,6,5,2,N,Y,M,P,25-50k,Y,38,,,NA,NA
m2yg1w9tzrcfn8g27t4f,0,male,battle,3550,15813,44719,13322,2907,9511,4775,2302,2623,8566,5077,8673,5614,4681,132542,5,3,3,2,N,Y,M,HS,25-50k,Y,31,Our willingness to donate.,No issues to report.,CH,ON
m3n6vajedrkm64695sup,10,male,battle,7742,64405,27615,19615,7407,2999,3854,2918,2710,10508,4310,19983,8271,15738,198474,5,5,4,3,N,N,M,A,25-50k,Y,45,To understand thoughts on giving to charity.,no problems,TH,ON
mo8b2vo0u41qj8eas2uw,20,female,literal,9125,31349,72327,10839,8870,5351,5207,4078,3694,57453,5246,27863,2879,17868,262529,6,5,4,2,N,Y,M,B,25-50k,Y,24,If you would donate if you felt someone had cancer.,,DE,NA
mxowb2d3vhoko36gx0jm,0,male,battle,5349,10116,23601,4271,2727,2685,7132,1802,1977,7343,2093,1647,1158,4030,76628,6,6,3,2,N,N,F,B,100-150k,Y,23,,,NA,NA
n1406uyk40c5u1ypvucv,25,male,literal,2394,20714,5140,8172,2059,2246,1030,3220,1970,5889,4071,3172,1389,2086,63909,3,4,3,3,N,N,M,HS,25-50k,Y,29,,,NA,NA
n3pnrnce9mvpuzaenc4z,5,female,literal,192435,5204,9381,4515,3390,2898,957,2904,2494,12858,6135,2564,2203,5737,255007,1,4,5,3,N,Y,M,B,10-25k,Y,25,,,NA,NA
n4voarbqb114l3osqk4d,21,male,journey,104620,4658,6282,2678,1048,957,989,2878,2097,11577,2185,1435,801,5815,149031,2,0,6,2,N,N,F,A,10-25k,Y,NA,,,NA,NA
n70psc8m7y43829y615j,45,male,battle,86580,50854,89807,12819,19169,20848,7091,10982,3822,20829,5623,77059,38260,33696,478790,6,6,4,3,N,Y,F,HS,25-50k,Y,32,What level of sympathy and generosity people would have? ,,CH,NA
n8eh3250p98lbovg3tyu,10,male,battle,32142,25930,24692,6717,3181,3977,8806,4737,3413,10214,3466,26142,3751,6028,163848,4,5,2,4,N,Y,M,B,25-50k,Y,39,How sympathetic people feel to perfect strangers who are reaching out on crowdfunding sites for financial help. ,none,CH,ON
necv0lu0cu0a6t5rd1zt,35,male,literal,7234,38849,64299,7020,10069,4711,2990,12611,2453,13461,4116,10374,2191,32561,213259,4,6,3,3,N,Y,F,B,25-50k,Y,46,"not sure, sorry",,UN,NA
nfu344y0yoj452xl2ce3,1,male,battle,5101,22135,61684,14853,6345,4894,2555,2656,4266,15091,3028,27127,6287,5737,182491,6,4,4,6,N,N,M,M,50-75k,Y,35,Our willingness to donate to others who are in dire need of help financially.,Fun HIT!,CH,CM
nt03w3utj6a6y0kj3wl2,0,male,literal,5221,18090,30389,7319,14498,9414,2527,4363,1617,8768,2979,2395,1601,9297,119359,4,3,2,0,N,Y,F,B,10-25k,Y,36,,,NA,NA
oh43v8afu63m0xnr7spl,10,male,battle,2537,24678,31159,5244,4879,3492,2361,3716,1976,5685,3517,2890,1329,2962,96904,6,6,2,3,N,Y,M,B,10-25k,Y,30,,,NA,NA
oqbawulzjhyhtrj5sbg2,15,female,battle,4967,77349,44813,7903,3397,8061,3367,2694,2152,7500,7152,1587,1077,8555,180842,5,4,5,1,N,N,M,A,25-50k,Y,25,,,NA,NA
or0b9dcz0olgq6kvokm2,0,female,journey,6016,17768,27591,12877,4696,2514,4066,5110,3007,12688,4310,5499,3587,11522,122209,5,5,3,1,N,N,M,B,<10k,Y,30,I'm not sure.,No.,UN,ON
os1m1eqftgj0pznezrha,35,male,journey,3883,6014,5038,2074,3880,2936,1972,6439,2147,8383,4353,1521,1478,8226,58663,5,4,6,4,N,N,M,B,50-75k,Y,32,,,NA,NA
p17y4orj0c0jn2mt1f66,5,male,literal,26182,45013,57670,11926,3878,6103,17079,5542,2438,20220,3558,3799,1855,13610,219242,6,5,4,1,N,N,M,B,50-75k,Y,33,,,NA,NA
pafsw7el3hwbwscxpp8y,35,male,literal,5917,7820,7348,3301,3039,2501,2893,5561,2223,11733,7348,13229,6121,8303,88061,5,4,6,5,N,N,M,B,<10k,Y,23,easy to understand,good,BT,BT
pd1z5j0lw3glsp84rcn5,50,female,journey,3828,45477,59016,8660,3564,4564,3423,2959,2936,8871,6184,2771,1937,3603,158366,6,6,0,0,N,Y,F,A,10-25k,Y,61,,,NA,NA
pdsmsekgbt9e37dugyx6,25,female,journey,34816,55343,110820,11795,9886,4780,4088,29954,4654,23461,4709,4311,3800,38010,341028,5,5,5,1,N,N,M,M,25-50k,Y,66,,,NA,NA
phptd753agmxokq0rfox,35,male,battle,8032,4149,2964,3441,1969,908,2092,2100,2288,7048,4026,1051,1647,2475,44803,6,3,4,4,N,N,F,M,50-75k,Y,29,,,NA,NA
phqdcvlz8kv3bqva7gsq,0,male,journey,13256,22948,44225,10198,4374,7537,4092,2053,2478,13078,4155,1741,1270,10074,142645,2,5,3,1,N,N,M,HS,<10k,Y,31,,,NA,NA
phx10vqfv26ylj3dchvx,0,male,journey,6425,16730,27613,7473,2310,1984,1836,3190,2006,12605,4255,1840,1294,3950,93911,3,3,3,3,N,N,M,HS,10-25k,Y,35,,,NA,NA
pmlmvj9z4erzkn332j3n,5,female,journey,8094,21167,34059,10025,5546,3537,3674,3251,2221,12003,3817,4801,4646,2643,120520,4,3,2,1,N,Y,F,B,10-25k,Y,52,unsure,none,UN,ON
psylme7wyps7sq2t8jfy,20,female,battle,3892,40574,38373,4027,6751,2489,2659,2352,2480,5361,4970,33114,1715,2329,151649,6,6,4,2,N,Y,M,HS,25-50k,Y,31,How effective the article was at convincing people to donate money.,,DE,NA
pyjw67tdlde64q45em7p,0,female,literal,2370,88852,7861,7420,2798,2528,2467,3570,2397,11308,3201,10180,2510,4719,152461,4,3,3,4,N,Y,M,A,75-100k,Y,23,Seeing if we would be guilted into donating money. ,,CH,NA
qhsxf0w08u18t31srp48,40,male,literal,6429,26154,15166,5502,2919,5095,3487,2750,2310,10201,3189,5559,1839,9318,100302,5,5,5,1,N,Y,M,A,10-25k,Y,56,,,NA,NA
qoo0syfntaxr02qhs246,10,male,journey,5400,248098,22389,13038,3102,5631,2758,2661,2326,24994,3157,1535,887,3017,339488,5,4,4,5,N,N,M,B,25-50k,Y,31,,,NA,NA
qs2o8jvxl5vspqbqktt9,0,female,literal,4250,74155,46149,34604,10374,4141,6731,4609,2435,11374,4844,34165,4263,9996,252550,5,5,4,4,N,N,M,HS,25-50k,Y,25,Peoples willingness to donate to good cause.,No.,CH,ON
qweo4lhsbb5hjakdelpy,5,female,literal,3495,23707,39942,7880,5786,4180,3271,3100,1727,6806,3086,1880,1558,1862,108668,2,5,4,0,N,N,M,M,10-25k,Y,39,,,NA,NA
r09h71uovbe3vk12jcrt,35,male,journey,5281,23516,52037,5358,2190,2375,3127,3461,2046,8835,3821,2023,1415,3395,121924,6,6,5,6,N,N,M,B,25-50k,Y,25,,,NA,NA
r6a86khmmpfccv7osurc,5,female,literal,26967,33863,45044,8092,8811,5861,6070,5235,3922,18328,4962,11435,5916,12354,197083,6,6,2,0,N,N,F,A,10-25k,Y,62,,thanks,NA,TY
r6otlmnxvu9xluknokkq,20,male,literal,2646,13827,36224,5816,4184,1820,1805,3036,1476,7617,2915,982,1011,1511,85122,4,5,4,4,N,Y,M,B,25-50k,Y,28,,,NA,NA
r7ryqa1pbfbmg0hcvwk7,0,female,battle,4096,17058,35285,6015,6838,3839,3847,3100,2229,8074,4127,2117,863,3356,101360,5,5,3,5,N,N,F,B,25-50k,Y,47,,,NA,NA
r9n8yjfkxdc98w0c082o,0,female,journey,12524,40103,14321,17094,3226,7836,3934,2452,1915,9707,2088,2420,1054,3184,122072,5,6,4,0,N,Y,M,B,100-150k,Y,35,,,NA,NA
r9rf5ulw16t0h3kkk1jj,10,male,literal,48819,69906,121624,38834,8217,21544,9855,4888,7661,29816,5377,97673,5261,20482,490385,1,5,3,3,N,N,F,A,10-25k,Y,57,,,NA,NA
rbvhsum5rh91fpdg7dza,0,male,battle,5030,31007,31519,14183,2858,2171,2063,2664,2547,9746,4044,2517,1616,3247,115461,4,4,4,1,N,Y,M,B,25-50k,Y,26,,,NA,NA
rew9rdzexk6cl3c1apnc,10,female,battle,2045,24340,35652,8455,4603,3312,2864,2570,2251,9946,3894,2194,1189,2397,106199,4,4,4,1,N,N,M,B,25-50k,Y,25,,,NA,NA
rh12gx35t4uhrlmos0ox,5,male,literal,9224,74665,86897,43621,33000,10642,4969,2673,4214,21497,7641,184577,8761,14272,507013,6,6,4,1,N,Y,M,HS,50-75k,Y,40,Unsure. Maybe our ability to sympathize with others or show empathy in general. I chose that specific amount because that's probably about how much I would have offered to a complete stranger if I viewed the crowdsource page in reality. I don't know Jason or his friend who is helping him. ,I have no further comments.,CH,ON
s0fn65h5oaf2klbzutnu,25,female,literal,35405,31779,48702,5365,3129,23731,17435,3562,4787,18670,5281,8023,2423,35434,244180,6,6,3,3,N,Y,F,A,10-25k,Y,39,I am not sure?,No comments at the current time.,UN,ON
s28tf902qlmzfe6l9ok6,5,male,literal,57034,76431,17375,4845,2268,2142,1879,3297,1803,5859,2901,1827,1133,1929,181181,4,5,3,2,N,Y,F,HS,100-150k,Y,36,,,NA,NA
s4deye8adzes01ea3p2n,10,female,journey,5945,94094,15146,7639,3636,3293,2301,3303,1667,9145,4230,14271,1392,11576,177878,4,5,5,1,N,N,M,B,<10k,Y,25,How willing people are to donate for certain causes,,DE,NA
s4lpzc71y33wkwqduhom,0,male,battle,10251,10891,27209,8318,2830,8994,8711,2753,2733,9254,2517,4660,2019,4169,105984,3,4,3,4,N,Y,M,B,25-50k,Y,30,not sure,,UN,NA
s8f0px4qny6f5244pyeb,0,female,literal,4646,10959,7165,3283,1237,2156,9680,1784,1175,4181,1744,1474,993,2688,53501,6,6,6,0,N,N,M,B,50-75k,Y,24,,,NA,NA
sbwz9lda97v3ttduj133,10,male,literal,36125,23339,34843,6748,5821,3626,4971,3099,2862,11426,5109,33878,2791,17701,192687,5,5,4,0,N,Y,F,B,50-75k,Y,27,willingness to donate vs not when faced with a sad situation,,CH,NA
sda48fhanl5noz26dn5j,0,female,literal,9739,38633,59479,6442,7351,5466,4882,5680,3962,14908,8414,17260,5106,8008,195986,4,5,4,4,N,N,F,A,10-25k,Y,57,empathy and donations ,no,CH,ON
sxkboxuxeymwd24b1nzm,30,female,literal,3961,150496,7170,3239,1795,1699,2435,2446,1216,4230,2822,1415,1304,4011,188610,4,4,5,4,N,Y,M,B,>150k,Y,36,,,NA,NA
syygt7wddkm92leom4kj,31,male,battle,4753,4619,5122,2558,3154,2252,1694,1866,1655,9291,2824,1145,1017,3303,45730,5,6,4,4,N,N,F,B,<10k,Y,36,,,NA,NA
t5b5mw4q8q20a9khmozf,5,female,journey,21832,28049,24753,13811,6242,3410,3694,2881,2105,8761,5018,5278,2613,13862,144147,4,4,2,4,N,N,M,A,10-25k,Y,40,,,NA,NA
tw07n3vq0c9tc7wem7ev,20,male,battle,4424,10666,8341,2729,1969,1639,1278,2733,1734,5020,2301,1369,1094,2802,48377,4,4,5,4,N,Y,F,A,25-50k,Y,31,,,NA,NA
twj3e543qq33e3std9el,25,female,journey,5599,55714,53982,7926,4142,4887,7295,3037,5925,33705,8965,37175,3975,10899,243820,4,5,5,1,N,Y,M,<HS,10-25k,Y,54,How generous I am.,,CH,NA
umfgan9s1rqcarexz1db,26,female,literal,5369,4415,10950,11245,4569,3709,2861,4322,3970,9894,8531,2113,1498,8326,82952,6,6,5,5,N,Y,M,B,50-75k,Y,29,,,NA,NA
unwzdgy46004dnjf4wls,0,female,journey,2174,3038,3435,2003,1993,849,638,2638,2152,5956,2878,1053,617,8563,38643,3,3,3,3,N,N,F,HS,25-50k,Y,34,,,NA,NA
ut1c9y7sngqat31ub6an,0,male,journey,37446,75690,96454,38928,6788,5056,5451,7140,4254,13062,7513,55613,15230,17621,388123,6,6,3,6,Y,Y,M,A,<10k,Y,71,"Not sure.But if I knew Jason in person, I would do anything I could to help him",Thank you for the work!,UN,TY
v3bjwp010chchxqgkttk,10,female,literal,5460,48444,49643,6410,3355,3598,2395,2194,3686,7097,4600,1899,1061,12614,152901,5,5,5,1,N,N,M,B,75-100k,Y,27,,,NA,NA
v6nauq4pzl565xr469za,0,female,journey,2887,21200,4630,8952,5171,4197,3289,2153,2451,9438,4132,5489,3970,1812,80282,4,4,3,2,N,Y,M,A,<10k,Y,30,Our greed.,Nah.,CH,ON
v7t8mjf6grg1xsbcuv70,0,male,journey,5581,26355,22298,26039,3375,12823,6306,3329,2821,12046,3541,14788,9535,7322,156531,3,6,6,6,N,Y,M,HS,25-50k,Y,35,how sympathetic we are to a gofundme appeal,"well paid, thanks",CH,TY
v9asko8ng8tjjuu8sjcw,50,male,journey,7225,18544,50888,6203,5970,2915,5344,4198,2607,10668,3845,1853,2553,5381,129027,5,6,5,5,N,Y,M,B,25-50k,Y,39,,,NA,NA
vgzbadhlrk2fgw2g1j5u,25,male,literal,20043,41899,42659,6648,4588,5054,4628,3961,3226,38175,3847,33229,2360,22581,233373,4,5,3,2,N,N,F,B,100-150k,Y,48,How people feel about crowdfunding campaigns and if they would be more willing do donate if they won some money,,DE,NA
vo83nptyzwqgfb2b4t56,10,female,battle,12415,23231,45697,10614,3889,4655,4105,6415,2839,10294,3935,2345,1552,14215,146577,5,6,4,0,N,Y,F,B,25-50k,Y,58,,,NA,NA
wcksdcy1offzju3x8jzv,0,male,battle,10557,37249,20711,9031,2621,1263,3382,2274,2458,6733,9304,2013,1314,4611,114848,5,6,5,0,N,N,M,M,25-50k,Y,37,,,NA,NA
wrubs7qjoyhjq1h3osk2,5,male,battle,2814,25643,37786,5502,5717,3257,3331,4738,3187,7179,4879,1871,1974,2745,111029,3,3,4,0,N,Y,M,HS,75-100k,Y,NA,,,NA,NA
wulhgz5an3pmxnydkamy,1,male,literal,2924,18573,25870,8854,3471,14358,7583,3422,2815,8625,5590,2710,1215,2009,108806,6,5,0,0,N,N,M,B,25-50k,Y,39,,,NA,NA
x38edjkhvtpdabe0fg3r,0,female,journey,5179,22485,9911,4738,3046,4174,8086,3855,2203,8153,3670,7873,1165,2566,87311,5,3,3,1,N,Y,M,HS,10-25k,Y,38,i dont know,,UN,NA
x3g3wr8knxwqqzmbrnzw,15,female,battle,3227,16121,24682,7210,2351,3671,2959,2294,2958,6427,3046,1834,965,2762,80926,5,6,3,3,N,Y,M,HS,<10k,Y,27,,,NA,NA
xjej530r77ep7355crnq,5,male,battle,5805,36263,28201,5427,2840,4901,4692,3109,1863,8570,2648,26594,1573,8197,141135,2,5,5,0,N,Y,F,B,50-75k,Y,32,willingness to donate to a crowdfunding campaign (perhaps with and without a picture),,CH,NA
xl2kkmw490a9r40qta73,10,male,journey,11536,46224,9711,5692,11052,10098,5047,3203,3542,8209,3373,1454,883,4037,124886,4,5,5,2,N,Y,F,B,25-50k,Y,34,,,NA,NA
xp02kbaplhw0f4lsjju4,50,male,literal,11930,51523,164294,54765,7284,16070,9273,8333,4238,18804,5381,6906,2899,42514,404794,6,6,1,3,N,Y,M,B,<10k,Y,37,,,NA,NA
xqdn3yfjn27c6b7uk025,0,female,battle,9004,37511,42704,7480,3020,3391,2243,2419,1994,5914,4309,9874,963,3711,135057,6,6,5,1,N,N,M,HS,10-25k,Y,30,I think it's about getting different opinions from different sources to see how they compare. ,,TH,NA
xqqjkyzkk7o5xuwgrh8x,0,female,journey,2885,12075,12966,5021,4128,3330,2832,2742,1638,5813,1620,2307,973,1764,60485,6,6,6,0,N,N,M,A,>150k,Y,25,,,NA,NA
xxj7e1506xf06pm1zxsu,10,female,literal,11758,25508,40566,7343,7207,3584,3906,3367,2471,10459,3569,58515,1609,15891,196373,4,3,2,1,N,Y,F,B,75-100k,Y,49,If people feel connected to fundraising campaigns for medical procedures,,CH,NA
xxzq7uj28r0lasj1xro2,0,male,literal,9049,35617,11022,3637,2148,5044,1822,3180,2902,6434,2397,1209,959,1747,87816,2,3,3,4,N,N,F,B,25-50k,Y,26,,,NA,NA
y2m7jpadfro0gzj99c0l,10,male,literal,11512,32608,54253,7394,7664,3940,4685,3571,2592,9070,3516,5609,1568,9602,158087,6,6,3,3,N,Y,F,M,100-150k,Y,52,empathy,,CH,NA
yh05j6wa3hqcd03d04e8,0,female,battle,11103,24136,11747,11598,8095,7662,6235,3947,3470,13466,4602,18808,4914,5045,135585,5,6,2,1,N,N,M,HS,<10k,Y,54,who is more charitable,none,CH,ON
yok06tcll1cj3qv3ez54,33,female,journey,3396,4648,4284,3260,1810,1207,2072,2370,2471,12684,2856,1556,930,2413,46313,5,4,2,4,N,N,F,HS,25-50k,Y,25,,,NA,NA
z3bny5p4bru8d6pvqv8s,35,male,battle,11082,316129,310713,5440,1643,21734,2187,4577,1801,7217,2949,1406,1396,3403,692573,5,6,3,1,N,N,M,B,75-100k,Y,35,,,NA,NA
zeha7lmnr8rlm4239rl1,33,male,literal,38703,6121,2770,3125,2159,1679,1143,3258,1613,7031,4051,1127,973,1399,75638,3,5,3,4,N,N,M,B,50-75k,Y,25,,,NA,NA
zjbj5tkr04dj54r78e11,0,male,journey,11885,34304,56899,8875,3889,2349,2735,2869,2516,4092,2860,1542,1062,1482,137588,6,4,3,5,N,N,M,M,100-150k,Y,28,,,NA,NA
zux19pk29g6wjtx0eax9,10,female,literal,12781,40699,76110,37030,6582,4750,4238,4622,2421,9407,8837,47047,3143,24722,282950,5,6,3,2,N,Y,F,A,25-50k,Y,53,how compassionate or greedy someone would be when someone needed help ,,CH,NA
zz9al03q5j1d1l0e0o49,20,female,literal,14371,56152,99511,23918,6917,16567,5267,4477,4202,12539,6180,6418,2777,19174,278928,4,6,5,1,N,Y,M,HS,25-50k,Y,35,,,NA,NA
zznspmxknjxdj5sujmtp,0,female,battle,4262,27268,22546,8615,3738,7192,2812,4763,1936,6501,3616,1722,1287,4018,100491,5,4,4,5,N,NA,M,B,10-25k,Y,NA,,,NA,NA