"HITId","HITTypeId","Title","Description","Keywords","Reward","CreationTime","MaxAssignments","RequesterAnnotation","AssignmentDurationInSeconds","AutoApprovalDelayInSeconds","Expiration","NumberOfSimilarHITs","LifetimeInSeconds","AssignmentId","WorkerId","AssignmentStatus","AcceptTime","SubmitTime","AutoApprovalTime","ApprovalTime","RejectionTime","RequesterFeedback","WorkTimeInSeconds","LifetimeApprovalRate","Last30DaysApprovalRate","Last7DaysApprovalRate","Answer.surveycode","Approve","Reject"
"37MQ8Z1JQEWVLG8WRFY476QJ0PU2YM","32KI9HN0SH8Q5EEER27HJI3DITGU1K","Reading a passage and responding to questions","You will read a short passage about a person, then answer questions related to the passage.","sentences, decisions, language","$0.40","Mon May 18 14:48:35 PDT 2020","352","BatchId:4043002;OriginalHitTemplateId:920937340;","7200","172800","Mon May 18 18:48:35 PDT 2020","","","30IQTZXKAK61BLD2XYDPTOMD3QTX0H","A2XHP8GHAHZWB3","Submitted","Mon May 18 15:19:04 PDT 2020","Mon May 18 15:21:53 PDT 2020","Wed May 20 15:21:53 PDT 2020","","","","169","0% (0/0)","0% (0/0)","0% (0/0)","t2o7gpxkf5zgccrrnqjc"
"37MQ8Z1JQEWVLG8WRFY476QJ0PU2YM","32KI9HN0SH8Q5EEER27HJI3DITGU1K","Reading a passage and responding to questions","You will read a short passage about a person, then answer questions related to the passage.","sentences, decisions, language","$0.40","Mon May 18 14:48:35 PDT 2020","352","BatchId:4043002;OriginalHitTemplateId:920937340;","7200","172800","Mon May 18 18:48:35 PDT 2020","","","30JNVC0OR9KSDOIM9SPI58P1S46QHD","A2NG2CCBMVEBIA","Submitted","Mon May 18 14:52:14 PDT 2020","Mon May 18 14:57:29 PDT 2020","Wed May 20 14:57:29 PDT 2020","","","","315","0% (0/0)","0% (0/0)","0% (0/0)","5qq386wgjs56q75znjce"
"37MQ8Z1JQEWVLG8WRFY476QJ0PU2YM","32KI9HN0SH8Q5EEER27HJI3DITGU1K","Reading a passage and responding to questions","You will read a short passage about a person, then answer questions related to the passage.","sentences, decisions, language","$0.40","Mon May 18 14:48:35 PDT 2020","352","BatchId:4043002;OriginalHitTemplateId:920937340;","7200","172800","Mon May 18 18:48:35 PDT 2020","","","30MVJZJNHMDICVWQGQHHVQFRVW9J9S","A245CPNDUDHUYX","Submitted","Mon May 18 15:28:19 PDT 2020","Mon May 18 15:34:13 PDT 2020","Wed May 20 15:34:13 PDT 2020","","","","354","0% (0/0)","0% (0/0)","0% (0/0)","f2rmnlfbsanlttcfne6y"
"37MQ8Z1JQEWVLG8WRFY476QJ0PU2YM","32KI9HN0SH8Q5EEER27HJI3DITGU1K","Reading a passage and responding to questions","You will read a short passage about a person, then answer questions related to the passage.","sentences, decisions, language","$0.40","Mon May 18 14:48:35 PDT 2020","352","BatchId:4043002;OriginalHitTemplateId:920937340;","7200","172800","Mon May 18 18:48:35 PDT 2020","","","3137ONMDKG5PGPX6GVC0QROMU1BGEY","A24CIZCW02JHC","Submitted","Mon May 18 15:58:48 PDT 2020","Mon May 18 16:02:25 PDT 2020","Wed May 20 16:02:25 PDT 2020","","","","217","0% (0/0)","0% (0/0)","0% (0/0)","zn0ohyrvhxx7rz7letyj"
"37MQ8Z1JQEWVLG8WRFY476QJ0PU2YM","32KI9HN0SH8Q5EEER27HJI3DITGU1K","Reading a passage and responding to questions","You will read a short passage about a person, then answer questions related to the passage.","sentences, decisions, language","$0.40","Mon May 18 14:48:35 PDT 2020","352","BatchId:4043002;OriginalHitTemplateId:920937340;","7200","172800","Mon May 18 18:48:35 PDT 2020","","","31QNSG6A5RTPEVCEAPM6S4F7KVM78F","A2KQ0UDTDBD9CM","Submitted","Mon May 18 18:17:34 PDT 2020","Mon May 18 18:25:28 PDT 2020","Wed May 20 18:25:28 PDT 2020","","","","474","0% (0/0)","0% (0/0)","0% (0/0)","qdycd0gr4vdjfrlqlpzh"
"37MQ8Z1JQEWVLG8WRFY476QJ0PU2YM","32KI9HN0SH8Q5EEER27HJI3DITGU1K","Reading a passage and responding to questions","You will read a short passage about a person, then answer questions related to the passage.","sentences, decisions, language","$0.40","Mon May 18 14:48:35 PDT 2020","352","BatchId:4043002;OriginalHitTemplateId:920937340;","7200","172800","Mon May 18 18:48:35 PDT 2020","","","31Z0PCVWUKF8CF42DNX1J0BUY8AT7T","A3LZ95PU4ENGE7","Submitted","Mon May 18 15:05:57 PDT 2020","Mon May 18 15:12:59 PDT 2020","Wed May 20 15:12:59 PDT 2020","","","","422","0% (0/0)","0% (0/0)","0% (0/0)","p902ptsg14fgjv30b3dq"
"37MQ8Z1JQEWVLG8WRFY476QJ0PU2YM","32KI9HN0SH8Q5EEER27HJI3DITGU1K","Reading a passage and responding to questions","You will read a short passage about a person, then answer questions related to the passage.","sentences, decisions, language","$0.40","Mon May 18 14:48:35 PDT 2020","352","BatchId:4043002;OriginalHitTemplateId:920937340;","7200","172800","Mon May 18 18:48:35 PDT 2020","","","324G5B4FB387W67BFL9RZP9P1XB70T","AYP9RV88OBF70","Submitted","Mon May 18 18:35:01 PDT 2020","Mon May 18 18:39:26 PDT 2020","Wed May 20 18:39:26 PDT 2020","","","","265","0% (0/0)","0% (0/0)","0% (0/0)","nlj94rn0xer94vn34d5b"
"37MQ8Z1JQEWVLG8WRFY476QJ0PU2YM","32KI9HN0SH8Q5EEER27HJI3DITGU1K","Reading a passage and responding to questions","You will read a short passage about a person, then answer questions related to the passage.","sentences, decisions, language","$0.40","Mon May 18 14:48:35 PDT 2020","352","BatchId:4043002;OriginalHitTemplateId:920937340;","7200","172800","Mon May 18 18:48:35 PDT 2020","","","32KTQ2V7RDF8D32BJNU9BI78ZQ99MR","AJ8YRFXUNYNIH","Submitted","Mon May 18 16:21:21 PDT 2020","Mon May 18 16:27:54 PDT 2020","Wed May 20 16:27:54 PDT 2020","","","","393","0% (0/0)","0% (0/0)","0% (0/0)","93tw28m9o71faalrcre1"
"37MQ8Z1JQEWVLG8WRFY476QJ0PU2YM","32KI9HN0SH8Q5EEER27HJI3DITGU1K","Reading a passage and responding to questions","You will read a short passage about a person, then answer questions related to the passage.","sentences, decisions, language","$0.40","Mon May 18 14:48:35 PDT 2020","352","BatchId:4043002;OriginalHitTemplateId:920937340;","7200","172800","Mon May 18 18:48:35 PDT 2020","","","32M8BPYGATM1WUZSCE2RB6MEMUJGI8","A10NQ0NRA0VIR","Submitted","Mon May 18 16:15:46 PDT 2020","Mon May 18 16:23:23 PDT 2020","Wed May 20 16:23:23 PDT 2020","","","","457","0% (0/0)","0% (0/0)","0% (0/0)","w7pubwgltustpxxe138w"
"37MQ8Z1JQEWVLG8WRFY476QJ0PU2YM","32KI9HN0SH8Q5EEER27HJI3DITGU1K","Reading a passage and responding to questions","You will read a short passage about a person, then answer questions related to the passage.","sentences, decisions, language","$0.40","Mon May 18 14:48:35 PDT 2020","352","BatchId:4043002;OriginalHitTemplateId:920937340;","7200","172800","Mon May 18 18:48:35 PDT 2020","","","32N49TQG3GI5896PPL90U915W16VAC","ABLXAMHV1IQD5","Submitted","Mon May 18 17:11:05 PDT 2020","Mon May 18 17:17:28 PDT 2020","Wed May 20 17:17:28 PDT 2020","","","","383","0% (0/0)","0% (0/0)","0% (0/0)","5w5dx11gljagfvnb9trm"
"37MQ8Z1JQEWVLG8WRFY476QJ0PU2YM","32KI9HN0SH8Q5EEER27HJI3DITGU1K","Reading a passage and responding to questions","You will read a short passage about a person, then answer questions related to the passage.","sentences, decisions, language","$0.40","Mon May 18 14:48:35 PDT 2020","352","BatchId:4043002;OriginalHitTemplateId:920937340;","7200","172800","Mon May 18 18:48:35 PDT 2020","","","32RIADZISS4AES94MPU46JVY5N9S4M","A3BTK49X4ITNXJ","Submitted","Mon May 18 15:35:14 PDT 2020","Mon May 18 15:39:06 PDT 2020","Wed May 20 15:39:06 PDT 2020","","","","232","0% (0/0)","0% (0/0)","0% (0/0)","gejzfy0pznnlyqgmwmqd"
"37MQ8Z1JQEWVLG8WRFY476QJ0PU2YM","32KI9HN0SH8Q5EEER27HJI3DITGU1K","Reading a passage and responding to questions","You will read a short passage about a person, then answer questions related to the passage.","sentences, decisions, language","$0.40","Mon May 18 14:48:35 PDT 2020","352","BatchId:4043002;OriginalHitTemplateId:920937340;","7200","172800","Mon May 18 18:48:35 PDT 2020","","","32Z9ZLUT1LKPSC56UFXEG3U1D3PHOX","A3R3R4ALD88TUZ","Submitted","Mon May 18 14:58:18 PDT 2020","Mon May 18 15:06:05 PDT 2020","Wed May 20 15:06:05 PDT 2020","","","","467","0% (0/0)","0% (0/0)","0% (0/0)","o38nltkh4u97s9dx2mpj"
"37MQ8Z1JQEWVLG8WRFY476QJ0PU2YM","32KI9HN0SH8Q5EEER27HJI3DITGU1K","Reading a passage and responding to questions","You will read a short passage about a person, then answer questions related to the passage.","sentences, decisions, language","$0.40","Mon May 18 14:48:35 PDT 2020","352","BatchId:4043002;OriginalHitTemplateId:920937340;","7200","172800","Mon May 18 18:48:35 PDT 2020","","","33C7UALJVLYB39XCL95XRUOUH9118R","A3AJTTYI2F9CSF","Submitted","Mon May 18 17:28:23 PDT 2020","Mon May 18 17:33:40 PDT 2020","Wed May 20 17:33:40 PDT 2020","","","","317","0% (0/0)","0% (0/0)","0% (0/0)","53ttezpl6wr0k979j657"
"37MQ8Z1JQEWVLG8WRFY476QJ0PU2YM","32KI9HN0SH8Q5EEER27HJI3DITGU1K","Reading a passage and responding to questions","You will read a short passage about a person, then answer questions related to the passage.","sentences, decisions, language","$0.40","Mon May 18 14:48:35 PDT 2020","352","BatchId:4043002;OriginalHitTemplateId:920937340;","7200","172800","Mon May 18 18:48:35 PDT 2020","","","33FOTY3KEMLDFCNP2LL2TGKD706C1S","A3LJHPCBG2XU3P","Submitted","Mon May 18 18:04:53 PDT 2020","Mon May 18 18:09:10 PDT 2020","Wed May 20 18:09:10 PDT 2020","","","","257","0% (0/0)","0% (0/0)","0% (0/0)","7e3nzt618hb0kad3jsd1"
"37MQ8Z1JQEWVLG8WRFY476QJ0PU2YM","32KI9HN0SH8Q5EEER27HJI3DITGU1K","Reading a passage and responding to questions","You will read a short passage about a person, then answer questions related to the passage.","sentences, decisions, language","$0.40","Mon May 18 14:48:35 PDT 2020","352","BatchId:4043002;OriginalHitTemplateId:920937340;","7200","172800","Mon May 18 18:48:35 PDT 2020","","","33ISQZVXPPMX2FXNIIAMAC34BX1CCM","A20COED6O4CND9","Submitted","Mon May 18 14:58:28 PDT 2020","Mon May 18 15:03:17 PDT 2020","Wed May 20 15:03:17 PDT 2020","","","","289","0% (0/0)","0% (0/0)","0% (0/0)","xn4uzj252hslfecb4w7e"
"37MQ8Z1JQEWVLG8WRFY476QJ0PU2YM","32KI9HN0SH8Q5EEER27HJI3DITGU1K","Reading a passage and responding to questions","You will read a short passage about a person, then answer questions related to the passage.","sentences, decisions, language","$0.40","Mon May 18 14:48:35 PDT 2020","352","BatchId:4043002;OriginalHitTemplateId:920937340;","7200","172800","Mon May 18 18:48:35 PDT 2020","","","33IZTU6J8111CUXE60W93USWYICSXZ","AIPN58E8WPNEP","Submitted","Mon May 18 15:15:28 PDT 2020","Mon May 18 15:22:32 PDT 2020","Wed May 20 15:22:32 PDT 2020","","","","424","0% (0/0)","0% (0/0)","0% (0/0)","0lhka0jy2nan1a4secvk"
"37MQ8Z1JQEWVLG8WRFY476QJ0PU2YM","32KI9HN0SH8Q5EEER27HJI3DITGU1K","Reading a passage and responding to questions","You will read a short passage about a person, then answer questions related to the passage.","sentences, decisions, language","$0.40","Mon May 18 14:48:35 PDT 2020","352","BatchId:4043002;OriginalHitTemplateId:920937340;","7200","172800","Mon May 18 18:48:35 PDT 2020","","","33JKGHPFYCUT2565KXDETJ2S4FJMNW","A2ELW44B0V3AYF","Submitted","Mon May 18 15:00:43 PDT 2020","Mon May 18 15:13:12 PDT 2020","Wed May 20 15:13:12 PDT 2020","","","","749","0% (0/0)","0% (0/0)","0% (0/0)","n8tq2xgf2aj6tg9hfbtq"
"37MQ8Z1JQEWVLG8WRFY476QJ0PU2YM","32KI9HN0SH8Q5EEER27HJI3DITGU1K","Reading a passage and responding to questions","You will read a short passage about a person, then answer questions related to the passage.","sentences, decisions, language","$0.40","Mon May 18 14:48:35 PDT 2020","352","BatchId:4043002;OriginalHitTemplateId:920937340;","7200","172800","Mon May 18 18:48:35 PDT 2020","","","33L7PJKHCGYCCT9LNSP7X07P9SKT8K","AEXEAIKPI0AE4","Submitted","Mon May 18 15:47:39 PDT 2020","Mon May 18 15:54:28 PDT 2020","Wed May 20 15:54:28 PDT 2020","","","","409","0% (0/0)","0% (0/0)","0% (0/0)","9h1l6jf0p7kkbxrtevvl"
"37MQ8Z1JQEWVLG8WRFY476QJ0PU2YM","32KI9HN0SH8Q5EEER27HJI3DITGU1K","Reading a passage and responding to questions","You will read a short passage about a person, then answer questions related to the passage.","sentences, decisions, language","$0.40","Mon May 18 14:48:35 PDT 2020","352","BatchId:4043002;OriginalHitTemplateId:920937340;","7200","172800","Mon May 18 18:48:35 PDT 2020","","","33SA9F9TRXULDBN6V0GICUAAOP0EWU","A1H5SUG5DZOZ8Z","Submitted","Mon May 18 15:43:20 PDT 2020","Mon May 18 15:56:09 PDT 2020","Wed May 20 15:56:09 PDT 2020","","","","769","0% (0/0)","0% (0/0)","0% (0/0)","oeddsevltbguepzy4vdl"
"37MQ8Z1JQEWVLG8WRFY476QJ0PU2YM","32KI9HN0SH8Q5EEER27HJI3DITGU1K","Reading a passage and responding to questions","You will read a short passage about a person, then answer questions related to the passage.","sentences, decisions, language","$0.40","Mon May 18 14:48:35 PDT 2020","352","BatchId:4043002;OriginalHitTemplateId:920937340;","7200","172800","Mon May 18 18:48:35 PDT 2020","","","340UGXU9DY1PNIKNVQQRUADZ34NVUD","A1NNB3BK77OKH","Submitted","Mon May 18 14:53:21 PDT 2020","Mon May 18 15:17:56 PDT 2020","Wed May 20 15:17:56 PDT 2020","","","","1475","0% (0/0)","0% (0/0)","0% (0/0)","zgqvweozaf4s5u34gx9j"
"37MQ8Z1JQEWVLG8WRFY476QJ0PU2YM","32KI9HN0SH8Q5EEER27HJI3DITGU1K","Reading a passage and responding to questions","You will read a short passage about a person, then answer questions related to the passage.","sentences, decisions, language","$0.40","Mon May 18 14:48:35 PDT 2020","352","BatchId:4043002;OriginalHitTemplateId:920937340;","7200","172800","Mon May 18 18:48:35 PDT 2020","","","345LHZDEDXS5B9I4BGKLBFLGCK73U1","A12SGLXX6B9DKR","Submitted","Mon May 18 17:28:13 PDT 2020","Mon May 18 17:33:26 PDT 2020","Wed May 20 17:33:26 PDT 2020","","","","313","0% (0/0)","0% (0/0)","0% (0/0)","e2c6bopctjvcaaw34gox"
"37MQ8Z1JQEWVLG8WRFY476QJ0PU2YM","32KI9HN0SH8Q5EEER27HJI3DITGU1K","Reading a passage and responding to questions","You will read a short passage about a person, then answer questions related to the passage.","sentences, decisions, language","$0.40","Mon May 18 14:48:35 PDT 2020","352","BatchId:4043002;OriginalHitTemplateId:920937340;","7200","172800","Mon May 18 18:48:35 PDT 2020","","","34S6N1K2ZVJHMR29HNHMOMQ7IYQHLM","A39LHLK7152HTX","Submitted","Mon May 18 16:10:27 PDT 2020","Mon May 18 16:21:25 PDT 2020","Wed May 20 16:21:25 PDT 2020","","","","658","0% (0/0)","0% (0/0)","0% (0/0)","2jzymuz60avswfz729e6"
"37MQ8Z1JQEWVLG8WRFY476QJ0PU2YM","32KI9HN0SH8Q5EEER27HJI3DITGU1K","Reading a passage and responding to questions","You will read a short passage about a person, then answer questions related to the passage.","sentences, decisions, language","$0.40","Mon May 18 14:48:35 PDT 2020","352","BatchId:4043002;OriginalHitTemplateId:920937340;","7200","172800","Mon May 18 18:48:35 PDT 2020","","","34S9DKFK73PTWMVJ301PNEPZDP1NYR","A1D4C4NYRWMTRQ","Submitted","Mon May 18 15:48:23 PDT 2020","Mon May 18 15:51:54 PDT 2020","Wed May 20 15:51:54 PDT 2020","","","","211","0% (0/0)","0% (0/0)","0% (0/0)","6eo597z9xn1rsq4h6zeh"
"37MQ8Z1JQEWVLG8WRFY476QJ0PU2YM","32KI9HN0SH8Q5EEER27HJI3DITGU1K","Reading a passage and responding to questions","You will read a short passage about a person, then answer questions related to the passage.","sentences, decisions, language","$0.40","Mon May 18 14:48:35 PDT 2020","352","BatchId:4043002;OriginalHitTemplateId:920937340;","7200","172800","Mon May 18 18:48:35 PDT 2020","","","34T446B1C0ED8N2762H2FB132840CH","A3QIC33PDQRYEI","Submitted","Mon May 18 14:50:03 PDT 2020","Mon May 18 14:54:09 PDT 2020","Wed May 20 14:54:09 PDT 2020","","","","246","0% (0/0)","0% (0/0)","0% (0/0)","ba47ad60azyw64fvy2vm"
"37MQ8Z1JQEWVLG8WRFY476QJ0PU2YM","32KI9HN0SH8Q5EEER27HJI3DITGU1K","Reading a passage and responding to questions","You will read a short passage about a person, then answer questions related to the passage.","sentences, decisions, language","$0.40","Mon May 18 14:48:35 PDT 2020","352","BatchId:4043002;OriginalHitTemplateId:920937340;","7200","172800","Mon May 18 18:48:35 PDT 2020","","","34V1S5K3GS16O0HJW7NSMMAM9QP699","A27U34JQKVDTA3","Submitted","Mon May 18 15:17:27 PDT 2020","Mon May 18 15:29:04 PDT 2020","Wed May 20 15:29:04 PDT 2020","","","","697","0% (0/0)","0% (0/0)","0% (0/0)","su5dusf6pxenp9yttekn"
"37MQ8Z1JQEWVLG8WRFY476QJ0PU2YM","32KI9HN0SH8Q5EEER27HJI3DITGU1K","Reading a passage and responding to questions","You will read a short passage about a person, then answer questions related to the passage.","sentences, decisions, language","$0.40","Mon May 18 14:48:35 PDT 2020","352","BatchId:4043002;OriginalHitTemplateId:920937340;","7200","172800","Mon May 18 18:48:35 PDT 2020","","","358UUM7WRZ3VW0RA9YS6JLACAND7RU","A19NNIY99BR1N","Submitted","Mon May 18 14:58:06 PDT 2020","Mon May 18 15:03:56 PDT 2020","Wed May 20 15:03:56 PDT 2020","","","","350","0% (0/0)","0% (0/0)","0% (0/0)","1nm9yfnn14zfyv6onopy"
"37MQ8Z1JQEWVLG8WRFY476QJ0PU2YM","32KI9HN0SH8Q5EEER27HJI3DITGU1K","Reading a passage and responding to questions","You will read a short passage about a person, then answer questions related to the passage.","sentences, decisions, language","$0.40","Mon May 18 14:48:35 PDT 2020","352","BatchId:4043002;OriginalHitTemplateId:920937340;","7200","172800","Mon May 18 18:48:35 PDT 2020","","","35GMH2SV3EHD82E44EP8V0XOLN3EOK","A1BFLMCFOAYEVI","Submitted","Mon May 18 16:09:30 PDT 2020","Mon May 18 16:14:41 PDT 2020","Wed May 20 16:14:41 PDT 2020","","","","311","0% (0/0)","0% (0/0)","0% (0/0)","7juwmsc7o02qku7928bp"
"37MQ8Z1JQEWVLG8WRFY476QJ0PU2YM","32KI9HN0SH8Q5EEER27HJI3DITGU1K","Reading a passage and responding to questions","You will read a short passage about a person, then answer questions related to the passage.","sentences, decisions, language","$0.40","Mon May 18 14:48:35 PDT 2020","352","BatchId:4043002;OriginalHitTemplateId:920937340;","7200","172800","Mon May 18 18:48:35 PDT 2020","","","35H6S234SA0NNDF7THABA65KNU456F","AD1ILDUXZHASF","Submitted","Mon May 18 14:59:04 PDT 2020","Mon May 18 15:08:31 PDT 2020","Wed May 20 15:08:31 PDT 2020","","","","567","0% (0/0)","0% (0/0)","0% (0/0)","c8csf7hrasl5wh6cdbce"
"37MQ8Z1JQEWVLG8WRFY476QJ0PU2YM","32KI9HN0SH8Q5EEER27HJI3DITGU1K","Reading a passage and responding to questions","You will read a short passage about a person, then answer questions related to the passage.","sentences, decisions, language","$0.40","Mon May 18 14:48:35 PDT 2020","352","BatchId:4043002;OriginalHitTemplateId:920937340;","7200","172800","Mon May 18 18:48:35 PDT 2020","","","3634BBTX0OUVIU3X1UW9TLM2LFPIFH","A3S4M1GQAMPFZB","Submitted","Mon May 18 17:28:37 PDT 2020","Mon May 18 17:33:01 PDT 2020","Wed May 20 17:33:01 PDT 2020","","","","264","0% (0/0)","0% (0/0)","0% (0/0)","toz1xk9c3nmc0k4nu6t5"
"37MQ8Z1JQEWVLG8WRFY476QJ0PU2YM","32KI9HN0SH8Q5EEER27HJI3DITGU1K","Reading a passage and responding to questions","You will read a short passage about a person, then answer questions related to the passage.","sentences, decisions, language","$0.40","Mon May 18 14:48:35 PDT 2020","352","BatchId:4043002;OriginalHitTemplateId:920937340;","7200","172800","Mon May 18 18:48:35 PDT 2020","","","36H9ULYP62URD5N3JCH95M12YU5FJH","A17GFCRU4PGZDV","Submitted","Mon May 18 15:33:40 PDT 2020","Mon May 18 15:41:18 PDT 2020","Wed May 20 15:41:18 PDT 2020","","","","458","0% (0/0)","0% (0/0)","0% (0/0)","rcdum6ojva1drzwns3ab"
"37MQ8Z1JQEWVLG8WRFY476QJ0PU2YM","32KI9HN0SH8Q5EEER27HJI3DITGU1K","Reading a passage and responding to questions","You will read a short passage about a person, then answer questions related to the passage.","sentences, decisions, language","$0.40","Mon May 18 14:48:35 PDT 2020","352","BatchId:4043002;OriginalHitTemplateId:920937340;","7200","172800","Mon May 18 18:48:35 PDT 2020","","","36NEMU28XFDJPZFJCY41P2FJXRJMWJ","A2QJ8Y4J9M28UC","Submitted","Mon May 18 18:14:58 PDT 2020","Mon May 18 18:24:39 PDT 2020","Wed May 20 18:24:39 PDT 2020","","","","581","0% (0/0)","0% (0/0)","0% (0/0)","f5jau9stfxa3dxcfpkwd"
"37MQ8Z1JQEWVLG8WRFY476QJ0PU2YM","32KI9HN0SH8Q5EEER27HJI3DITGU1K","Reading a passage and responding to questions","You will read a short passage about a person, then answer questions related to the passage.","sentences, decisions, language","$0.40","Mon May 18 14:48:35 PDT 2020","352","BatchId:4043002;OriginalHitTemplateId:920937340;","7200","172800","Mon May 18 18:48:35 PDT 2020","","","36V4Q8R5ZK0E52JX0P5VXDXX9QEMQR","A1S9HT1LLI1YYN","Submitted","Mon May 18 16:43:07 PDT 2020","Mon May 18 16:54:18 PDT 2020","Wed May 20 16:54:18 PDT 2020","","","","671","0% (0/0)","0% (0/0)","0% (0/0)","absysw5thfctn7z2oau3"
"37MQ8Z1JQEWVLG8WRFY476QJ0PU2YM","32KI9HN0SH8Q5EEER27HJI3DITGU1K","Reading a passage and responding to questions","You will read a short passage about a person, then answer questions related to the passage.","sentences, decisions, language","$0.40","Mon May 18 14:48:35 PDT 2020","352","BatchId:4043002;OriginalHitTemplateId:920937340;","7200","172800","Mon May 18 18:48:35 PDT 2020","","","37C0GNLMHF3IRQU08NSU8ITC0B7D60","A2B405KJBE93RW","Submitted","Mon May 18 15:59:52 PDT 2020","Mon May 18 16:05:23 PDT 2020","Wed May 20 16:05:23 PDT 2020","","","","331","0% (0/0)","0% (0/0)","0% (0/0)","rlnqg2jzvvvhlwt11aur"
"37MQ8Z1JQEWVLG8WRFY476QJ0PU2YM","32KI9HN0SH8Q5EEER27HJI3DITGU1K","Reading a passage and responding to questions","You will read a short passage about a person, then answer questions related to the passage.","sentences, decisions, language","$0.40","Mon May 18 14:48:35 PDT 2020","352","BatchId:4043002;OriginalHitTemplateId:920937340;","7200","172800","Mon May 18 18:48:35 PDT 2020","","","37Q970SNZE8TMTCLZ7B28LOVT3U1SD","AUXEKYR1IHCH","Submitted","Mon May 18 18:35:22 PDT 2020","Mon May 18 18:42:07 PDT 2020","Wed May 20 18:42:07 PDT 2020","","","","405","0% (0/0)","0% (0/0)","0% (0/0)","kdq29jep3jho1a1r0zf2"
"37MQ8Z1JQEWVLG8WRFY476QJ0PU2YM","32KI9HN0SH8Q5EEER27HJI3DITGU1K","Reading a passage and responding to questions","You will read a short passage about a person, then answer questions related to the passage.","sentences, decisions, language","$0.40","Mon May 18 14:48:35 PDT 2020","352","BatchId:4043002;OriginalHitTemplateId:920937340;","7200","172800","Mon May 18 18:48:35 PDT 2020","","","37QW5D2ZRGMBXTW6YSKHNVB37928S6","A23G1L7KYHK9F2","Submitted","Mon May 18 14:55:16 PDT 2020","Mon May 18 15:01:59 PDT 2020","Wed May 20 15:01:59 PDT 2020","","","","403","0% (0/0)","0% (0/0)","0% (0/0)","2q5ywq4uezmrx7umk6gn"
"37MQ8Z1JQEWVLG8WRFY476QJ0PU2YM","32KI9HN0SH8Q5EEER27HJI3DITGU1K","Reading a passage and responding to questions","You will read a short passage about a person, then answer questions related to the passage.","sentences, decisions, language","$0.40","Mon May 18 14:48:35 PDT 2020","352","BatchId:4043002;OriginalHitTemplateId:920937340;","7200","172800","Mon May 18 18:48:35 PDT 2020","","","37TD41K0AH9D9WMJF40MPH7MX0JSCS","A3LCKAJC059DZT","Submitted","Mon May 18 18:19:35 PDT 2020","Mon May 18 18:21:59 PDT 2020","Wed May 20 18:21:59 PDT 2020","","","","144","0% (0/0)","0% (0/0)","0% (0/0)","np8ug9bpqprmzlzsq1fl"
"37MQ8Z1JQEWVLG8WRFY476QJ0PU2YM","32KI9HN0SH8Q5EEER27HJI3DITGU1K","Reading a passage and responding to questions","You will read a short passage about a person, then answer questions related to the passage.","sentences, decisions, language","$0.40","Mon May 18 14:48:35 PDT 2020","352","BatchId:4043002;OriginalHitTemplateId:920937340;","7200","172800","Mon May 18 18:48:35 PDT 2020","","","37Z929RLG98UVDOU1QVCER7QLMMSTE","A2VDN3RMW9K1JF","Submitted","Mon May 18 14:49:57 PDT 2020","Mon May 18 14:56:22 PDT 2020","Wed May 20 14:56:22 PDT 2020","","","","385","0% (0/0)","0% (0/0)","0% (0/0)","jo5z3zj49vkqaekczp5e"
"37MQ8Z1JQEWVLG8WRFY476QJ0PU2YM","32KI9HN0SH8Q5EEER27HJI3DITGU1K","Reading a passage and responding to questions","You will read a short passage about a person, then answer questions related to the passage.","sentences, decisions, language","$0.40","Mon May 18 14:48:35 PDT 2020","352","BatchId:4043002;OriginalHitTemplateId:920937340;","7200","172800","Mon May 18 18:48:35 PDT 2020","","","386CSBG1OZMCGZY5D9YE8H0BJRQ6QU","AF4QEEV0A6EEL","Submitted","Mon May 18 18:47:27 PDT 2020","Mon May 18 18:53:02 PDT 2020","Wed May 20 18:53:02 PDT 2020","","","","335","0% (0/0)","0% (0/0)","0% (0/0)","5f9jwn0apc5nr2bb215t"
"37MQ8Z1JQEWVLG8WRFY476QJ0PU2YM","32KI9HN0SH8Q5EEER27HJI3DITGU1K","Reading a passage and responding to questions","You will read a short passage about a person, then answer questions related to the passage.","sentences, decisions, language","$0.40","Mon May 18 14:48:35 PDT 2020","352","BatchId:4043002;OriginalHitTemplateId:920937340;","7200","172800","Mon May 18 18:48:35 PDT 2020","","","38JBBYETQOA9494MLUAZH2RJ4WRE4Y","A256FTD83LZZ2Z","Submitted","Mon May 18 18:00:47 PDT 2020","Mon May 18 18:06:11 PDT 2020","Wed May 20 18:06:11 PDT 2020","","","","324","0% (0/0)","0% (0/0)","0% (0/0)","sa5shsr6vvmjsot8v5gv"
"37MQ8Z1JQEWVLG8WRFY476QJ0PU2YM","32KI9HN0SH8Q5EEER27HJI3DITGU1K","Reading a passage and responding to questions","You will read a short passage about a person, then answer questions related to the passage.","sentences, decisions, language","$0.40","Mon May 18 14:48:35 PDT 2020","352","BatchId:4043002;OriginalHitTemplateId:920937340;","7200","172800","Mon May 18 18:48:35 PDT 2020","","","3907X2AHF053YMEPQU7MIZTPYP42PI","A2OMI3RXY4WUS6","Submitted","Mon May 18 15:12:06 PDT 2020","Mon May 18 15:24:51 PDT 2020","Wed May 20 15:24:51 PDT 2020","","","","765","0% (0/0)","0% (0/0)","0% (0/0)","hlfoalq0e3lh3udd4q0k"
"37MQ8Z1JQEWVLG8WRFY476QJ0PU2YM","32KI9HN0SH8Q5EEER27HJI3DITGU1K","Reading a passage and responding to questions","You will read a short passage about a person, then answer questions related to the passage.","sentences, decisions, language","$0.40","Mon May 18 14:48:35 PDT 2020","352","BatchId:4043002;OriginalHitTemplateId:920937340;","7200","172800","Mon May 18 18:48:35 PDT 2020","","","39JEC7537U1T1O3N9Z5R04RTW4DCVH","A37XVDGVAEI7F","Submitted","Mon May 18 18:07:35 PDT 2020","Mon May 18 18:58:37 PDT 2020","Wed May 20 18:58:37 PDT 2020","","","","3062","0% (0/0)","0% (0/0)","0% (0/0)","bv95uthho0kgeqlnlkdr"
"37MQ8Z1JQEWVLG8WRFY476QJ0PU2YM","32KI9HN0SH8Q5EEER27HJI3DITGU1K","Reading a passage and responding to questions","You will read a short passage about a person, then answer questions related to the passage.","sentences, decisions, language","$0.40","Mon May 18 14:48:35 PDT 2020","352","BatchId:4043002;OriginalHitTemplateId:920937340;","7200","172800","Mon May 18 18:48:35 PDT 2020","","","39LOEL67OS57DCBR8DJGFN3RFT083B","AHZIZYAQARD53","Submitted","Mon May 18 18:22:19 PDT 2020","Mon May 18 18:24:12 PDT 2020","Wed May 20 18:24:12 PDT 2020","","","","113","0% (0/0)","0% (0/0)","0% (0/0)","x9nbmj22fac3wks1j26f"
"37MQ8Z1JQEWVLG8WRFY476QJ0PU2YM","32KI9HN0SH8Q5EEER27HJI3DITGU1K","Reading a passage and responding to questions","You will read a short passage about a person, then answer questions related to the passage.","sentences, decisions, language","$0.40","Mon May 18 14:48:35 PDT 2020","352","BatchId:4043002;OriginalHitTemplateId:920937340;","7200","172800","Mon May 18 18:48:35 PDT 2020","","","39O5D9O87TS9PF14PPZLH9ZA5K3C33","A2BAWEBJ5M68SD","Submitted","Mon May 18 17:36:49 PDT 2020","Mon May 18 17:42:40 PDT 2020","Wed May 20 17:42:40 PDT 2020","","","","351","0% (0/0)","0% (0/0)","0% (0/0)","89hzassx8o4ck3no2tz4"
"37MQ8Z1JQEWVLG8WRFY476QJ0PU2YM","32KI9HN0SH8Q5EEER27HJI3DITGU1K","Reading a passage and responding to questions","You will read a short passage about a person, then answer questions related to the passage.","sentences, decisions, language","$0.40","Mon May 18 14:48:35 PDT 2020","352","BatchId:4043002;OriginalHitTemplateId:920937340;","7200","172800","Mon May 18 18:48:35 PDT 2020","","","39OWYR0EPKRH8UI25CICF9GQBY3FY0","A2PRLCEP7GEQXI","Submitted","Mon May 18 17:57:42 PDT 2020","Mon May 18 18:03:21 PDT 2020","Wed May 20 18:03:21 PDT 2020","","","","339","0% (0/0)","0% (0/0)","0% (0/0)","1s2z9nobqarmbht41qws"
"37MQ8Z1JQEWVLG8WRFY476QJ0PU2YM","32KI9HN0SH8Q5EEER27HJI3DITGU1K","Reading a passage and responding to questions","You will read a short passage about a person, then answer questions related to the passage.","sentences, decisions, language","$0.40","Mon May 18 14:48:35 PDT 2020","352","BatchId:4043002;OriginalHitTemplateId:920937340;","7200","172800","Mon May 18 18:48:35 PDT 2020","","","3B1NLC6UGZWTDGMWP9SBK3NQ88HGPN","A26376A6PIQ58H","Submitted","Mon May 18 16:51:58 PDT 2020","Mon May 18 17:22:50 PDT 2020","Wed May 20 17:22:50 PDT 2020","","","","1852","0% (0/0)","0% (0/0)","0% (0/0)","xuxez1b5l0gxj03387dm"
"37MQ8Z1JQEWVLG8WRFY476QJ0PU2YM","32KI9HN0SH8Q5EEER27HJI3DITGU1K","Reading a passage and responding to questions","You will read a short passage about a person, then answer questions related to the passage.","sentences, decisions, language","$0.40","Mon May 18 14:48:35 PDT 2020","352","BatchId:4043002;OriginalHitTemplateId:920937340;","7200","172800","Mon May 18 18:48:35 PDT 2020","","","3B3WTRP3DB2I6ZYI95BPW9TATLM92U","A11365WR5I1OWC","Submitted","Mon May 18 15:08:37 PDT 2020","Mon May 18 15:13:17 PDT 2020","Wed May 20 15:13:17 PDT 2020","","","","280","0% (0/0)","0% (0/0)","0% (0/0)","5fgclvkgpg1qdmj6ecfw"
"37MQ8Z1JQEWVLG8WRFY476QJ0PU2YM","32KI9HN0SH8Q5EEER27HJI3DITGU1K","Reading a passage and responding to questions","You will read a short passage about a person, then answer questions related to the passage.","sentences, decisions, language","$0.40","Mon May 18 14:48:35 PDT 2020","352","BatchId:4043002;OriginalHitTemplateId:920937340;","7200","172800","Mon May 18 18:48:35 PDT 2020","","","3B4YI393V9WTGDBFCQQM4MB4J38SSP","A3KC26Z78FBOJT","Submitted","Mon May 18 14:49:55 PDT 2020","Mon May 18 14:53:05 PDT 2020","Wed May 20 14:53:05 PDT 2020","","","","190","0% (0/0)","0% (0/0)","0% (0/0)","wcjnngajzk1c8hbn944o"
"37MQ8Z1JQEWVLG8WRFY476QJ0PU2YM","32KI9HN0SH8Q5EEER27HJI3DITGU1K","Reading a passage and responding to questions","You will read a short passage about a person, then answer questions related to the passage.","sentences, decisions, language","$0.40","Mon May 18 14:48:35 PDT 2020","352","BatchId:4043002;OriginalHitTemplateId:920937340;","7200","172800","Mon May 18 18:48:35 PDT 2020","","","3CFJTT4SXTQI31ORJBYX5T9LNRUI71","A1AINTCOQ7NXLX","Submitted","Mon May 18 15:00:17 PDT 2020","Mon May 18 15:05:37 PDT 2020","Wed May 20 15:05:37 PDT 2020","","","","320","0% (0/0)","0% (0/0)","0% (0/0)","ll1g0gp23pvzoyysa7mx"
"37MQ8Z1JQEWVLG8WRFY476QJ0PU2YM","32KI9HN0SH8Q5EEER27HJI3DITGU1K","Reading a passage and responding to questions","You will read a short passage about a person, then answer questions related to the passage.","sentences, decisions, language","$0.40","Mon May 18 14:48:35 PDT 2020","352","BatchId:4043002;OriginalHitTemplateId:920937340;","7200","172800","Mon May 18 18:48:35 PDT 2020","","","3CFVK00FWLL1P2ISL4QIRV1H9K3L6I","A1PTLNX0AMTR9A","Submitted","Mon May 18 14:49:59 PDT 2020","Mon May 18 15:00:59 PDT 2020","Wed May 20 15:00:59 PDT 2020","","","","660","0% (0/0)","0% (0/0)","0% (0/0)","1rqd9wv40kt68utqofjw"
"37MQ8Z1JQEWVLG8WRFY476QJ0PU2YM","32KI9HN0SH8Q5EEER27HJI3DITGU1K","Reading a passage and responding to questions","You will read a short passage about a person, then answer questions related to the passage.","sentences, decisions, language","$0.40","Mon May 18 14:48:35 PDT 2020","352","BatchId:4043002;OriginalHitTemplateId:920937340;","7200","172800","Mon May 18 18:48:35 PDT 2020","","","3COPXFW7XBCYF2IFF0DQIVFJFPPKPL","AEKJGGRKT7NDU","Submitted","Mon May 18 15:01:19 PDT 2020","Mon May 18 15:09:18 PDT 2020","Wed May 20 15:09:18 PDT 2020","","","","479","0% (0/0)","0% (0/0)","0% (0/0)","fj8vu0t77mpv9v13wv0u"
"37MQ8Z1JQEWVLG8WRFY476QJ0PU2YM","32KI9HN0SH8Q5EEER27HJI3DITGU1K","Reading a passage and responding to questions","You will read a short passage about a person, then answer questions related to the passage.","sentences, decisions, language","$0.40","Mon May 18 14:48:35 PDT 2020","352","BatchId:4043002;OriginalHitTemplateId:920937340;","7200","172800","Mon May 18 18:48:35 PDT 2020","","","3D4CH1LGEAT8LT6P8KWEYDNB34PG9I","A2ERCIDP8O4WDA","Submitted","Mon May 18 14:50:31 PDT 2020","Mon May 18 14:54:29 PDT 2020","Wed May 20 14:54:29 PDT 2020","","","","238","0% (0/0)","0% (0/0)","0% (0/0)","62gwl252mwzqvk5n6apb"
"37MQ8Z1JQEWVLG8WRFY476QJ0PU2YM","32KI9HN0SH8Q5EEER27HJI3DITGU1K","Reading a passage and responding to questions","You will read a short passage about a person, then answer questions related to the passage.","sentences, decisions, language","$0.40","Mon May 18 14:48:35 PDT 2020","352","BatchId:4043002;OriginalHitTemplateId:920937340;","7200","172800","Mon May 18 18:48:35 PDT 2020","","","3DH6GAKTYYPNDB926OCJI1W8N34YZE","A1RPE3HZZBRGEY","Submitted","Mon May 18 14:54:20 PDT 2020","Mon May 18 14:57:16 PDT 2020","Wed May 20 14:57:16 PDT 2020","","","","176","0% (0/0)","0% (0/0)","0% (0/0)","ym06lasdo0gxvb8k0ezp"
"37MQ8Z1JQEWVLG8WRFY476QJ0PU2YM","32KI9HN0SH8Q5EEER27HJI3DITGU1K","Reading a passage and responding to questions","You will read a short passage about a person, then answer questions related to the passage.","sentences, decisions, language","$0.40","Mon May 18 14:48:35 PDT 2020","352","BatchId:4043002;OriginalHitTemplateId:920937340;","7200","172800","Mon May 18 18:48:35 PDT 2020","","","3DH6GAKTYYPNDB926OCJI1W8N38ZYJ","AMFT78BSZA5MV","Submitted","Mon May 18 15:43:24 PDT 2020","Mon May 18 15:50:07 PDT 2020","Wed May 20 15:50:07 PDT 2020","","","","403","0% (0/0)","0% (0/0)","0% (0/0)","2powabytey2dv3kh6v88"
"37MQ8Z1JQEWVLG8WRFY476QJ0PU2YM","32KI9HN0SH8Q5EEER27HJI3DITGU1K","Reading a passage and responding to questions","You will read a short passage about a person, then answer questions related to the passage.","sentences, decisions, language","$0.40","Mon May 18 14:48:35 PDT 2020","352","BatchId:4043002;OriginalHitTemplateId:920937340;","7200","172800","Mon May 18 18:48:35 PDT 2020","","","3DPNQGW4LLF5RUB7FCR15EZ6NY9469","A1LSPRP6WQK5AE","Submitted","Mon May 18 14:56:25 PDT 2020","Mon May 18 14:59:04 PDT 2020","Wed May 20 14:59:04 PDT 2020","","","","159","0% (0/0)","0% (0/0)","0% (0/0)","zw3yzje1fuybmql4akg3"
"37MQ8Z1JQEWVLG8WRFY476QJ0PU2YM","32KI9HN0SH8Q5EEER27HJI3DITGU1K","Reading a passage and responding to questions","You will read a short passage about a person, then answer questions related to the passage.","sentences, decisions, language","$0.40","Mon May 18 14:48:35 PDT 2020","352","BatchId:4043002;OriginalHitTemplateId:920937340;","7200","172800","Mon May 18 18:48:35 PDT 2020","","","3DUZQ9U6SMO985SJ6LVRF9VBI72SVU","A2FWZR12905V6J","Submitted","Mon May 18 14:50:04 PDT 2020","Mon May 18 16:40:50 PDT 2020","Wed May 20 16:40:50 PDT 2020","","","","6646","0% (0/0)","0% (0/0)","0% (0/0)","1pj55etrucwgukfukq3m"
"37MQ8Z1JQEWVLG8WRFY476QJ0PU2YM","32KI9HN0SH8Q5EEER27HJI3DITGU1K","Reading a passage and responding to questions","You will read a short passage about a person, then answer questions related to the passage.","sentences, decisions, language","$0.40","Mon May 18 14:48:35 PDT 2020","352","BatchId:4043002;OriginalHitTemplateId:920937340;","7200","172800","Mon May 18 18:48:35 PDT 2020","","","3E337GFOL98TAVAJ9UFJGEIV8TDNGV","A3JIOYYH48ZOGP","Submitted","Mon May 18 16:11:51 PDT 2020","Mon May 18 16:23:10 PDT 2020","Wed May 20 16:23:10 PDT 2020","","","","679","0% (0/0)","0% (0/0)","0% (0/0)","ml1quxxt3h9nkfmfjbdn"
"37MQ8Z1JQEWVLG8WRFY476QJ0PU2YM","32KI9HN0SH8Q5EEER27HJI3DITGU1K","Reading a passage and responding to questions","You will read a short passage about a person, then answer questions related to the passage.","sentences, decisions, language","$0.40","Mon May 18 14:48:35 PDT 2020","352","BatchId:4043002;OriginalHitTemplateId:920937340;","7200","172800","Mon May 18 18:48:35 PDT 2020","","","3EFVCAY5L39IYQDGBYB3VUKGBQQ8JR","A3BUAODQX3WEZU","Submitted","Mon May 18 15:06:33 PDT 2020","Mon May 18 15:15:04 PDT 2020","Wed May 20 15:15:04 PDT 2020","","","","511","0% (0/0)","0% (0/0)","0% (0/0)","57vkx857jqaguzh2tdfl"
"37MQ8Z1JQEWVLG8WRFY476QJ0PU2YM","32KI9HN0SH8Q5EEER27HJI3DITGU1K","Reading a passage and responding to questions","You will read a short passage about a person, then answer questions related to the passage.","sentences, decisions, language","$0.40","Mon May 18 14:48:35 PDT 2020","352","BatchId:4043002;OriginalHitTemplateId:920937340;","7200","172800","Mon May 18 18:48:35 PDT 2020","","","3EJPLAJKEMGLURZW05HRZACFOTH6ZS","A3FAQHVPI8OUP0","Submitted","Mon May 18 15:56:10 PDT 2020","Mon May 18 16:02:31 PDT 2020","Wed May 20 16:02:31 PDT 2020","","","","381","0% (0/0)","0% (0/0)","0% (0/0)","gx519j4s5kxm6315gtwk"
"37MQ8Z1JQEWVLG8WRFY476QJ0PU2YM","32KI9HN0SH8Q5EEER27HJI3DITGU1K","Reading a passage and responding to questions","You will read a short passage about a person, then answer questions related to the passage.","sentences, decisions, language","$0.40","Mon May 18 14:48:35 PDT 2020","352","BatchId:4043002;OriginalHitTemplateId:920937340;","7200","172800","Mon May 18 18:48:35 PDT 2020","","","3EJPLAJKEMGLURZW05HRZACFOTI6ZT","A1JF60647PCX59","Submitted","Mon May 18 16:08:31 PDT 2020","Mon May 18 16:11:14 PDT 2020","Wed May 20 16:11:14 PDT 2020","","","","163","0% (0/0)","0% (0/0)","0% (0/0)","h4n82davn191xefr4rpz"
"37MQ8Z1JQEWVLG8WRFY476QJ0PU2YM","32KI9HN0SH8Q5EEER27HJI3DITGU1K","Reading a passage and responding to questions","You will read a short passage about a person, then answer questions related to the passage.","sentences, decisions, language","$0.40","Mon May 18 14:48:35 PDT 2020","352","BatchId:4043002;OriginalHitTemplateId:920937340;","7200","172800","Mon May 18 18:48:35 PDT 2020","","","3ERMJ6L4DYS4ZKEI4QWPXMG240P7MH","A1D1A4TK18MMLD","Submitted","Mon May 18 17:12:33 PDT 2020","Mon May 18 17:19:10 PDT 2020","Wed May 20 17:19:10 PDT 2020","","","","397","0% (0/0)","0% (0/0)","0% (0/0)","o0yez60oe2kffeabmadf"
"37MQ8Z1JQEWVLG8WRFY476QJ0PU2YM","32KI9HN0SH8Q5EEER27HJI3DITGU1K","Reading a passage and responding to questions","You will read a short passage about a person, then answer questions related to the passage.","sentences, decisions, language","$0.40","Mon May 18 14:48:35 PDT 2020","352","BatchId:4043002;OriginalHitTemplateId:920937340;","7200","172800","Mon May 18 18:48:35 PDT 2020","","","3F6KKYWMNB1QYB0S74EBATFYV1NDN1","A1OEH7O06Z8J0M","Submitted","Mon May 18 18:09:33 PDT 2020","Mon May 18 18:13:37 PDT 2020","Wed May 20 18:13:37 PDT 2020","","","","244","0% (0/0)","0% (0/0)","0% (0/0)","4gkspnkgctezyt4mh5y2"
"37MQ8Z1JQEWVLG8WRFY476QJ0PU2YM","32KI9HN0SH8Q5EEER27HJI3DITGU1K","Reading a passage and responding to questions","You will read a short passage about a person, then answer questions related to the passage.","sentences, decisions, language","$0.40","Mon May 18 14:48:35 PDT 2020","352","BatchId:4043002;OriginalHitTemplateId:920937340;","7200","172800","Mon May 18 18:48:35 PDT 2020","","","3FE7TXL1LINOYYF4Q7MBI4JZ3LYQ25","A1LYQQX0VGOM7U","Submitted","Mon May 18 16:49:46 PDT 2020","Mon May 18 16:54:59 PDT 2020","Wed May 20 16:54:59 PDT 2020","","","","313","0% (0/0)","0% (0/0)","0% (0/0)","kf5catdwfa6u3oaybnh5"
"37MQ8Z1JQEWVLG8WRFY476QJ0PU2YM","32KI9HN0SH8Q5EEER27HJI3DITGU1K","Reading a passage and responding to questions","You will read a short passage about a person, then answer questions related to the passage.","sentences, decisions, language","$0.40","Mon May 18 14:48:35 PDT 2020","352","BatchId:4043002;OriginalHitTemplateId:920937340;","7200","172800","Mon May 18 18:48:35 PDT 2020","","","3HRMW88U16QQH9EYJRBGI76FWMH0M8","A37SLQRKOALNV6","Submitted","Mon May 18 16:46:53 PDT 2020","Mon May 18 16:52:05 PDT 2020","Wed May 20 16:52:05 PDT 2020","","","","312","0% (0/0)","0% (0/0)","0% (0/0)","8dwqlohjz0l92yvdpnp6"
"37MQ8Z1JQEWVLG8WRFY476QJ0PU2YM","32KI9HN0SH8Q5EEER27HJI3DITGU1K","Reading a passage and responding to questions","You will read a short passage about a person, then answer questions related to the passage.","sentences, decisions, language","$0.40","Mon May 18 14:48:35 PDT 2020","352","BatchId:4043002;OriginalHitTemplateId:920937340;","7200","172800","Mon May 18 18:48:35 PDT 2020","","","3HVVDCPGTESRRZ030WN1WDVR27JTYU","A37EV8RZ82WT8E","Submitted","Mon May 18 15:07:45 PDT 2020","Mon May 18 15:23:16 PDT 2020","Wed May 20 15:23:16 PDT 2020","","","","931","100% (1/1)","0% (0/0)","0% (0/0)","a17onlylfeoe0trcogm3"
"37MQ8Z1JQEWVLG8WRFY476QJ0PU2YM","32KI9HN0SH8Q5EEER27HJI3DITGU1K","Reading a passage and responding to questions","You will read a short passage about a person, then answer questions related to the passage.","sentences, decisions, language","$0.40","Mon May 18 14:48:35 PDT 2020","352","BatchId:4043002;OriginalHitTemplateId:920937340;","7200","172800","Mon May 18 18:48:35 PDT 2020","","","3IRIK4HM3AK8MYOM8RXJOCBUFBX6CV","A11D5JXW17G48I","Submitted","Mon May 18 16:19:18 PDT 2020","Mon May 18 16:23:19 PDT 2020","Wed May 20 16:23:19 PDT 2020","","","","241","0% (0/0)","0% (0/0)","0% (0/0)","f7qat0x5ggzg0np4tt9o"
"37MQ8Z1JQEWVLG8WRFY476QJ0PU2YM","32KI9HN0SH8Q5EEER27HJI3DITGU1K","Reading a passage and responding to questions","You will read a short passage about a person, then answer questions related to the passage.","sentences, decisions, language","$0.40","Mon May 18 14:48:35 PDT 2020","352","BatchId:4043002;OriginalHitTemplateId:920937340;","7200","172800","Mon May 18 18:48:35 PDT 2020","","","3IUZPWIU1O7OZBFGRMRLAPNF8MSWKS","A17VJGXGBNEL9E","Submitted","Mon May 18 15:06:39 PDT 2020","Mon May 18 15:11:41 PDT 2020","Wed May 20 15:11:41 PDT 2020","","","","302","0% (0/0)","0% (0/0)","0% (0/0)","482y25n4dnh1n0m439s4"
"37MQ8Z1JQEWVLG8WRFY476QJ0PU2YM","32KI9HN0SH8Q5EEER27HJI3DITGU1K","Reading a passage and responding to questions","You will read a short passage about a person, then answer questions related to the passage.","sentences, decisions, language","$0.40","Mon May 18 14:48:35 PDT 2020","352","BatchId:4043002;OriginalHitTemplateId:920937340;","7200","172800","Mon May 18 18:48:35 PDT 2020","","","3J2UYBXQQLCOS6T6WB4ZTB9T6M106X","AOSBRJKYSSGDA","Submitted","Mon May 18 16:33:09 PDT 2020","Mon May 18 16:39:43 PDT 2020","Wed May 20 16:39:43 PDT 2020","","","","394","0% (0/0)","0% (0/0)","0% (0/0)","gu08va01w1gwz2d3thtf"
"37MQ8Z1JQEWVLG8WRFY476QJ0PU2YM","32KI9HN0SH8Q5EEER27HJI3DITGU1K","Reading a passage and responding to questions","You will read a short passage about a person, then answer questions related to the passage.","sentences, decisions, language","$0.40","Mon May 18 14:48:35 PDT 2020","352","BatchId:4043002;OriginalHitTemplateId:920937340;","7200","172800","Mon May 18 18:48:35 PDT 2020","","","3JBT3HLQF82T4XH1F1G05A3WJYZZPJ","A2VFBBFRHFTYOW","Submitted","Mon May 18 18:38:50 PDT 2020","Mon May 18 18:41:42 PDT 2020","Wed May 20 18:41:42 PDT 2020","","","","172","0% (0/0)","0% (0/0)","0% (0/0)","hyw0s2j7pkjrk8ouamcw"
"37MQ8Z1JQEWVLG8WRFY476QJ0PU2YM","32KI9HN0SH8Q5EEER27HJI3DITGU1K","Reading a passage and responding to questions","You will read a short passage about a person, then answer questions related to the passage.","sentences, decisions, language","$0.40","Mon May 18 14:48:35 PDT 2020","352","BatchId:4043002;OriginalHitTemplateId:920937340;","7200","172800","Mon May 18 18:48:35 PDT 2020","","","3JWH6J9I9SDXJE28T8N5F3RYSGENB7","A2BBDH8DZD77AU","Submitted","Mon May 18 14:49:48 PDT 2020","Mon May 18 14:52:23 PDT 2020","Wed May 20 14:52:23 PDT 2020","","","","155","0% (0/0)","0% (0/0)","0% (0/0)","ux7rjpm30a3gux1ybhh0"
"37MQ8Z1JQEWVLG8WRFY476QJ0PU2YM","32KI9HN0SH8Q5EEER27HJI3DITGU1K","Reading a passage and responding to questions","You will read a short passage about a person, then answer questions related to the passage.","sentences, decisions, language","$0.40","Mon May 18 14:48:35 PDT 2020","352","BatchId:4043002;OriginalHitTemplateId:920937340;","7200","172800","Mon May 18 18:48:35 PDT 2020","","","3K2755HG5S3EAJNB9GVY2O6PTA5DFY","A1JQ2VHZWJ97R3","Submitted","Mon May 18 15:01:11 PDT 2020","Mon May 18 15:44:06 PDT 2020","Wed May 20 15:44:06 PDT 2020","","","","2575","0% (0/0)","0% (0/0)","0% (0/0)","4pndehffmd0nhocpcfdd"
"37MQ8Z1JQEWVLG8WRFY476QJ0PU2YM","32KI9HN0SH8Q5EEER27HJI3DITGU1K","Reading a passage and responding to questions","You will read a short passage about a person, then answer questions related to the passage.","sentences, decisions, language","$0.40","Mon May 18 14:48:35 PDT 2020","352","BatchId:4043002;OriginalHitTemplateId:920937340;","7200","172800","Mon May 18 18:48:35 PDT 2020","","","3KWTYT0870356YIEGLGDZPNHDPSL52","A2SH17MQ49KCSO","Submitted","Mon May 18 14:49:56 PDT 2020","Mon May 18 14:53:46 PDT 2020","Wed May 20 14:53:46 PDT 2020","","","","230","0% (0/0)","0% (0/0)","0% (0/0)","feo04b7aya2wvcz65kud"
"37MQ8Z1JQEWVLG8WRFY476QJ0PU2YM","32KI9HN0SH8Q5EEER27HJI3DITGU1K","Reading a passage and responding to questions","You will read a short passage about a person, then answer questions related to the passage.","sentences, decisions, language","$0.40","Mon May 18 14:48:35 PDT 2020","352","BatchId:4043002;OriginalHitTemplateId:920937340;","7200","172800","Mon May 18 18:48:35 PDT 2020","","","3KWTYT0870356YIEGLGDZPNHDPV5LP","A1J4ITEI0IFE6G","Submitted","Mon May 18 15:22:15 PDT 2020","Mon May 18 15:28:33 PDT 2020","Wed May 20 15:28:33 PDT 2020","","","","378","0% (0/0)","0% (0/0)","0% (0/0)","rr4lq7juk21xpubm6nhg"
"37MQ8Z1JQEWVLG8WRFY476QJ0PU2YM","32KI9HN0SH8Q5EEER27HJI3DITGU1K","Reading a passage and responding to questions","You will read a short passage about a person, then answer questions related to the passage.","sentences, decisions, language","$0.40","Mon May 18 14:48:35 PDT 2020","352","BatchId:4043002;OriginalHitTemplateId:920937340;","7200","172800","Mon May 18 18:48:35 PDT 2020","","","3LOZAJ85YDD87VGGCLH3CCFS0OCX20","A1EM0NU4IIOSNL","Submitted","Mon May 18 15:08:21 PDT 2020","Mon May 18 15:13:23 PDT 2020","Wed May 20 15:13:23 PDT 2020","","","","302","0% (0/0)","0% (0/0)","0% (0/0)","pqpasfr0bxtxbyl605ju"
"37MQ8Z1JQEWVLG8WRFY476QJ0PU2YM","32KI9HN0SH8Q5EEER27HJI3DITGU1K","Reading a passage and responding to questions","You will read a short passage about a person, then answer questions related to the passage.","sentences, decisions, language","$0.40","Mon May 18 14:48:35 PDT 2020","352","BatchId:4043002;OriginalHitTemplateId:920937340;","7200","172800","Mon May 18 18:48:35 PDT 2020","","","3LQ8PUHQFLSFWQU3WKK9W6YF1UNIH0","A1C3C198B6ZXZU","Submitted","Mon May 18 18:27:21 PDT 2020","Mon May 18 18:36:00 PDT 2020","Wed May 20 18:36:00 PDT 2020","","","","519","0% (0/0)","0% (0/0)","0% (0/0)","xh9w0gtxc0nwyvuw8dxe"
"37MQ8Z1JQEWVLG8WRFY476QJ0PU2YM","32KI9HN0SH8Q5EEER27HJI3DITGU1K","Reading a passage and responding to questions","You will read a short passage about a person, then answer questions related to the passage.","sentences, decisions, language","$0.40","Mon May 18 14:48:35 PDT 2020","352","BatchId:4043002;OriginalHitTemplateId:920937340;","7200","172800","Mon May 18 18:48:35 PDT 2020","","","3LUY3GC63Z0AKNBVW6OHEQAX95ZP7U","A3EKWPKR0OX8P8","Submitted","Mon May 18 17:07:45 PDT 2020","Mon May 18 17:13:44 PDT 2020","Wed May 20 17:13:44 PDT 2020","","","","359","0% (0/0)","0% (0/0)","0% (0/0)","o3pc84mh3o3tgycjc7hf"
"37MQ8Z1JQEWVLG8WRFY476QJ0PU2YM","32KI9HN0SH8Q5EEER27HJI3DITGU1K","Reading a passage and responding to questions","You will read a short passage about a person, then answer questions related to the passage.","sentences, decisions, language","$0.40","Mon May 18 14:48:35 PDT 2020","352","BatchId:4043002;OriginalHitTemplateId:920937340;","7200","172800","Mon May 18 18:48:35 PDT 2020","","","3LWJHTCVCCM8ZSRGE21I2NDOCP3QFP","A29ILQO8285XX","Submitted","Mon May 18 16:51:29 PDT 2020","Mon May 18 17:01:05 PDT 2020","Wed May 20 17:01:05 PDT 2020","","","","576","0% (0/0)","0% (0/0)","0% (0/0)","l8tvnlxdb3lh380t6d2p"
"37MQ8Z1JQEWVLG8WRFY476QJ0PU2YM","32KI9HN0SH8Q5EEER27HJI3DITGU1K","Reading a passage and responding to questions","You will read a short passage about a person, then answer questions related to the passage.","sentences, decisions, language","$0.40","Mon May 18 14:48:35 PDT 2020","352","BatchId:4043002;OriginalHitTemplateId:920937340;","7200","172800","Mon May 18 18:48:35 PDT 2020","","","3MAOD8E57QA4WH59Y4FN40IQBJ8NXM","A2L7KCAURG1HBG","Submitted","Mon May 18 16:00:59 PDT 2020","Mon May 18 16:03:08 PDT 2020","Wed May 20 16:03:08 PDT 2020","","","","129","0% (0/0)","0% (0/0)","0% (0/0)","19lvnxb5hnc17csbzd99"
"37MQ8Z1JQEWVLG8WRFY476QJ0PU2YM","32KI9HN0SH8Q5EEER27HJI3DITGU1K","Reading a passage and responding to questions","You will read a short passage about a person, then answer questions related to the passage.","sentences, decisions, language","$0.40","Mon May 18 14:48:35 PDT 2020","352","BatchId:4043002;OriginalHitTemplateId:920937340;","7200","172800","Mon May 18 18:48:35 PDT 2020","","","3MX2NQ3YC9U06SZ3U4J1AJI4KY0X5Y","AJMKH3WN5HAN7","Submitted","Mon May 18 18:35:22 PDT 2020","Mon May 18 18:38:12 PDT 2020","Wed May 20 18:38:12 PDT 2020","","","","170","0% (0/0)","0% (0/0)","0% (0/0)","l3wwhck5lan8czj3zstm"
"37MQ8Z1JQEWVLG8WRFY476QJ0PU2YM","32KI9HN0SH8Q5EEER27HJI3DITGU1K","Reading a passage and responding to questions","You will read a short passage about a person, then answer questions related to the passage.","sentences, decisions, language","$0.40","Mon May 18 14:48:35 PDT 2020","352","BatchId:4043002;OriginalHitTemplateId:920937340;","7200","172800","Mon May 18 18:48:35 PDT 2020","","","3NJM2BJS4W6GW46RNNWSUC2BAGJCP3","AV079EK4C3IWV","Submitted","Mon May 18 15:33:07 PDT 2020","Mon May 18 15:36:24 PDT 2020","Wed May 20 15:36:24 PDT 2020","","","","197","0% (0/0)","0% (0/0)","0% (0/0)","1jh4hdf0rgx98qdczejv"
"37MQ8Z1JQEWVLG8WRFY476QJ0PU2YM","32KI9HN0SH8Q5EEER27HJI3DITGU1K","Reading a passage and responding to questions","You will read a short passage about a person, then answer questions related to the passage.","sentences, decisions, language","$0.40","Mon May 18 14:48:35 PDT 2020","352","BatchId:4043002;OriginalHitTemplateId:920937340;","7200","172800","Mon May 18 18:48:35 PDT 2020","","","3NVC2EB65QZMSI29LHHAE0RT88K3Y1","A17GYAKQX4BK32","Submitted","Mon May 18 17:33:43 PDT 2020","Mon May 18 17:37:19 PDT 2020","Wed May 20 17:37:19 PDT 2020","","","","216","0% (0/0)","0% (0/0)","0% (0/0)","onyh57f3fe3v1x1rrfm7"
"37MQ8Z1JQEWVLG8WRFY476QJ0PU2YM","32KI9HN0SH8Q5EEER27HJI3DITGU1K","Reading a passage and responding to questions","You will read a short passage about a person, then answer questions related to the passage.","sentences, decisions, language","$0.40","Mon May 18 14:48:35 PDT 2020","352","BatchId:4043002;OriginalHitTemplateId:920937340;","7200","172800","Mon May 18 18:48:35 PDT 2020","","","3O6CYIULED1227KSL0VNGCWDADNWUM","A1MCB47A0FNYVV","Submitted","Mon May 18 18:33:59 PDT 2020","Mon May 18 18:43:03 PDT 2020","Wed May 20 18:43:03 PDT 2020","","","","544","0% (0/0)","0% (0/0)","0% (0/0)","as0od0u26ko0bs4lxngn"
"37MQ8Z1JQEWVLG8WRFY476QJ0PU2YM","32KI9HN0SH8Q5EEER27HJI3DITGU1K","Reading a passage and responding to questions","You will read a short passage about a person, then answer questions related to the passage.","sentences, decisions, language","$0.40","Mon May 18 14:48:35 PDT 2020","352","BatchId:4043002;OriginalHitTemplateId:920937340;","7200","172800","Mon May 18 18:48:35 PDT 2020","","","3OLF68YTN91GCCKZP64WCNYJ875AFQ","A3LIGMG3S7CIUK","Submitted","Mon May 18 18:22:33 PDT 2020","Mon May 18 18:25:19 PDT 2020","Wed May 20 18:25:19 PDT 2020","","","","166","0% (0/0)","0% (0/0)","0% (0/0)","taptgwzec83wxuty81hf"
"37MQ8Z1JQEWVLG8WRFY476QJ0PU2YM","32KI9HN0SH8Q5EEER27HJI3DITGU1K","Reading a passage and responding to questions","You will read a short passage about a person, then answer questions related to the passage.","sentences, decisions, language","$0.40","Mon May 18 14:48:35 PDT 2020","352","BatchId:4043002;OriginalHitTemplateId:920937340;","7200","172800","Mon May 18 18:48:35 PDT 2020","","","3OONKJ5DKCJF1Z2KUNNIUSR3IQOBOF","A1MIB492BU9KIQ","Submitted","Mon May 18 15:41:50 PDT 2020","Mon May 18 15:47:46 PDT 2020","Wed May 20 15:47:46 PDT 2020","","","","356","0% (0/0)","0% (0/0)","0% (0/0)","0hfczkrh30qgxs4m8jgu"
"37MQ8Z1JQEWVLG8WRFY476QJ0PU2YM","32KI9HN0SH8Q5EEER27HJI3DITGU1K","Reading a passage and responding to questions","You will read a short passage about a person, then answer questions related to the passage.","sentences, decisions, language","$0.40","Mon May 18 14:48:35 PDT 2020","352","BatchId:4043002;OriginalHitTemplateId:920937340;","7200","172800","Mon May 18 18:48:35 PDT 2020","","","3OS4RQUCR9FLVMPRVK4S7YIPQP5BF1","A2JWBLTY5A87R7","Submitted","Mon May 18 17:26:53 PDT 2020","Mon May 18 17:28:16 PDT 2020","Wed May 20 17:28:16 PDT 2020","","","","83","0% (0/0)","0% (0/0)","0% (0/0)","9a610b4qtobx8pua9l43"
"37MQ8Z1JQEWVLG8WRFY476QJ0PU2YM","32KI9HN0SH8Q5EEER27HJI3DITGU1K","Reading a passage and responding to questions","You will read a short passage about a person, then answer questions related to the passage.","sentences, decisions, language","$0.40","Mon May 18 14:48:35 PDT 2020","352","BatchId:4043002;OriginalHitTemplateId:920937340;","7200","172800","Mon May 18 18:48:35 PDT 2020","","","3OS4RQUCR9FLVMPRVK4S7YIPQPVBFR","A2C5G5ZZALE6YC","Submitted","Mon May 18 15:17:44 PDT 2020","Mon May 18 15:21:35 PDT 2020","Wed May 20 15:21:35 PDT 2020","","","","231","0% (0/0)","0% (0/0)","0% (0/0)","shdwra0qm7teodc47h24"
"37MQ8Z1JQEWVLG8WRFY476QJ0PU2YM","32KI9HN0SH8Q5EEER27HJI3DITGU1K","Reading a passage and responding to questions","You will read a short passage about a person, then answer questions related to the passage.","sentences, decisions, language","$0.40","Mon May 18 14:48:35 PDT 2020","352","BatchId:4043002;OriginalHitTemplateId:920937340;","7200","172800","Mon May 18 18:48:35 PDT 2020","","","3OSWBBLG1EXVA5EW9A1K8V6WXF0XD8","A3HGZ5VJD4T78E","Submitted","Mon May 18 14:49:40 PDT 2020","Mon May 18 14:58:02 PDT 2020","Wed May 20 14:58:02 PDT 2020","","","","502","0% (0/0)","0% (0/0)","0% (0/0)","jgzqncmyestatwacyk66"
"37MQ8Z1JQEWVLG8WRFY476QJ0PU2YM","32KI9HN0SH8Q5EEER27HJI3DITGU1K","Reading a passage and responding to questions","You will read a short passage about a person, then answer questions related to the passage.","sentences, decisions, language","$0.40","Mon May 18 14:48:35 PDT 2020","352","BatchId:4043002;OriginalHitTemplateId:920937340;","7200","172800","Mon May 18 18:48:35 PDT 2020","","","3P529IW9KYLX8VB3MXTML1EU2JCLFR","A1830K739YTBQP","Submitted","Mon May 18 16:01:32 PDT 2020","Mon May 18 16:10:15 PDT 2020","Wed May 20 16:10:15 PDT 2020","","","","523","0% (0/0)","0% (0/0)","0% (0/0)","6xp8j1lmh7doyz7qbmk5"
"37MQ8Z1JQEWVLG8WRFY476QJ0PU2YM","32KI9HN0SH8Q5EEER27HJI3DITGU1K","Reading a passage and responding to questions","You will read a short passage about a person, then answer questions related to the passage.","sentences, decisions, language","$0.40","Mon May 18 14:48:35 PDT 2020","352","BatchId:4043002;OriginalHitTemplateId:920937340;","7200","172800","Mon May 18 18:48:35 PDT 2020","","","3PJUZCGDJ6GTSE07PMKQ606DFLD89V","ACO21NZBM9EGS","Submitted","Mon May 18 14:53:07 PDT 2020","Mon May 18 14:56:42 PDT 2020","Wed May 20 14:56:42 PDT 2020","","","","215","0% (0/0)","0% (0/0)","0% (0/0)","w5lhkfuc82q3am03eyf0"
"37MQ8Z1JQEWVLG8WRFY476QJ0PU2YM","32KI9HN0SH8Q5EEER27HJI3DITGU1K","Reading a passage and responding to questions","You will read a short passage about a person, then answer questions related to the passage.","sentences, decisions, language","$0.40","Mon May 18 14:48:35 PDT 2020","352","BatchId:4043002;OriginalHitTemplateId:920937340;","7200","172800","Mon May 18 18:48:35 PDT 2020","","","3PPTZCWALQKE49IGFEVP5FT6OUNZQC","A304JIFALQNMEQ","Submitted","Mon May 18 14:56:27 PDT 2020","Mon May 18 16:22:57 PDT 2020","Wed May 20 16:22:57 PDT 2020","","","","5190","0% (0/0)","0% (0/0)","0% (0/0)","1sc93zy23mvsomph74cc"
"37MQ8Z1JQEWVLG8WRFY476QJ0PU2YM","32KI9HN0SH8Q5EEER27HJI3DITGU1K","Reading a passage and responding to questions","You will read a short passage about a person, then answer questions related to the passage.","sentences, decisions, language","$0.40","Mon May 18 14:48:35 PDT 2020","352","BatchId:4043002;OriginalHitTemplateId:920937340;","7200","172800","Mon May 18 18:48:35 PDT 2020","","","3QRYMNZ7FYHXF0WPTUEQFXXKYNETN3","A229SEF35EGTSF","Submitted","Mon May 18 14:53:46 PDT 2020","Mon May 18 14:56:47 PDT 2020","Wed May 20 14:56:47 PDT 2020","","","","181","0% (0/0)","0% (0/0)","0% (0/0)","9z6yyz1dw0yusqb76y5n"
"37MQ8Z1JQEWVLG8WRFY476QJ0PU2YM","32KI9HN0SH8Q5EEER27HJI3DITGU1K","Reading a passage and responding to questions","You will read a short passage about a person, then answer questions related to the passage.","sentences, decisions, language","$0.40","Mon May 18 14:48:35 PDT 2020","352","BatchId:4043002;OriginalHitTemplateId:920937340;","7200","172800","Mon May 18 18:48:35 PDT 2020","","","3QY7M81QH7M99WEFJEJ9I9OYFVRK7M","A4RFTJ7IOFZUD","Submitted","Mon May 18 16:42:38 PDT 2020","Mon May 18 16:53:04 PDT 2020","Wed May 20 16:53:04 PDT 2020","","","","626","0% (0/0)","0% (0/0)","0% (0/0)","04y418ty3q857eepbtno"
"37MQ8Z1JQEWVLG8WRFY476QJ0PU2YM","32KI9HN0SH8Q5EEER27HJI3DITGU1K","Reading a passage and responding to questions","You will read a short passage about a person, then answer questions related to the passage.","sentences, decisions, language","$0.40","Mon May 18 14:48:35 PDT 2020","352","BatchId:4043002;OriginalHitTemplateId:920937340;","7200","172800","Mon May 18 18:48:35 PDT 2020","","","3R2PKQ87NW81O4VENH0MOB6BIGOIMB","A3C2MT3ET8DUVI","Submitted","Mon May 18 14:49:10 PDT 2020","Mon May 18 16:00:46 PDT 2020","Wed May 20 16:00:46 PDT 2020","","","","4296","0% (0/0)","0% (0/0)","0% (0/0)","tdacf4psc9v4md4wa8xw"
"37MQ8Z1JQEWVLG8WRFY476QJ0PU2YM","32KI9HN0SH8Q5EEER27HJI3DITGU1K","Reading a passage and responding to questions","You will read a short passage about a person, then answer questions related to the passage.","sentences, decisions, language","$0.40","Mon May 18 14:48:35 PDT 2020","352","BatchId:4043002;OriginalHitTemplateId:920937340;","7200","172800","Mon May 18 18:48:35 PDT 2020","","","3R8YZBNQ9HIVKZCAWJ36EV07E1C7QU","A1PCW4CRFVKBIN","Submitted","Mon May 18 15:11:41 PDT 2020","Mon May 18 15:17:14 PDT 2020","Wed May 20 15:17:14 PDT 2020","","","","333","0% (0/0)","0% (0/0)","0% (0/0)","0a52d591cp1jveyouoha"
"37MQ8Z1JQEWVLG8WRFY476QJ0PU2YM","32KI9HN0SH8Q5EEER27HJI3DITGU1K","Reading a passage and responding to questions","You will read a short passage about a person, then answer questions related to the passage.","sentences, decisions, language","$0.40","Mon May 18 14:48:35 PDT 2020","352","BatchId:4043002;OriginalHitTemplateId:920937340;","7200","172800","Mon May 18 18:48:35 PDT 2020","","","3RKNTXVS3MY6EWNA5P8DLJ1SJH44A4","A27AQ2CYRW53BK","Submitted","Mon May 18 15:54:34 PDT 2020","Mon May 18 15:57:11 PDT 2020","Wed May 20 15:57:11 PDT 2020","","","","157","0% (0/0)","0% (0/0)","0% (0/0)","0xyejbbt19hv548xp84u"
"37MQ8Z1JQEWVLG8WRFY476QJ0PU2YM","32KI9HN0SH8Q5EEER27HJI3DITGU1K","Reading a passage and responding to questions","You will read a short passage about a person, then answer questions related to the passage.","sentences, decisions, language","$0.40","Mon May 18 14:48:35 PDT 2020","352","BatchId:4043002;OriginalHitTemplateId:920937340;","7200","172800","Mon May 18 18:48:35 PDT 2020","","","3RU7GD8VPOTW3LVNK9MS9H6TWJ4SPC","A5Z9DOJRPICW1","Submitted","Mon May 18 15:25:39 PDT 2020","Mon May 18 15:30:21 PDT 2020","Wed May 20 15:30:21 PDT 2020","","","","282","0% (0/0)","0% (0/0)","0% (0/0)","nmz3mwj06u8p59m9jloa"
"37MQ8Z1JQEWVLG8WRFY476QJ0PU2YM","32KI9HN0SH8Q5EEER27HJI3DITGU1K","Reading a passage and responding to questions","You will read a short passage about a person, then answer questions related to the passage.","sentences, decisions, language","$0.40","Mon May 18 14:48:35 PDT 2020","352","BatchId:4043002;OriginalHitTemplateId:920937340;","7200","172800","Mon May 18 18:48:35 PDT 2020","","","3SB5N7Y3O34QPZIC8ODL52MI00VG06","A2TZT2OMDQFLAE","Submitted","Mon May 18 14:49:32 PDT 2020","Mon May 18 14:54:40 PDT 2020","Wed May 20 14:54:40 PDT 2020","","","","308","0% (0/0)","0% (0/0)","0% (0/0)","r2rbps6tj5zk37vwhv19"
"37MQ8Z1JQEWVLG8WRFY476QJ0PU2YM","32KI9HN0SH8Q5EEER27HJI3DITGU1K","Reading a passage and responding to questions","You will read a short passage about a person, then answer questions related to the passage.","sentences, decisions, language","$0.40","Mon May 18 14:48:35 PDT 2020","352","BatchId:4043002;OriginalHitTemplateId:920937340;","7200","172800","Mon May 18 18:48:35 PDT 2020","","","3SITXWYCNV92V8GCVEAED5IWUUPBXG","ASVSNMYG44JT5","Submitted","Mon May 18 14:56:46 PDT 2020","Mon May 18 15:00:31 PDT 2020","Wed May 20 15:00:31 PDT 2020","","","","225","0% (0/0)","0% (0/0)","0% (0/0)","3eagzpy0eucq01na4bsk"
"37MQ8Z1JQEWVLG8WRFY476QJ0PU2YM","32KI9HN0SH8Q5EEER27HJI3DITGU1K","Reading a passage and responding to questions","You will read a short passage about a person, then answer questions related to the passage.","sentences, decisions, language","$0.40","Mon May 18 14:48:35 PDT 2020","352","BatchId:4043002;OriginalHitTemplateId:920937340;","7200","172800","Mon May 18 18:48:35 PDT 2020","","","3SNLUL3WO4NMRD8THMOL71FXC6MULU","A2XE89KFI1DRPQ","Submitted","Mon May 18 15:00:47 PDT 2020","Mon May 18 15:35:31 PDT 2020","Wed May 20 15:35:31 PDT 2020","","","","2084","0% (0/0)","0% (0/0)","0% (0/0)","9yaec2xl7t6akr9u025a"
"37MQ8Z1JQEWVLG8WRFY476QJ0PU2YM","32KI9HN0SH8Q5EEER27HJI3DITGU1K","Reading a passage and responding to questions","You will read a short passage about a person, then answer questions related to the passage.","sentences, decisions, language","$0.40","Mon May 18 14:48:35 PDT 2020","352","BatchId:4043002;OriginalHitTemplateId:920937340;","7200","172800","Mon May 18 18:48:35 PDT 2020","","","3SNVL38CI4SFLD9BAVRKYVGCG6BCK0","A1SRQ63M2VV6QP","Submitted","Mon May 18 15:10:10 PDT 2020","Mon May 18 15:18:41 PDT 2020","Wed May 20 15:18:41 PDT 2020","","","","511","0% (0/0)","0% (0/0)","0% (0/0)","68obz93mh0gjyh0f3p5z"
"37MQ8Z1JQEWVLG8WRFY476QJ0PU2YM","32KI9HN0SH8Q5EEER27HJI3DITGU1K","Reading a passage and responding to questions","You will read a short passage about a person, then answer questions related to the passage.","sentences, decisions, language","$0.40","Mon May 18 14:48:35 PDT 2020","352","BatchId:4043002;OriginalHitTemplateId:920937340;","7200","172800","Mon May 18 18:48:35 PDT 2020","","","3TAYZSBPLL80BEUHIBBGD4Y0L9A2SX","ACCNKTAM9UXI3","Submitted","Mon May 18 14:50:46 PDT 2020","Mon May 18 14:55:15 PDT 2020","Wed May 20 14:55:15 PDT 2020","","","","269","0% (0/0)","0% (0/0)","0% (0/0)","u7koqqafznwbgpjhhm48"
"37MQ8Z1JQEWVLG8WRFY476QJ0PU2YM","32KI9HN0SH8Q5EEER27HJI3DITGU1K","Reading a passage and responding to questions","You will read a short passage about a person, then answer questions related to the passage.","sentences, decisions, language","$0.40","Mon May 18 14:48:35 PDT 2020","352","BatchId:4043002;OriginalHitTemplateId:920937340;","7200","172800","Mon May 18 18:48:35 PDT 2020","","","3TDXMTX3CBUZZ1AM01T5ZF9PSGA6IQ","A1XZG02BR0CZMS","Submitted","Mon May 18 14:53:55 PDT 2020","Mon May 18 14:59:25 PDT 2020","Wed May 20 14:59:25 PDT 2020","","","","330","0% (0/0)","0% (0/0)","0% (0/0)","e2c9gz759gs1zmh0m773"
"37MQ8Z1JQEWVLG8WRFY476QJ0PU2YM","32KI9HN0SH8Q5EEER27HJI3DITGU1K","Reading a passage and responding to questions","You will read a short passage about a person, then answer questions related to the passage.","sentences, decisions, language","$0.40","Mon May 18 14:48:35 PDT 2020","352","BatchId:4043002;OriginalHitTemplateId:920937340;","7200","172800","Mon May 18 18:48:35 PDT 2020","","","3TDXMTX3CBUZZ1AM01T5ZF9PSGB6IR","A20ORMXDRTJTFQ","Submitted","Mon May 18 15:08:22 PDT 2020","Mon May 18 15:13:46 PDT 2020","Wed May 20 15:13:46 PDT 2020","","","","324","0% (0/0)","0% (0/0)","0% (0/0)","k08yhaeldtmujofm9cu0"
"37MQ8Z1JQEWVLG8WRFY476QJ0PU2YM","32KI9HN0SH8Q5EEER27HJI3DITGU1K","Reading a passage and responding to questions","You will read a short passage about a person, then answer questions related to the passage.","sentences, decisions, language","$0.40","Mon May 18 14:48:35 PDT 2020","352","BatchId:4043002;OriginalHitTemplateId:920937340;","7200","172800","Mon May 18 18:48:35 PDT 2020","","","3TE22NPXPBCRC77TWOYM8GFSR8244P","A1PTMQFRYIX2B8","Submitted","Mon May 18 18:47:36 PDT 2020","Mon May 18 18:57:46 PDT 2020","Wed May 20 18:57:46 PDT 2020","","","","610","0% (0/0)","0% (0/0)","0% (0/0)","mzgl4wna6csopjm5sv3u"
"37MQ8Z1JQEWVLG8WRFY476QJ0PU2YM","32KI9HN0SH8Q5EEER27HJI3DITGU1K","Reading a passage and responding to questions","You will read a short passage about a person, then answer questions related to the passage.","sentences, decisions, language","$0.40","Mon May 18 14:48:35 PDT 2020","352","BatchId:4043002;OriginalHitTemplateId:920937340;","7200","172800","Mon May 18 18:48:35 PDT 2020","","","3TGOYF991XMPA3VNQ0GMYOBGPXEUUN","A1TY5R58VNMDBN","Submitted","Mon May 18 14:49:58 PDT 2020","Mon May 18 14:54:08 PDT 2020","Wed May 20 14:54:08 PDT 2020","","","","250","0% (0/0)","0% (0/0)","0% (0/0)","ua7f7fz1kq13bdg28ms4"
"37MQ8Z1JQEWVLG8WRFY476QJ0PU2YM","32KI9HN0SH8Q5EEER27HJI3DITGU1K","Reading a passage and responding to questions","You will read a short passage about a person, then answer questions related to the passage.","sentences, decisions, language","$0.40","Mon May 18 14:48:35 PDT 2020","352","BatchId:4043002;OriginalHitTemplateId:920937340;","7200","172800","Mon May 18 18:48:35 PDT 2020","","","3TXMY6UCAEO1WG76N0BHUHSLFC9QCC","A2LNT71C6Q8Q2R","Submitted","Mon May 18 16:27:13 PDT 2020","Mon May 18 16:33:54 PDT 2020","Wed May 20 16:33:54 PDT 2020","","","","401","0% (0/0)","0% (0/0)","0% (0/0)","l1zh5z46rjm8c35lr4uv"
"37MQ8Z1JQEWVLG8WRFY476QJ0PU2YM","32KI9HN0SH8Q5EEER27HJI3DITGU1K","Reading a passage and responding to questions","You will read a short passage about a person, then answer questions related to the passage.","sentences, decisions, language","$0.40","Mon May 18 14:48:35 PDT 2020","352","BatchId:4043002;OriginalHitTemplateId:920937340;","7200","172800","Mon May 18 18:48:35 PDT 2020","","","3TXMY6UCAEO1WG76N0BHUHSLFCDQCG","A2ZY27H3ZG8C4B","Submitted","Mon May 18 17:15:41 PDT 2020","Mon May 18 17:18:41 PDT 2020","Wed May 20 17:18:41 PDT 2020","","","","180","0% (0/0)","0% (0/0)","0% (0/0)","mvxmwavhojvhrod0815z"
"37MQ8Z1JQEWVLG8WRFY476QJ0PU2YM","32KI9HN0SH8Q5EEER27HJI3DITGU1K","Reading a passage and responding to questions","You will read a short passage about a person, then answer questions related to the passage.","sentences, decisions, language","$0.40","Mon May 18 14:48:35 PDT 2020","352","BatchId:4043002;OriginalHitTemplateId:920937340;","7200","172800","Mon May 18 18:48:35 PDT 2020","","","3U5NZHP4LR27DCH79FAT53ZRN8KPHL","AQ5KOKZQSZU0B","Submitted","Mon May 18 14:48:55 PDT 2020","Mon May 18 14:52:57 PDT 2020","Wed May 20 14:52:57 PDT 2020","","","","242","100% (1/1)","0% (0/0)","0% (0/0)","jql6uqnrjsusxnuuk8qr"
"37MQ8Z1JQEWVLG8WRFY476QJ0PU2YM","32KI9HN0SH8Q5EEER27HJI3DITGU1K","Reading a passage and responding to questions","You will read a short passage about a person, then answer questions related to the passage.","sentences, decisions, language","$0.40","Mon May 18 14:48:35 PDT 2020","352","BatchId:4043002;OriginalHitTemplateId:920937340;","7200","172800","Mon May 18 18:48:35 PDT 2020","","","3UJ1CZ6IZHPSABD40UDEBB1C5JL5SL","A1LQQQ8MKXH4QD","Submitted","Mon May 18 17:44:13 PDT 2020","Mon May 18 17:47:46 PDT 2020","Wed May 20 17:47:46 PDT 2020","","","","213","0% (0/0)","0% (0/0)","0% (0/0)","b5pc4o6klqwceq8c3wus"
"37MQ8Z1JQEWVLG8WRFY476QJ0PU2YM","32KI9HN0SH8Q5EEER27HJI3DITGU1K","Reading a passage and responding to questions","You will read a short passage about a person, then answer questions related to the passage.","sentences, decisions, language","$0.40","Mon May 18 14:48:35 PDT 2020","352","BatchId:4043002;OriginalHitTemplateId:920937340;","7200","172800","Mon May 18 18:48:35 PDT 2020","","","3VE8AYVF8MX2TORKS8KIGWSOIJEF80","A3MIXG8XF3Q977","Submitted","Mon May 18 16:11:25 PDT 2020","Mon May 18 16:18:12 PDT 2020","Wed May 20 16:18:12 PDT 2020","","","","407","0% (0/0)","0% (0/0)","0% (0/0)","jrzerwvcfkh0n9ztj079"
"37MQ8Z1JQEWVLG8WRFY476QJ0PU2YM","32KI9HN0SH8Q5EEER27HJI3DITGU1K","Reading a passage and responding to questions","You will read a short passage about a person, then answer questions related to the passage.","sentences, decisions, language","$0.40","Mon May 18 14:48:35 PDT 2020","352","BatchId:4043002;OriginalHitTemplateId:920937340;","7200","172800","Mon May 18 18:48:35 PDT 2020","","","3VNXK88KKCIR3QWKXFV0YEQLQJGV9P","A2Z2DVRIMM226","Submitted","Mon May 18 15:25:04 PDT 2020","Mon May 18 15:31:02 PDT 2020","Wed May 20 15:31:02 PDT 2020","","","","358","0% (0/0)","0% (0/0)","0% (0/0)","a2cpqqoy6jfl5t1fd9np"
"37MQ8Z1JQEWVLG8WRFY476QJ0PU2YM","32KI9HN0SH8Q5EEER27HJI3DITGU1K","Reading a passage and responding to questions","You will read a short passage about a person, then answer questions related to the passage.","sentences, decisions, language","$0.40","Mon May 18 14:48:35 PDT 2020","352","BatchId:4043002;OriginalHitTemplateId:920937340;","7200","172800","Mon May 18 18:48:35 PDT 2020","","","3VZLGYJEYLAYD6JS1SQHZNPZLXDZXC","A3W1N9DOS94VG3","Submitted","Mon May 18 15:31:14 PDT 2020","Mon May 18 15:36:23 PDT 2020","Wed May 20 15:36:23 PDT 2020","","","","309","0% (0/0)","0% (0/0)","0% (0/0)","keyf1t8h6693ttfatsaw"
"37MQ8Z1JQEWVLG8WRFY476QJ0PU2YM","32KI9HN0SH8Q5EEER27HJI3DITGU1K","Reading a passage and responding to questions","You will read a short passage about a person, then answer questions related to the passage.","sentences, decisions, language","$0.40","Mon May 18 14:48:35 PDT 2020","352","BatchId:4043002;OriginalHitTemplateId:920937340;","7200","172800","Mon May 18 18:48:35 PDT 2020","","","3WEV0KO0OMSNEOSXF0VX9NP4I0YSDV","AGRKG3YT3KMD8","Submitted","Mon May 18 14:48:52 PDT 2020","Mon May 18 15:05:34 PDT 2020","Wed May 20 15:05:34 PDT 2020","","","","1002","100% (2/2)","0% (0/0)","0% (0/0)","4an01u862egy4f6eym18"
"37MQ8Z1JQEWVLG8WRFY476QJ0PU2YM","32KI9HN0SH8Q5EEER27HJI3DITGU1K","Reading a passage and responding to questions","You will read a short passage about a person, then answer questions related to the passage.","sentences, decisions, language","$0.40","Mon May 18 14:48:35 PDT 2020","352","BatchId:4043002;OriginalHitTemplateId:920937340;","7200","172800","Mon May 18 18:48:35 PDT 2020","","","3WQ3B2KGE8GU57VJOLP7IWEVPFEB1S","A1GYD62XNQT0O5","Submitted","Mon May 18 15:46:04 PDT 2020","Mon May 18 15:48:11 PDT 2020","Wed May 20 15:48:11 PDT 2020","","","","127","0% (0/0)","0% (0/0)","0% (0/0)","8b17l87ut4ng96w5gyay"
"37MQ8Z1JQEWVLG8WRFY476QJ0PU2YM","32KI9HN0SH8Q5EEER27HJI3DITGU1K","Reading a passage and responding to questions","You will read a short passage about a person, then answer questions related to the passage.","sentences, decisions, language","$0.40","Mon May 18 14:48:35 PDT 2020","352","BatchId:4043002;OriginalHitTemplateId:920937340;","7200","172800","Mon May 18 18:48:35 PDT 2020","","","3WR9XG3T63BOVUPCYMWTBSZ2IAS479","A1BI90XZ0GR5G6","Submitted","Mon May 18 18:47:41 PDT 2020","Mon May 18 18:56:58 PDT 2020","Wed May 20 18:56:58 PDT 2020","","","","557","0% (0/0)","0% (0/0)","0% (0/0)","qqcf72w437vburwbnf4n"
"37MQ8Z1JQEWVLG8WRFY476QJ0PU2YM","32KI9HN0SH8Q5EEER27HJI3DITGU1K","Reading a passage and responding to questions","You will read a short passage about a person, then answer questions related to the passage.","sentences, decisions, language","$0.40","Mon May 18 14:48:35 PDT 2020","352","BatchId:4043002;OriginalHitTemplateId:920937340;","7200","172800","Mon May 18 18:48:35 PDT 2020","","","3WZ36BJEV3GVER7SQ49HO2XQHYDBT9","ACNJ3SHA70Z28","Submitted","Mon May 18 17:28:11 PDT 2020","Mon May 18 17:31:02 PDT 2020","Wed May 20 17:31:02 PDT 2020","","","","171","0% (0/0)","0% (0/0)","0% (0/0)","58en7echlo84uxxnwsx4"
"37MQ8Z1JQEWVLG8WRFY476QJ0PU2YM","32KI9HN0SH8Q5EEER27HJI3DITGU1K","Reading a passage and responding to questions","You will read a short passage about a person, then answer questions related to the passage.","sentences, decisions, language","$0.40","Mon May 18 14:48:35 PDT 2020","352","BatchId:4043002;OriginalHitTemplateId:920937340;","7200","172800","Mon May 18 18:48:35 PDT 2020","","","3X66WABAJWIM6RH9RBV470KP3CFG31","A2D98V3ZYWDMJO","Submitted","Mon May 18 14:49:49 PDT 2020","Mon May 18 14:54:55 PDT 2020","Wed May 20 14:54:55 PDT 2020","","","","306","0% (0/0)","0% (0/0)","0% (0/0)","gtth3v9x9gzv2en6zam4"
"37MQ8Z1JQEWVLG8WRFY476QJ0PU2YM","32KI9HN0SH8Q5EEER27HJI3DITGU1K","Reading a passage and responding to questions","You will read a short passage about a person, then answer questions related to the passage.","sentences, decisions, language","$0.40","Mon May 18 14:48:35 PDT 2020","352","BatchId:4043002;OriginalHitTemplateId:920937340;","7200","172800","Mon May 18 18:48:35 PDT 2020","","","3X73LLYYQ1E7AR5UT0X11EUWNTFHND","A3AAORA19AYQCT","Submitted","Mon May 18 18:01:58 PDT 2020","Mon May 18 18:05:13 PDT 2020","Wed May 20 18:05:13 PDT 2020","","","","195","0% (0/0)","0% (0/0)","0% (0/0)","mgotvf0prpsmtcc63wjs"
"37MQ8Z1JQEWVLG8WRFY476QJ0PU2YM","32KI9HN0SH8Q5EEER27HJI3DITGU1K","Reading a passage and responding to questions","You will read a short passage about a person, then answer questions related to the passage.","sentences, decisions, language","$0.40","Mon May 18 14:48:35 PDT 2020","352","BatchId:4043002;OriginalHitTemplateId:920937340;","7200","172800","Mon May 18 18:48:35 PDT 2020","","","3XC1O3LBOSM7R0T4HHYB25TVTSTTLG","A2N9K0196RFNHA","Submitted","Mon May 18 17:34:34 PDT 2020","Mon May 18 17:41:38 PDT 2020","Wed May 20 17:41:38 PDT 2020","","","","424","0% (0/0)","0% (0/0)","0% (0/0)","4c3dybz1to3gpzumlj7m"
"37MQ8Z1JQEWVLG8WRFY476QJ0PU2YM","32KI9HN0SH8Q5EEER27HJI3DITGU1K","Reading a passage and responding to questions","You will read a short passage about a person, then answer questions related to the passage.","sentences, decisions, language","$0.40","Mon May 18 14:48:35 PDT 2020","352","BatchId:4043002;OriginalHitTemplateId:920937340;","7200","172800","Mon May 18 18:48:35 PDT 2020","","","3YGXWBAF70HU7BK8P344RERGJKV4CC","A2LF72DJ6HOEMW","Submitted","Mon May 18 17:10:41 PDT 2020","Mon May 18 17:16:52 PDT 2020","Wed May 20 17:16:52 PDT 2020","","","","371","0% (0/0)","0% (0/0)","0% (0/0)","dqo78sml4tv3f5co6yvh"
"37MQ8Z1JQEWVLG8WRFY476QJ0PU2YM","32KI9HN0SH8Q5EEER27HJI3DITGU1K","Reading a passage and responding to questions","You will read a short passage about a person, then answer questions related to the passage.","sentences, decisions, language","$0.40","Mon May 18 14:48:35 PDT 2020","352","BatchId:4043002;OriginalHitTemplateId:920937340;","7200","172800","Mon May 18 18:48:35 PDT 2020","","","3YHH42UU5BF6BRWDJFA1IURQWHJL0J","A1230L5QMQ9TSG","Submitted","Mon May 18 15:14:22 PDT 2020","Mon May 18 15:17:54 PDT 2020","Wed May 20 15:17:54 PDT 2020","","","","212","0% (0/0)","0% (0/0)","0% (0/0)","r9zw3ohxa8hos3qq0za0"
"37MQ8Z1JQEWVLG8WRFY476QJ0PU2YM","32KI9HN0SH8Q5EEER27HJI3DITGU1K","Reading a passage and responding to questions","You will read a short passage about a person, then answer questions related to the passage.","sentences, decisions, language","$0.40","Mon May 18 14:48:35 PDT 2020","352","BatchId:4043002;OriginalHitTemplateId:920937340;","7200","172800","Mon May 18 18:48:35 PDT 2020","","","3YOH7BII097BKMFB1CMPON411DVKVB","A3THB5OT5RZWF5","Submitted","Mon May 18 16:00:08 PDT 2020","Mon May 18 16:24:44 PDT 2020","Wed May 20 16:24:44 PDT 2020","","","","1476","0% (0/0)","0% (0/0)","0% (0/0)","nkn8t9dg6rfsut2k50yl"
"37MQ8Z1JQEWVLG8WRFY476QJ0PU2YM","32KI9HN0SH8Q5EEER27HJI3DITGU1K","Reading a passage and responding to questions","You will read a short passage about a person, then answer questions related to the passage.","sentences, decisions, language","$0.40","Mon May 18 14:48:35 PDT 2020","352","BatchId:4043002;OriginalHitTemplateId:920937340;","7200","172800","Mon May 18 18:48:35 PDT 2020","","","3YWRV122CSZRC6OANXFH2WTRS6NU88","AEAXBNDD879C1","Submitted","Mon May 18 15:08:53 PDT 2020","Mon May 18 15:12:57 PDT 2020","Wed May 20 15:12:57 PDT 2020","","","","244","0% (0/0)","0% (0/0)","0% (0/0)","qwyg592zto44kj1edz0y"
"37MQ8Z1JQEWVLG8WRFY476QJ0PU2YM","32KI9HN0SH8Q5EEER27HJI3DITGU1K","Reading a passage and responding to questions","You will read a short passage about a person, then answer questions related to the passage.","sentences, decisions, language","$0.40","Mon May 18 14:48:35 PDT 2020","352","BatchId:4043002;OriginalHitTemplateId:920937340;","7200","172800","Mon May 18 18:48:35 PDT 2020","","","3Z4XG4ZF48RJTAI5S2Q4M3SVMO3X82","A1BPBUD67XIJXM","Submitted","Mon May 18 14:49:06 PDT 2020","Mon May 18 14:54:19 PDT 2020","Wed May 20 14:54:19 PDT 2020","","","","313","0% (0/0)","0% (0/0)","0% (0/0)","jqy04zud59flculeg73g"
"37MQ8Z1JQEWVLG8WRFY476QJ0PU2YM","32KI9HN0SH8Q5EEER27HJI3DITGU1K","Reading a passage and responding to questions","You will read a short passage about a person, then answer questions related to the passage.","sentences, decisions, language","$0.40","Mon May 18 14:48:35 PDT 2020","352","BatchId:4043002;OriginalHitTemplateId:920937340;","7200","172800","Mon May 18 18:48:35 PDT 2020","","","3Z7EFSHGN9EL5D8I9E69OPOECFZCXY","A2XALDG2EOF7G3","Submitted","Mon May 18 16:58:44 PDT 2020","Mon May 18 17:03:39 PDT 2020","Wed May 20 17:03:39 PDT 2020","","","","295","0% (0/0)","0% (0/0)","0% (0/0)","4smomh2p3ofa4bp6gyke"