"HITId","HITTypeId","Title","Description","Keywords","Reward","CreationTime","MaxAssignments","RequesterAnnotation","AssignmentDurationInSeconds","AutoApprovalDelayInSeconds","Expiration","NumberOfSimilarHITs","LifetimeInSeconds","AssignmentId","WorkerId","AssignmentStatus","AcceptTime","SubmitTime","AutoApprovalTime","ApprovalTime","RejectionTime","RequesterFeedback","WorkTimeInSeconds","LifetimeApprovalRate","Last30DaysApprovalRate","Last7DaysApprovalRate","Answer.surveycode","Approve","Reject"
"3421H3BM9AHGQBYWQOCG76J9TT4J9E","32KI9HN0SH8Q5EEER27HJI3DITGU1K","Reading a passage and responding to questions","You will read a short passage about a person, then answer questions related to the passage.","sentences, decisions, language","$0.40","Wed May 20 13:08:37 PDT 2020","352","BatchId:4046320;OriginalHitTemplateId:920937340;","7200","172800","Wed May 20 17:08:37 PDT 2020","","","3PXX5PX6LXYQZV8JK4I0TX7YUFFABN","A11L9K56F9IA1I","Submitted","Wed May 20 15:29:14 PDT 2020","Wed May 20 15:33:32 PDT 2020","Fri May 22 15:33:32 PDT 2020","","","","258","0% (0/0)","0% (0/0)","0% (0/0)","j57yfq5alu9dw1fwg5ow"
"3421H3BM9AHGQBYWQOCG76J9TT4J9E","32KI9HN0SH8Q5EEER27HJI3DITGU1K","Reading a passage and responding to questions","You will read a short passage about a person, then answer questions related to the passage.","sentences, decisions, language","$0.40","Wed May 20 13:08:37 PDT 2020","352","BatchId:4046320;OriginalHitTemplateId:920937340;","7200","172800","Wed May 20 17:08:37 PDT 2020","","","3Y5140Z9DXG797SRFXSE5F06OQKPIA","A11Q8U6QTT8KGF","Submitted","Wed May 20 13:16:13 PDT 2020","Wed May 20 13:38:12 PDT 2020","Fri May 22 13:38:12 PDT 2020","","","","1319","0% (0/0)","0% (0/0)","0% (0/0)","57yt3fupy7w54hv6nkgb"
"3421H3BM9AHGQBYWQOCG76J9TT4J9E","32KI9HN0SH8Q5EEER27HJI3DITGU1K","Reading a passage and responding to questions","You will read a short passage about a person, then answer questions related to the passage.","sentences, decisions, language","$0.40","Wed May 20 13:08:37 PDT 2020","352","BatchId:4046320;OriginalHitTemplateId:920937340;","7200","172800","Wed May 20 17:08:37 PDT 2020","","","39N5ACM9HENEY6ZOB3M1SM1350XP9R","A11QPCZN4I57G2","Submitted","Wed May 20 13:15:14 PDT 2020","Wed May 20 13:20:02 PDT 2020","Fri May 22 13:20:02 PDT 2020","","","","288","0% (0/0)","0% (0/0)","0% (0/0)","bby1w1b7vdhhu5ap9tg7"
"3421H3BM9AHGQBYWQOCG76J9TT4J9E","32KI9HN0SH8Q5EEER27HJI3DITGU1K","Reading a passage and responding to questions","You will read a short passage about a person, then answer questions related to the passage.","sentences, decisions, language","$0.40","Wed May 20 13:08:37 PDT 2020","352","BatchId:4046320;OriginalHitTemplateId:920937340;","7200","172800","Wed May 20 17:08:37 PDT 2020","","","39GHHAVOMFRHFPQEZVLQEI4BA9CJ4O","A132ZUH96A11A","Submitted","Wed May 20 13:10:02 PDT 2020","Wed May 20 13:42:48 PDT 2020","Fri May 22 13:42:48 PDT 2020","","","","1966","0% (0/0)","0% (0/0)","0% (0/0)","h9wowacck2cghvq6j23l"
"3421H3BM9AHGQBYWQOCG76J9TT4J9E","32KI9HN0SH8Q5EEER27HJI3DITGU1K","Reading a passage and responding to questions","You will read a short passage about a person, then answer questions related to the passage.","sentences, decisions, language","$0.40","Wed May 20 13:08:37 PDT 2020","352","BatchId:4046320;OriginalHitTemplateId:920937340;","7200","172800","Wed May 20 17:08:37 PDT 2020","","","3DBQWDE4Y6YVUYLZSYWSCHR6JPD5NK","A157B7M8DKHPGH","Submitted","Wed May 20 13:10:17 PDT 2020","Wed May 20 13:38:32 PDT 2020","Fri May 22 13:38:32 PDT 2020","","","","1695","0% (0/0)","0% (0/0)","0% (0/0)","vk4tclcho816ez09xnuu"
"3421H3BM9AHGQBYWQOCG76J9TT4J9E","32KI9HN0SH8Q5EEER27HJI3DITGU1K","Reading a passage and responding to questions","You will read a short passage about a person, then answer questions related to the passage.","sentences, decisions, language","$0.40","Wed May 20 13:08:37 PDT 2020","352","BatchId:4046320;OriginalHitTemplateId:920937340;","7200","172800","Wed May 20 17:08:37 PDT 2020","","","33OOO72IVHLEOWZY445CZM380P7TC5","A15WMUE59DH0PN","Submitted","Wed May 20 17:01:07 PDT 2020","Wed May 20 17:04:01 PDT 2020","Fri May 22 17:04:01 PDT 2020","","","","174","0% (0/0)","0% (0/0)","0% (0/0)","64vd5de1qen9988k9v6o"
"3421H3BM9AHGQBYWQOCG76J9TT4J9E","32KI9HN0SH8Q5EEER27HJI3DITGU1K","Reading a passage and responding to questions","You will read a short passage about a person, then answer questions related to the passage.","sentences, decisions, language","$0.40","Wed May 20 13:08:37 PDT 2020","352","BatchId:4046320;OriginalHitTemplateId:920937340;","7200","172800","Wed May 20 17:08:37 PDT 2020","","","3Z7VU45IPYHQN5YZUZ5A4ELYHNFZ1C","A15XX0WDRG29E7","Submitted","Wed May 20 13:10:00 PDT 2020","Wed May 20 14:45:10 PDT 2020","Fri May 22 14:45:10 PDT 2020","","","","5710","0% (0/0)","0% (0/0)","0% (0/0)","k2urcmbh27l0lof9nlp0"
"3421H3BM9AHGQBYWQOCG76J9TT4J9E","32KI9HN0SH8Q5EEER27HJI3DITGU1K","Reading a passage and responding to questions","You will read a short passage about a person, then answer questions related to the passage.","sentences, decisions, language","$0.40","Wed May 20 13:08:37 PDT 2020","352","BatchId:4046320;OriginalHitTemplateId:920937340;","7200","172800","Wed May 20 17:08:37 PDT 2020","","","3CFJTT4SXTQI31ORJBYX5T9LOWJI71","A16RFZ4M6B73KM","Submitted","Wed May 20 14:02:19 PDT 2020","Wed May 20 14:07:23 PDT 2020","Fri May 22 14:07:23 PDT 2020","","","","304","0% (0/0)","0% (0/0)","0% (0/0)","ao7kr7xh69gtbpesf7yo"
"3421H3BM9AHGQBYWQOCG76J9TT4J9E","32KI9HN0SH8Q5EEER27HJI3DITGU1K","Reading a passage and responding to questions","You will read a short passage about a person, then answer questions related to the passage.","sentences, decisions, language","$0.40","Wed May 20 13:08:37 PDT 2020","352","BatchId:4046320;OriginalHitTemplateId:920937340;","7200","172800","Wed May 20 17:08:37 PDT 2020","","","3ZOTGHDK5IBEILJM599DKH13NJPOSJ","A17850LU4K0XU1","Submitted","Wed May 20 13:10:27 PDT 2020","Wed May 20 13:43:34 PDT 2020","Fri May 22 13:43:34 PDT 2020","","","","1987","0% (0/0)","0% (0/0)","0% (0/0)","fxm83wjk9wqaoakvekle"
"3421H3BM9AHGQBYWQOCG76J9TT4J9E","32KI9HN0SH8Q5EEER27HJI3DITGU1K","Reading a passage and responding to questions","You will read a short passage about a person, then answer questions related to the passage.","sentences, decisions, language","$0.40","Wed May 20 13:08:37 PDT 2020","352","BatchId:4046320;OriginalHitTemplateId:920937340;","7200","172800","Wed May 20 17:08:37 PDT 2020","","","3OONKJ5DKCJF1Z2KUNNIUSR3JV5BO7","A1AKL5YH9NLD2V","Submitted","Wed May 20 13:20:48 PDT 2020","Wed May 20 13:33:30 PDT 2020","Fri May 22 13:33:30 PDT 2020","","","","762","100% (1/1)","0% (0/0)","0% (0/0)","49725dnammrypeycfl07"
"3421H3BM9AHGQBYWQOCG76J9TT4J9E","32KI9HN0SH8Q5EEER27HJI3DITGU1K","Reading a passage and responding to questions","You will read a short passage about a person, then answer questions related to the passage.","sentences, decisions, language","$0.40","Wed May 20 13:08:37 PDT 2020","352","BatchId:4046320;OriginalHitTemplateId:920937340;","7200","172800","Wed May 20 17:08:37 PDT 2020","","","3MTMREQS4VIINY6UFVEWGBKJ4FIAWM","A1CT5YVQ1CKUV6","Submitted","Wed May 20 13:16:48 PDT 2020","Wed May 20 13:21:09 PDT 2020","Fri May 22 13:21:09 PDT 2020","","","","261","0% (0/0)","0% (0/0)","0% (0/0)","p5w1du0rxhbfyj3bj0ls"
"3421H3BM9AHGQBYWQOCG76J9TT4J9E","32KI9HN0SH8Q5EEER27HJI3DITGU1K","Reading a passage and responding to questions","You will read a short passage about a person, then answer questions related to the passage.","sentences, decisions, language","$0.40","Wed May 20 13:08:37 PDT 2020","352","BatchId:4046320;OriginalHitTemplateId:920937340;","7200","172800","Wed May 20 17:08:37 PDT 2020","","","36WLNQG78ZATP8PV09KMPGXPFTYEB5","A1DU08Y8CU5VDH","Submitted","Wed May 20 13:12:17 PDT 2020","Wed May 20 13:20:32 PDT 2020","Fri May 22 13:20:32 PDT 2020","","","","495","0% (0/0)","0% (0/0)","0% (0/0)","nogvxvyuayx6okv7or96"
"3421H3BM9AHGQBYWQOCG76J9TT4J9E","32KI9HN0SH8Q5EEER27HJI3DITGU1K","Reading a passage and responding to questions","You will read a short passage about a person, then answer questions related to the passage.","sentences, decisions, language","$0.40","Wed May 20 13:08:37 PDT 2020","352","BatchId:4046320;OriginalHitTemplateId:920937340;","7200","172800","Wed May 20 17:08:37 PDT 2020","","","3JRJSWSMQHLOMDLILG5G7XZDR22E3X","A1JWMNDLZAJP1S","Submitted","Wed May 20 15:53:35 PDT 2020","Wed May 20 16:08:46 PDT 2020","Fri May 22 16:08:46 PDT 2020","","","","911","0% (0/0)","0% (0/0)","0% (0/0)","y1vzz68vyykde895mjjb"
"3421H3BM9AHGQBYWQOCG76J9TT4J9E","32KI9HN0SH8Q5EEER27HJI3DITGU1K","Reading a passage and responding to questions","You will read a short passage about a person, then answer questions related to the passage.","sentences, decisions, language","$0.40","Wed May 20 13:08:37 PDT 2020","352","BatchId:4046320;OriginalHitTemplateId:920937340;","7200","172800","Wed May 20 17:08:37 PDT 2020","","","39PAAFCODM0AN55YVL0HPERXLWITVZ","A1LW3ULGLDNUJG","Submitted","Wed May 20 15:56:33 PDT 2020","Wed May 20 16:02:22 PDT 2020","Fri May 22 16:02:22 PDT 2020","","","","349","0% (0/0)","0% (0/0)","0% (0/0)","heqmk4vzoepsy0hyptfz"
"3421H3BM9AHGQBYWQOCG76J9TT4J9E","32KI9HN0SH8Q5EEER27HJI3DITGU1K","Reading a passage and responding to questions","You will read a short passage about a person, then answer questions related to the passage.","sentences, decisions, language","$0.40","Wed May 20 13:08:37 PDT 2020","352","BatchId:4046320;OriginalHitTemplateId:920937340;","7200","172800","Wed May 20 17:08:37 PDT 2020","","","3A4NIXBJ76Z3E53K8KXZGRY30P3LMO","A1LWYFI8Q6YXWP","Submitted","Wed May 20 13:17:33 PDT 2020","Wed May 20 13:27:04 PDT 2020","Fri May 22 13:27:04 PDT 2020","","","","571","0% (0/0)","0% (0/0)","0% (0/0)","ltguuzphzsu1vstpz6l2"
"3421H3BM9AHGQBYWQOCG76J9TT4J9E","32KI9HN0SH8Q5EEER27HJI3DITGU1K","Reading a passage and responding to questions","You will read a short passage about a person, then answer questions related to the passage.","sentences, decisions, language","$0.40","Wed May 20 13:08:37 PDT 2020","352","BatchId:4046320;OriginalHitTemplateId:920937340;","7200","172800","Wed May 20 17:08:37 PDT 2020","","","3K2755HG5S3EAJNB9GVY2O6PUF2DF6","A1O183H48OMDJX","Submitted","Wed May 20 15:08:10 PDT 2020","Wed May 20 15:13:35 PDT 2020","Fri May 22 15:13:35 PDT 2020","","","","325","0% (0/0)","0% (0/0)","0% (0/0)","cj46f5koob8km3zthwu8"
"3421H3BM9AHGQBYWQOCG76J9TT4J9E","32KI9HN0SH8Q5EEER27HJI3DITGU1K","Reading a passage and responding to questions","You will read a short passage about a person, then answer questions related to the passage.","sentences, decisions, language","$0.40","Wed May 20 13:08:37 PDT 2020","352","BatchId:4046320;OriginalHitTemplateId:920937340;","7200","172800","Wed May 20 17:08:37 PDT 2020","","","3XCC1ODXDLB52IWP5X1CJCR7GI0QRH","A1PZCG873CD832","Submitted","Wed May 20 14:48:14 PDT 2020","Wed May 20 14:56:06 PDT 2020","Fri May 22 14:56:06 PDT 2020","","","","472","0% (0/0)","0% (0/0)","0% (0/0)","oj0c9t0bb7v4pu1dn1es"
"3421H3BM9AHGQBYWQOCG76J9TT4J9E","32KI9HN0SH8Q5EEER27HJI3DITGU1K","Reading a passage and responding to questions","You will read a short passage about a person, then answer questions related to the passage.","sentences, decisions, language","$0.40","Wed May 20 13:08:37 PDT 2020","352","BatchId:4046320;OriginalHitTemplateId:920937340;","7200","172800","Wed May 20 17:08:37 PDT 2020","","","37QW5D2ZRGMBXTW6YSKHNVB38EUS8T","A1W66YAWYD43P1","Submitted","Wed May 20 14:26:31 PDT 2020","Wed May 20 14:32:03 PDT 2020","Fri May 22 14:32:03 PDT 2020","","","","332","0% (0/0)","0% (0/0)","0% (0/0)","sp9byj7fyme5tt5om2ug"
"3421H3BM9AHGQBYWQOCG76J9TT4J9E","32KI9HN0SH8Q5EEER27HJI3DITGU1K","Reading a passage and responding to questions","You will read a short passage about a person, then answer questions related to the passage.","sentences, decisions, language","$0.40","Wed May 20 13:08:37 PDT 2020","352","BatchId:4046320;OriginalHitTemplateId:920937340;","7200","172800","Wed May 20 17:08:37 PDT 2020","","","3EFE17QCRC54Q4XZ1WEN0842BXCHSP","A1WVLHV6KWWJDA","Submitted","Wed May 20 13:14:38 PDT 2020","Wed May 20 13:57:49 PDT 2020","Fri May 22 13:57:49 PDT 2020","","","","2591","0% (0/0)","0% (0/0)","0% (0/0)","cu7sntbats4shj610p3w"
"3421H3BM9AHGQBYWQOCG76J9TT4J9E","32KI9HN0SH8Q5EEER27HJI3DITGU1K","Reading a passage and responding to questions","You will read a short passage about a person, then answer questions related to the passage.","sentences, decisions, language","$0.40","Wed May 20 13:08:37 PDT 2020","352","BatchId:4046320;OriginalHitTemplateId:920937340;","7200","172800","Wed May 20 17:08:37 PDT 2020","","","3LEIZ60CDJZ8CA1UYCK3JK3HFZ59ZX","A23K4RYO53WXGO","Submitted","Wed May 20 13:22:36 PDT 2020","Wed May 20 13:28:36 PDT 2020","Fri May 22 13:28:36 PDT 2020","","","","360","0% (0/0)","0% (0/0)","0% (0/0)","yeu1y01ed8fook56yzt5"
"3421H3BM9AHGQBYWQOCG76J9TT4J9E","32KI9HN0SH8Q5EEER27HJI3DITGU1K","Reading a passage and responding to questions","You will read a short passage about a person, then answer questions related to the passage.","sentences, decisions, language","$0.40","Wed May 20 13:08:37 PDT 2020","352","BatchId:4046320;OriginalHitTemplateId:920937340;","7200","172800","Wed May 20 17:08:37 PDT 2020","","","3L6L49WXW0X98QBTATHWD8L6S8I45O","A24WC24X9TIUBF","Submitted","Wed May 20 13:11:51 PDT 2020","Wed May 20 13:22:28 PDT 2020","Fri May 22 13:22:28 PDT 2020","","","","637","0% (0/0)","0% (0/0)","0% (0/0)","u5z8baz3hpgy13aqlgq1"
"3421H3BM9AHGQBYWQOCG76J9TT4J9E","32KI9HN0SH8Q5EEER27HJI3DITGU1K","Reading a passage and responding to questions","You will read a short passage about a person, then answer questions related to the passage.","sentences, decisions, language","$0.40","Wed May 20 13:08:37 PDT 2020","352","BatchId:4046320;OriginalHitTemplateId:920937340;","7200","172800","Wed May 20 17:08:37 PDT 2020","","","3K5TEWLKGVBKERPN191DB7POAEQVI6","A2A5HAPJD18TRU","Submitted","Wed May 20 14:02:56 PDT 2020","Wed May 20 14:06:02 PDT 2020","Fri May 22 14:06:02 PDT 2020","","","","186","0% (0/0)","0% (0/0)","0% (0/0)","ultmtfsa7q9lk74asw8k"
"3421H3BM9AHGQBYWQOCG76J9TT4J9E","32KI9HN0SH8Q5EEER27HJI3DITGU1K","Reading a passage and responding to questions","You will read a short passage about a person, then answer questions related to the passage.","sentences, decisions, language","$0.40","Wed May 20 13:08:37 PDT 2020","352","BatchId:4046320;OriginalHitTemplateId:920937340;","7200","172800","Wed May 20 17:08:37 PDT 2020","","","3Z7ISHFUH0V8Y5IKTKEPJO86VU7Z8K","A2D69P2UUEUVE7","Submitted","Wed May 20 16:52:03 PDT 2020","Wed May 20 16:56:09 PDT 2020","Fri May 22 16:56:09 PDT 2020","","","","246","0% (0/0)","0% (0/0)","0% (0/0)","7qb8y05yfym2fj2e3ajw"
"3421H3BM9AHGQBYWQOCG76J9TT4J9E","32KI9HN0SH8Q5EEER27HJI3DITGU1K","Reading a passage and responding to questions","You will read a short passage about a person, then answer questions related to the passage.","sentences, decisions, language","$0.40","Wed May 20 13:08:37 PDT 2020","352","BatchId:4046320;OriginalHitTemplateId:920937340;","7200","172800","Wed May 20 17:08:37 PDT 2020","","","3FTF2T8WLRI4IFWPNP0WKG9ZYX39W9","A2EZQYJH8CH6Y5","Submitted","Wed May 20 13:43:37 PDT 2020","Wed May 20 14:02:07 PDT 2020","Fri May 22 14:02:07 PDT 2020","","","","1110","0% (0/0)","0% (0/0)","0% (0/0)","0tml0rg90xqqksog0zym"
"3421H3BM9AHGQBYWQOCG76J9TT4J9E","32KI9HN0SH8Q5EEER27HJI3DITGU1K","Reading a passage and responding to questions","You will read a short passage about a person, then answer questions related to the passage.","sentences, decisions, language","$0.40","Wed May 20 13:08:37 PDT 2020","352","BatchId:4046320;OriginalHitTemplateId:920937340;","7200","172800","Wed May 20 17:08:37 PDT 2020","","","3M81GAB8A0JIMBF090FMJXM3YWMBQE","A2FPFM2Z8KRVIK","Submitted","Wed May 20 13:12:43 PDT 2020","Wed May 20 13:17:21 PDT 2020","Fri May 22 13:17:21 PDT 2020","","","","278","0% (0/0)","0% (0/0)","0% (0/0)","l0kk4wrxk0p7l316ecuy"
"3421H3BM9AHGQBYWQOCG76J9TT4J9E","32KI9HN0SH8Q5EEER27HJI3DITGU1K","Reading a passage and responding to questions","You will read a short passage about a person, then answer questions related to the passage.","sentences, decisions, language","$0.40","Wed May 20 13:08:37 PDT 2020","352","BatchId:4046320;OriginalHitTemplateId:920937340;","7200","172800","Wed May 20 17:08:37 PDT 2020","","","31Z0PCVWUKF8CF42DNX1J0BUZEFT7B","A2MEJZRCLOSOSF","Submitted","Wed May 20 16:51:02 PDT 2020","Wed May 20 16:58:51 PDT 2020","Fri May 22 16:58:51 PDT 2020","","","","469","0% (0/1)","0% (0/0)","0% (0/0)","ewsg401of0kx7fsr4m37"
"3421H3BM9AHGQBYWQOCG76J9TT4J9E","32KI9HN0SH8Q5EEER27HJI3DITGU1K","Reading a passage and responding to questions","You will read a short passage about a person, then answer questions related to the passage.","sentences, decisions, language","$0.40","Wed May 20 13:08:37 PDT 2020","352","BatchId:4046320;OriginalHitTemplateId:920937340;","7200","172800","Wed May 20 17:08:37 PDT 2020","","","3MB8LZR5BFT8OH3HN8KJ1E6ZBLUKL6","A2N54NXUDYXTH3","Submitted","Wed May 20 16:58:59 PDT 2020","Wed May 20 17:39:08 PDT 2020","Fri May 22 17:39:08 PDT 2020","","","","2409","0% (0/0)","0% (0/0)","0% (0/0)","u9vj8qm2hkv5u41cn6kg"
"3421H3BM9AHGQBYWQOCG76J9TT4J9E","32KI9HN0SH8Q5EEER27HJI3DITGU1K","Reading a passage and responding to questions","You will read a short passage about a person, then answer questions related to the passage.","sentences, decisions, language","$0.40","Wed May 20 13:08:37 PDT 2020","352","BatchId:4046320;OriginalHitTemplateId:920937340;","7200","172800","Wed May 20 17:08:37 PDT 2020","","","33NF62TLXJ22TRFHKN86LZT77V4KJH","A2Q94ASZYAEQZ2","Submitted","Wed May 20 13:25:10 PDT 2020","Wed May 20 13:29:37 PDT 2020","Fri May 22 13:29:37 PDT 2020","","","","267","0% (0/0)","0% (0/0)","0% (0/0)","3327zxheoqx29pp5snrw"
"3421H3BM9AHGQBYWQOCG76J9TT4J9E","32KI9HN0SH8Q5EEER27HJI3DITGU1K","Reading a passage and responding to questions","You will read a short passage about a person, then answer questions related to the passage.","sentences, decisions, language","$0.40","Wed May 20 13:08:37 PDT 2020","352","BatchId:4046320;OriginalHitTemplateId:920937340;","7200","172800","Wed May 20 17:08:37 PDT 2020","","","34YB12FSQYONSDPJXT0J3ZTV494MG8","A2R2S6NU372T3W","Submitted","Wed May 20 17:07:13 PDT 2020","Wed May 20 17:14:06 PDT 2020","Fri May 22 17:14:06 PDT 2020","","","","413","0% (0/0)","0% (0/0)","0% (0/0)","91c8zk7lzw7k9golldqz"
"3421H3BM9AHGQBYWQOCG76J9TT4J9E","32KI9HN0SH8Q5EEER27HJI3DITGU1K","Reading a passage and responding to questions","You will read a short passage about a person, then answer questions related to the passage.","sentences, decisions, language","$0.40","Wed May 20 13:08:37 PDT 2020","352","BatchId:4046320;OriginalHitTemplateId:920937340;","7200","172800","Wed May 20 17:08:37 PDT 2020","","","3E47SOBEYQWOFIJNAS68LF1ZP75CIJ","A2RMSP08CB1GN","Submitted","Wed May 20 13:14:00 PDT 2020","Wed May 20 13:18:21 PDT 2020","Fri May 22 13:18:21 PDT 2020","","","","261","0% (0/0)","0% (0/0)","0% (0/0)","aho6kuqpsjoc8ufysl18"
"3421H3BM9AHGQBYWQOCG76J9TT4J9E","32KI9HN0SH8Q5EEER27HJI3DITGU1K","Reading a passage and responding to questions","You will read a short passage about a person, then answer questions related to the passage.","sentences, decisions, language","$0.40","Wed May 20 13:08:37 PDT 2020","352","BatchId:4046320;OriginalHitTemplateId:920937340;","7200","172800","Wed May 20 17:08:37 PDT 2020","","","3TXWC2NHNZQBBYFG3KQVNR6ESK59SS","A2TVG2HLMKVMSL","Submitted","Wed May 20 13:22:05 PDT 2020","Wed May 20 13:27:21 PDT 2020","Fri May 22 13:27:21 PDT 2020","","","","316","0% (0/0)","0% (0/0)","0% (0/0)","hp8rrx2757n1p4t07nx5"
"3421H3BM9AHGQBYWQOCG76J9TT4J9E","32KI9HN0SH8Q5EEER27HJI3DITGU1K","Reading a passage and responding to questions","You will read a short passage about a person, then answer questions related to the passage.","sentences, decisions, language","$0.40","Wed May 20 13:08:37 PDT 2020","352","BatchId:4046320;OriginalHitTemplateId:920937340;","7200","172800","Wed May 20 17:08:37 PDT 2020","","","3HWRJOOET52S6U6XBV6HF57PJHSESE","A2V9MDKYX1VBT7","Submitted","Wed May 20 14:21:21 PDT 2020","Wed May 20 14:30:10 PDT 2020","Fri May 22 14:30:10 PDT 2020","","","","529","0% (0/0)","0% (0/0)","0% (0/0)","bvkhstnuc796cd8clfap"
"3421H3BM9AHGQBYWQOCG76J9TT4J9E","32KI9HN0SH8Q5EEER27HJI3DITGU1K","Reading a passage and responding to questions","You will read a short passage about a person, then answer questions related to the passage.","sentences, decisions, language","$0.40","Wed May 20 13:08:37 PDT 2020","352","BatchId:4046320;OriginalHitTemplateId:920937340;","7200","172800","Wed May 20 17:08:37 PDT 2020","","","3II4UPYCOJ7B18DKNW6SENA31H2QD4","A2WGW5Y3ZFBDEC","Submitted","Wed May 20 13:54:51 PDT 2020","Wed May 20 14:10:05 PDT 2020","Fri May 22 14:10:05 PDT 2020","","","","914","100% (4/4)","0% (0/0)","0% (0/0)","kd32eklt7ba8ftmtmvqf"
"3421H3BM9AHGQBYWQOCG76J9TT4J9E","32KI9HN0SH8Q5EEER27HJI3DITGU1K","Reading a passage and responding to questions","You will read a short passage about a person, then answer questions related to the passage.","sentences, decisions, language","$0.40","Wed May 20 13:08:37 PDT 2020","352","BatchId:4046320;OriginalHitTemplateId:920937340;","7200","172800","Wed May 20 17:08:37 PDT 2020","","","37WLF8U1WPQQ5W0A04EHCVO2LQ1K6U","A2ZO4SP6FRIIUJ","Submitted","Wed May 20 16:06:16 PDT 2020","Wed May 20 16:06:46 PDT 2020","Fri May 22 16:06:46 PDT 2020","","","","30","0% (0/0)","0% (0/0)","0% (0/0)","388EYDPGJ32"
"3421H3BM9AHGQBYWQOCG76J9TT4J9E","32KI9HN0SH8Q5EEER27HJI3DITGU1K","Reading a passage and responding to questions","You will read a short passage about a person, then answer questions related to the passage.","sentences, decisions, language","$0.40","Wed May 20 13:08:37 PDT 2020","352","BatchId:4046320;OriginalHitTemplateId:920937340;","7200","172800","Wed May 20 17:08:37 PDT 2020","","","3MYYFCXHJ377ON0DRP0NH5CVIHXG4J","A342ESDPDRDCN4","Submitted","Wed May 20 13:27:07 PDT 2020","Wed May 20 13:32:33 PDT 2020","Fri May 22 13:32:33 PDT 2020","","","","326","100% (1/1)","0% (0/0)","0% (0/0)","k2gcaf59j1l3mvsn7c16"
"3421H3BM9AHGQBYWQOCG76J9TT4J9E","32KI9HN0SH8Q5EEER27HJI3DITGU1K","Reading a passage and responding to questions","You will read a short passage about a person, then answer questions related to the passage.","sentences, decisions, language","$0.40","Wed May 20 13:08:37 PDT 2020","352","BatchId:4046320;OriginalHitTemplateId:920937340;","7200","172800","Wed May 20 17:08:37 PDT 2020","","","33CKWXB73JKTS9DRMOWICK1M48311Q","A3778SDEA41IG5","Submitted","Wed May 20 13:09:36 PDT 2020","Wed May 20 13:20:19 PDT 2020","Fri May 22 13:20:19 PDT 2020","","","","643","0% (0/0)","0% (0/0)","0% (0/0)","hzp8n2szsjvw3j3pz6dd"
"3421H3BM9AHGQBYWQOCG76J9TT4J9E","32KI9HN0SH8Q5EEER27HJI3DITGU1K","Reading a passage and responding to questions","You will read a short passage about a person, then answer questions related to the passage.","sentences, decisions, language","$0.40","Wed May 20 13:08:37 PDT 2020","352","BatchId:4046320;OriginalHitTemplateId:920937340;","7200","172800","Wed May 20 17:08:37 PDT 2020","","","3OF2M9AATGOST6KL29BS9THXQTHKZ2","A37PH2VQZ2J4K3","Submitted","Wed May 20 13:26:05 PDT 2020","Wed May 20 13:36:24 PDT 2020","Fri May 22 13:36:24 PDT 2020","","","","619","0% (0/0)","0% (0/0)","0% (0/0)","8tcxe60tdrxsfsaqxrvm"
"3421H3BM9AHGQBYWQOCG76J9TT4J9E","32KI9HN0SH8Q5EEER27HJI3DITGU1K","Reading a passage and responding to questions","You will read a short passage about a person, then answer questions related to the passage.","sentences, decisions, language","$0.40","Wed May 20 13:08:37 PDT 2020","352","BatchId:4046320;OriginalHitTemplateId:920937340;","7200","172800","Wed May 20 17:08:37 PDT 2020","","","3RXPCZQMQPBQWO3U47HLJ75S6Y31G9","A38U3F4NU3Y4AJ","Submitted","Wed May 20 15:53:40 PDT 2020","Wed May 20 15:57:17 PDT 2020","Fri May 22 15:57:17 PDT 2020","","","","217","0% (0/0)","0% (0/0)","0% (0/0)","s5m12bdv0o7mplvb7mml"
"3421H3BM9AHGQBYWQOCG76J9TT4J9E","32KI9HN0SH8Q5EEER27HJI3DITGU1K","Reading a passage and responding to questions","You will read a short passage about a person, then answer questions related to the passage.","sentences, decisions, language","$0.40","Wed May 20 13:08:37 PDT 2020","352","BatchId:4046320;OriginalHitTemplateId:920937340;","7200","172800","Wed May 20 17:08:37 PDT 2020","","","3P1L2B7AD1PRE8OWL0CC8VN8VPOLO9","A3BX2W07QY9NNG","Submitted","Wed May 20 14:09:57 PDT 2020","Wed May 20 14:23:56 PDT 2020","Fri May 22 14:23:56 PDT 2020","","","","839","0% (0/0)","0% (0/0)","0% (0/0)","erz5ve9b6gc941vpo0lt"
"3421H3BM9AHGQBYWQOCG76J9TT4J9E","32KI9HN0SH8Q5EEER27HJI3DITGU1K","Reading a passage and responding to questions","You will read a short passage about a person, then answer questions related to the passage.","sentences, decisions, language","$0.40","Wed May 20 13:08:37 PDT 2020","352","BatchId:4046320;OriginalHitTemplateId:920937340;","7200","172800","Wed May 20 17:08:37 PDT 2020","","","3RJSC4XJ10US92TSRSUU15VTBW350A","A3FFBQEVDP2FYP","Submitted","Wed May 20 13:21:55 PDT 2020","Wed May 20 14:16:46 PDT 2020","Fri May 22 14:16:46 PDT 2020","","","","3291","0% (0/0)","0% (0/0)","0% (0/0)","5t54xjryrzymu4la6zvc"
"3421H3BM9AHGQBYWQOCG76J9TT4J9E","32KI9HN0SH8Q5EEER27HJI3DITGU1K","Reading a passage and responding to questions","You will read a short passage about a person, then answer questions related to the passage.","sentences, decisions, language","$0.40","Wed May 20 13:08:37 PDT 2020","352","BatchId:4046320;OriginalHitTemplateId:920937340;","7200","172800","Wed May 20 17:08:37 PDT 2020","","","358010RM5ETH4MEI0V1EEHC3YRRXV5","A3HOOMIX87687Y","Submitted","Wed May 20 13:38:25 PDT 2020","Wed May 20 14:18:23 PDT 2020","Fri May 22 14:18:23 PDT 2020","","","","2398","0% (0/0)","0% (0/0)","0% (0/0)","7rns6yv69d1bbx0jodbk"
"3421H3BM9AHGQBYWQOCG76J9TT4J9E","32KI9HN0SH8Q5EEER27HJI3DITGU1K","Reading a passage and responding to questions","You will read a short passage about a person, then answer questions related to the passage.","sentences, decisions, language","$0.40","Wed May 20 13:08:37 PDT 2020","352","BatchId:4046320;OriginalHitTemplateId:920937340;","7200","172800","Wed May 20 17:08:37 PDT 2020","","","30BUDKLTXDVR0S8MZZT9MUXX5YSE5M","A3JGUEM7G10YBO","Submitted","Wed May 20 15:42:42 PDT 2020","Wed May 20 15:49:29 PDT 2020","Fri May 22 15:49:29 PDT 2020","","","","407","0% (0/0)","0% (0/0)","0% (0/0)","am2vck308ejy0v83zp9v"
"3421H3BM9AHGQBYWQOCG76J9TT4J9E","32KI9HN0SH8Q5EEER27HJI3DITGU1K","Reading a passage and responding to questions","You will read a short passage about a person, then answer questions related to the passage.","sentences, decisions, language","$0.40","Wed May 20 13:08:37 PDT 2020","352","BatchId:4046320;OriginalHitTemplateId:920937340;","7200","172800","Wed May 20 17:08:37 PDT 2020","","","3MTMREQS4VIINY6UFVEWGBKJ4FJAWN","A3K5YBCBVBM3RY","Submitted","Wed May 20 13:25:42 PDT 2020","Wed May 20 13:33:39 PDT 2020","Fri May 22 13:33:39 PDT 2020","","","","477","0% (0/0)","0% (0/0)","0% (0/0)","5k7ojpybodh5n784649z"
"3421H3BM9AHGQBYWQOCG76J9TT4J9E","32KI9HN0SH8Q5EEER27HJI3DITGU1K","Reading a passage and responding to questions","You will read a short passage about a person, then answer questions related to the passage.","sentences, decisions, language","$0.40","Wed May 20 13:08:37 PDT 2020","352","BatchId:4046320;OriginalHitTemplateId:920937340;","7200","172800","Wed May 20 17:08:37 PDT 2020","","","3XM0HYN6NKZVT2Q5JE2NK02EWXKEPX","A3RZ2HTOVC2SNA","Submitted","Wed May 20 14:13:56 PDT 2020","Wed May 20 14:20:17 PDT 2020","Fri May 22 14:20:17 PDT 2020","","","","381","0% (0/0)","0% (0/0)","0% (0/0)","ocktqa2k5cqlj63mxwr7"
"3421H3BM9AHGQBYWQOCG76J9TT4J9E","32KI9HN0SH8Q5EEER27HJI3DITGU1K","Reading a passage and responding to questions","You will read a short passage about a person, then answer questions related to the passage.","sentences, decisions, language","$0.40","Wed May 20 13:08:37 PDT 2020","352","BatchId:4046320;OriginalHitTemplateId:920937340;","7200","172800","Wed May 20 17:08:37 PDT 2020","","","3ZAK8W07I4E9UHJ7ST229HN9AD60UX","A3SGI5VDII8GS9","Submitted","Wed May 20 14:45:53 PDT 2020","Wed May 20 14:52:22 PDT 2020","Fri May 22 14:52:22 PDT 2020","","","","389","0% (0/0)","0% (0/0)","0% (0/0)","bvbx6k6m4zy64hbc1qec"
"3421H3BM9AHGQBYWQOCG76J9TT4J9E","32KI9HN0SH8Q5EEER27HJI3DITGU1K","Reading a passage and responding to questions","You will read a short passage about a person, then answer questions related to the passage.","sentences, decisions, language","$0.40","Wed May 20 13:08:37 PDT 2020","352","BatchId:4046320;OriginalHitTemplateId:920937340;","7200","172800","Wed May 20 17:08:37 PDT 2020","","","39GHHAVOMFRHFPQEZVLQEI4BA9I4JF","A5TI9UQEPLNWI","Submitted","Wed May 20 13:59:05 PDT 2020","Wed May 20 14:05:42 PDT 2020","Fri May 22 14:05:42 PDT 2020","","","","397","0% (0/0)","0% (0/0)","0% (0/0)","5vg2gf23yn1p9fbtc57s"
"3421H3BM9AHGQBYWQOCG76J9TT4J9E","32KI9HN0SH8Q5EEER27HJI3DITGU1K","Reading a passage and responding to questions","You will read a short passage about a person, then answer questions related to the passage.","sentences, decisions, language","$0.40","Wed May 20 13:08:37 PDT 2020","352","BatchId:4046320;OriginalHitTemplateId:920937340;","7200","172800","Wed May 20 17:08:37 PDT 2020","","","3R9WASFE2ZGHDKS71YKVTGPSIX4FZZ","A6KOTWP7N7RLU","Submitted","Wed May 20 14:01:24 PDT 2020","Wed May 20 14:15:25 PDT 2020","Fri May 22 14:15:25 PDT 2020","","","","841","0% (0/0)","0% (0/0)","0% (0/0)","xux82ug4hb8agwclt2yy"
"3421H3BM9AHGQBYWQOCG76J9TT4J9E","32KI9HN0SH8Q5EEER27HJI3DITGU1K","Reading a passage and responding to questions","You will read a short passage about a person, then answer questions related to the passage.","sentences, decisions, language","$0.40","Wed May 20 13:08:37 PDT 2020","352","BatchId:4046320;OriginalHitTemplateId:920937340;","7200","172800","Wed May 20 17:08:37 PDT 2020","","","33ISQZVXPPMX2FXNIIAMAC34C36CC4","A6NNTKY436XR8","Submitted","Wed May 20 16:43:27 PDT 2020","Wed May 20 16:46:05 PDT 2020","Fri May 22 16:46:05 PDT 2020","","","","158","0% (0/0)","0% (0/0)","0% (0/0)","nvo962vn3ed72m5j7jyf"
"3421H3BM9AHGQBYWQOCG76J9TT4J9E","32KI9HN0SH8Q5EEER27HJI3DITGU1K","Reading a passage and responding to questions","You will read a short passage about a person, then answer questions related to the passage.","sentences, decisions, language","$0.40","Wed May 20 13:08:37 PDT 2020","352","BatchId:4046320;OriginalHitTemplateId:920937340;","7200","172800","Wed May 20 17:08:37 PDT 2020","","","3K5TEWLKGVBKERPN191DB7POAF5VIN","A8YIXBZ5TKBML","Submitted","Wed May 20 16:34:03 PDT 2020","Wed May 20 16:39:09 PDT 2020","Fri May 22 16:39:09 PDT 2020","","","","306","0% (0/0)","0% (0/0)","0% (0/0)","2rjpdmdl82afehdhdtzy"
"3421H3BM9AHGQBYWQOCG76J9TT4J9E","32KI9HN0SH8Q5EEER27HJI3DITGU1K","Reading a passage and responding to questions","You will read a short passage about a person, then answer questions related to the passage.","sentences, decisions, language","$0.40","Wed May 20 13:08:37 PDT 2020","352","BatchId:4046320;OriginalHitTemplateId:920937340;","7200","172800","Wed May 20 17:08:37 PDT 2020","","","3YJ6NA41JBG34ICXXFDEHGF615AJPH","A9HVP2MLUH38A","Submitted","Wed May 20 13:22:54 PDT 2020","Wed May 20 13:28:09 PDT 2020","Fri May 22 13:28:09 PDT 2020","","","","315","0% (0/0)","0% (0/0)","0% (0/0)","1astvvdp9ywgjl5lp1lo"
"3421H3BM9AHGQBYWQOCG76J9TT4J9E","32KI9HN0SH8Q5EEER27HJI3DITGU1K","Reading a passage and responding to questions","You will read a short passage about a person, then answer questions related to the passage.","sentences, decisions, language","$0.40","Wed May 20 13:08:37 PDT 2020","352","BatchId:4046320;OriginalHitTemplateId:920937340;","7200","172800","Wed May 20 17:08:37 PDT 2020","","","3ZAK8W07I4E9UHJ7ST229HN9ADV0UM","A9Y4HUEPNTLN3","Submitted","Wed May 20 13:09:07 PDT 2020","Wed May 20 13:17:43 PDT 2020","Fri May 22 13:17:43 PDT 2020","","","","516","0% (0/0)","0% (0/0)","0% (0/0)","6rcmun24u1vfs472fvnt"
"3421H3BM9AHGQBYWQOCG76J9TT4J9E","32KI9HN0SH8Q5EEER27HJI3DITGU1K","Reading a passage and responding to questions","You will read a short passage about a person, then answer questions related to the passage.","sentences, decisions, language","$0.40","Wed May 20 13:08:37 PDT 2020","352","BatchId:4046320;OriginalHitTemplateId:920937340;","7200","172800","Wed May 20 17:08:37 PDT 2020","","","3UJ1CZ6IZHPSABD40UDEBB1C6P85SL","ADFT7D2WD0HKJ","Submitted","Wed May 20 17:02:48 PDT 2020","Wed May 20 17:09:51 PDT 2020","Fri May 22 17:09:51 PDT 2020","","","","423","0% (0/0)","0% (0/0)","0% (0/0)","t51c1mcnql733kbr5mka"
"3421H3BM9AHGQBYWQOCG76J9TT4J9E","32KI9HN0SH8Q5EEER27HJI3DITGU1K","Reading a passage and responding to questions","You will read a short passage about a person, then answer questions related to the passage.","sentences, decisions, language","$0.40","Wed May 20 13:08:37 PDT 2020","352","BatchId:4046320;OriginalHitTemplateId:920937340;","7200","172800","Wed May 20 17:08:37 PDT 2020","","","3QEMNNSB2XZ1VQ85RXXMEWT8WR87DL","AFERIASET17LW","Submitted","Wed May 20 13:33:58 PDT 2020","Wed May 20 13:48:53 PDT 2020","Fri May 22 13:48:53 PDT 2020","","","","895","0% (0/0)","0% (0/0)","0% (0/0)","n3kn38x1bfhn441zxq2u"
"3421H3BM9AHGQBYWQOCG76J9TT4J9E","32KI9HN0SH8Q5EEER27HJI3DITGU1K","Reading a passage and responding to questions","You will read a short passage about a person, then answer questions related to the passage.","sentences, decisions, language","$0.40","Wed May 20 13:08:37 PDT 2020","352","BatchId:4046320;OriginalHitTemplateId:920937340;","7200","172800","Wed May 20 17:08:37 PDT 2020","","","3IXEICO792JP8FQXUDS9DMBY42AT6P","AG8PCITDPLLKU","Submitted","Wed May 20 13:18:14 PDT 2020","Wed May 20 13:24:42 PDT 2020","Fri May 22 13:24:42 PDT 2020","","","","388","0% (0/0)","0% (0/0)","0% (0/0)","40htjn697pffylldm8sh"
"3421H3BM9AHGQBYWQOCG76J9TT4J9E","32KI9HN0SH8Q5EEER27HJI3DITGU1K","Reading a passage and responding to questions","You will read a short passage about a person, then answer questions related to the passage.","sentences, decisions, language","$0.40","Wed May 20 13:08:37 PDT 2020","352","BatchId:4046320;OriginalHitTemplateId:920937340;","7200","172800","Wed May 20 17:08:37 PDT 2020","","","3L4PIM1GQTGEBKNBW7I6WYU9FR5YRG","AGKT7KZKAU6QO","Submitted","Wed May 20 13:09:49 PDT 2020","Wed May 20 13:12:09 PDT 2020","Fri May 22 13:12:09 PDT 2020","","","","140","0% (0/0)","0% (0/0)","0% (0/0)","ckbjmdvclu0zrkd16e56"
"3421H3BM9AHGQBYWQOCG76J9TT4J9E","32KI9HN0SH8Q5EEER27HJI3DITGU1K","Reading a passage and responding to questions","You will read a short passage about a person, then answer questions related to the passage.","sentences, decisions, language","$0.40","Wed May 20 13:08:37 PDT 2020","352","BatchId:4046320;OriginalHitTemplateId:920937340;","7200","172800","Wed May 20 17:08:37 PDT 2020","","","3ERET4BTVM9DNF28YBHTW5F4BQTK9N","AGPTT5Z7VEBW0","Submitted","Wed May 20 13:33:34 PDT 2020","Wed May 20 13:33:39 PDT 2020","Fri May 22 13:33:39 PDT 2020","","","","5","0% (0/0)","0% (0/0)","0% (0/0)","t8gx7nmztr1mrw73syj1"
"3421H3BM9AHGQBYWQOCG76J9TT4J9E","32KI9HN0SH8Q5EEER27HJI3DITGU1K","Reading a passage and responding to questions","You will read a short passage about a person, then answer questions related to the passage.","sentences, decisions, language","$0.40","Wed May 20 13:08:37 PDT 2020","352","BatchId:4046320;OriginalHitTemplateId:920937340;","7200","172800","Wed May 20 17:08:37 PDT 2020","","","31QNSG6A5RTPEVCEAPM6S4F7L0A78E","AH7Z2M3KSQ4DW","Submitted","Wed May 20 13:21:47 PDT 2020","Wed May 20 14:17:52 PDT 2020","Fri May 22 14:17:52 PDT 2020","","","","3365","0% (0/0)","0% (0/0)","0% (0/0)","hbrcqfkzcb2ou3smr8pn"
"3421H3BM9AHGQBYWQOCG76J9TT4J9E","32KI9HN0SH8Q5EEER27HJI3DITGU1K","Reading a passage and responding to questions","You will read a short passage about a person, then answer questions related to the passage.","sentences, decisions, language","$0.40","Wed May 20 13:08:37 PDT 2020","352","BatchId:4046320;OriginalHitTemplateId:920937340;","7200","172800","Wed May 20 17:08:37 PDT 2020","","","3PQMUDRV7R6FSL5N222UWIZU2DAIIE","AP0RILUOP7SW6","Submitted","Wed May 20 16:47:22 PDT 2020","Wed May 20 16:52:57 PDT 2020","Fri May 22 16:52:57 PDT 2020","","","","335","0% (0/0)","0% (0/0)","0% (0/0)","0013vlf4loy17c6s31p6"
"3421H3BM9AHGQBYWQOCG76J9TT4J9E","32KI9HN0SH8Q5EEER27HJI3DITGU1K","Reading a passage and responding to questions","You will read a short passage about a person, then answer questions related to the passage.","sentences, decisions, language","$0.40","Wed May 20 13:08:37 PDT 2020","352","BatchId:4046320;OriginalHitTemplateId:920937340;","7200","172800","Wed May 20 17:08:37 PDT 2020","","","35L9RVQFCOIK5HP3Q19NF9MQWUZHU7","AR17E7L7JAOBI","Submitted","Wed May 20 13:33:51 PDT 2020","Wed May 20 13:38:07 PDT 2020","Fri May 22 13:38:07 PDT 2020","","","","256","0% (0/0)","0% (0/0)","0% (0/0)","3elq7blsowtvnj0zqya9"
"3421H3BM9AHGQBYWQOCG76J9TT4J9E","32KI9HN0SH8Q5EEER27HJI3DITGU1K","Reading a passage and responding to questions","You will read a short passage about a person, then answer questions related to the passage.","sentences, decisions, language","$0.40","Wed May 20 13:08:37 PDT 2020","352","BatchId:4046320;OriginalHitTemplateId:920937340;","7200","172800","Wed May 20 17:08:37 PDT 2020","","","3UN61F00HWPG9WDRL5D9L1WGKNI5RQ","ARDQYKIK0UXJG","Submitted","Wed May 20 15:39:17 PDT 2020","Wed May 20 15:43:42 PDT 2020","Fri May 22 15:43:42 PDT 2020","","","","265","0% (0/0)","0% (0/0)","0% (0/0)","yrymka12ud48yor18fgs"
"3421H3BM9AHGQBYWQOCG76J9TT4J9E","32KI9HN0SH8Q5EEER27HJI3DITGU1K","Reading a passage and responding to questions","You will read a short passage about a person, then answer questions related to the passage.","sentences, decisions, language","$0.40","Wed May 20 13:08:37 PDT 2020","352","BatchId:4046320;OriginalHitTemplateId:920937340;","7200","172800","Wed May 20 17:08:37 PDT 2020","","","34BBWHLWHABXTGPSRJ69X982HNMIWX","ATA2Z2A0MCI28","Submitted","Wed May 20 13:09:29 PDT 2020","Wed May 20 14:23:44 PDT 2020","Fri May 22 14:23:44 PDT 2020","","","","4455","0% (0/0)","0% (0/0)","0% (0/0)","d7jyhr6ng4v7khe82dy8"
"3421H3BM9AHGQBYWQOCG76J9TT4J9E","32KI9HN0SH8Q5EEER27HJI3DITGU1K","Reading a passage and responding to questions","You will read a short passage about a person, then answer questions related to the passage.","sentences, decisions, language","$0.40","Wed May 20 13:08:37 PDT 2020","352","BatchId:4046320;OriginalHitTemplateId:920937340;","7200","172800","Wed May 20 17:08:37 PDT 2020","","","3WAKVUDHUWGNCSJRDSNBOWXWIR17UT","AW0225ONUAPO5","Submitted","Wed May 20 13:15:17 PDT 2020","Wed May 20 13:17:16 PDT 2020","Fri May 22 13:17:16 PDT 2020","","","","119","0% (0/0)","0% (0/0)","0% (0/0)","tm7q49hm1lag3yc3x35p"
"3421H3BM9AHGQBYWQOCG76J9TT4J9E","32KI9HN0SH8Q5EEER27HJI3DITGU1K","Reading a passage and responding to questions","You will read a short passage about a person, then answer questions related to the passage.","sentences, decisions, language","$0.40","Wed May 20 13:08:37 PDT 2020","352","BatchId:4046320;OriginalHitTemplateId:920937340;","7200","172800","Wed May 20 17:08:37 PDT 2020","","","3T111IHZ5EQZAJF3OVQQXH1I6IN9R5","AX5X0WANI5V7Y","Submitted","Wed May 20 13:32:06 PDT 2020","Wed May 20 13:35:47 PDT 2020","Fri May 22 13:35:47 PDT 2020","","","","221","0% (0/0)","0% (0/0)","0% (0/0)","m2g1chu42dxnba9ynx7w"
"3421H3BM9AHGQBYWQOCG76J9TT4J9E","32KI9HN0SH8Q5EEER27HJI3DITGU1K","Reading a passage and responding to questions","You will read a short passage about a person, then answer questions related to the passage.","sentences, decisions, language","$0.40","Wed May 20 13:08:37 PDT 2020","352","BatchId:4046320;OriginalHitTemplateId:920937340;","7200","172800","Wed May 20 17:08:37 PDT 2020","","","3LOZAJ85YDD87VGGCLH3CCFS1TW2X0","AY4UCK4TQQ38Q","Submitted","Wed May 20 13:09:17 PDT 2020","Wed May 20 13:18:21 PDT 2020","Fri May 22 13:18:21 PDT 2020","","","","544","0% (0/0)","0% (0/0)","0% (0/0)","8sr2yasflda5s83jpxff"