"HITId","HITTypeId","Title","Description","Keywords","Reward","CreationTime","MaxAssignments","RequesterAnnotation","AssignmentDurationInSeconds","AutoApprovalDelayInSeconds","Expiration","NumberOfSimilarHITs","LifetimeInSeconds","AssignmentId","WorkerId","AssignmentStatus","AcceptTime","SubmitTime","AutoApprovalTime","ApprovalTime","RejectionTime","RequesterFeedback","WorkTimeInSeconds","LifetimeApprovalRate","Last30DaysApprovalRate","Last7DaysApprovalRate","Answer.surveycode","Approve","Reject"
"3TCFMTM8HEOYVAXTFQRVTJF9UIL12G","34NBII25NZIOGJLGY73HHZ47TJY2JF","Reading a passage and responding to questions","You will read a short passage about a person, then answer questions related to the passage.","sentences, decisions, language","$0.40","Thu May 28 15:35:05 PDT 2020","352","BatchId:4058187;OriginalHitTemplateId:920937340;","7200","259200","Thu May 28 19:35:05 PDT 2020","","","31N2WW6R9RQGSRLEGRPMPFKD3WQF3B","A13NZD2LJ279Z5","Submitted","Thu May 28 17:44:40 PDT 2020","Thu May 28 17:50:21 PDT 2020","Sun May 31 17:50:21 PDT 2020","","","","341","0% (0/0)","0% (0/0)","0% (0/0)","e5ec9rb6wfe9jpyfj82n"
"3TCFMTM8HEOYVAXTFQRVTJF9UIL12G","34NBII25NZIOGJLGY73HHZ47TJY2JF","Reading a passage and responding to questions","You will read a short passage about a person, then answer questions related to the passage.","sentences, decisions, language","$0.40","Thu May 28 15:35:05 PDT 2020","352","BatchId:4058187;OriginalHitTemplateId:920937340;","7200","259200","Thu May 28 19:35:05 PDT 2020","","","31T4R4OBOSGRQY2RR12BUQBQBLP7C2","A13M3RWXUHALFH","Submitted","Thu May 28 18:50:24 PDT 2020","Thu May 28 18:54:07 PDT 2020","Sun May 31 18:54:07 PDT 2020","","","","223","0% (0/0)","0% (0/0)","0% (0/0)","cso2zn929k2j9eh6e3ls"
"3TCFMTM8HEOYVAXTFQRVTJF9UIL12G","34NBII25NZIOGJLGY73HHZ47TJY2JF","Reading a passage and responding to questions","You will read a short passage about a person, then answer questions related to the passage.","sentences, decisions, language","$0.40","Thu May 28 15:35:05 PDT 2020","352","BatchId:4058187;OriginalHitTemplateId:920937340;","7200","259200","Thu May 28 19:35:05 PDT 2020","","","323Q6SJS8IGVMZSDVCEOT9LNM13FHD","A2HX5XEEV7LR6D","Submitted","Thu May 28 16:24:53 PDT 2020","Thu May 28 16:25:05 PDT 2020","Sun May 31 16:25:05 PDT 2020","","","","12","0% (0/0)","0% (0/0)","0% (0/0)","e4qa2s4d26kpd7gxj0ks"
"3TCFMTM8HEOYVAXTFQRVTJF9UIL12G","34NBII25NZIOGJLGY73HHZ47TJY2JF","Reading a passage and responding to questions","You will read a short passage about a person, then answer questions related to the passage.","sentences, decisions, language","$0.40","Thu May 28 15:35:05 PDT 2020","352","BatchId:4058187;OriginalHitTemplateId:920937340;","7200","259200","Thu May 28 19:35:05 PDT 2020","","","326O153BMIYM45NFE5BSK6LPI87EDX","A2YY9VTJU2VYNM","Submitted","Thu May 28 19:07:48 PDT 2020","Thu May 28 19:11:49 PDT 2020","Sun May 31 19:11:49 PDT 2020","","","","241","0% (0/0)","0% (0/0)","0% (0/0)","k0np2xlhoglvptez4z21"
"3TCFMTM8HEOYVAXTFQRVTJF9UIL12G","34NBII25NZIOGJLGY73HHZ47TJY2JF","Reading a passage and responding to questions","You will read a short passage about a person, then answer questions related to the passage.","sentences, decisions, language","$0.40","Thu May 28 15:35:05 PDT 2020","352","BatchId:4058187;OriginalHitTemplateId:920937340;","7200","259200","Thu May 28 19:35:05 PDT 2020","","","32Q90QCQ1SLUIBTP6MXFOJGF2H2EK8","AX36ADQWO8OC8","Submitted","Thu May 28 18:50:52 PDT 2020","Thu May 28 18:59:51 PDT 2020","Sun May 31 18:59:51 PDT 2020","","","","539","0% (0/0)","0% (0/0)","0% (0/0)","a1e0rw9jdnpp75gyt27w"
"3TCFMTM8HEOYVAXTFQRVTJF9UIL12G","34NBII25NZIOGJLGY73HHZ47TJY2JF","Reading a passage and responding to questions","You will read a short passage about a person, then answer questions related to the passage.","sentences, decisions, language","$0.40","Thu May 28 15:35:05 PDT 2020","352","BatchId:4058187;OriginalHitTemplateId:920937340;","7200","259200","Thu May 28 19:35:05 PDT 2020","","","32Q90QCQ1SLUIBTP6MXFOJGF2H4EKA","A36P981SNRACC","Submitted","Thu May 28 19:08:30 PDT 2020","Thu May 28 19:19:29 PDT 2020","Sun May 31 19:19:29 PDT 2020","","","","659","0% (0/0)","0% (0/0)","0% (0/0)","mnxc5jugo7qzpab39bcw"
"3TCFMTM8HEOYVAXTFQRVTJF9UIL12G","34NBII25NZIOGJLGY73HHZ47TJY2JF","Reading a passage and responding to questions","You will read a short passage about a person, then answer questions related to the passage.","sentences, decisions, language","$0.40","Thu May 28 15:35:05 PDT 2020","352","BatchId:4058187;OriginalHitTemplateId:920937340;","7200","259200","Thu May 28 19:35:05 PDT 2020","","","338JKRMM26Z0Q8B5KWSWF8AWPLMHAY","A194YXGS5MEHNZ","Submitted","Thu May 28 15:47:47 PDT 2020","Thu May 28 15:51:24 PDT 2020","Sun May 31 15:51:24 PDT 2020","","","","217","0% (0/0)","0% (0/0)","0% (0/0)","8usmpgtq8lf3xs2s61xq"
"3TCFMTM8HEOYVAXTFQRVTJF9UIL12G","34NBII25NZIOGJLGY73HHZ47TJY2JF","Reading a passage and responding to questions","You will read a short passage about a person, then answer questions related to the passage.","sentences, decisions, language","$0.40","Thu May 28 15:35:05 PDT 2020","352","BatchId:4058187;OriginalHitTemplateId:920937340;","7200","259200","Thu May 28 19:35:05 PDT 2020","","","339ANSOTR526YGVB25N69YE7UAWKIA","A229YKS730B7OC","Submitted","Thu May 28 16:00:11 PDT 2020","Thu May 28 16:05:13 PDT 2020","Sun May 31 16:05:13 PDT 2020","","","","302","0% (0/0)","0% (0/0)","0% (0/0)","nt4o0mouf9tlkvn1yt1e"
"3TCFMTM8HEOYVAXTFQRVTJF9UIL12G","34NBII25NZIOGJLGY73HHZ47TJY2JF","Reading a passage and responding to questions","You will read a short passage about a person, then answer questions related to the passage.","sentences, decisions, language","$0.40","Thu May 28 15:35:05 PDT 2020","352","BatchId:4058187;OriginalHitTemplateId:920937340;","7200","259200","Thu May 28 19:35:05 PDT 2020","","","33F859I566D59IGXQASSAJU2737BHN","A4YZ6VBF5H9CF","Submitted","Thu May 28 15:42:43 PDT 2020","Thu May 28 16:00:25 PDT 2020","Sun May 31 16:00:25 PDT 2020","","","","1062","0% (0/0)","0% (0/0)","0% (0/0)","9qrr6noz4kcva3yr2yrk"
"3TCFMTM8HEOYVAXTFQRVTJF9UIL12G","34NBII25NZIOGJLGY73HHZ47TJY2JF","Reading a passage and responding to questions","You will read a short passage about a person, then answer questions related to the passage.","sentences, decisions, language","$0.40","Thu May 28 15:35:05 PDT 2020","352","BatchId:4058187;OriginalHitTemplateId:920937340;","7200","259200","Thu May 28 19:35:05 PDT 2020","","","3483FV8BEEJVOGWKBY8DCZ284JE62F","A312D4HWI6WC4N","Submitted","Thu May 28 15:42:47 PDT 2020","Thu May 28 15:51:43 PDT 2020","Sun May 31 15:51:43 PDT 2020","","","","536","0% (0/0)","0% (0/0)","0% (0/0)","o5621dym63d6p4bnpeej"
"3TCFMTM8HEOYVAXTFQRVTJF9UIL12G","34NBII25NZIOGJLGY73HHZ47TJY2JF","Reading a passage and responding to questions","You will read a short passage about a person, then answer questions related to the passage.","sentences, decisions, language","$0.40","Thu May 28 15:35:05 PDT 2020","352","BatchId:4058187;OriginalHitTemplateId:920937340;","7200","259200","Thu May 28 19:35:05 PDT 2020","","","352YTHGROVDLOJVOBVI525OWXBR4HB","A2JJ3531QBNT5K","Submitted","Thu May 28 15:50:44 PDT 2020","Thu May 28 17:24:19 PDT 2020","Sun May 31 17:24:19 PDT 2020","","","","5615","0% (0/0)","0% (0/0)","0% (0/0)","kbfujlml0mtt5r02hxcj"
"3TCFMTM8HEOYVAXTFQRVTJF9UIL12G","34NBII25NZIOGJLGY73HHZ47TJY2JF","Reading a passage and responding to questions","You will read a short passage about a person, then answer questions related to the passage.","sentences, decisions, language","$0.40","Thu May 28 15:35:05 PDT 2020","352","BatchId:4058187;OriginalHitTemplateId:920937340;","7200","259200","Thu May 28 19:35:05 PDT 2020","","","358UUM7WRZ3VW0RA9YS6JLACBMP7R5","A2DUKWR9I6FFZV","Submitted","Thu May 28 18:10:48 PDT 2020","Thu May 28 18:14:37 PDT 2020","Sun May 31 18:14:37 PDT 2020","","","","229","0% (0/0)","0% (0/0)","0% (0/0)","a8c458hw16kwo1wl6vy8"
"3TCFMTM8HEOYVAXTFQRVTJF9UIL12G","34NBII25NZIOGJLGY73HHZ47TJY2JF","Reading a passage and responding to questions","You will read a short passage about a person, then answer questions related to the passage.","sentences, decisions, language","$0.40","Thu May 28 15:35:05 PDT 2020","352","BatchId:4058187;OriginalHitTemplateId:920937340;","7200","259200","Thu May 28 19:35:05 PDT 2020","","","35GCEFQ6I5OMX8CEH3JTS70VF1P3ZS","A11CAMEPSOQXAL","Submitted","Thu May 28 18:47:22 PDT 2020","Thu May 28 18:52:34 PDT 2020","Sun May 31 18:52:34 PDT 2020","","","","312","0% (0/0)","0% (0/0)","0% (0/0)","219p8b489e5j2h7wx4d1"
"3TCFMTM8HEOYVAXTFQRVTJF9UIL12G","34NBII25NZIOGJLGY73HHZ47TJY2JF","Reading a passage and responding to questions","You will read a short passage about a person, then answer questions related to the passage.","sentences, decisions, language","$0.40","Thu May 28 15:35:05 PDT 2020","352","BatchId:4058187;OriginalHitTemplateId:920937340;","7200","259200","Thu May 28 19:35:05 PDT 2020","","","37Q970SNZE8TMTCLZ7B28LOVU2D1SV","ADKJBYY9Q3VNZ","Submitted","Thu May 28 19:06:41 PDT 2020","Thu May 28 19:10:32 PDT 2020","Sun May 31 19:10:32 PDT 2020","","","","231","0% (0/0)","0% (0/0)","0% (0/0)","ag7n3v32y2xrs0rv4sth"
"3TCFMTM8HEOYVAXTFQRVTJF9UIL12G","34NBII25NZIOGJLGY73HHZ47TJY2JF","Reading a passage and responding to questions","You will read a short passage about a person, then answer questions related to the passage.","sentences, decisions, language","$0.40","Thu May 28 15:35:05 PDT 2020","352","BatchId:4058187;OriginalHitTemplateId:920937340;","7200","259200","Thu May 28 19:35:05 PDT 2020","","","38F5OAUN5NCI76D7DTGC5H86ODI7HZ","A4I8UTP2LM9AU","Submitted","Thu May 28 16:03:29 PDT 2020","Thu May 28 16:05:44 PDT 2020","Sun May 31 16:05:44 PDT 2020","","","","135","0% (0/0)","0% (0/0)","0% (0/0)","kgmh5sndzs363yfrelka"
"3TCFMTM8HEOYVAXTFQRVTJF9UIL12G","34NBII25NZIOGJLGY73HHZ47TJY2JF","Reading a passage and responding to questions","You will read a short passage about a person, then answer questions related to the passage.","sentences, decisions, language","$0.40","Thu May 28 15:35:05 PDT 2020","352","BatchId:4058187;OriginalHitTemplateId:920937340;","7200","259200","Thu May 28 19:35:05 PDT 2020","","","39O5D9O87TS9PF14PPZLH9ZA6JP3CF","A1MO4AROPZJDMI","Submitted","Thu May 28 15:42:43 PDT 2020","Thu May 28 15:47:44 PDT 2020","Sun May 31 15:47:44 PDT 2020","","","","301","0% (0/0)","0% (0/0)","0% (0/0)","ufh4tp1d1zk9yy5wfdwk"
"3TCFMTM8HEOYVAXTFQRVTJF9UIL12G","34NBII25NZIOGJLGY73HHZ47TJY2JF","Reading a passage and responding to questions","You will read a short passage about a person, then answer questions related to the passage.","sentences, decisions, language","$0.40","Thu May 28 15:35:05 PDT 2020","352","BatchId:4058187;OriginalHitTemplateId:920937340;","7200","259200","Thu May 28 19:35:05 PDT 2020","","","3BV8HQ2ZZW1KTJROOD1SIHL6G77A6R","AY22FP0T81XEB","Submitted","Thu May 28 15:54:29 PDT 2020","Thu May 28 15:56:07 PDT 2020","Sun May 31 15:56:07 PDT 2020","","","","98","0% (0/0)","0% (0/0)","0% (0/0)","133k10dl12m1vkx5977m"
"3TCFMTM8HEOYVAXTFQRVTJF9UIL12G","34NBII25NZIOGJLGY73HHZ47TJY2JF","Reading a passage and responding to questions","You will read a short passage about a person, then answer questions related to the passage.","sentences, decisions, language","$0.40","Thu May 28 15:35:05 PDT 2020","352","BatchId:4058187;OriginalHitTemplateId:920937340;","7200","259200","Thu May 28 19:35:05 PDT 2020","","","3BXQMRHWKZY6XVQEHYP07EUMDACUMV","A1M88P3R5EDYL7","Submitted","Thu May 28 15:39:05 PDT 2020","Thu May 28 15:43:05 PDT 2020","Sun May 31 15:43:05 PDT 2020","","","","240","0% (0/0)","0% (0/0)","0% (0/0)","217zqf6veez6h3n0fwfg"
"3TCFMTM8HEOYVAXTFQRVTJF9UIL12G","34NBII25NZIOGJLGY73HHZ47TJY2JF","Reading a passage and responding to questions","You will read a short passage about a person, then answer questions related to the passage.","sentences, decisions, language","$0.40","Thu May 28 15:35:05 PDT 2020","352","BatchId:4058187;OriginalHitTemplateId:920937340;","7200","259200","Thu May 28 19:35:05 PDT 2020","","","3DQQ64TANGLPA2CW4EWT669E3V2WPW","A1BFNWX0T0Z5DD","Submitted","Thu May 28 16:23:03 PDT 2020","Thu May 28 16:26:00 PDT 2020","Sun May 31 16:26:00 PDT 2020","","","","177","0% (0/0)","0% (0/0)","0% (0/0)","mpdaf6da2qhjsowk6k96"
"3TCFMTM8HEOYVAXTFQRVTJF9UIL12G","34NBII25NZIOGJLGY73HHZ47TJY2JF","Reading a passage and responding to questions","You will read a short passage about a person, then answer questions related to the passage.","sentences, decisions, language","$0.40","Thu May 28 15:35:05 PDT 2020","352","BatchId:4058187;OriginalHitTemplateId:920937340;","7200","259200","Thu May 28 19:35:05 PDT 2020","","","3DR23U6WE5ETLUJC0VB7PA3BLUTETE","A15KZYX63159DA","Submitted","Thu May 28 18:51:25 PDT 2020","Thu May 28 19:00:41 PDT 2020","Sun May 31 19:00:41 PDT 2020","","","","556","0% (0/0)","0% (0/0)","0% (0/0)","kdyfbomrn8toctzx1mnn"
"3TCFMTM8HEOYVAXTFQRVTJF9UIL12G","34NBII25NZIOGJLGY73HHZ47TJY2JF","Reading a passage and responding to questions","You will read a short passage about a person, then answer questions related to the passage.","sentences, decisions, language","$0.40","Thu May 28 15:35:05 PDT 2020","352","BatchId:4058187;OriginalHitTemplateId:920937340;","7200","259200","Thu May 28 19:35:05 PDT 2020","","","3EJJQNKU9R5SPPXMM7EIAYZ6PPERHK","ATIAMDY7P54P","Submitted","Thu May 28 16:33:31 PDT 2020","Thu May 28 16:40:37 PDT 2020","Sun May 31 16:40:37 PDT 2020","","","","426","0% (0/0)","0% (0/0)","0% (0/0)","7zzhuumw4ls1k1wz3wey"
"3TCFMTM8HEOYVAXTFQRVTJF9UIL12G","34NBII25NZIOGJLGY73HHZ47TJY2JF","Reading a passage and responding to questions","You will read a short passage about a person, then answer questions related to the passage.","sentences, decisions, language","$0.40","Thu May 28 15:35:05 PDT 2020","352","BatchId:4058187;OriginalHitTemplateId:920937340;","7200","259200","Thu May 28 19:35:05 PDT 2020","","","3EJPLAJKEMGLURZW05HRZACFPSUZ6X","A1CXVK7D97P87M","Submitted","Thu May 28 19:29:38 PDT 2020","Thu May 28 19:35:41 PDT 2020","Sun May 31 19:35:41 PDT 2020","","","","363","0% (0/0)","0% (0/0)","0% (0/0)","kal9squpp7y9u94rvsq4"
"3TCFMTM8HEOYVAXTFQRVTJF9UIL12G","34NBII25NZIOGJLGY73HHZ47TJY2JF","Reading a passage and responding to questions","You will read a short passage about a person, then answer questions related to the passage.","sentences, decisions, language","$0.40","Thu May 28 15:35:05 PDT 2020","352","BatchId:4058187;OriginalHitTemplateId:920937340;","7200","259200","Thu May 28 19:35:05 PDT 2020","","","3EO896NRAWV1WA54EWMYMQG3Q2ETJ3","A15JP58AY9SVBF","Submitted","Thu May 28 16:18:23 PDT 2020","Thu May 28 16:30:20 PDT 2020","Sun May 31 16:30:20 PDT 2020","","","","717","0% (0/0)","0% (0/0)","0% (0/0)","vy0sac4ky8gyhruu57xl"
"3TCFMTM8HEOYVAXTFQRVTJF9UIL12G","34NBII25NZIOGJLGY73HHZ47TJY2JF","Reading a passage and responding to questions","You will read a short passage about a person, then answer questions related to the passage.","sentences, decisions, language","$0.40","Thu May 28 15:35:05 PDT 2020","352","BatchId:4058187;OriginalHitTemplateId:920937340;","7200","259200","Thu May 28 19:35:05 PDT 2020","","","3ERMJ6L4DYS4ZKEI4QWPXMG25ZR7MI","A1IK4EIAV14BQK","Submitted","Thu May 28 18:23:35 PDT 2020","Thu May 28 18:28:14 PDT 2020","Sun May 31 18:28:14 PDT 2020","","","","279","0% (0/0)","0% (0/0)","0% (0/0)","76ossnvbbg1tovfepoe3"
"3TCFMTM8HEOYVAXTFQRVTJF9UIL12G","34NBII25NZIOGJLGY73HHZ47TJY2JF","Reading a passage and responding to questions","You will read a short passage about a person, then answer questions related to the passage.","sentences, decisions, language","$0.40","Thu May 28 15:35:05 PDT 2020","352","BatchId:4058187;OriginalHitTemplateId:920937340;","7200","259200","Thu May 28 19:35:05 PDT 2020","","","3F0BG9B9MPN4T13WNTK0RH39E90Y7U","A2E3ABD2I12UP7","Submitted","Thu May 28 17:19:36 PDT 2020","Thu May 28 17:23:02 PDT 2020","Sun May 31 17:23:02 PDT 2020","","","","206","0% (0/0)","0% (0/0)","0% (0/0)","6l87t27xdghk0d94lbqc"
"3TCFMTM8HEOYVAXTFQRVTJF9UIL12G","34NBII25NZIOGJLGY73HHZ47TJY2JF","Reading a passage and responding to questions","You will read a short passage about a person, then answer questions related to the passage.","sentences, decisions, language","$0.40","Thu May 28 15:35:05 PDT 2020","352","BatchId:4058187;OriginalHitTemplateId:920937340;","7200","259200","Thu May 28 19:35:05 PDT 2020","","","3GGAI1SQEVYAB19EV740D88G6A7CM5","A3UQX3NQ7HMS62","Submitted","Thu May 28 15:54:31 PDT 2020","Thu May 28 15:59:54 PDT 2020","Sun May 31 15:59:54 PDT 2020","","","","323","0% (0/0)","0% (0/0)","0% (0/0)","0jgby4bwwh07v5odafc4"
"3TCFMTM8HEOYVAXTFQRVTJF9UIL12G","34NBII25NZIOGJLGY73HHZ47TJY2JF","Reading a passage and responding to questions","You will read a short passage about a person, then answer questions related to the passage.","sentences, decisions, language","$0.40","Thu May 28 15:35:05 PDT 2020","352","BatchId:4058187;OriginalHitTemplateId:920937340;","7200","259200","Thu May 28 19:35:05 PDT 2020","","","3H8DHMCCW9BPQ5FPARMVI1YU25TDK6","A3F2UUP5LDLESJ","Submitted","Thu May 28 16:54:18 PDT 2020","Thu May 28 17:03:14 PDT 2020","Sun May 31 17:03:14 PDT 2020","","","","536","0% (0/0)","0% (0/0)","0% (0/0)","d7mpyzayaysxm644lq6l"
"3TCFMTM8HEOYVAXTFQRVTJF9UIL12G","34NBII25NZIOGJLGY73HHZ47TJY2JF","Reading a passage and responding to questions","You will read a short passage about a person, then answer questions related to the passage.","sentences, decisions, language","$0.40","Thu May 28 15:35:05 PDT 2020","352","BatchId:4058187;OriginalHitTemplateId:920937340;","7200","259200","Thu May 28 19:35:05 PDT 2020","","","3HMVI3QICJSQIFOUYD3RQ7CWBNU1YU","AVB6A6RZ12Y9G","Submitted","Thu May 28 15:50:28 PDT 2020","Thu May 28 16:02:08 PDT 2020","Sun May 31 16:02:08 PDT 2020","","","","700","0% (0/0)","0% (0/0)","0% (0/0)","79nc8tcb22ntnxottdnu"
"3TCFMTM8HEOYVAXTFQRVTJF9UIL12G","34NBII25NZIOGJLGY73HHZ47TJY2JF","Reading a passage and responding to questions","You will read a short passage about a person, then answer questions related to the passage.","sentences, decisions, language","$0.40","Thu May 28 15:35:05 PDT 2020","352","BatchId:4058187;OriginalHitTemplateId:920937340;","7200","259200","Thu May 28 19:35:05 PDT 2020","","","3HPZF4IVNMTA5IYSEASB73VNFKLCYV","A1YP7J96A1U91M","Submitted","Thu May 28 15:55:44 PDT 2020","Thu May 28 16:07:17 PDT 2020","Sun May 31 16:07:17 PDT 2020","","","","693","0% (0/0)","0% (0/0)","0% (0/0)","5d27uty45xnl5klgsdrc"
"3TCFMTM8HEOYVAXTFQRVTJF9UIL12G","34NBII25NZIOGJLGY73HHZ47TJY2JF","Reading a passage and responding to questions","You will read a short passage about a person, then answer questions related to the passage.","sentences, decisions, language","$0.40","Thu May 28 15:35:05 PDT 2020","352","BatchId:4058187;OriginalHitTemplateId:920937340;","7200","259200","Thu May 28 19:35:05 PDT 2020","","","3I0BTBYZAXLQBQ3C2UZRC2TM6VMY0M","A1RHBKSDCWZTUC","Submitted","Thu May 28 15:41:53 PDT 2020","Thu May 28 15:44:46 PDT 2020","Sun May 31 15:44:46 PDT 2020","","","","173","0% (0/0)","0% (0/0)","0% (0/0)","x85uzhotnmzhkewko9zw"
"3TCFMTM8HEOYVAXTFQRVTJF9UIL12G","34NBII25NZIOGJLGY73HHZ47TJY2JF","Reading a passage and responding to questions","You will read a short passage about a person, then answer questions related to the passage.","sentences, decisions, language","$0.40","Thu May 28 15:35:05 PDT 2020","352","BatchId:4058187;OriginalHitTemplateId:920937340;","7200","259200","Thu May 28 19:35:05 PDT 2020","","","3IOEN3P9S7JOZVEOSU8Z7GS3CD5613","A1V2Q9HL0KRPW","Submitted","Thu May 28 16:37:49 PDT 2020","Thu May 28 17:02:34 PDT 2020","Sun May 31 17:02:34 PDT 2020","","","","1485","0% (0/0)","0% (0/0)","0% (0/0)","jxj65hw7qfqncdskxvnj"
"3TCFMTM8HEOYVAXTFQRVTJF9UIL12G","34NBII25NZIOGJLGY73HHZ47TJY2JF","Reading a passage and responding to questions","You will read a short passage about a person, then answer questions related to the passage.","sentences, decisions, language","$0.40","Thu May 28 15:35:05 PDT 2020","352","BatchId:4058187;OriginalHitTemplateId:920937340;","7200","259200","Thu May 28 19:35:05 PDT 2020","","","3JBT3HLQF82T4XH1F1G05A3WKX7PZG","A3FTR5MN7ZLS8M","Submitted","Thu May 28 16:36:17 PDT 2020","Thu May 28 16:39:03 PDT 2020","Sun May 31 16:39:03 PDT 2020","","","","166","0% (0/0)","0% (0/0)","0% (0/0)","2pjcxvn99qxypyygvaks"
"3TCFMTM8HEOYVAXTFQRVTJF9UIL12G","34NBII25NZIOGJLGY73HHZ47TJY2JF","Reading a passage and responding to questions","You will read a short passage about a person, then answer questions related to the passage.","sentences, decisions, language","$0.40","Thu May 28 15:35:05 PDT 2020","352","BatchId:4058187;OriginalHitTemplateId:920937340;","7200","259200","Thu May 28 19:35:05 PDT 2020","","","3JRJSWSMQHLOMDLILG5G7XZDRV9E3Q","A1P0M5D9IGZIDK","Submitted","Thu May 28 17:12:35 PDT 2020","Thu May 28 17:16:06 PDT 2020","Sun May 31 17:16:06 PDT 2020","","","","211","0% (0/0)","0% (0/0)","0% (0/0)","gqt2f9nbe76gkm4ekyxw"
"3TCFMTM8HEOYVAXTFQRVTJF9UIL12G","34NBII25NZIOGJLGY73HHZ47TJY2JF","Reading a passage and responding to questions","You will read a short passage about a person, then answer questions related to the passage.","sentences, decisions, language","$0.40","Thu May 28 15:35:05 PDT 2020","352","BatchId:4058187;OriginalHitTemplateId:920937340;","7200","259200","Thu May 28 19:35:05 PDT 2020","","","3K9FOBBF2HJ9WNOKKLCZT6N3599NLA","A3ESBL8J4RUANK","Submitted","Thu May 28 19:03:20 PDT 2020","Thu May 28 19:08:41 PDT 2020","Sun May 31 19:08:41 PDT 2020","","","","321","0% (0/0)","0% (0/0)","0% (0/0)","5xy6jn0cqruca5sqgpgs"
"3TCFMTM8HEOYVAXTFQRVTJF9UIL12G","34NBII25NZIOGJLGY73HHZ47TJY2JF","Reading a passage and responding to questions","You will read a short passage about a person, then answer questions related to the passage.","sentences, decisions, language","$0.40","Thu May 28 15:35:05 PDT 2020","352","BatchId:4058187;OriginalHitTemplateId:920937340;","7200","259200","Thu May 28 19:35:05 PDT 2020","","","3KB8R4ZV1E7R9MLM64AAPJI1S3VBGP","A1KH1O9AZ7S642","Submitted","Thu May 28 15:58:48 PDT 2020","Thu May 28 16:17:12 PDT 2020","Sun May 31 16:17:12 PDT 2020","","","","1104","0% (0/0)","0% (0/0)","0% (0/0)","bsf25w9377m89q8tc3za"
"3TCFMTM8HEOYVAXTFQRVTJF9UIL12G","34NBII25NZIOGJLGY73HHZ47TJY2JF","Reading a passage and responding to questions","You will read a short passage about a person, then answer questions related to the passage.","sentences, decisions, language","$0.40","Thu May 28 15:35:05 PDT 2020","352","BatchId:4058187;OriginalHitTemplateId:920937340;","7200","259200","Thu May 28 19:35:05 PDT 2020","","","3LO69W1SU3D3MV7YXHZ43ME64XPGLX","A2OKS0QV1ZVR36","Submitted","Thu May 28 19:24:53 PDT 2020","Thu May 28 19:30:05 PDT 2020","Sun May 31 19:30:05 PDT 2020","","","","312","0% (0/0)","0% (0/0)","0% (0/0)","xzutvogrmy61h1uhmsms"
"3TCFMTM8HEOYVAXTFQRVTJF9UIL12G","34NBII25NZIOGJLGY73HHZ47TJY2JF","Reading a passage and responding to questions","You will read a short passage about a person, then answer questions related to the passage.","sentences, decisions, language","$0.40","Thu May 28 15:35:05 PDT 2020","352","BatchId:4058187;OriginalHitTemplateId:920937340;","7200","259200","Thu May 28 19:35:05 PDT 2020","","","3MHW492WW0D6AAFEMOZ530W5RHXVMX","AB4UHUJXJJYNR","Submitted","Thu May 28 18:17:54 PDT 2020","Thu May 28 18:20:58 PDT 2020","Sun May 31 18:20:58 PDT 2020","","","","184","0% (0/0)","0% (0/0)","0% (0/0)","gd8t51v4zq6qojaewdex"
"3TCFMTM8HEOYVAXTFQRVTJF9UIL12G","34NBII25NZIOGJLGY73HHZ47TJY2JF","Reading a passage and responding to questions","You will read a short passage about a person, then answer questions related to the passage.","sentences, decisions, language","$0.40","Thu May 28 15:35:05 PDT 2020","352","BatchId:4058187;OriginalHitTemplateId:920937340;","7200","259200","Thu May 28 19:35:05 PDT 2020","","","3N4BPTXIO8SB77QBWMCKS12IO5JUKS","A34VLM2UC0JY11","Submitted","Thu May 28 16:01:09 PDT 2020","Thu May 28 16:03:12 PDT 2020","Sun May 31 16:03:12 PDT 2020","","","","123","0% (0/0)","0% (0/0)","0% (0/0)","h7upjr1a16fb8n1r3thv"
"3TCFMTM8HEOYVAXTFQRVTJF9UIL12G","34NBII25NZIOGJLGY73HHZ47TJY2JF","Reading a passage and responding to questions","You will read a short passage about a person, then answer questions related to the passage.","sentences, decisions, language","$0.40","Thu May 28 15:35:05 PDT 2020","352","BatchId:4058187;OriginalHitTemplateId:920937340;","7200","259200","Thu May 28 19:35:05 PDT 2020","","","3OHYZ19UGC5AIPXSO9NMZH7X170AOF","A218S9QMWS15U","Submitted","Thu May 28 15:41:04 PDT 2020","Thu May 28 15:48:14 PDT 2020","Sun May 31 15:48:14 PDT 2020","","","","430","0% (0/0)","0% (0/0)","0% (0/0)","o4ps9tkgyns5jck2d2lt"
"3TCFMTM8HEOYVAXTFQRVTJF9UIL12G","34NBII25NZIOGJLGY73HHZ47TJY2JF","Reading a passage and responding to questions","You will read a short passage about a person, then answer questions related to the passage.","sentences, decisions, language","$0.40","Thu May 28 15:35:05 PDT 2020","352","BatchId:4058187;OriginalHitTemplateId:920937340;","7200","259200","Thu May 28 19:35:05 PDT 2020","","","3PS7W85Z8Z2CQYSVSKVLXW20UX6T9C","A3M08D3UWYNRH0","Submitted","Thu May 28 17:19:37 PDT 2020","Thu May 28 17:22:19 PDT 2020","Sun May 31 17:22:19 PDT 2020","","","","162","0% (0/0)","0% (0/0)","0% (0/0)","tq43guznpjla54y34aq1"
"3TCFMTM8HEOYVAXTFQRVTJF9UIL12G","34NBII25NZIOGJLGY73HHZ47TJY2JF","Reading a passage and responding to questions","You will read a short passage about a person, then answer questions related to the passage.","sentences, decisions, language","$0.40","Thu May 28 15:35:05 PDT 2020","352","BatchId:4058187;OriginalHitTemplateId:920937340;","7200","259200","Thu May 28 19:35:05 PDT 2020","","","3QAPZX2QN4D0A5A599SW3YSHRG120J","A1VV8QCMXO470U","Submitted","Thu May 28 17:42:32 PDT 2020","Thu May 28 19:01:49 PDT 2020","Sun May 31 19:01:49 PDT 2020","","","","4757","0% (0/0)","0% (0/0)","0% (0/0)","ynytqzc9ylvhxp5g7u4q"
"3TCFMTM8HEOYVAXTFQRVTJF9UIL12G","34NBII25NZIOGJLGY73HHZ47TJY2JF","Reading a passage and responding to questions","You will read a short passage about a person, then answer questions related to the passage.","sentences, decisions, language","$0.40","Thu May 28 15:35:05 PDT 2020","352","BatchId:4058187;OriginalHitTemplateId:920937340;","7200","259200","Thu May 28 19:35:05 PDT 2020","","","3RSDURM96AMP2GI6A1Y6XRVQ0WYEYQ","A2GK11SPBF73C6","Submitted","Thu May 28 16:00:34 PDT 2020","Thu May 28 16:07:29 PDT 2020","Sun May 31 16:07:29 PDT 2020","","","","415","0% (0/0)","0% (0/0)","0% (0/0)","42x2w5ktfocn7nbefd58"
"3TCFMTM8HEOYVAXTFQRVTJF9UIL12G","34NBII25NZIOGJLGY73HHZ47TJY2JF","Reading a passage and responding to questions","You will read a short passage about a person, then answer questions related to the passage.","sentences, decisions, language","$0.40","Thu May 28 15:35:05 PDT 2020","352","BatchId:4058187;OriginalHitTemplateId:920937340;","7200","259200","Thu May 28 19:35:05 PDT 2020","","","3S0TNUHWKTI5V4DO12PSSWP375T8DC","A3B78IOO10J98N","Submitted","Thu May 28 15:42:39 PDT 2020","Thu May 28 17:12:38 PDT 2020","Sun May 31 17:12:38 PDT 2020","","","","5399","0% (0/0)","0% (0/0)","0% (0/0)","kq5quktcov80oa5nzeoy"
"3TCFMTM8HEOYVAXTFQRVTJF9UIL12G","34NBII25NZIOGJLGY73HHZ47TJY2JF","Reading a passage and responding to questions","You will read a short passage about a person, then answer questions related to the passage.","sentences, decisions, language","$0.40","Thu May 28 15:35:05 PDT 2020","352","BatchId:4058187;OriginalHitTemplateId:920937340;","7200","259200","Thu May 28 19:35:05 PDT 2020","","","3SB5N7Y3O34QPZIC8ODL52MI1ZCG0M","A2ETST3HXKNW5J","Submitted","Thu May 28 19:01:50 PDT 2020","Thu May 28 19:10:42 PDT 2020","Sun May 31 19:10:42 PDT 2020","","","","532","0% (0/0)","0% (0/0)","0% (0/0)","ehllzugtm80px3mrfs1b"
"3TCFMTM8HEOYVAXTFQRVTJF9UIL12G","34NBII25NZIOGJLGY73HHZ47TJY2JF","Reading a passage and responding to questions","You will read a short passage about a person, then answer questions related to the passage.","sentences, decisions, language","$0.40","Thu May 28 15:35:05 PDT 2020","352","BatchId:4058187;OriginalHitTemplateId:920937340;","7200","259200","Thu May 28 19:35:05 PDT 2020","","","3TU5ZICBRD1ZKDHT6OVCSVW2QKX8QW","A389GEP7DP30F1","Submitted","Thu May 28 18:56:56 PDT 2020","Thu May 28 19:04:22 PDT 2020","Sun May 31 19:04:22 PDT 2020","","","","446","0% (0/0)","0% (0/0)","0% (0/0)","77r1f5j9m06ejgvookjh"
"3TCFMTM8HEOYVAXTFQRVTJF9UIL12G","34NBII25NZIOGJLGY73HHZ47TJY2JF","Reading a passage and responding to questions","You will read a short passage about a person, then answer questions related to the passage.","sentences, decisions, language","$0.40","Thu May 28 15:35:05 PDT 2020","352","BatchId:4058187;OriginalHitTemplateId:920937340;","7200","259200","Thu May 28 19:35:05 PDT 2020","","","3TY7ZAOG5FKVRLEVYFY03UEB8GM0K2","A1RTSWQLSN8FKX","Submitted","Thu May 28 17:20:02 PDT 2020","Thu May 28 17:23:12 PDT 2020","Sun May 31 17:23:12 PDT 2020","","","","190","0% (0/0)","0% (0/0)","0% (0/0)","bghspo6qbcq31lg7d5nj"
"3TCFMTM8HEOYVAXTFQRVTJF9UIL12G","34NBII25NZIOGJLGY73HHZ47TJY2JF","Reading a passage and responding to questions","You will read a short passage about a person, then answer questions related to the passage.","sentences, decisions, language","$0.40","Thu May 28 15:35:05 PDT 2020","352","BatchId:4058187;OriginalHitTemplateId:920937340;","7200","259200","Thu May 28 19:35:05 PDT 2020","","","3V0Z7YWSIY0G36BLC6GLORI7LC9V2Z","A18NACABV7QO7I","Submitted","Thu May 28 16:36:40 PDT 2020","Thu May 28 16:44:07 PDT 2020","Sun May 31 16:44:07 PDT 2020","","","","447","0% (0/0)","0% (0/0)","0% (0/0)","mae5uy8g37q89adbh6bn"
"3TCFMTM8HEOYVAXTFQRVTJF9UIL12G","34NBII25NZIOGJLGY73HHZ47TJY2JF","Reading a passage and responding to questions","You will read a short passage about a person, then answer questions related to the passage.","sentences, decisions, language","$0.40","Thu May 28 15:35:05 PDT 2020","352","BatchId:4058187;OriginalHitTemplateId:920937340;","7200","259200","Thu May 28 19:35:05 PDT 2020","","","3VHHR074H3HKT2WX4EVAX91D5U4L7X","AQF1DFOFTGU5M","Submitted","Thu May 28 19:02:41 PDT 2020","Thu May 28 20:04:03 PDT 2020","Sun May 31 20:04:03 PDT 2020","","","","3682","0% (0/0)","0% (0/0)","0% (0/0)","lvxk8ya8ex2p2q3633lt"
"3TCFMTM8HEOYVAXTFQRVTJF9UIL12G","34NBII25NZIOGJLGY73HHZ47TJY2JF","Reading a passage and responding to questions","You will read a short passage about a person, then answer questions related to the passage.","sentences, decisions, language","$0.40","Thu May 28 15:35:05 PDT 2020","352","BatchId:4058187;OriginalHitTemplateId:920937340;","7200","259200","Thu May 28 19:35:05 PDT 2020","","","3W92K5RLWUH823U8UPIJMYLJ5MWV5W","A60JCK0U27JY","Submitted","Thu May 28 15:50:51 PDT 2020","Thu May 28 15:52:26 PDT 2020","Sun May 31 15:52:26 PDT 2020","","","","95","0% (0/0)","0% (0/0)","0% (0/0)","r28cu3y8dwcsz8c4a5qv"
"3TCFMTM8HEOYVAXTFQRVTJF9UIL12G","34NBII25NZIOGJLGY73HHZ47TJY2JF","Reading a passage and responding to questions","You will read a short passage about a person, then answer questions related to the passage.","sentences, decisions, language","$0.40","Thu May 28 15:35:05 PDT 2020","352","BatchId:4058187;OriginalHitTemplateId:920937340;","7200","259200","Thu May 28 19:35:05 PDT 2020","","","3WETL7AQWT8OQUSPAFCD33T0E23539","A2I8FXBL6G5JVV","Submitted","Thu May 28 15:37:47 PDT 2020","Thu May 28 15:47:51 PDT 2020","Sun May 31 15:47:51 PDT 2020","","","","604","0% (0/0)","0% (0/0)","0% (0/0)","nkzneugdl2x31vnve4l0"
"3TCFMTM8HEOYVAXTFQRVTJF9UIL12G","34NBII25NZIOGJLGY73HHZ47TJY2JF","Reading a passage and responding to questions","You will read a short passage about a person, then answer questions related to the passage.","sentences, decisions, language","$0.40","Thu May 28 15:35:05 PDT 2020","352","BatchId:4058187;OriginalHitTemplateId:920937340;","7200","259200","Thu May 28 19:35:05 PDT 2020","","","3WETL7AQWT8OQUSPAFCD33T0E2F35J","A3SIYZQYIHULPB","Submitted","Thu May 28 18:15:53 PDT 2020","Thu May 28 18:31:10 PDT 2020","Sun May 31 18:31:10 PDT 2020","","","","917","0% (0/0)","0% (0/0)","0% (0/0)","cygv2osf5ejz6wf5xat5"
"3TCFMTM8HEOYVAXTFQRVTJF9UIL12G","34NBII25NZIOGJLGY73HHZ47TJY2JF","Reading a passage and responding to questions","You will read a short passage about a person, then answer questions related to the passage.","sentences, decisions, language","$0.40","Thu May 28 15:35:05 PDT 2020","352","BatchId:4058187;OriginalHitTemplateId:920937340;","7200","259200","Thu May 28 19:35:05 PDT 2020","","","3WLEIWSYHOHBL5G17HZH9QRYDXA2HS","AA0Y20XC10NYR","Submitted","Thu May 28 19:08:20 PDT 2020","Thu May 28 19:24:55 PDT 2020","Sun May 31 19:24:55 PDT 2020","","","","995","0% (0/0)","0% (0/0)","0% (0/0)","sqce9j08ybv6qr88dobw"
"3TCFMTM8HEOYVAXTFQRVTJF9UIL12G","34NBII25NZIOGJLGY73HHZ47TJY2JF","Reading a passage and responding to questions","You will read a short passage about a person, then answer questions related to the passage.","sentences, decisions, language","$0.40","Thu May 28 15:35:05 PDT 2020","352","BatchId:4058187;OriginalHitTemplateId:920937340;","7200","259200","Thu May 28 19:35:05 PDT 2020","","","3WT783CTPBHESA5H4IERZSXMUB4BCG","A1462VWTPN3SIY","Submitted","Thu May 28 16:07:58 PDT 2020","Thu May 28 16:22:03 PDT 2020","Sun May 31 16:22:03 PDT 2020","","","","845","0% (0/0)","0% (0/0)","0% (0/0)","xrrqbsrx6w9xpy3leor9"
"3TCFMTM8HEOYVAXTFQRVTJF9UIL12G","34NBII25NZIOGJLGY73HHZ47TJY2JF","Reading a passage and responding to questions","You will read a short passage about a person, then answer questions related to the passage.","sentences, decisions, language","$0.40","Thu May 28 15:35:05 PDT 2020","352","BatchId:4058187;OriginalHitTemplateId:920937340;","7200","259200","Thu May 28 19:35:05 PDT 2020","","","3XUHV3NRVKY3K2ZOP01F7XUAX7N5HI","A27HIYFTFMMY32","Submitted","Thu May 28 16:05:08 PDT 2020","Thu May 28 16:09:14 PDT 2020","Sun May 31 16:09:14 PDT 2020","","","","246","0% (0/0)","0% (0/0)","0% (0/0)","w6zkzgoe63ajo9sznlrx"
"3TCFMTM8HEOYVAXTFQRVTJF9UIL12G","34NBII25NZIOGJLGY73HHZ47TJY2JF","Reading a passage and responding to questions","You will read a short passage about a person, then answer questions related to the passage.","sentences, decisions, language","$0.40","Thu May 28 15:35:05 PDT 2020","352","BatchId:4058187;OriginalHitTemplateId:920937340;","7200","259200","Thu May 28 19:35:05 PDT 2020","","","3YOH7BII097BKMFB1CMPON412C4KVJ","A2OBYPE0QRJDYS","Submitted","Thu May 28 18:40:08 PDT 2020","Thu May 28 18:55:07 PDT 2020","Sun May 31 18:55:07 PDT 2020","","","","899","0% (0/0)","0% (0/0)","0% (0/0)","hsjfx7m9bte14p25dk3a"
"3TCFMTM8HEOYVAXTFQRVTJF9UIL12G","34NBII25NZIOGJLGY73HHZ47TJY2JF","Reading a passage and responding to questions","You will read a short passage about a person, then answer questions related to the passage.","sentences, decisions, language","$0.40","Thu May 28 15:35:05 PDT 2020","352","BatchId:4058187;OriginalHitTemplateId:920937340;","7200","259200","Thu May 28 19:35:05 PDT 2020","","","3Z2R0DQ0JHEZ1VPZHGRBONULLH3E29","A1KJM7LGOUAXUH","Submitted","Thu May 28 15:58:28 PDT 2020","Thu May 28 16:00:00 PDT 2020","Sun May 31 16:00:00 PDT 2020","","","","92","100% (1/1)","100% (1/1)","100% (1/1)","j564sdlz9d8mwlcgvz8g"
"3TCFMTM8HEOYVAXTFQRVTJF9UIL12G","34NBII25NZIOGJLGY73HHZ47TJY2JF","Reading a passage and responding to questions","You will read a short passage about a person, then answer questions related to the passage.","sentences, decisions, language","$0.40","Thu May 28 15:35:05 PDT 2020","352","BatchId:4058187;OriginalHitTemplateId:920937340;","7200","259200","Thu May 28 19:35:05 PDT 2020","","","3Z7VU45IPYHQN5YZUZ5A4ELYHHWZ1H","A2DSVJO85VY2TF","Submitted","Thu May 28 15:36:11 PDT 2020","Thu May 28 15:41:42 PDT 2020","Sun May 31 15:41:42 PDT 2020","","","","331","0% (0/0)","0% (0/0)","0% (0/0)","eqwvbbd6v43qd6e6y3nu"