"HITId","HITTypeId","Title","Description","Keywords","Reward","CreationTime","MaxAssignments","RequesterAnnotation","AssignmentDurationInSeconds","AutoApprovalDelayInSeconds","Expiration","NumberOfSimilarHITs","LifetimeInSeconds","AssignmentId","WorkerId","AssignmentStatus","AcceptTime","SubmitTime","AutoApprovalTime","ApprovalTime","RejectionTime","RequesterFeedback","WorkTimeInSeconds","LifetimeApprovalRate","Last30DaysApprovalRate","Last7DaysApprovalRate","Answer.surveycode","Approve","Reject"
"3QGHA0EA0J0LKODSV79RN287KY4WB3","32KI9HN0SH8Q5EEER27HJI3DITGU1K","Reading a passage and responding to questions","You will read a short passage about a person, then answer questions related to the passage.","sentences, decisions, language","$0.40","Tue May 26 06:44:16 PDT 2020","352","BatchId:4053536;OriginalHitTemplateId:920937340;","7200","172800","Tue May 26 10:44:16 PDT 2020","","","31LM9EDVOLS31X0KH00MDRAB1AMJN2","AXVZQ9IME6CPQ","Submitted","Tue May 26 07:22:21 PDT 2020","Tue May 26 07:26:28 PDT 2020","Thu May 28 07:26:28 PDT 2020","","","","247","0% (0/0)","0% (0/0)","0% (0/0)","y4dwg8l8kz0rfytjd1no"
"3QGHA0EA0J0LKODSV79RN287KY4WB3","32KI9HN0SH8Q5EEER27HJI3DITGU1K","Reading a passage and responding to questions","You will read a short passage about a person, then answer questions related to the passage.","sentences, decisions, language","$0.40","Tue May 26 06:44:16 PDT 2020","352","BatchId:4053536;OriginalHitTemplateId:920937340;","7200","172800","Tue May 26 10:44:16 PDT 2020","","","324G5B4FB387W67BFL9RZP9P2N607Y","A1532NUO4JOLVM","Submitted","Tue May 26 10:30:07 PDT 2020","Tue May 26 10:35:48 PDT 2020","Thu May 28 10:35:48 PDT 2020","","","","341","0% (0/0)","0% (0/0)","0% (0/0)","en7wxook7t1tfljm7bk1"
"3QGHA0EA0J0LKODSV79RN287KY4WB3","32KI9HN0SH8Q5EEER27HJI3DITGU1K","Reading a passage and responding to questions","You will read a short passage about a person, then answer questions related to the passage.","sentences, decisions, language","$0.40","Tue May 26 06:44:16 PDT 2020","352","BatchId:4053536;OriginalHitTemplateId:920937340;","7200","172800","Tue May 26 10:44:16 PDT 2020","","","32XVDSJFPZXXDJHCYEFU1VZUUAZ2M9","A1JRK3YF3QR49C","Submitted","Tue May 26 08:11:34 PDT 2020","Tue May 26 08:17:53 PDT 2020","Thu May 28 08:17:53 PDT 2020","","","","379","0% (0/0)","0% (0/0)","0% (0/0)","4667mgdcog2qgnz83q9u"
"3QGHA0EA0J0LKODSV79RN287KY4WB3","32KI9HN0SH8Q5EEER27HJI3DITGU1K","Reading a passage and responding to questions","You will read a short passage about a person, then answer questions related to the passage.","sentences, decisions, language","$0.40","Tue May 26 06:44:16 PDT 2020","352","BatchId:4053536;OriginalHitTemplateId:920937340;","7200","172800","Tue May 26 10:44:16 PDT 2020","","","33FOTY3KEMLDFCNP2LL2TGKD8QAC1D","A17ZO5YP8A3IUV","Submitted","Tue May 26 07:36:01 PDT 2020","Tue May 26 07:40:11 PDT 2020","Thu May 28 07:40:11 PDT 2020","","","","250","0% (0/0)","0% (0/0)","0% (0/0)","4dn4l536jlnzzlejk11g"
"3QGHA0EA0J0LKODSV79RN287KY4WB3","32KI9HN0SH8Q5EEER27HJI3DITGU1K","Reading a passage and responding to questions","You will read a short passage about a person, then answer questions related to the passage.","sentences, decisions, language","$0.40","Tue May 26 06:44:16 PDT 2020","352","BatchId:4053536;OriginalHitTemplateId:920937340;","7200","172800","Tue May 26 10:44:16 PDT 2020","","","33L7PJKHCGYCCT9LNSP7X07PAIFT8W","AP43EYS9D1Z9E","Submitted","Tue May 26 07:29:04 PDT 2020","Tue May 26 07:34:58 PDT 2020","Thu May 28 07:34:58 PDT 2020","","","","354","0% (0/0)","0% (0/0)","0% (0/0)","wy5odtdxmlsyq945w81v"
"3QGHA0EA0J0LKODSV79RN287KY4WB3","32KI9HN0SH8Q5EEER27HJI3DITGU1K","Reading a passage and responding to questions","You will read a short passage about a person, then answer questions related to the passage.","sentences, decisions, language","$0.40","Tue May 26 06:44:16 PDT 2020","352","BatchId:4053536;OriginalHitTemplateId:920937340;","7200","172800","Tue May 26 10:44:16 PDT 2020","","","33LK57MYLT5QHPXT7IKU0F8778PSZS","AXKJOA7PG8JW","Submitted","Tue May 26 09:09:33 PDT 2020","Tue May 26 09:13:44 PDT 2020","Thu May 28 09:13:44 PDT 2020","","","","251","0% (0/0)","0% (0/0)","0% (0/0)","21lmz13dt9lyoe64w9bg"
"3QGHA0EA0J0LKODSV79RN287KY4WB3","32KI9HN0SH8Q5EEER27HJI3DITGU1K","Reading a passage and responding to questions","You will read a short passage about a person, then answer questions related to the passage.","sentences, decisions, language","$0.40","Tue May 26 06:44:16 PDT 2020","352","BatchId:4053536;OriginalHitTemplateId:920937340;","7200","172800","Tue May 26 10:44:16 PDT 2020","","","33PPO7FECVFYKAP1AO1J5LJHARSID4","AURYD2FH3FUOQ","Submitted","Tue May 26 06:55:26 PDT 2020","Tue May 26 06:58:58 PDT 2020","Thu May 28 06:58:58 PDT 2020","","","","212","100% (2/2)","0% (0/0)","0% (0/0)","vuqufwhrukerjhfbjya3"
"3QGHA0EA0J0LKODSV79RN287KY4WB3","32KI9HN0SH8Q5EEER27HJI3DITGU1K","Reading a passage and responding to questions","You will read a short passage about a person, then answer questions related to the passage.","sentences, decisions, language","$0.40","Tue May 26 06:44:16 PDT 2020","352","BatchId:4053536;OriginalHitTemplateId:920937340;","7200","172800","Tue May 26 10:44:16 PDT 2020","","","33SA9F9TRXULDBN6V0GICUAAPFLEWW","A2YLF04UAKYVF1","Submitted","Tue May 26 10:08:28 PDT 2020","Tue May 26 10:11:21 PDT 2020","Thu May 28 10:11:21 PDT 2020","","","","173","0% (0/0)","0% (0/0)","0% (0/0)","wq4yhqcgyhbfhhrp43a6"
"3QGHA0EA0J0LKODSV79RN287KY4WB3","32KI9HN0SH8Q5EEER27HJI3DITGU1K","Reading a passage and responding to questions","You will read a short passage about a person, then answer questions related to the passage.","sentences, decisions, language","$0.40","Tue May 26 06:44:16 PDT 2020","352","BatchId:4053536;OriginalHitTemplateId:920937340;","7200","172800","Tue May 26 10:44:16 PDT 2020","","","34FNN24DCM9P6XPDZ053TXPDNUYY5Q","A17XYWI149K83G","Submitted","Tue May 26 07:47:54 PDT 2020","Tue May 26 07:56:14 PDT 2020","Thu May 28 07:56:14 PDT 2020","","","","500","0% (0/0)","0% (0/0)","0% (0/0)","631enwpscln1lbox54sh"
"3QGHA0EA0J0LKODSV79RN287KY4WB3","32KI9HN0SH8Q5EEER27HJI3DITGU1K","Reading a passage and responding to questions","You will read a short passage about a person, then answer questions related to the passage.","sentences, decisions, language","$0.40","Tue May 26 06:44:16 PDT 2020","352","BatchId:4053536;OriginalHitTemplateId:920937340;","7200","172800","Tue May 26 10:44:16 PDT 2020","","","34S6N1K2ZVJHMR29HNHMOMQ7JNEHLP","A33LIA2OIUFES8","Submitted","Tue May 26 06:44:43 PDT 2020","Tue May 26 06:51:55 PDT 2020","Thu May 28 06:51:55 PDT 2020","","","","432","0% (0/0)","0% (0/0)","0% (0/0)","80r1b98reny227l147a9"
"3QGHA0EA0J0LKODSV79RN287KY4WB3","32KI9HN0SH8Q5EEER27HJI3DITGU1K","Reading a passage and responding to questions","You will read a short passage about a person, then answer questions related to the passage.","sentences, decisions, language","$0.40","Tue May 26 06:44:16 PDT 2020","352","BatchId:4053536;OriginalHitTemplateId:920937340;","7200","172800","Tue May 26 10:44:16 PDT 2020","","","35DR22AR5DKXSDCZGLV8VMKK7SG3X2","A18VP6TUHPYBIG","Submitted","Tue May 26 08:00:36 PDT 2020","Tue May 26 08:07:53 PDT 2020","Thu May 28 08:07:53 PDT 2020","","","","437","0% (0/0)","0% (0/0)","0% (0/0)","wusvomed9ftecscxo3ds"
"3QGHA0EA0J0LKODSV79RN287KY4WB3","32KI9HN0SH8Q5EEER27HJI3DITGU1K","Reading a passage and responding to questions","You will read a short passage about a person, then answer questions related to the passage.","sentences, decisions, language","$0.40","Tue May 26 06:44:16 PDT 2020","352","BatchId:4053536;OriginalHitTemplateId:920937340;","7200","172800","Tue May 26 10:44:16 PDT 2020","","","36U2A8VAG1ZSOGAG6N99VM8VKJQYK6","A3J801HAKE16VZ","Submitted","Tue May 26 07:24:07 PDT 2020","Tue May 26 07:31:06 PDT 2020","Thu May 28 07:31:06 PDT 2020","","","","419","0% (0/0)","0% (0/0)","0% (0/0)","3tol8459r7bawrg5rq7d"
"3QGHA0EA0J0LKODSV79RN287KY4WB3","32KI9HN0SH8Q5EEER27HJI3DITGU1K","Reading a passage and responding to questions","You will read a short passage about a person, then answer questions related to the passage.","sentences, decisions, language","$0.40","Tue May 26 06:44:16 PDT 2020","352","BatchId:4053536;OriginalHitTemplateId:920937340;","7200","172800","Tue May 26 10:44:16 PDT 2020","","","378XPAWRUCD0M3MPQEAHFKBBPOUIA1","AC20DRHHYFVF5","Submitted","Tue May 26 06:46:09 PDT 2020","Tue May 26 06:57:29 PDT 2020","Thu May 28 06:57:29 PDT 2020","","","","680","0% (0/0)","0% (0/0)","0% (0/0)","74aqhkm3hq9f8449c7cd"
"3QGHA0EA0J0LKODSV79RN287KY4WB3","32KI9HN0SH8Q5EEER27HJI3DITGU1K","Reading a passage and responding to questions","You will read a short passage about a person, then answer questions related to the passage.","sentences, decisions, language","$0.40","Tue May 26 06:44:16 PDT 2020","352","BatchId:4053536;OriginalHitTemplateId:920937340;","7200","172800","Tue May 26 10:44:16 PDT 2020","","","37UQDCYH6XVNP78RIIXGKIZFWIKV7K","A129GA7DAJESE2","Submitted","Tue May 26 06:47:17 PDT 2020","Tue May 26 06:54:44 PDT 2020","Thu May 28 06:54:44 PDT 2020","","","","447","0% (0/0)","0% (0/0)","0% (0/0)","z7loetztafatp3aqw8lz"
"3QGHA0EA0J0LKODSV79RN287KY4WB3","32KI9HN0SH8Q5EEER27HJI3DITGU1K","Reading a passage and responding to questions","You will read a short passage about a person, then answer questions related to the passage.","sentences, decisions, language","$0.40","Tue May 26 06:44:16 PDT 2020","352","BatchId:4053536;OriginalHitTemplateId:920937340;","7200","172800","Tue May 26 10:44:16 PDT 2020","","","37Z929RLG98UVDOU1QVCER7QMCZST8","A1DT99CTT9CBIJ","Submitted","Tue May 26 08:44:00 PDT 2020","Tue May 26 08:46:24 PDT 2020","Thu May 28 08:46:24 PDT 2020","","","","144","0% (0/0)","0% (0/0)","0% (0/0)","4o1ts2w2ms47scjn6c9k"
"3QGHA0EA0J0LKODSV79RN287KY4WB3","32KI9HN0SH8Q5EEER27HJI3DITGU1K","Reading a passage and responding to questions","You will read a short passage about a person, then answer questions related to the passage.","sentences, decisions, language","$0.40","Tue May 26 06:44:16 PDT 2020","352","BatchId:4053536;OriginalHitTemplateId:920937340;","7200","172800","Tue May 26 10:44:16 PDT 2020","","","384PI804XS1TF4R33O72UG5LP1U0SW","AZ6JPT0QDB40V","Submitted","Tue May 26 08:00:31 PDT 2020","Tue May 26 08:01:06 PDT 2020","Thu May 28 08:01:06 PDT 2020","","","","35","0% (0/0)","0% (0/0)","0% (0/0)","uwkcn277x5rpowqqkb4e"
"3QGHA0EA0J0LKODSV79RN287KY4WB3","32KI9HN0SH8Q5EEER27HJI3DITGU1K","Reading a passage and responding to questions","You will read a short passage about a person, then answer questions related to the passage.","sentences, decisions, language","$0.40","Tue May 26 06:44:16 PDT 2020","352","BatchId:4053536;OriginalHitTemplateId:920937340;","7200","172800","Tue May 26 10:44:16 PDT 2020","","","386CSBG1OZMCGZY5D9YE8H0BKGSQ6V","A1M7H40V3FRIOX","Submitted","Tue May 26 07:48:03 PDT 2020","Tue May 26 07:55:35 PDT 2020","Thu May 28 07:55:35 PDT 2020","","","","452","0% (0/0)","0% (0/0)","0% (0/0)","feflt9acewjn7cekmpv6"
"3QGHA0EA0J0LKODSV79RN287KY4WB3","32KI9HN0SH8Q5EEER27HJI3DITGU1K","Reading a passage and responding to questions","You will read a short passage about a person, then answer questions related to the passage.","sentences, decisions, language","$0.40","Tue May 26 06:44:16 PDT 2020","352","BatchId:4053536;OriginalHitTemplateId:920937340;","7200","172800","Tue May 26 10:44:16 PDT 2020","","","38YMOXR4MUZH0WURPIXK06IX8G66WA","AW0QK6KIAPIJK","Submitted","Tue May 26 07:17:33 PDT 2020","Tue May 26 07:21:53 PDT 2020","Thu May 28 07:21:53 PDT 2020","","","","260","0% (0/0)","0% (0/0)","0% (0/0)","qbz4574rboxxnc9xhgzw"
"3QGHA0EA0J0LKODSV79RN287KY4WB3","32KI9HN0SH8Q5EEER27HJI3DITGU1K","Reading a passage and responding to questions","You will read a short passage about a person, then answer questions related to the passage.","sentences, decisions, language","$0.40","Tue May 26 06:44:16 PDT 2020","352","BatchId:4053536;OriginalHitTemplateId:920937340;","7200","172800","Tue May 26 10:44:16 PDT 2020","","","3AZHRG4CU4KPVN6OD961M8X9XKN30X","A1RKRL7971AMD","Submitted","Tue May 26 07:02:23 PDT 2020","Tue May 26 07:08:13 PDT 2020","Thu May 28 07:08:13 PDT 2020","","","","350","0% (0/0)","0% (0/0)","0% (0/0)","blrvop58r7zy4no1cf7y"
"3QGHA0EA0J0LKODSV79RN287KY4WB3","32KI9HN0SH8Q5EEER27HJI3DITGU1K","Reading a passage and responding to questions","You will read a short passage about a person, then answer questions related to the passage.","sentences, decisions, language","$0.40","Tue May 26 06:44:16 PDT 2020","352","BatchId:4053536;OriginalHitTemplateId:920937340;","7200","172800","Tue May 26 10:44:16 PDT 2020","","","3B837J3LDOWHFYB2X1QHEC68YQMSRD","A2FU42WCY56XY5","Submitted","Tue May 26 07:04:21 PDT 2020","Tue May 26 07:26:47 PDT 2020","Thu May 28 07:26:47 PDT 2020","","","","1346","0% (0/0)","0% (0/0)","0% (0/0)","w4cfuwthb1rvhtstqem7"
"3QGHA0EA0J0LKODSV79RN287KY4WB3","32KI9HN0SH8Q5EEER27HJI3DITGU1K","Reading a passage and responding to questions","You will read a short passage about a person, then answer questions related to the passage.","sentences, decisions, language","$0.40","Tue May 26 06:44:16 PDT 2020","352","BatchId:4053536;OriginalHitTemplateId:920937340;","7200","172800","Tue May 26 10:44:16 PDT 2020","","","3BEFOD78W6T7GXWZ2SYIUAWSEO94ML","A1MRBBA2OLM223","Submitted","Tue May 26 09:37:31 PDT 2020","Tue May 26 09:42:45 PDT 2020","Thu May 28 09:42:45 PDT 2020","","","","314","0% (0/0)","0% (0/0)","0% (0/0)","mnkceqlemxkn4lptxs8h"
"3QGHA0EA0J0LKODSV79RN287KY4WB3","32KI9HN0SH8Q5EEER27HJI3DITGU1K","Reading a passage and responding to questions","You will read a short passage about a person, then answer questions related to the passage.","sentences, decisions, language","$0.40","Tue May 26 06:44:16 PDT 2020","352","BatchId:4053536;OriginalHitTemplateId:920937340;","7200","172800","Tue May 26 10:44:16 PDT 2020","","","3CCZ6YKWR7JA5WH5RODNUGWMEKA593","A6T4OHCY5WVVD","Submitted","Tue May 26 07:19:46 PDT 2020","Tue May 26 07:26:27 PDT 2020","Thu May 28 07:26:27 PDT 2020","","","","401","0% (0/0)","0% (0/0)","0% (0/0)","ytqx4966ke487r0w23yl"
"3QGHA0EA0J0LKODSV79RN287KY4WB3","32KI9HN0SH8Q5EEER27HJI3DITGU1K","Reading a passage and responding to questions","You will read a short passage about a person, then answer questions related to the passage.","sentences, decisions, language","$0.40","Tue May 26 06:44:16 PDT 2020","352","BatchId:4053536;OriginalHitTemplateId:920937340;","7200","172800","Tue May 26 10:44:16 PDT 2020","","","3CTOC39K37QEYC8X1TJXHUOL1VD7JB","A1P1XXKN2PEG7V","Submitted","Tue May 26 06:44:43 PDT 2020","Tue May 26 06:57:52 PDT 2020","Thu May 28 06:57:52 PDT 2020","","","","789","0% (0/0)","0% (0/0)","0% (0/0)","jxd6vcd1u3ox93u306q0"
"3QGHA0EA0J0LKODSV79RN287KY4WB3","32KI9HN0SH8Q5EEER27HJI3DITGU1K","Reading a passage and responding to questions","You will read a short passage about a person, then answer questions related to the passage.","sentences, decisions, language","$0.40","Tue May 26 06:44:16 PDT 2020","352","BatchId:4053536;OriginalHitTemplateId:920937340;","7200","172800","Tue May 26 10:44:16 PDT 2020","","","3D4CH1LGEAT8LT6P8KWEYDNB4UIG9S","A188RG7AJW5JD2","Submitted","Tue May 26 10:24:53 PDT 2020","Tue May 26 10:32:06 PDT 2020","Thu May 28 10:32:06 PDT 2020","","","","433","0% (0/0)","0% (0/0)","0% (0/0)","rcurx5v7mq65gguejdeo"
"3QGHA0EA0J0LKODSV79RN287KY4WB3","32KI9HN0SH8Q5EEER27HJI3DITGU1K","Reading a passage and responding to questions","You will read a short passage about a person, then answer questions related to the passage.","sentences, decisions, language","$0.40","Tue May 26 06:44:16 PDT 2020","352","BatchId:4053536;OriginalHitTemplateId:920937340;","7200","172800","Tue May 26 10:44:16 PDT 2020","","","3D8YOU6S9EK48S5MUIIJIIX0N19U6F","A2T1LNI80EPOQR","Submitted","Tue May 26 08:45:45 PDT 2020","Tue May 26 10:36:30 PDT 2020","Thu May 28 10:36:30 PDT 2020","","","","6645","0% (0/0)","0% (0/0)","0% (0/0)","l1dvvqkzcf9z45rd5le0"
"3QGHA0EA0J0LKODSV79RN287KY4WB3","32KI9HN0SH8Q5EEER27HJI3DITGU1K","Reading a passage and responding to questions","You will read a short passage about a person, then answer questions related to the passage.","sentences, decisions, language","$0.40","Tue May 26 06:44:16 PDT 2020","352","BatchId:4053536;OriginalHitTemplateId:920937340;","7200","172800","Tue May 26 10:44:16 PDT 2020","","","3DY4FPOOA1OX7QS6RWVMPZQFXUEVRJ","ATPOA6Q4OZ04A","Submitted","Tue May 26 06:48:34 PDT 2020","Tue May 26 06:53:43 PDT 2020","Thu May 28 06:53:43 PDT 2020","","","","309","0% (0/0)","0% (0/0)","0% (0/0)","7cth9plmjhtgghpfk32m"
"3QGHA0EA0J0LKODSV79RN287KY4WB3","32KI9HN0SH8Q5EEER27HJI3DITGU1K","Reading a passage and responding to questions","You will read a short passage about a person, then answer questions related to the passage.","sentences, decisions, language","$0.40","Tue May 26 06:44:16 PDT 2020","352","BatchId:4053536;OriginalHitTemplateId:920937340;","7200","172800","Tue May 26 10:44:16 PDT 2020","","","3DYGAII7PL8KQ5GAS5XNEHRSFKEPQU","A1PR75OOJOLBA2","Submitted","Tue May 26 07:17:01 PDT 2020","Tue May 26 07:22:04 PDT 2020","Thu May 28 07:22:04 PDT 2020","","","","303","0% (0/0)","0% (0/0)","0% (0/0)","d6z79pyq5u8s10779wk5"
"3QGHA0EA0J0LKODSV79RN287KY4WB3","32KI9HN0SH8Q5EEER27HJI3DITGU1K","Reading a passage and responding to questions","You will read a short passage about a person, then answer questions related to the passage.","sentences, decisions, language","$0.40","Tue May 26 06:44:16 PDT 2020","352","BatchId:4053536;OriginalHitTemplateId:920937340;","7200","172800","Tue May 26 10:44:16 PDT 2020","","","3E47SOBEYQWOFIJNAS68LF1ZPRFIC3","A2182DBITJFCMZ","Submitted","Tue May 26 06:45:49 PDT 2020","Tue May 26 06:59:53 PDT 2020","Thu May 28 06:59:53 PDT 2020","","","","844","0% (0/0)","0% (0/0)","0% (0/0)","b2vnfmpm4eo3fufpnkle"
"3QGHA0EA0J0LKODSV79RN287KY4WB3","32KI9HN0SH8Q5EEER27HJI3DITGU1K","Reading a passage and responding to questions","You will read a short passage about a person, then answer questions related to the passage.","sentences, decisions, language","$0.40","Tue May 26 06:44:16 PDT 2020","352","BatchId:4053536;OriginalHitTemplateId:920937340;","7200","172800","Tue May 26 10:44:16 PDT 2020","","","3FFJ6VRIL1O4LQO7YCDOQEZYG2J0IT","A1QUS2LKXIQ22L","Submitted","Tue May 26 06:53:44 PDT 2020","Tue May 26 07:00:00 PDT 2020","Thu May 28 07:00:00 PDT 2020","","","","376","0% (0/0)","0% (0/0)","0% (0/0)","ajvkwpen74spg2tzuy9o"
"3QGHA0EA0J0LKODSV79RN287KY4WB3","32KI9HN0SH8Q5EEER27HJI3DITGU1K","Reading a passage and responding to questions","You will read a short passage about a person, then answer questions related to the passage.","sentences, decisions, language","$0.40","Tue May 26 06:44:16 PDT 2020","352","BatchId:4053536;OriginalHitTemplateId:920937340;","7200","172800","Tue May 26 10:44:16 PDT 2020","","","3FPRZHYEPY75OO74G6UQ71NZRG13VQ","AVUN0LZFT3DCP","Submitted","Tue May 26 07:05:40 PDT 2020","Tue May 26 07:13:26 PDT 2020","Thu May 28 07:13:26 PDT 2020","","","","466","0% (0/0)","0% (0/0)","0% (0/0)","2qwmnlz7p2mbcvemcpx9"
"3QGHA0EA0J0LKODSV79RN287KY4WB3","32KI9HN0SH8Q5EEER27HJI3DITGU1K","Reading a passage and responding to questions","You will read a short passage about a person, then answer questions related to the passage.","sentences, decisions, language","$0.40","Tue May 26 06:44:16 PDT 2020","352","BatchId:4053536;OriginalHitTemplateId:920937340;","7200","172800","Tue May 26 10:44:16 PDT 2020","","","3FQ5JJ512LOYCH62ZL0YE6AOG0PNKA","A1XRR6FDV1ZTTT","Submitted","Tue May 26 07:42:31 PDT 2020","Tue May 26 07:47:55 PDT 2020","Thu May 28 07:47:55 PDT 2020","","","","324","0% (0/0)","0% (0/0)","0% (0/0)","5mvtnb4zp26raw4ekvk0"
"3QGHA0EA0J0LKODSV79RN287KY4WB3","32KI9HN0SH8Q5EEER27HJI3DITGU1K","Reading a passage and responding to questions","You will read a short passage about a person, then answer questions related to the passage.","sentences, decisions, language","$0.40","Tue May 26 06:44:16 PDT 2020","352","BatchId:4053536;OriginalHitTemplateId:920937340;","7200","172800","Tue May 26 10:44:16 PDT 2020","","","3FTF2T8WLRI4IFWPNP0WKG9ZYHAW97","A2RMJNF6IPI42F","Submitted","Tue May 26 06:50:01 PDT 2020","Tue May 26 06:53:00 PDT 2020","Thu May 28 06:53:00 PDT 2020","","","","179","0% (0/0)","0% (0/0)","0% (0/0)","97v79tbae5p3f285qm7c"
"3QGHA0EA0J0LKODSV79RN287KY4WB3","32KI9HN0SH8Q5EEER27HJI3DITGU1K","Reading a passage and responding to questions","You will read a short passage about a person, then answer questions related to the passage.","sentences, decisions, language","$0.40","Tue May 26 06:44:16 PDT 2020","352","BatchId:4053536;OriginalHitTemplateId:920937340;","7200","172800","Tue May 26 10:44:16 PDT 2020","","","3GLB5JMZFXVKOJJ6K01GK961VF5DGE","A3E12VBLZEEYBS","Submitted","Tue May 26 07:34:36 PDT 2020","Tue May 26 07:37:26 PDT 2020","Thu May 28 07:37:26 PDT 2020","","","","170","0% (0/0)","0% (0/0)","0% (0/0)","92u329yf1uvl2zhw51qt"
"3QGHA0EA0J0LKODSV79RN287KY4WB3","32KI9HN0SH8Q5EEER27HJI3DITGU1K","Reading a passage and responding to questions","You will read a short passage about a person, then answer questions related to the passage.","sentences, decisions, language","$0.40","Tue May 26 06:44:16 PDT 2020","352","BatchId:4053536;OriginalHitTemplateId:920937340;","7200","172800","Tue May 26 10:44:16 PDT 2020","","","3GM6G9ZBKNXRXIBPHTZQ2I8KUNATMQ","AB09DXAB393PJ","Submitted","Tue May 26 08:06:15 PDT 2020","Tue May 26 08:13:11 PDT 2020","Thu May 28 08:13:11 PDT 2020","","","","416","0% (0/0)","0% (0/0)","0% (0/0)","x2hb6153q78mwwm3nlbk"
"3QGHA0EA0J0LKODSV79RN287KY4WB3","32KI9HN0SH8Q5EEER27HJI3DITGU1K","Reading a passage and responding to questions","You will read a short passage about a person, then answer questions related to the passage.","sentences, decisions, language","$0.40","Tue May 26 06:44:16 PDT 2020","352","BatchId:4053536;OriginalHitTemplateId:920937340;","7200","172800","Tue May 26 10:44:16 PDT 2020","","","3H7Z272LX779Z80X00PRXVSY5EOLPY","A3N4892E9UQWTN","Submitted","Tue May 26 06:49:51 PDT 2020","Tue May 26 06:54:31 PDT 2020","Thu May 28 06:54:31 PDT 2020","","","","280","0% (0/0)","0% (0/0)","0% (0/0)","s7erm3m3g8d7ys68ennj"
"3QGHA0EA0J0LKODSV79RN287KY4WB3","32KI9HN0SH8Q5EEER27HJI3DITGU1K","Reading a passage and responding to questions","You will read a short passage about a person, then answer questions related to the passage.","sentences, decisions, language","$0.40","Tue May 26 06:44:16 PDT 2020","352","BatchId:4053536;OriginalHitTemplateId:920937340;","7200","172800","Tue May 26 10:44:16 PDT 2020","","","3I33IC7ZWF2WBI8N1BPPS44U0TH2AW","A2FOEZI5CCJGM9","Submitted","Tue May 26 08:54:04 PDT 2020","Tue May 26 09:07:50 PDT 2020","Thu May 28 09:07:50 PDT 2020","","","","826","0% (0/0)","0% (0/0)","0% (0/0)","v7754un85knje4vmndao"
"3QGHA0EA0J0LKODSV79RN287KY4WB3","32KI9HN0SH8Q5EEER27HJI3DITGU1K","Reading a passage and responding to questions","You will read a short passage about a person, then answer questions related to the passage.","sentences, decisions, language","$0.40","Tue May 26 06:44:16 PDT 2020","352","BatchId:4053536;OriginalHitTemplateId:920937340;","7200","172800","Tue May 26 10:44:16 PDT 2020","","","3I7DHKZYGN0J668IUADF4CIXHJXF5Z","AF48SM48M69F4","Submitted","Tue May 26 10:10:38 PDT 2020","Tue May 26 10:14:46 PDT 2020","Thu May 28 10:14:46 PDT 2020","","","","248","0% (0/0)","0% (0/0)","0% (0/0)","91ruz2826gr16xjzla03"
"3QGHA0EA0J0LKODSV79RN287KY4WB3","32KI9HN0SH8Q5EEER27HJI3DITGU1K","Reading a passage and responding to questions","You will read a short passage about a person, then answer questions related to the passage.","sentences, decisions, language","$0.40","Tue May 26 06:44:16 PDT 2020","352","BatchId:4053536;OriginalHitTemplateId:920937340;","7200","172800","Tue May 26 10:44:16 PDT 2020","","","3JBT3HLQF82T4XH1F1G05A3WKNXPZM","ALH824G2SQDA6","Submitted","Tue May 26 06:55:32 PDT 2020","Tue May 26 06:59:17 PDT 2020","Thu May 28 06:59:17 PDT 2020","","","","225","0% (0/0)","0% (0/0)","0% (0/0)","t4xs5e2brgsbmd54waay"
"3QGHA0EA0J0LKODSV79RN287KY4WB3","32KI9HN0SH8Q5EEER27HJI3DITGU1K","Reading a passage and responding to questions","You will read a short passage about a person, then answer questions related to the passage.","sentences, decisions, language","$0.40","Tue May 26 06:44:16 PDT 2020","352","BatchId:4053536;OriginalHitTemplateId:920937340;","7200","172800","Tue May 26 10:44:16 PDT 2020","","","3KRVW3HTZNLQIIYASTU0SDCYS3LSMN","A2IB9HUCGRUGGE","Submitted","Tue May 26 06:47:34 PDT 2020","Tue May 26 08:07:48 PDT 2020","Thu May 28 08:07:48 PDT 2020","","","","4814","0% (0/0)","0% (0/0)","0% (0/0)","tsh11kxtjscalq9qk6az"
"3QGHA0EA0J0LKODSV79RN287KY4WB3","32KI9HN0SH8Q5EEER27HJI3DITGU1K","Reading a passage and responding to questions","You will read a short passage about a person, then answer questions related to the passage.","sentences, decisions, language","$0.40","Tue May 26 06:44:16 PDT 2020","352","BatchId:4053536;OriginalHitTemplateId:920937340;","7200","172800","Tue May 26 10:44:16 PDT 2020","","","3KV0LJBBH2LEH3YXD4UV2372612RMY","A206YGRLTG3QO6","Submitted","Tue May 26 06:52:07 PDT 2020","Tue May 26 07:28:28 PDT 2020","Thu May 28 07:28:28 PDT 2020","","","","2181","0% (0/0)","0% (0/0)","0% (0/0)","4jtqjlltgy460hn8kp6s"
"3QGHA0EA0J0LKODSV79RN287KY4WB3","32KI9HN0SH8Q5EEER27HJI3DITGU1K","Reading a passage and responding to questions","You will read a short passage about a person, then answer questions related to the passage.","sentences, decisions, language","$0.40","Tue May 26 06:44:16 PDT 2020","352","BatchId:4053536;OriginalHitTemplateId:920937340;","7200","172800","Tue May 26 10:44:16 PDT 2020","","","3KXIR214I4GH9TS6SAFYF1IU8I124Z","A1NOHQCTS0GYO9","Submitted","Tue May 26 06:44:42 PDT 2020","Tue May 26 06:50:03 PDT 2020","Thu May 28 06:50:03 PDT 2020","","","","321","0% (0/0)","0% (0/0)","0% (0/0)","429wzyjbn0bysdd6abq2"
"3QGHA0EA0J0LKODSV79RN287KY4WB3","32KI9HN0SH8Q5EEER27HJI3DITGU1K","Reading a passage and responding to questions","You will read a short passage about a person, then answer questions related to the passage.","sentences, decisions, language","$0.40","Tue May 26 06:44:16 PDT 2020","352","BatchId:4053536;OriginalHitTemplateId:920937340;","7200","172800","Tue May 26 10:44:16 PDT 2020","","","3KYQYYSHYV78GW048JEOPIF3M1FODV","A88INVQXH3G8S","Submitted","Tue May 26 09:30:38 PDT 2020","Tue May 26 09:32:38 PDT 2020","Thu May 28 09:32:38 PDT 2020","","","","120","0% (0/0)","0% (0/0)","0% (0/0)","s5skcbk7zz3vmkyogcdy"
"3QGHA0EA0J0LKODSV79RN287KY4WB3","32KI9HN0SH8Q5EEER27HJI3DITGU1K","Reading a passage and responding to questions","You will read a short passage about a person, then answer questions related to the passage.","sentences, decisions, language","$0.40","Tue May 26 06:44:16 PDT 2020","352","BatchId:4053536;OriginalHitTemplateId:920937340;","7200","172800","Tue May 26 10:44:16 PDT 2020","","","3L4PIM1GQTGEBKNBW7I6WYU9FBIYRX","A1OIIHLOC90XCH","Submitted","Tue May 26 07:05:54 PDT 2020","Tue May 26 07:12:27 PDT 2020","Thu May 28 07:12:27 PDT 2020","","","","393","0% (0/0)","0% (0/0)","0% (0/0)","8kt2jqn7k9og0dpewcxb"
"3QGHA0EA0J0LKODSV79RN287KY4WB3","32KI9HN0SH8Q5EEER27HJI3DITGU1K","Reading a passage and responding to questions","You will read a short passage about a person, then answer questions related to the passage.","sentences, decisions, language","$0.40","Tue May 26 06:44:16 PDT 2020","352","BatchId:4053536;OriginalHitTemplateId:920937340;","7200","172800","Tue May 26 10:44:16 PDT 2020","","","3L6L49WXW0X98QBTATHWD8L6SST453","A1SKGA2VAVC29S","Submitted","Tue May 26 06:50:05 PDT 2020","Tue May 26 06:59:41 PDT 2020","Thu May 28 06:59:41 PDT 2020","","","","576","0% (0/0)","0% (0/0)","0% (0/0)","sz2cx609rbva5u31p1td"
"3QGHA0EA0J0LKODSV79RN287KY4WB3","32KI9HN0SH8Q5EEER27HJI3DITGU1K","Reading a passage and responding to questions","You will read a short passage about a person, then answer questions related to the passage.","sentences, decisions, language","$0.40","Tue May 26 06:44:16 PDT 2020","352","BatchId:4053536;OriginalHitTemplateId:920937340;","7200","172800","Tue May 26 10:44:16 PDT 2020","","","3LKC68YZ3A37P20VPEJEH64OTH3WOU","A3VC4SQ4OABWKX","Submitted","Tue May 26 07:45:36 PDT 2020","Tue May 26 07:52:59 PDT 2020","Thu May 28 07:52:59 PDT 2020","","","","443","0% (0/0)","0% (0/0)","0% (0/0)","ndhu9t2okdjue4o32llu"
"3QGHA0EA0J0LKODSV79RN287KY4WB3","32KI9HN0SH8Q5EEER27HJI3DITGU1K","Reading a passage and responding to questions","You will read a short passage about a person, then answer questions related to the passage.","sentences, decisions, language","$0.40","Tue May 26 06:44:16 PDT 2020","352","BatchId:4053536;OriginalHitTemplateId:920937340;","7200","172800","Tue May 26 10:44:16 PDT 2020","","","3M0BCWMB8VWN68BML9ESBM4PMHEBWX","AVPWEUVWJPRXQ","Submitted","Tue May 26 06:53:59 PDT 2020","Tue May 26 06:58:43 PDT 2020","Thu May 28 06:58:43 PDT 2020","","","","284","0% (0/0)","0% (0/0)","0% (0/0)","lc543fffzjsr4nu7cmfa"
"3QGHA0EA0J0LKODSV79RN287KY4WB3","32KI9HN0SH8Q5EEER27HJI3DITGU1K","Reading a passage and responding to questions","You will read a short passage about a person, then answer questions related to the passage.","sentences, decisions, language","$0.40","Tue May 26 06:44:16 PDT 2020","352","BatchId:4053536;OriginalHitTemplateId:920937340;","7200","172800","Tue May 26 10:44:16 PDT 2020","","","3M1CVSFP605D31A83MFQOM2XGZJAQ6","A1NHJE39U8EBVV","Submitted","Tue May 26 07:49:27 PDT 2020","Tue May 26 07:56:50 PDT 2020","Thu May 28 07:56:50 PDT 2020","","","","443","0% (0/0)","0% (0/0)","0% (0/0)","8d9h4uwsz5e7tgmcbn7q"
"3QGHA0EA0J0LKODSV79RN287KY4WB3","32KI9HN0SH8Q5EEER27HJI3DITGU1K","Reading a passage and responding to questions","You will read a short passage about a person, then answer questions related to the passage.","sentences, decisions, language","$0.40","Tue May 26 06:44:16 PDT 2020","352","BatchId:4053536;OriginalHitTemplateId:920937340;","7200","172800","Tue May 26 10:44:16 PDT 2020","","","3OJSZ2ATDSW6RDTCCRF3GK5GJVN75W","A32ZZN6I86JFGD","Submitted","Tue May 26 07:25:39 PDT 2020","Tue May 26 07:37:27 PDT 2020","Thu May 28 07:37:27 PDT 2020","","","","708","0% (0/0)","0% (0/0)","0% (0/0)","wzqn9kh26dmowo2k27h6"
"3QGHA0EA0J0LKODSV79RN287KY4WB3","32KI9HN0SH8Q5EEER27HJI3DITGU1K","Reading a passage and responding to questions","You will read a short passage about a person, then answer questions related to the passage.","sentences, decisions, language","$0.40","Tue May 26 06:44:16 PDT 2020","352","BatchId:4053536;OriginalHitTemplateId:920937340;","7200","172800","Tue May 26 10:44:16 PDT 2020","","","3ON104KXQKW3L9QD6U4538YJCPW4WJ","A3N26XSE6RUQ14","Submitted","Tue May 26 06:44:45 PDT 2020","Tue May 26 07:14:51 PDT 2020","Thu May 28 07:14:51 PDT 2020","","","","1806","0% (0/0)","0% (0/0)","0% (0/0)","xqhtma3p0bqr7wuqmzsk"
"3QGHA0EA0J0LKODSV79RN287KY4WB3","32KI9HN0SH8Q5EEER27HJI3DITGU1K","Reading a passage and responding to questions","You will read a short passage about a person, then answer questions related to the passage.","sentences, decisions, language","$0.40","Tue May 26 06:44:16 PDT 2020","352","BatchId:4053536;OriginalHitTemplateId:920937340;","7200","172800","Tue May 26 10:44:16 PDT 2020","","","3OUYGIZWR7YW2CBBB738ZB0A2H4P0M","ACYSO30MILS6D","Submitted","Tue May 26 09:42:47 PDT 2020","Tue May 26 09:45:45 PDT 2020","Thu May 28 09:45:45 PDT 2020","","","","178","0% (0/0)","0% (0/0)","0% (0/0)","prmytg8sc2w67gclk9t0"
"3QGHA0EA0J0LKODSV79RN287KY4WB3","32KI9HN0SH8Q5EEER27HJI3DITGU1K","Reading a passage and responding to questions","You will read a short passage about a person, then answer questions related to the passage.","sentences, decisions, language","$0.40","Tue May 26 06:44:16 PDT 2020","352","BatchId:4053536;OriginalHitTemplateId:920937340;","7200","172800","Tue May 26 10:44:16 PDT 2020","","","3P59JYT76LK1QE7W7BG6N9UMOIQ2T5","A3493E42N1JZVF","Submitted","Tue May 26 07:47:49 PDT 2020","Tue May 26 07:50:16 PDT 2020","Thu May 28 07:50:16 PDT 2020","","","","147","0% (0/0)","0% (0/0)","0% (0/0)","d9uszpwxu4lq1ww9gn00"
"3QGHA0EA0J0LKODSV79RN287KY4WB3","32KI9HN0SH8Q5EEER27HJI3DITGU1K","Reading a passage and responding to questions","You will read a short passage about a person, then answer questions related to the passage.","sentences, decisions, language","$0.40","Tue May 26 06:44:16 PDT 2020","352","BatchId:4053536;OriginalHitTemplateId:920937340;","7200","172800","Tue May 26 10:44:16 PDT 2020","","","3PDJHANYK5GZ36Z2UJBKZ38ATTGH6A","A1251G78LIS2M3","Submitted","Tue May 26 09:42:18 PDT 2020","Tue May 26 11:35:37 PDT 2020","Thu May 28 11:35:37 PDT 2020","","","","6799","0% (0/0)","0% (0/0)","0% (0/0)","9wa3rsq3hzb2po3gq4au"
"3QGHA0EA0J0LKODSV79RN287KY4WB3","32KI9HN0SH8Q5EEER27HJI3DITGU1K","Reading a passage and responding to questions","You will read a short passage about a person, then answer questions related to the passage.","sentences, decisions, language","$0.40","Tue May 26 06:44:16 PDT 2020","352","BatchId:4053536;OriginalHitTemplateId:920937340;","7200","172800","Tue May 26 10:44:16 PDT 2020","","","3PPTZCWALQKE49IGFEVP5FT6PJHZQL","A3NZWX5TX3SBYN","Submitted","Tue May 26 06:45:37 PDT 2020","Tue May 26 06:58:14 PDT 2020","Thu May 28 06:58:14 PDT 2020","","","","757","0% (0/0)","0% (0/0)","0% (0/0)","2wttkt1y90eryzwx1vru"
"3QGHA0EA0J0LKODSV79RN287KY4WB3","32KI9HN0SH8Q5EEER27HJI3DITGU1K","Reading a passage and responding to questions","You will read a short passage about a person, then answer questions related to the passage.","sentences, decisions, language","$0.40","Tue May 26 06:44:16 PDT 2020","352","BatchId:4053536;OriginalHitTemplateId:920937340;","7200","172800","Tue May 26 10:44:16 PDT 2020","","","3QBD8R3Z21JVG0HBF8DVMELX9O3O4Z","A1VE1CAMPSYRHE","Submitted","Tue May 26 07:34:51 PDT 2020","Tue May 26 07:40:51 PDT 2020","Thu May 28 07:40:51 PDT 2020","","","","360","0% (0/0)","0% (0/0)","0% (0/0)","num4q15h85jhb0ndfy79"
"3QGHA0EA0J0LKODSV79RN287KY4WB3","32KI9HN0SH8Q5EEER27HJI3DITGU1K","Reading a passage and responding to questions","You will read a short passage about a person, then answer questions related to the passage.","sentences, decisions, language","$0.40","Tue May 26 06:44:16 PDT 2020","352","BatchId:4053536;OriginalHitTemplateId:920937340;","7200","172800","Tue May 26 10:44:16 PDT 2020","","","3QL2OFSM96IGTJUE78J0QNXGBQBNCQ","AIOFZDV1SZ25O","Submitted","Tue May 26 07:03:26 PDT 2020","Tue May 26 07:07:20 PDT 2020","Thu May 28 07:07:20 PDT 2020","","","","234","0% (0/0)","0% (0/0)","0% (0/0)","5v6xnxk7y362qzmmxcr5"
"3QGHA0EA0J0LKODSV79RN287KY4WB3","32KI9HN0SH8Q5EEER27HJI3DITGU1K","Reading a passage and responding to questions","You will read a short passage about a person, then answer questions related to the passage.","sentences, decisions, language","$0.40","Tue May 26 06:44:16 PDT 2020","352","BatchId:4053536;OriginalHitTemplateId:920937340;","7200","172800","Tue May 26 10:44:16 PDT 2020","","","3R2PKQ87NW81O4VENH0MOB6BJ61IM5","A2P5UFOTXOR08T","Submitted","Tue May 26 08:44:57 PDT 2020","Tue May 26 08:51:49 PDT 2020","Thu May 28 08:51:49 PDT 2020","","","","412","0% (0/0)","0% (0/0)","0% (0/0)","l06xbnzd0hjl56mphkhy"
"3QGHA0EA0J0LKODSV79RN287KY4WB3","32KI9HN0SH8Q5EEER27HJI3DITGU1K","Reading a passage and responding to questions","You will read a short passage about a person, then answer questions related to the passage.","sentences, decisions, language","$0.40","Tue May 26 06:44:16 PDT 2020","352","BatchId:4053536;OriginalHitTemplateId:920937340;","7200","172800","Tue May 26 10:44:16 PDT 2020","","","3RSDURM96AMP2GI6A1Y6XRVQ0MUEY2","AIE526FZZRE8","Submitted","Tue May 26 07:18:28 PDT 2020","Tue May 26 07:22:32 PDT 2020","Thu May 28 07:22:32 PDT 2020","","","","244","0% (0/0)","0% (0/0)","0% (0/0)","29y0xdkk126od9h0ortu"
"3QGHA0EA0J0LKODSV79RN287KY4WB3","32KI9HN0SH8Q5EEER27HJI3DITGU1K","Reading a passage and responding to questions","You will read a short passage about a person, then answer questions related to the passage.","sentences, decisions, language","$0.40","Tue May 26 06:44:16 PDT 2020","352","BatchId:4053536;OriginalHitTemplateId:920937340;","7200","172800","Tue May 26 10:44:16 PDT 2020","","","3S3AMIZX3U577731IE5XUILMXN1CDR","A2LEWNE3QDXOS4","Submitted","Tue May 26 09:56:59 PDT 2020","Tue May 26 10:10:30 PDT 2020","Thu May 28 10:10:30 PDT 2020","","","","811","0% (0/0)","0% (0/0)","0% (0/0)","67bnbcezuwhkeqlogn1u"
"3QGHA0EA0J0LKODSV79RN287KY4WB3","32KI9HN0SH8Q5EEER27HJI3DITGU1K","Reading a passage and responding to questions","You will read a short passage about a person, then answer questions related to the passage.","sentences, decisions, language","$0.40","Tue May 26 06:44:16 PDT 2020","352","BatchId:4053536;OriginalHitTemplateId:920937340;","7200","172800","Tue May 26 10:44:16 PDT 2020","","","3S96KQ6I9M4OTO5C400NJSLQL88TDW","A2WDKN4PHWQLVW","Submitted","Tue May 26 06:57:24 PDT 2020","Tue May 26 07:04:56 PDT 2020","Thu May 28 07:04:56 PDT 2020","","","","452","0% (0/0)","0% (0/0)","0% (0/0)","ht2vj91bskoncvgm8yr9"
"3QGHA0EA0J0LKODSV79RN287KY4WB3","32KI9HN0SH8Q5EEER27HJI3DITGU1K","Reading a passage and responding to questions","You will read a short passage about a person, then answer questions related to the passage.","sentences, decisions, language","$0.40","Tue May 26 06:44:16 PDT 2020","352","BatchId:4053536;OriginalHitTemplateId:920937340;","7200","172800","Tue May 26 10:44:16 PDT 2020","","","3SB4CE2TJVVXCYBKP0AIIUYQD2JXA3","A1FMZUN1L6XATG","Submitted","Tue May 26 09:08:30 PDT 2020","Tue May 26 09:12:23 PDT 2020","Thu May 28 09:12:23 PDT 2020","","","","233","0% (0/0)","0% (0/0)","0% (0/0)","ow1ay7hex285o4e9pw0a"
"3QGHA0EA0J0LKODSV79RN287KY4WB3","32KI9HN0SH8Q5EEER27HJI3DITGU1K","Reading a passage and responding to questions","You will read a short passage about a person, then answer questions related to the passage.","sentences, decisions, language","$0.40","Tue May 26 06:44:16 PDT 2020","352","BatchId:4053536;OriginalHitTemplateId:920937340;","7200","172800","Tue May 26 10:44:16 PDT 2020","","","3SKRO2GZ71RVYAZDUY20HZXLDZKK1Z","A1GZR4AW2MNUWC","Submitted","Tue May 26 07:45:16 PDT 2020","Tue May 26 07:49:57 PDT 2020","Thu May 28 07:49:57 PDT 2020","","","","281","0% (0/0)","0% (0/0)","0% (0/0)","42k5uouotfycskupsbn0"
"3QGHA0EA0J0LKODSV79RN287KY4WB3","32KI9HN0SH8Q5EEER27HJI3DITGU1K","Reading a passage and responding to questions","You will read a short passage about a person, then answer questions related to the passage.","sentences, decisions, language","$0.40","Tue May 26 06:44:16 PDT 2020","352","BatchId:4053536;OriginalHitTemplateId:920937340;","7200","172800","Tue May 26 10:44:16 PDT 2020","","","3SUWZRL0MYDNJW804I3EE0BX1D66E1","A352DLA6JY6PCI","Submitted","Tue May 26 07:56:49 PDT 2020","Tue May 26 08:01:36 PDT 2020","Thu May 28 08:01:36 PDT 2020","","","","287","0% (0/0)","0% (0/0)","0% (0/0)","k6vswhwjuxaunszf1mxh"
"3QGHA0EA0J0LKODSV79RN287KY4WB3","32KI9HN0SH8Q5EEER27HJI3DITGU1K","Reading a passage and responding to questions","You will read a short passage about a person, then answer questions related to the passage.","sentences, decisions, language","$0.40","Tue May 26 06:44:16 PDT 2020","352","BatchId:4053536;OriginalHitTemplateId:920937340;","7200","172800","Tue May 26 10:44:16 PDT 2020","","","3TAYZSBPLL80BEUHIBBGD4Y0MZC2SG","A1WSCND5HZZV5N","Submitted","Tue May 26 07:47:48 PDT 2020","Tue May 26 07:52:03 PDT 2020","Thu May 28 07:52:03 PDT 2020","","","","255","0% (0/0)","0% (0/0)","0% (0/0)","g2ng5z6nd9vonpu0gq4c"
"3QGHA0EA0J0LKODSV79RN287KY4WB3","32KI9HN0SH8Q5EEER27HJI3DITGU1K","Reading a passage and responding to questions","You will read a short passage about a person, then answer questions related to the passage.","sentences, decisions, language","$0.40","Tue May 26 06:44:16 PDT 2020","352","BatchId:4053536;OriginalHitTemplateId:920937340;","7200","172800","Tue May 26 10:44:16 PDT 2020","","","3TESA3PJ31ANKNL58WYEG4DS0F0MM4","A33E3JY4WGLT3A","Submitted","Tue May 26 10:21:44 PDT 2020","Tue May 26 10:47:26 PDT 2020","Thu May 28 10:47:26 PDT 2020","","","","1542","0% (0/0)","0% (0/0)","0% (0/0)","fbf5g0woq4a6ekopm3o6"
"3QGHA0EA0J0LKODSV79RN287KY4WB3","32KI9HN0SH8Q5EEER27HJI3DITGU1K","Reading a passage and responding to questions","You will read a short passage about a person, then answer questions related to the passage.","sentences, decisions, language","$0.40","Tue May 26 06:44:16 PDT 2020","352","BatchId:4053536;OriginalHitTemplateId:920937340;","7200","172800","Tue May 26 10:44:16 PDT 2020","","","3TPWUS5F8916GD3SZ9ANM6A7439WCM","A2UKLEPUC4X9X2","Submitted","Tue May 26 10:14:49 PDT 2020","Tue May 26 10:18:15 PDT 2020","Thu May 28 10:18:15 PDT 2020","","","","206","0% (0/0)","0% (0/0)","0% (0/0)","1ejd1xp9pt8k33mr8nvm"
"3QGHA0EA0J0LKODSV79RN287KY4WB3","32KI9HN0SH8Q5EEER27HJI3DITGU1K","Reading a passage and responding to questions","You will read a short passage about a person, then answer questions related to the passage.","sentences, decisions, language","$0.40","Tue May 26 06:44:16 PDT 2020","352","BatchId:4053536;OriginalHitTemplateId:920937340;","7200","172800","Tue May 26 10:44:16 PDT 2020","","","3TU5ZICBRD1ZKDHT6OVCSVW2QAFQ8C","A1XF83MKJG5I4I","Submitted","Tue May 26 07:21:53 PDT 2020","Tue May 26 07:47:02 PDT 2020","Thu May 28 07:47:02 PDT 2020","","","","1509","0% (0/0)","0% (0/0)","0% (0/0)","hgco0vg44p2gx46y4qmn"
"3QGHA0EA0J0LKODSV79RN287KY4WB3","32KI9HN0SH8Q5EEER27HJI3DITGU1K","Reading a passage and responding to questions","You will read a short passage about a person, then answer questions related to the passage.","sentences, decisions, language","$0.40","Tue May 26 06:44:16 PDT 2020","352","BatchId:4053536;OriginalHitTemplateId:920937340;","7200","172800","Tue May 26 10:44:16 PDT 2020","","","3TUI152ZZBNH9DX873MXDL9UC46Q1P","A6T8PXIZ6IN7Y","Submitted","Tue May 26 06:55:35 PDT 2020","Tue May 26 07:02:45 PDT 2020","Thu May 28 07:02:45 PDT 2020","","","","430","0% (0/0)","0% (0/0)","0% (0/0)","j19zs6m2mj1fh21keym1"
"3QGHA0EA0J0LKODSV79RN287KY4WB3","32KI9HN0SH8Q5EEER27HJI3DITGU1K","Reading a passage and responding to questions","You will read a short passage about a person, then answer questions related to the passage.","sentences, decisions, language","$0.40","Tue May 26 06:44:16 PDT 2020","352","BatchId:4053536;OriginalHitTemplateId:920937340;","7200","172800","Tue May 26 10:44:16 PDT 2020","","","3U4J9857OEB8GTALD16GJ658TRF7B3","A61VKHWF01UI6","Submitted","Tue May 26 08:03:45 PDT 2020","Tue May 26 08:12:21 PDT 2020","Thu May 28 08:12:21 PDT 2020","","","","516","0% (0/0)","0% (0/0)","0% (0/0)","zl0onotbr4x0fkxmfnhm"
"3QGHA0EA0J0LKODSV79RN287KY4WB3","32KI9HN0SH8Q5EEER27HJI3DITGU1K","Reading a passage and responding to questions","You will read a short passage about a person, then answer questions related to the passage.","sentences, decisions, language","$0.40","Tue May 26 06:44:16 PDT 2020","352","BatchId:4053536;OriginalHitTemplateId:920937340;","7200","172800","Tue May 26 10:44:16 PDT 2020","","","3U4J9857OEB8GTALD16GJ658TRMB7E","A1KFCJJF5T6NC2","Submitted","Tue May 26 08:39:50 PDT 2020","Tue May 26 08:53:04 PDT 2020","Thu May 28 08:53:04 PDT 2020","","","","794","0% (0/0)","0% (0/0)","0% (0/0)","g08kebfp3p5z7umtapzt"
"3QGHA0EA0J0LKODSV79RN287KY4WB3","32KI9HN0SH8Q5EEER27HJI3DITGU1K","Reading a passage and responding to questions","You will read a short passage about a person, then answer questions related to the passage.","sentences, decisions, language","$0.40","Tue May 26 06:44:16 PDT 2020","352","BatchId:4053536;OriginalHitTemplateId:920937340;","7200","172800","Tue May 26 10:44:16 PDT 2020","","","3UJ1CZ6IZHPSABD40UDEBB1C68WS5Y","A22N5ONOWPNZGB","Submitted","Tue May 26 06:58:34 PDT 2020","Tue May 26 07:02:31 PDT 2020","Thu May 28 07:02:31 PDT 2020","","","","237","0% (0/0)","0% (0/0)","0% (0/0)","1pl3kh9x9b0yxrv7b93b"
"3QGHA0EA0J0LKODSV79RN287KY4WB3","32KI9HN0SH8Q5EEER27HJI3DITGU1K","Reading a passage and responding to questions","You will read a short passage about a person, then answer questions related to the passage.","sentences, decisions, language","$0.40","Tue May 26 06:44:16 PDT 2020","352","BatchId:4053536;OriginalHitTemplateId:920937340;","7200","172800","Tue May 26 10:44:16 PDT 2020","","","3UNH76FOCS5NE4AJRZMPAZ0Z9OKYMA","A1EIKI2CBBKLEV","Submitted","Tue May 26 07:14:16 PDT 2020","Tue May 26 07:16:53 PDT 2020","Thu May 28 07:16:53 PDT 2020","","","","157","0% (0/0)","0% (0/0)","0% (0/0)","20ety04wjzdcfxj2nh35"
"3QGHA0EA0J0LKODSV79RN287KY4WB3","32KI9HN0SH8Q5EEER27HJI3DITGU1K","Reading a passage and responding to questions","You will read a short passage about a person, then answer questions related to the passage.","sentences, decisions, language","$0.40","Tue May 26 06:44:16 PDT 2020","352","BatchId:4053536;OriginalHitTemplateId:920937340;","7200","172800","Tue May 26 10:44:16 PDT 2020","","","3V26SBZTBDENI1J72AE2W85AUM3ZZG","A2QUXO9OJY69QM","Submitted","Tue May 26 06:53:01 PDT 2020","Tue May 26 07:10:26 PDT 2020","Thu May 28 07:10:26 PDT 2020","","","","1045","0% (0/0)","0% (0/0)","0% (0/0)","jpzr36lo4vdoznw2xtnc"
"3QGHA0EA0J0LKODSV79RN287KY4WB3","32KI9HN0SH8Q5EEER27HJI3DITGU1K","Reading a passage and responding to questions","You will read a short passage about a person, then answer questions related to the passage.","sentences, decisions, language","$0.40","Tue May 26 06:44:16 PDT 2020","352","BatchId:4053536;OriginalHitTemplateId:920937340;","7200","172800","Tue May 26 10:44:16 PDT 2020","","","3VBEN272MKZQQ82OHQW5F8S1WH9SGF","A2XK2XQU5D3TER","Submitted","Tue May 26 06:47:19 PDT 2020","Tue May 26 06:54:10 PDT 2020","Thu May 28 06:54:10 PDT 2020","","","","411","0% (0/0)","0% (0/0)","0% (0/0)","yx2opmv4jdn2x21kqwul"
"3QGHA0EA0J0LKODSV79RN287KY4WB3","32KI9HN0SH8Q5EEER27HJI3DITGU1K","Reading a passage and responding to questions","You will read a short passage about a person, then answer questions related to the passage.","sentences, decisions, language","$0.40","Tue May 26 06:44:16 PDT 2020","352","BatchId:4053536;OriginalHitTemplateId:920937340;","7200","172800","Tue May 26 10:44:16 PDT 2020","","","3VD82FOHKQOYB4UQ8NJD5CXL10ECOS","A3BVM9763IA3MJ","Submitted","Tue May 26 06:45:36 PDT 2020","Tue May 26 06:53:59 PDT 2020","Thu May 28 06:53:59 PDT 2020","","","","503","0% (0/0)","0% (0/0)","0% (0/0)","vxxr0qnqgzfy3yf3gv8a"
"3QGHA0EA0J0LKODSV79RN287KY4WB3","32KI9HN0SH8Q5EEER27HJI3DITGU1K","Reading a passage and responding to questions","You will read a short passage about a person, then answer questions related to the passage.","sentences, decisions, language","$0.40","Tue May 26 06:44:16 PDT 2020","352","BatchId:4053536;OriginalHitTemplateId:920937340;","7200","172800","Tue May 26 10:44:16 PDT 2020","","","3VHP9MDGRNK45RHX9K0NIIO7907FCV","A3E306VN5NLHU","Submitted","Tue May 26 08:56:11 PDT 2020","Tue May 26 09:09:26 PDT 2020","Thu May 28 09:09:26 PDT 2020","","","","795","0% (0/0)","0% (0/0)","0% (0/0)","peyr94bvdxdjyaculom8"
"3QGHA0EA0J0LKODSV79RN287KY4WB3","32KI9HN0SH8Q5EEER27HJI3DITGU1K","Reading a passage and responding to questions","You will read a short passage about a person, then answer questions related to the passage.","sentences, decisions, language","$0.40","Tue May 26 06:44:16 PDT 2020","352","BatchId:4053536;OriginalHitTemplateId:920937340;","7200","172800","Tue May 26 10:44:16 PDT 2020","","","3WJ1OXY92AG7XXACHSYQ2VHXMSPA8L","A1N956KBC4G13I","Submitted","Tue May 26 06:45:41 PDT 2020","Tue May 26 06:48:42 PDT 2020","Thu May 28 06:48:42 PDT 2020","","","","181","0% (0/0)","0% (0/0)","0% (0/0)","bey1yxdcjam0yaef81nr"
"3QGHA0EA0J0LKODSV79RN287KY4WB3","32KI9HN0SH8Q5EEER27HJI3DITGU1K","Reading a passage and responding to questions","You will read a short passage about a person, then answer questions related to the passage.","sentences, decisions, language","$0.40","Tue May 26 06:44:16 PDT 2020","352","BatchId:4053536;OriginalHitTemplateId:920937340;","7200","172800","Tue May 26 10:44:16 PDT 2020","","","3WLEIWSYHOHBL5G17HZH9QRYDOK2HK","AKKRC4KZTELS","Submitted","Tue May 26 10:16:39 PDT 2020","Tue May 26 10:33:22 PDT 2020","Thu May 28 10:33:22 PDT 2020","","","","1003","0% (0/0)","0% (0/0)","0% (0/0)","vjyz6deru76o9cpwfy6c"
"3QGHA0EA0J0LKODSV79RN287KY4WB3","32KI9HN0SH8Q5EEER27HJI3DITGU1K","Reading a passage and responding to questions","You will read a short passage about a person, then answer questions related to the passage.","sentences, decisions, language","$0.40","Tue May 26 06:44:16 PDT 2020","352","BatchId:4053536;OriginalHitTemplateId:920937340;","7200","172800","Tue May 26 10:44:16 PDT 2020","","","3WOKGM4L71GEHCZAW7QTABVKSC4O00","A2S51T8YP11O5G","Submitted","Tue May 26 09:16:32 PDT 2020","Tue May 26 09:22:38 PDT 2020","Thu May 28 09:22:38 PDT 2020","","","","366","0% (0/0)","0% (0/0)","0% (0/0)","cvpx3vuavah6qo4oyzf9"
"3QGHA0EA0J0LKODSV79RN287KY4WB3","32KI9HN0SH8Q5EEER27HJI3DITGU1K","Reading a passage and responding to questions","You will read a short passage about a person, then answer questions related to the passage.","sentences, decisions, language","$0.40","Tue May 26 06:44:16 PDT 2020","352","BatchId:4053536;OriginalHitTemplateId:920937340;","7200","172800","Tue May 26 10:44:16 PDT 2020","","","3WT783CTPBHESA5H4IERZSXMU1XCBQ","A23INFSBWMHHKP","Submitted","Tue May 26 07:00:21 PDT 2020","Tue May 26 07:06:32 PDT 2020","Thu May 28 07:06:32 PDT 2020","","","","371","0% (0/0)","0% (0/0)","0% (0/0)","fe66auugzu08yyxdxaa8"
"3QGHA0EA0J0LKODSV79RN287KY4WB3","32KI9HN0SH8Q5EEER27HJI3DITGU1K","Reading a passage and responding to questions","You will read a short passage about a person, then answer questions related to the passage.","sentences, decisions, language","$0.40","Tue May 26 06:44:16 PDT 2020","352","BatchId:4053536;OriginalHitTemplateId:920937340;","7200","172800","Tue May 26 10:44:16 PDT 2020","","","3WT783CTPBHESA5H4IERZSXMU2DCB8","A3VSSF16VGQS5L","Submitted","Tue May 26 08:41:24 PDT 2020","Tue May 26 08:46:32 PDT 2020","Thu May 28 08:46:32 PDT 2020","","","","308","0% (0/0)","0% (0/0)","0% (0/0)","v46fdm98gfe32crwdz8e"
"3QGHA0EA0J0LKODSV79RN287KY4WB3","32KI9HN0SH8Q5EEER27HJI3DITGU1K","Reading a passage and responding to questions","You will read a short passage about a person, then answer questions related to the passage.","sentences, decisions, language","$0.40","Tue May 26 06:44:16 PDT 2020","352","BatchId:4053536;OriginalHitTemplateId:920937340;","7200","172800","Tue May 26 10:44:16 PDT 2020","","","3WYGZ5XF3WFVSUY77HHKD0KU3Z9SK3","A3J6650P8O9GXI","Submitted","Tue May 26 08:51:17 PDT 2020","Tue May 26 08:54:08 PDT 2020","Thu May 28 08:54:08 PDT 2020","","","","171","0% (0/0)","0% (0/0)","0% (0/0)","l2wu5xh73zzpjnl0wz78"
"3QGHA0EA0J0LKODSV79RN287KY4WB3","32KI9HN0SH8Q5EEER27HJI3DITGU1K","Reading a passage and responding to questions","You will read a short passage about a person, then answer questions related to the passage.","sentences, decisions, language","$0.40","Tue May 26 06:44:16 PDT 2020","352","BatchId:4053536;OriginalHitTemplateId:920937340;","7200","172800","Tue May 26 10:44:16 PDT 2020","","","3X0H8UUIT1OMNUSOWV0N1BEPQ52SWH","A2C9NR5DY668JU","Submitted","Tue May 26 07:11:57 PDT 2020","Tue May 26 07:34:39 PDT 2020","Thu May 28 07:34:39 PDT 2020","","","","1362","0% (0/0)","0% (0/0)","0% (0/0)","2yye1b5rfcheep6o9b3b"
"3QGHA0EA0J0LKODSV79RN287KY4WB3","32KI9HN0SH8Q5EEER27HJI3DITGU1K","Reading a passage and responding to questions","You will read a short passage about a person, then answer questions related to the passage.","sentences, decisions, language","$0.40","Tue May 26 06:44:16 PDT 2020","352","BatchId:4053536;OriginalHitTemplateId:920937340;","7200","172800","Tue May 26 10:44:16 PDT 2020","","","3X65QVEQI0NQ5JRTVV3LDVTR6VDLCO","ANPKT83QAFZS4","Submitted","Tue May 26 07:20:04 PDT 2020","Tue May 26 07:31:10 PDT 2020","Thu May 28 07:31:10 PDT 2020","","","","666","0% (0/0)","0% (0/0)","0% (0/0)","kgu0ewp4ywlaqoprey5y"
"3QGHA0EA0J0LKODSV79RN287KY4WB3","32KI9HN0SH8Q5EEER27HJI3DITGU1K","Reading a passage and responding to questions","You will read a short passage about a person, then answer questions related to the passage.","sentences, decisions, language","$0.40","Tue May 26 06:44:16 PDT 2020","352","BatchId:4053536;OriginalHitTemplateId:920937340;","7200","172800","Tue May 26 10:44:16 PDT 2020","","","3X73LLYYQ1E7AR5UT0X11EUWOIFNHY","A3LOM02LYT3NI4","Submitted","Tue May 26 06:55:29 PDT 2020","Tue May 26 07:02:48 PDT 2020","Thu May 28 07:02:48 PDT 2020","","","","439","0% (0/0)","0% (0/0)","0% (0/0)","smlypw0te52steu5b06v"
"3QGHA0EA0J0LKODSV79RN287KY4WB3","32KI9HN0SH8Q5EEER27HJI3DITGU1K","Reading a passage and responding to questions","You will read a short passage about a person, then answer questions related to the passage.","sentences, decisions, language","$0.40","Tue May 26 06:44:16 PDT 2020","352","BatchId:4053536;OriginalHitTemplateId:920937340;","7200","172800","Tue May 26 10:44:16 PDT 2020","","","3YJ6NA41JBG34ICXXFDEHGF61PJJPU","ACSS93E03ZUGX","Submitted","Tue May 26 06:48:21 PDT 2020","Tue May 26 07:35:28 PDT 2020","Thu May 28 07:35:28 PDT 2020","","","","2827","0% (0/0)","0% (0/0)","0% (0/0)","tf3xonytl4jagsno9cql"
"3QGHA0EA0J0LKODSV79RN287KY4WB3","32KI9HN0SH8Q5EEER27HJI3DITGU1K","Reading a passage and responding to questions","You will read a short passage about a person, then answer questions related to the passage.","sentences, decisions, language","$0.40","Tue May 26 06:44:16 PDT 2020","352","BatchId:4053536;OriginalHitTemplateId:920937340;","7200","172800","Tue May 26 10:44:16 PDT 2020","","","3YT88D1N08YR8DDSH2GJ5SCIBIS3K2","A1NG105OCI7YJH","Submitted","Tue May 26 06:57:02 PDT 2020","Tue May 26 07:01:20 PDT 2020","Thu May 28 07:01:20 PDT 2020","","","","258","0% (0/0)","0% (0/0)","0% (0/0)","w00zw16v6q60b9lph6mx"
"3QGHA0EA0J0LKODSV79RN287KY4WB3","32KI9HN0SH8Q5EEER27HJI3DITGU1K","Reading a passage and responding to questions","You will read a short passage about a person, then answer questions related to the passage.","sentences, decisions, language","$0.40","Tue May 26 06:44:16 PDT 2020","352","BatchId:4053536;OriginalHitTemplateId:920937340;","7200","172800","Tue May 26 10:44:16 PDT 2020","","","3YWRV122CSZRC6OANXFH2WTRTWR8U7","A1VKHYT7FMVVYS","Submitted","Tue May 26 08:00:49 PDT 2020","Tue May 26 08:03:12 PDT 2020","Thu May 28 08:03:12 PDT 2020","","","","143","0% (0/0)","0% (0/0)","0% (0/0)","7ck8f7cax87qqlngc5ho"
"3QGHA0EA0J0LKODSV79RN287KY4WB3","32KI9HN0SH8Q5EEER27HJI3DITGU1K","Reading a passage and responding to questions","You will read a short passage about a person, then answer questions related to the passage.","sentences, decisions, language","$0.40","Tue May 26 06:44:16 PDT 2020","352","BatchId:4053536;OriginalHitTemplateId:920937340;","7200","172800","Tue May 26 10:44:16 PDT 2020","","","3ZQIG0FLQEG2FM9SQQ5SCYYWPAZVWU","A24F08A7411TVV","Submitted","Tue May 26 07:36:43 PDT 2020","Tue May 26 08:58:25 PDT 2020","Thu May 28 08:58:25 PDT 2020","","","","4902","0% (0/0)","0% (0/0)","0% (0/0)","rfjt54jvgpuzxep9tbge"
"3QGHA0EA0J0LKODSV79RN287KY4WB3","32KI9HN0SH8Q5EEER27HJI3DITGU1K","Reading a passage and responding to questions","You will read a short passage about a person, then answer questions related to the passage.","sentences, decisions, language","$0.40","Tue May 26 06:44:16 PDT 2020","352","BatchId:4053536;OriginalHitTemplateId:920937340;","7200","172800","Tue May 26 10:44:16 PDT 2020","","","3ZSY5X72NXB2H6J9QK98U7W712MROK","A2L73JKDFWI0KJ","Submitted","Tue May 26 07:29:35 PDT 2020","Tue May 26 07:42:08 PDT 2020","Thu May 28 07:42:08 PDT 2020","","","","753","0% (0/0)","0% (0/0)","0% (0/0)","23wns1z5k94vg75r9u3l"