"HITId","HITTypeId","Title","Description","Keywords","Reward","CreationTime","MaxAssignments","RequesterAnnotation","AssignmentDurationInSeconds","AutoApprovalDelayInSeconds","Expiration","NumberOfSimilarHITs","LifetimeInSeconds","AssignmentId","WorkerId","AssignmentStatus","AcceptTime","SubmitTime","AutoApprovalTime","ApprovalTime","RejectionTime","RequesterFeedback","WorkTimeInSeconds","LifetimeApprovalRate","Last30DaysApprovalRate","Last7DaysApprovalRate","Answer.surveycode","Approve","Reject"
"3VADEH0UHCXUH1XTU7HRLXABVWIPSB","34NBII25NZIOGJLGY73HHZ47TJY2JF","Reading a passage and responding to questions","You will read a short passage about a person, then answer questions related to the passage.","sentences, decisions, language","$0.40","Mon Jun 01 06:33:32 PDT 2020","352","BatchId:4062113;OriginalHitTemplateId:920937340;","7200","259200","Mon Jun 01 10:33:32 PDT 2020","","","308XBLVESI4IYCU0MF4MONW8VK8RBK","A1PBFDQR599N3K","Submitted","Mon Jun 01 07:31:40 PDT 2020","Mon Jun 01 07:36:41 PDT 2020","Thu Jun 04 07:36:41 PDT 2020","","","","301","0% (0/0)","0% (0/0)","0% (0/0)","bc99638vd003egs28zqt"
"3VADEH0UHCXUH1XTU7HRLXABVWIPSB","34NBII25NZIOGJLGY73HHZ47TJY2JF","Reading a passage and responding to questions","You will read a short passage about a person, then answer questions related to the passage.","sentences, decisions, language","$0.40","Mon Jun 01 06:33:32 PDT 2020","352","BatchId:4062113;OriginalHitTemplateId:920937340;","7200","259200","Mon Jun 01 10:33:32 PDT 2020","","","30BXRYBRP4XXXLE8L1OOXX7NIBMWH0","A1TOTGBHIQ01CT","Submitted","Mon Jun 01 06:37:45 PDT 2020","Mon Jun 01 06:43:08 PDT 2020","Thu Jun 04 06:43:08 PDT 2020","","","","323","0% (0/0)","0% (0/0)","0% (0/0)","muhxqmou9mcumo8e3dqo"
"3VADEH0UHCXUH1XTU7HRLXABVWIPSB","34NBII25NZIOGJLGY73HHZ47TJY2JF","Reading a passage and responding to questions","You will read a short passage about a person, then answer questions related to the passage.","sentences, decisions, language","$0.40","Mon Jun 01 06:33:32 PDT 2020","352","BatchId:4062113;OriginalHitTemplateId:920937340;","7200","259200","Mon Jun 01 10:33:32 PDT 2020","","","30LSNF239UVBH0RLDZH292SDEIQ2I3","A1170IO0UH0MMR","Submitted","Mon Jun 01 09:54:26 PDT 2020","Mon Jun 01 09:57:02 PDT 2020","Thu Jun 04 09:57:02 PDT 2020","","","","156","0% (0/0)","0% (0/0)","0% (0/0)","o5u9wmxon9hyq3ra5j38"
"3VADEH0UHCXUH1XTU7HRLXABVWIPSB","34NBII25NZIOGJLGY73HHZ47TJY2JF","Reading a passage and responding to questions","You will read a short passage about a person, then answer questions related to the passage.","sentences, decisions, language","$0.40","Mon Jun 01 06:33:32 PDT 2020","352","BatchId:4062113;OriginalHitTemplateId:920937340;","7200","259200","Mon Jun 01 10:33:32 PDT 2020","","","30X31N5D63QPGHPLVQ4VJMHYZ4GAS6","A1DAS369G4PAFO","Submitted","Mon Jun 01 09:12:46 PDT 2020","Mon Jun 01 10:02:56 PDT 2020","Thu Jun 04 10:02:56 PDT 2020","","","","3010","0% (0/0)","0% (0/0)","0% (0/0)","t2xkwn4sve7j03803nd5"
"3VADEH0UHCXUH1XTU7HRLXABVWIPSB","34NBII25NZIOGJLGY73HHZ47TJY2JF","Reading a passage and responding to questions","You will read a short passage about a person, then answer questions related to the passage.","sentences, decisions, language","$0.40","Mon Jun 01 06:33:32 PDT 2020","352","BatchId:4062113;OriginalHitTemplateId:920937340;","7200","259200","Mon Jun 01 10:33:32 PDT 2020","","","31LM9EDVOLS31X0KH00MDRAB2SNNJ8","AS560M3GSGU5L","Submitted","Mon Jun 01 06:42:48 PDT 2020","Mon Jun 01 06:46:38 PDT 2020","Thu Jun 04 06:46:38 PDT 2020","","","","230","0% (0/0)","0% (0/0)","0% (0/0)","rkymqbj9kle2le2b1vqk"
"3VADEH0UHCXUH1XTU7HRLXABVWIPSB","34NBII25NZIOGJLGY73HHZ47TJY2JF","Reading a passage and responding to questions","You will read a short passage about a person, then answer questions related to the passage.","sentences, decisions, language","$0.40","Mon Jun 01 06:33:32 PDT 2020","352","BatchId:4062113;OriginalHitTemplateId:920937340;","7200","259200","Mon Jun 01 10:33:32 PDT 2020","","","31Q0U3WYDPF73VSTB4DRDUSZ8WN17C","A1RGGBE7J8SXFC","Submitted","Mon Jun 01 07:22:38 PDT 2020","Mon Jun 01 07:49:54 PDT 2020","Thu Jun 04 07:49:54 PDT 2020","","","","1636","0% (0/0)","0% (0/0)","0% (0/0)","ntscmj7z945mmbdfsdp6"
"3VADEH0UHCXUH1XTU7HRLXABVWIPSB","34NBII25NZIOGJLGY73HHZ47TJY2JF","Reading a passage and responding to questions","You will read a short passage about a person, then answer questions related to the passage.","sentences, decisions, language","$0.40","Mon Jun 01 06:33:32 PDT 2020","352","BatchId:4062113;OriginalHitTemplateId:920937340;","7200","259200","Mon Jun 01 10:33:32 PDT 2020","","","32KTQ2V7RDF8D32BJNU9BI781X29M0","A3931VJ55Y4C1N","Submitted","Mon Jun 01 06:48:44 PDT 2020","Mon Jun 01 06:52:54 PDT 2020","Thu Jun 04 06:52:54 PDT 2020","","","","250","0% (0/0)","0% (0/0)","0% (0/0)","fewfvy3zt4sv2o096aqk"
"3VADEH0UHCXUH1XTU7HRLXABVWIPSB","34NBII25NZIOGJLGY73HHZ47TJY2JF","Reading a passage and responding to questions","You will read a short passage about a person, then answer questions related to the passage.","sentences, decisions, language","$0.40","Mon Jun 01 06:33:32 PDT 2020","352","BatchId:4062113;OriginalHitTemplateId:920937340;","7200","259200","Mon Jun 01 10:33:32 PDT 2020","","","32SVAV9L3F9LW0465B3UBE9M7OEA3B","AVGN8K8WNCGFT","Submitted","Mon Jun 01 08:32:07 PDT 2020","Mon Jun 01 08:36:38 PDT 2020","Thu Jun 04 08:36:38 PDT 2020","","","","271","0% (0/0)","0% (0/0)","0% (0/0)","dyab6adp74a4lo2ltrou"
"3VADEH0UHCXUH1XTU7HRLXABVWIPSB","34NBII25NZIOGJLGY73HHZ47TJY2JF","Reading a passage and responding to questions","You will read a short passage about a person, then answer questions related to the passage.","sentences, decisions, language","$0.40","Mon Jun 01 06:33:32 PDT 2020","352","BatchId:4062113;OriginalHitTemplateId:920937340;","7200","259200","Mon Jun 01 10:33:32 PDT 2020","","","339ANSOTR526YGVB25N69YE7VHSIKJ","A2VA0NCPWJ8XZG","Submitted","Mon Jun 01 06:33:46 PDT 2020","Mon Jun 01 06:41:00 PDT 2020","Thu Jun 04 06:41:00 PDT 2020","","","","434","0% (0/0)","0% (0/0)","0% (0/0)","zfmatgwqcknk2ylrq87n"
"3VADEH0UHCXUH1XTU7HRLXABVWIPSB","34NBII25NZIOGJLGY73HHZ47TJY2JF","Reading a passage and responding to questions","You will read a short passage about a person, then answer questions related to the passage.","sentences, decisions, language","$0.40","Mon Jun 01 06:33:32 PDT 2020","352","BatchId:4062113;OriginalHitTemplateId:920937340;","7200","259200","Mon Jun 01 10:33:32 PDT 2020","","","339ANSOTR526YGVB25N69YE7VITKIO","A77FP2G0TVCII","Submitted","Mon Jun 01 06:40:34 PDT 2020","Mon Jun 01 08:07:16 PDT 2020","Thu Jun 04 08:07:16 PDT 2020","","","","5202","0% (0/0)","0% (0/0)","0% (0/0)","ragpjpjolmbd0nswmp5y"
"3VADEH0UHCXUH1XTU7HRLXABVWIPSB","34NBII25NZIOGJLGY73HHZ47TJY2JF","Reading a passage and responding to questions","You will read a short passage about a person, then answer questions related to the passage.","sentences, decisions, language","$0.40","Mon Jun 01 06:33:32 PDT 2020","352","BatchId:4062113;OriginalHitTemplateId:920937340;","7200","259200","Mon Jun 01 10:33:32 PDT 2020","","","33OOO72IVHLEOWZY445CZM381Q3CTN","A2RWCJMAUJKSQV","Submitted","Mon Jun 01 07:08:33 PDT 2020","Mon Jun 01 07:19:40 PDT 2020","Thu Jun 04 07:19:40 PDT 2020","","","","667","0% (0/0)","0% (0/0)","0% (0/0)","4vl30ck3jxpt49uy1ek6"
"3VADEH0UHCXUH1XTU7HRLXABVWIPSB","34NBII25NZIOGJLGY73HHZ47TJY2JF","Reading a passage and responding to questions","You will read a short passage about a person, then answer questions related to the passage.","sentences, decisions, language","$0.40","Mon Jun 01 06:33:32 PDT 2020","352","BatchId:4062113;OriginalHitTemplateId:920937340;","7200","259200","Mon Jun 01 10:33:32 PDT 2020","","","34V1S5K3GS16O0HJW7NSMMAMBXN96Q","A34DYM8J0X5VK","Submitted","Mon Jun 01 06:47:53 PDT 2020","Mon Jun 01 06:51:11 PDT 2020","Thu Jun 04 06:51:11 PDT 2020","","","","198","0% (0/0)","0% (0/0)","0% (0/0)","jk62sudf0sb2tkkyq8ft"
"3VADEH0UHCXUH1XTU7HRLXABVWIPSB","34NBII25NZIOGJLGY73HHZ47TJY2JF","Reading a passage and responding to questions","You will read a short passage about a person, then answer questions related to the passage.","sentences, decisions, language","$0.40","Mon Jun 01 06:33:32 PDT 2020","352","BatchId:4062113;OriginalHitTemplateId:920937340;","7200","259200","Mon Jun 01 10:33:32 PDT 2020","","","352YTHGROVDLOJVOBVI525OWYJP4HQ","ACE9Z3OPALH56","Submitted","Mon Jun 01 06:48:42 PDT 2020","Mon Jun 01 08:20:05 PDT 2020","Thu Jun 04 08:20:05 PDT 2020","","","","5483","0% (0/0)","0% (0/0)","0% (0/0)","3g90wgoapk9gcyntt4n5"
"3VADEH0UHCXUH1XTU7HRLXABVWIPSB","34NBII25NZIOGJLGY73HHZ47TJY2JF","Reading a passage and responding to questions","You will read a short passage about a person, then answer questions related to the passage.","sentences, decisions, language","$0.40","Mon Jun 01 06:33:32 PDT 2020","352","BatchId:4062113;OriginalHitTemplateId:920937340;","7200","259200","Mon Jun 01 10:33:32 PDT 2020","","","35DR22AR5DKXSDCZGLV8VMKK89CX3R","A3C9PTN49QTVFN","Submitted","Mon Jun 01 06:51:37 PDT 2020","Mon Jun 01 06:59:35 PDT 2020","Thu Jun 04 06:59:35 PDT 2020","","","","478","0% (0/0)","0% (0/0)","0% (0/0)","wtqrnarjyx04yr0jg0cw"
"3VADEH0UHCXUH1XTU7HRLXABVWIPSB","34NBII25NZIOGJLGY73HHZ47TJY2JF","Reading a passage and responding to questions","You will read a short passage about a person, then answer questions related to the passage.","sentences, decisions, language","$0.40","Mon Jun 01 06:33:32 PDT 2020","352","BatchId:4062113;OriginalHitTemplateId:920937340;","7200","259200","Mon Jun 01 10:33:32 PDT 2020","","","373ERPL3YO8IUYOHM1V7OH2U1RGTRK","A1O8D22H0D03W1","Submitted","Mon Jun 01 08:52:09 PDT 2020","Mon Jun 01 10:33:27 PDT 2020","Thu Jun 04 10:33:27 PDT 2020","","","","6078","0% (0/0)","0% (0/0)","0% (0/0)","yra0ln3tu197w8o31nqz"
"3VADEH0UHCXUH1XTU7HRLXABVWIPSB","34NBII25NZIOGJLGY73HHZ47TJY2JF","Reading a passage and responding to questions","You will read a short passage about a person, then answer questions related to the passage.","sentences, decisions, language","$0.40","Mon Jun 01 06:33:32 PDT 2020","352","BatchId:4062113;OriginalHitTemplateId:920937340;","7200","259200","Mon Jun 01 10:33:32 PDT 2020","","","37Z929RLG98UVDOU1QVCER7QNSLSTR","AWLT46A9EWTK8","Submitted","Mon Jun 01 06:33:59 PDT 2020","Mon Jun 01 07:00:24 PDT 2020","Thu Jun 04 07:00:24 PDT 2020","","","","1585","0% (0/0)","0% (0/0)","0% (0/0)","2f82u3awgvk3b0jlwypk"
"3VADEH0UHCXUH1XTU7HRLXABVWIPSB","34NBII25NZIOGJLGY73HHZ47TJY2JF","Reading a passage and responding to questions","You will read a short passage about a person, then answer questions related to the passage.","sentences, decisions, language","$0.40","Mon Jun 01 06:33:32 PDT 2020","352","BatchId:4062113;OriginalHitTemplateId:920937340;","7200","259200","Mon Jun 01 10:33:32 PDT 2020","","","388U7OUMF71HEPRQOZ7X460P4G60R2","AFSJ4KWGV4J1H","Submitted","Mon Jun 01 06:36:22 PDT 2020","Mon Jun 01 06:41:24 PDT 2020","Thu Jun 04 06:41:24 PDT 2020","","","","302","0% (0/0)","0% (0/0)","0% (0/0)","8dccxp9hqb8ng9gj95ot"
"3VADEH0UHCXUH1XTU7HRLXABVWIPSB","34NBII25NZIOGJLGY73HHZ47TJY2JF","Reading a passage and responding to questions","You will read a short passage about a person, then answer questions related to the passage.","sentences, decisions, language","$0.40","Mon Jun 01 06:33:32 PDT 2020","352","BatchId:4062113;OriginalHitTemplateId:920937340;","7200","259200","Mon Jun 01 10:33:32 PDT 2020","","","39O5D9O87TS9PF14PPZLH9ZA7R8C3O","A1HWMXWLCY7X1V","Submitted","Mon Jun 01 10:19:28 PDT 2020","Mon Jun 01 10:22:48 PDT 2020","Thu Jun 04 10:22:48 PDT 2020","","","","200","0% (0/0)","0% (0/0)","0% (0/0)","mjrqbt7q9ea9srf4z174"
"3VADEH0UHCXUH1XTU7HRLXABVWIPSB","34NBII25NZIOGJLGY73HHZ47TJY2JF","Reading a passage and responding to questions","You will read a short passage about a person, then answer questions related to the passage.","sentences, decisions, language","$0.40","Mon Jun 01 06:33:32 PDT 2020","352","BatchId:4062113;OriginalHitTemplateId:920937340;","7200","259200","Mon Jun 01 10:33:32 PDT 2020","","","3AAPLD8UCCH554AEQWJDAD0OEIETHJ","A3UOMKNBFD69WQ","Submitted","Mon Jun 01 08:03:42 PDT 2020","Mon Jun 01 08:14:14 PDT 2020","Thu Jun 04 08:14:14 PDT 2020","","","","632","0% (0/0)","0% (0/0)","0% (0/0)","tc3qtcwxnhlr2q9uj79l"
"3VADEH0UHCXUH1XTU7HRLXABVWIPSB","34NBII25NZIOGJLGY73HHZ47TJY2JF","Reading a passage and responding to questions","You will read a short passage about a person, then answer questions related to the passage.","sentences, decisions, language","$0.40","Mon Jun 01 06:33:32 PDT 2020","352","BatchId:4062113;OriginalHitTemplateId:920937340;","7200","259200","Mon Jun 01 10:33:32 PDT 2020","","","3ATPCQ38J8AMC31UUWWK185ZGP5AYD","A1LJGHG6RYGLMB","Submitted","Mon Jun 01 07:53:35 PDT 2020","Mon Jun 01 07:54:33 PDT 2020","Thu Jun 04 07:54:33 PDT 2020","","","","58","0% (0/0)","0% (0/0)","0% (0/0)","f6bo4n6cqx8mujl7aepv"
"3VADEH0UHCXUH1XTU7HRLXABVWIPSB","34NBII25NZIOGJLGY73HHZ47TJY2JF","Reading a passage and responding to questions","You will read a short passage about a person, then answer questions related to the passage.","sentences, decisions, language","$0.40","Mon Jun 01 06:33:32 PDT 2020","352","BatchId:4062113;OriginalHitTemplateId:920937340;","7200","259200","Mon Jun 01 10:33:32 PDT 2020","","","3B3WTRP3DB2I6ZYI95BPW9TAVSK928","A2LQXHIPZ4QJN8","Submitted","Mon Jun 01 06:38:41 PDT 2020","Mon Jun 01 07:01:53 PDT 2020","Thu Jun 04 07:01:53 PDT 2020","","","","1392","0% (0/0)","0% (0/0)","0% (0/0)","gy1kmt6qnhamjpb5axn4"
"3VADEH0UHCXUH1XTU7HRLXABVWIPSB","34NBII25NZIOGJLGY73HHZ47TJY2JF","Reading a passage and responding to questions","You will read a short passage about a person, then answer questions related to the passage.","sentences, decisions, language","$0.40","Mon Jun 01 06:33:32 PDT 2020","352","BatchId:4062113;OriginalHitTemplateId:920937340;","7200","259200","Mon Jun 01 10:33:32 PDT 2020","","","3BV8HQ2ZZW1KTJROOD1SIHL6HFCA6D","A2LAE5LO34AK","Submitted","Mon Jun 01 07:51:28 PDT 2020","Mon Jun 01 07:53:27 PDT 2020","Thu Jun 04 07:53:27 PDT 2020","","","","119","0% (0/0)","0% (0/0)","0% (0/0)","md08pllzt1u4xumnjwgx"
"3VADEH0UHCXUH1XTU7HRLXABVWIPSB","34NBII25NZIOGJLGY73HHZ47TJY2JF","Reading a passage and responding to questions","You will read a short passage about a person, then answer questions related to the passage.","sentences, decisions, language","$0.40","Mon Jun 01 06:33:32 PDT 2020","352","BatchId:4062113;OriginalHitTemplateId:920937340;","7200","259200","Mon Jun 01 10:33:32 PDT 2020","","","3C5W7UE9CFQYEZK9M30NRLTQ80SMXV","A11TPUPFP2S4MK","Submitted","Mon Jun 01 06:40:45 PDT 2020","Mon Jun 01 06:46:54 PDT 2020","Thu Jun 04 06:46:54 PDT 2020","","","","369","0% (0/0)","0% (0/0)","0% (0/0)","6p0dk1r6z4ccd6nglb83"
"3VADEH0UHCXUH1XTU7HRLXABVWIPSB","34NBII25NZIOGJLGY73HHZ47TJY2JF","Reading a passage and responding to questions","You will read a short passage about a person, then answer questions related to the passage.","sentences, decisions, language","$0.40","Mon Jun 01 06:33:32 PDT 2020","352","BatchId:4062113;OriginalHitTemplateId:920937340;","7200","259200","Mon Jun 01 10:33:32 PDT 2020","","","3C8HJ7UOP7UNJUKONLO8O691GZPZM2","A20S5DO7LY1XDQ","Submitted","Mon Jun 01 06:41:27 PDT 2020","Mon Jun 01 06:46:55 PDT 2020","Thu Jun 04 06:46:55 PDT 2020","","","","328","0% (0/0)","0% (0/0)","0% (0/0)","436a3p0m3dewzsnsvg1b"
"3VADEH0UHCXUH1XTU7HRLXABVWIPSB","34NBII25NZIOGJLGY73HHZ47TJY2JF","Reading a passage and responding to questions","You will read a short passage about a person, then answer questions related to the passage.","sentences, decisions, language","$0.40","Mon Jun 01 06:33:32 PDT 2020","352","BatchId:4062113;OriginalHitTemplateId:920937340;","7200","259200","Mon Jun 01 10:33:32 PDT 2020","","","3CPLWGV3MOZEVLNBVO99OXW86NBN9D","A3PDDYITRZ981Q","Submitted","Mon Jun 01 06:41:42 PDT 2020","Mon Jun 01 06:49:27 PDT 2020","Thu Jun 04 06:49:27 PDT 2020","","","","465","0% (0/0)","0% (0/0)","0% (0/0)","9qztwe2cyaenf0vt4o8z"
"3VADEH0UHCXUH1XTU7HRLXABVWIPSB","34NBII25NZIOGJLGY73HHZ47TJY2JF","Reading a passage and responding to questions","You will read a short passage about a person, then answer questions related to the passage.","sentences, decisions, language","$0.40","Mon Jun 01 06:33:32 PDT 2020","352","BatchId:4062113;OriginalHitTemplateId:920937340;","7200","259200","Mon Jun 01 10:33:32 PDT 2020","","","3DHE4R9OCWBXL9LQNBHZOQFXZ5F2GS","A1QEQ64E22TNUZ","Submitted","Mon Jun 01 06:34:50 PDT 2020","Mon Jun 01 06:40:55 PDT 2020","Thu Jun 04 06:40:55 PDT 2020","","","","365","0% (0/0)","0% (0/0)","0% (0/0)","1rxz9f70jamo1b7mj1r3"
"3VADEH0UHCXUH1XTU7HRLXABVWIPSB","34NBII25NZIOGJLGY73HHZ47TJY2JF","Reading a passage and responding to questions","You will read a short passage about a person, then answer questions related to the passage.","sentences, decisions, language","$0.40","Mon Jun 01 06:33:32 PDT 2020","352","BatchId:4062113;OriginalHitTemplateId:920937340;","7200","259200","Mon Jun 01 10:33:32 PDT 2020","","","3DI28L7YXAESCA73YCRXJ4KGUJY1E5","A3SSB5T8DRVOUP","Submitted","Mon Jun 01 08:28:20 PDT 2020","Mon Jun 01 09:44:34 PDT 2020","Thu Jun 04 09:44:34 PDT 2020","","","","4574","0% (0/0)","0% (0/0)","0% (0/0)","d9pwzzvmb7q0urhzctdu"
"3VADEH0UHCXUH1XTU7HRLXABVWIPSB","34NBII25NZIOGJLGY73HHZ47TJY2JF","Reading a passage and responding to questions","You will read a short passage about a person, then answer questions related to the passage.","sentences, decisions, language","$0.40","Mon Jun 01 06:33:32 PDT 2020","352","BatchId:4062113;OriginalHitTemplateId:920937340;","7200","259200","Mon Jun 01 10:33:32 PDT 2020","","","3DR23U6WE5ETLUJC0VB7PA3BM2MTE3","ACOUEGRDJO7B6","Submitted","Mon Jun 01 08:03:23 PDT 2020","Mon Jun 01 08:07:39 PDT 2020","Thu Jun 04 08:07:39 PDT 2020","","","","256","0% (0/0)","0% (0/0)","0% (0/0)","tmmvzd18a7j0dlmu1wfl"
"3VADEH0UHCXUH1XTU7HRLXABVWIPSB","34NBII25NZIOGJLGY73HHZ47TJY2JF","Reading a passage and responding to questions","You will read a short passage about a person, then answer questions related to the passage.","sentences, decisions, language","$0.40","Mon Jun 01 06:33:32 PDT 2020","352","BatchId:4062113;OriginalHitTemplateId:920937340;","7200","259200","Mon Jun 01 10:33:32 PDT 2020","","","3FPRZHYEPY75OO74G6UQ71NZSYD3V3","ABLOHOJH95YT9","Submitted","Mon Jun 01 08:04:48 PDT 2020","Mon Jun 01 09:14:41 PDT 2020","Thu Jun 04 09:14:41 PDT 2020","","","","4193","0% (0/0)","0% (0/0)","0% (0/0)","1hf00pv92oacfxza2ftz"
"3VADEH0UHCXUH1XTU7HRLXABVWIPSB","34NBII25NZIOGJLGY73HHZ47TJY2JF","Reading a passage and responding to questions","You will read a short passage about a person, then answer questions related to the passage.","sentences, decisions, language","$0.40","Mon Jun 01 06:33:32 PDT 2020","352","BatchId:4062113;OriginalHitTemplateId:920937340;","7200","259200","Mon Jun 01 10:33:32 PDT 2020","","","3FTYUGLFSULM8MUM34IPGCFC6NQ5DM","A23U741RIY62O4","Submitted","Mon Jun 01 06:36:05 PDT 2020","Mon Jun 01 07:01:06 PDT 2020","Thu Jun 04 07:01:06 PDT 2020","","","","1501","0% (0/0)","0% (0/0)","0% (0/0)","cb3k02gbwu2htg9nv7m1"
"3VADEH0UHCXUH1XTU7HRLXABVWIPSB","34NBII25NZIOGJLGY73HHZ47TJY2JF","Reading a passage and responding to questions","You will read a short passage about a person, then answer questions related to the passage.","sentences, decisions, language","$0.40","Mon Jun 01 06:33:32 PDT 2020","352","BatchId:4062113;OriginalHitTemplateId:920937340;","7200","259200","Mon Jun 01 10:33:32 PDT 2020","","","3GA6AFUKOOO06NCKBHDMS0WQKJS3H3","A1U3OIZTWRI8JD","Submitted","Mon Jun 01 06:37:31 PDT 2020","Mon Jun 01 06:41:15 PDT 2020","Thu Jun 04 06:41:15 PDT 2020","","","","224","0% (0/0)","0% (0/0)","0% (0/0)","dq8mcuppsumzpezl3qyo"
"3VADEH0UHCXUH1XTU7HRLXABVWIPSB","34NBII25NZIOGJLGY73HHZ47TJY2JF","Reading a passage and responding to questions","You will read a short passage about a person, then answer questions related to the passage.","sentences, decisions, language","$0.40","Mon Jun 01 06:33:32 PDT 2020","352","BatchId:4062113;OriginalHitTemplateId:920937340;","7200","259200","Mon Jun 01 10:33:32 PDT 2020","","","3GD6L00D3SXQOYZGFAFGWCPP3LMM1C","AHIXNA3RCBC7P","Submitted","Mon Jun 01 08:02:29 PDT 2020","Mon Jun 01 08:08:26 PDT 2020","Thu Jun 04 08:08:26 PDT 2020","","","","357","0% (0/0)","0% (0/0)","0% (0/0)","auh0gut5bb04pjn7bjc8"
"3VADEH0UHCXUH1XTU7HRLXABVWIPSB","34NBII25NZIOGJLGY73HHZ47TJY2JF","Reading a passage and responding to questions","You will read a short passage about a person, then answer questions related to the passage.","sentences, decisions, language","$0.40","Mon Jun 01 06:33:32 PDT 2020","352","BatchId:4062113;OriginalHitTemplateId:920937340;","7200","259200","Mon Jun 01 10:33:32 PDT 2020","","","3GDTJDAPVUB8ZYJ1EVOVBMCXHRMM8Q","A1RL6LTB8DSNVE","Submitted","Mon Jun 01 07:08:27 PDT 2020","Mon Jun 01 07:13:18 PDT 2020","Thu Jun 04 07:13:18 PDT 2020","","","","291","0% (0/0)","0% (0/0)","0% (0/0)","43j5mlhee3ksy88p8w8y"
"3VADEH0UHCXUH1XTU7HRLXABVWIPSB","34NBII25NZIOGJLGY73HHZ47TJY2JF","Reading a passage and responding to questions","You will read a short passage about a person, then answer questions related to the passage.","sentences, decisions, language","$0.40","Mon Jun 01 06:33:32 PDT 2020","352","BatchId:4062113;OriginalHitTemplateId:920937340;","7200","259200","Mon Jun 01 10:33:32 PDT 2020","","","3GNA64GUZE4GXVYR8QO9GBMBP2F5QR","A33CS9OHRCSPO0","Submitted","Mon Jun 01 06:36:41 PDT 2020","Mon Jun 01 06:43:24 PDT 2020","Thu Jun 04 06:43:24 PDT 2020","","","","403","0% (0/0)","0% (0/0)","0% (0/0)","4h8alu66ln2u1793wkaw"
"3VADEH0UHCXUH1XTU7HRLXABVWIPSB","34NBII25NZIOGJLGY73HHZ47TJY2JF","Reading a passage and responding to questions","You will read a short passage about a person, then answer questions related to the passage.","sentences, decisions, language","$0.40","Mon Jun 01 06:33:32 PDT 2020","352","BatchId:4062113;OriginalHitTemplateId:920937340;","7200","259200","Mon Jun 01 10:33:32 PDT 2020","","","3GS6S824SQXP7H0JOZJ12H4J4NVNW0","A2BABL5AHUOYC7","Submitted","Mon Jun 01 06:34:33 PDT 2020","Mon Jun 01 06:47:50 PDT 2020","Thu Jun 04 06:47:50 PDT 2020","","","","797","0% (0/0)","0% (0/0)","0% (0/0)","m9ybck3jvs15shwbrojb"
"3VADEH0UHCXUH1XTU7HRLXABVWIPSB","34NBII25NZIOGJLGY73HHZ47TJY2JF","Reading a passage and responding to questions","You will read a short passage about a person, then answer questions related to the passage.","sentences, decisions, language","$0.40","Mon Jun 01 06:33:32 PDT 2020","352","BatchId:4062113;OriginalHitTemplateId:920937340;","7200","259200","Mon Jun 01 10:33:32 PDT 2020","","","3H8DHMCCW9BPQ5FPARMVI1YU3DMDKG","A25I110YXT1QRA","Submitted","Mon Jun 01 06:52:07 PDT 2020","Mon Jun 01 06:55:05 PDT 2020","Thu Jun 04 06:55:05 PDT 2020","","","","178","0% (0/0)","0% (0/0)","0% (0/0)","vy6k54d89tpd5o107wpu"
"3VADEH0UHCXUH1XTU7HRLXABVWIPSB","34NBII25NZIOGJLGY73HHZ47TJY2JF","Reading a passage and responding to questions","You will read a short passage about a person, then answer questions related to the passage.","sentences, decisions, language","$0.40","Mon Jun 01 06:33:32 PDT 2020","352","BatchId:4062113;OriginalHitTemplateId:920937340;","7200","259200","Mon Jun 01 10:33:32 PDT 2020","","","3HSYG7LRBJYX4BLZ288IMETKNLHKKW","A2WZ8ZEB00LYF7","Submitted","Mon Jun 01 06:34:17 PDT 2020","Mon Jun 01 07:33:17 PDT 2020","Thu Jun 04 07:33:17 PDT 2020","","","","3540","0% (0/0)","0% (0/0)","0% (0/0)","15a6vdtb7hgfg24u83xj"
"3VADEH0UHCXUH1XTU7HRLXABVWIPSB","34NBII25NZIOGJLGY73HHZ47TJY2JF","Reading a passage and responding to questions","You will read a short passage about a person, then answer questions related to the passage.","sentences, decisions, language","$0.40","Mon Jun 01 06:33:32 PDT 2020","352","BatchId:4062113;OriginalHitTemplateId:920937340;","7200","259200","Mon Jun 01 10:33:32 PDT 2020","","","3IUZPWIU1O7OZBFGRMRLAPNFASQWK4","A6FFYGIDYQ3MO","Submitted","Mon Jun 01 06:37:48 PDT 2020","Mon Jun 01 06:43:29 PDT 2020","Thu Jun 04 06:43:29 PDT 2020","","","","341","0% (0/0)","0% (0/0)","0% (0/0)","ceaaor8jlb5dzk9jb2rm"
"3VADEH0UHCXUH1XTU7HRLXABVWIPSB","34NBII25NZIOGJLGY73HHZ47TJY2JF","Reading a passage and responding to questions","You will read a short passage about a person, then answer questions related to the passage.","sentences, decisions, language","$0.40","Mon Jun 01 06:33:32 PDT 2020","352","BatchId:4062113;OriginalHitTemplateId:920937340;","7200","259200","Mon Jun 01 10:33:32 PDT 2020","","","3IX2EGZR7BJOGVSCA7H3MBFL3POJR4","A3GSK2R1VIYG3H","Submitted","Mon Jun 01 08:41:55 PDT 2020","Mon Jun 01 08:51:33 PDT 2020","Thu Jun 04 08:51:33 PDT 2020","","","","578","0% (0/0)","0% (0/0)","0% (0/0)","qgbrmn7fdx2l6hpryt2e"
"3VADEH0UHCXUH1XTU7HRLXABVWIPSB","34NBII25NZIOGJLGY73HHZ47TJY2JF","Reading a passage and responding to questions","You will read a short passage about a person, then answer questions related to the passage.","sentences, decisions, language","$0.40","Mon Jun 01 06:33:32 PDT 2020","352","BatchId:4062113;OriginalHitTemplateId:920937340;","7200","259200","Mon Jun 01 10:33:32 PDT 2020","","","3JNQLM5FT4MD71ZRY2EF1IK5VM22LZ","AJBB72MM58BBY","Submitted","Mon Jun 01 06:43:39 PDT 2020","Mon Jun 01 06:50:55 PDT 2020","Thu Jun 04 06:50:55 PDT 2020","","","","436","0% (0/0)","0% (0/0)","0% (0/0)","c8hm94x2eeb2rfsv8d0n"
"3VADEH0UHCXUH1XTU7HRLXABVWIPSB","34NBII25NZIOGJLGY73HHZ47TJY2JF","Reading a passage and responding to questions","You will read a short passage about a person, then answer questions related to the passage.","sentences, decisions, language","$0.40","Mon Jun 01 06:33:32 PDT 2020","352","BatchId:4062113;OriginalHitTemplateId:920937340;","7200","259200","Mon Jun 01 10:33:32 PDT 2020","","","3JV9LGBJWTEBSGAVA9FWV3I009AOGH","AFBV3PKRPWOQF","Submitted","Mon Jun 01 06:35:52 PDT 2020","Mon Jun 01 06:40:34 PDT 2020","Thu Jun 04 06:40:34 PDT 2020","","","","282","0% (0/0)","0% (0/0)","0% (0/0)","04cjrd62uaqxx40vt6tj"
"3VADEH0UHCXUH1XTU7HRLXABVWIPSB","34NBII25NZIOGJLGY73HHZ47TJY2JF","Reading a passage and responding to questions","You will read a short passage about a person, then answer questions related to the passage.","sentences, decisions, language","$0.40","Mon Jun 01 06:33:32 PDT 2020","352","BatchId:4062113;OriginalHitTemplateId:920937340;","7200","259200","Mon Jun 01 10:33:32 PDT 2020","","","3JWH6J9I9SDXJE28T8N5F3RYUNHNBQ","A3K5CW2LIM0V0Y","Submitted","Mon Jun 01 07:11:16 PDT 2020","Mon Jun 01 07:16:28 PDT 2020","Thu Jun 04 07:16:28 PDT 2020","","","","312","0% (0/0)","0% (0/0)","0% (0/0)","83zhoyu87457o5srk7qh"
"3VADEH0UHCXUH1XTU7HRLXABVWIPSB","34NBII25NZIOGJLGY73HHZ47TJY2JF","Reading a passage and responding to questions","You will read a short passage about a person, then answer questions related to the passage.","sentences, decisions, language","$0.40","Mon Jun 01 06:33:32 PDT 2020","352","BatchId:4062113;OriginalHitTemplateId:920937340;","7200","259200","Mon Jun 01 10:33:32 PDT 2020","","","3JZQSN0I3QAHM3X2B6W6899M89YFG3","A3P0WSCNMY8S6W","Submitted","Mon Jun 01 08:57:13 PDT 2020","Mon Jun 01 10:41:33 PDT 2020","Thu Jun 04 10:41:33 PDT 2020","","","","6260","0% (0/0)","0% (0/0)","0% (0/0)","mge065dbtru4y5cvf4xk"
"3VADEH0UHCXUH1XTU7HRLXABVWIPSB","34NBII25NZIOGJLGY73HHZ47TJY2JF","Reading a passage and responding to questions","You will read a short passage about a person, then answer questions related to the passage.","sentences, decisions, language","$0.40","Mon Jun 01 06:33:32 PDT 2020","352","BatchId:4062113;OriginalHitTemplateId:920937340;","7200","259200","Mon Jun 01 10:33:32 PDT 2020","","","3KIBXJ1WD5UGU26E000BTVAT7R3KOU","A2QFQSLWUAX9ZU","Submitted","Mon Jun 01 08:20:14 PDT 2020","Mon Jun 01 08:24:47 PDT 2020","Thu Jun 04 08:24:47 PDT 2020","","","","273","0% (0/0)","0% (0/0)","0% (0/0)","a47z1abmbdf5yg0pjwtd"
"3VADEH0UHCXUH1XTU7HRLXABVWIPSB","34NBII25NZIOGJLGY73HHZ47TJY2JF","Reading a passage and responding to questions","You will read a short passage about a person, then answer questions related to the passage.","sentences, decisions, language","$0.40","Mon Jun 01 06:33:32 PDT 2020","352","BatchId:4062113;OriginalHitTemplateId:920937340;","7200","259200","Mon Jun 01 10:33:32 PDT 2020","","","3KMS4QQVK2QMOPTL1XHL611FFQCKF8","A3IZUZE1S8GO5O","Submitted","Mon Jun 01 08:19:13 PDT 2020","Mon Jun 01 08:26:18 PDT 2020","Thu Jun 04 08:26:18 PDT 2020","","","","425","0% (0/0)","0% (0/0)","0% (0/0)","m1v8fox9n5csamxb4tls"
"3VADEH0UHCXUH1XTU7HRLXABVWIPSB","34NBII25NZIOGJLGY73HHZ47TJY2JF","Reading a passage and responding to questions","You will read a short passage about a person, then answer questions related to the passage.","sentences, decisions, language","$0.40","Mon Jun 01 06:33:32 PDT 2020","352","BatchId:4062113;OriginalHitTemplateId:920937340;","7200","259200","Mon Jun 01 10:33:32 PDT 2020","","","3L0KT67Y8EGQCZNOBWIBM8Z52U3SYG","A39GHORM2Q8EYU","Submitted","Mon Jun 01 06:40:37 PDT 2020","Mon Jun 01 06:50:52 PDT 2020","Thu Jun 04 06:50:52 PDT 2020","","","","615","0% (0/0)","0% (0/0)","0% (0/0)","4vh2399h65ktrye3gnx1"
"3VADEH0UHCXUH1XTU7HRLXABVWIPSB","34NBII25NZIOGJLGY73HHZ47TJY2JF","Reading a passage and responding to questions","You will read a short passage about a person, then answer questions related to the passage.","sentences, decisions, language","$0.40","Mon Jun 01 06:33:32 PDT 2020","352","BatchId:4062113;OriginalHitTemplateId:920937340;","7200","259200","Mon Jun 01 10:33:32 PDT 2020","","","3LEP4MGT3G0OX2BV4E92JYF4GIBDBS","A1HQGUTJ6VM2YX","Submitted","Mon Jun 01 06:34:24 PDT 2020","Mon Jun 01 06:52:45 PDT 2020","Thu Jun 04 06:52:45 PDT 2020","","","","1101","0% (0/0)","0% (0/0)","0% (0/0)","ggroqzpob1c0xw72h9jy"
"3VADEH0UHCXUH1XTU7HRLXABVWIPSB","34NBII25NZIOGJLGY73HHZ47TJY2JF","Reading a passage and responding to questions","You will read a short passage about a person, then answer questions related to the passage.","sentences, decisions, language","$0.40","Mon Jun 01 06:33:32 PDT 2020","352","BatchId:4062113;OriginalHitTemplateId:920937340;","7200","259200","Mon Jun 01 10:33:32 PDT 2020","","","3LKC68YZ3A37P20VPEJEH64OUY1OWJ","AK4P9U9NS9DQF","Submitted","Mon Jun 01 06:39:56 PDT 2020","Mon Jun 01 06:56:36 PDT 2020","Thu Jun 04 06:56:36 PDT 2020","","","","1000","0% (0/0)","0% (0/0)","0% (0/0)","6am66657efvahzxw8baz"
"3VADEH0UHCXUH1XTU7HRLXABVWIPSB","34NBII25NZIOGJLGY73HHZ47TJY2JF","Reading a passage and responding to questions","You will read a short passage about a person, then answer questions related to the passage.","sentences, decisions, language","$0.40","Mon Jun 01 06:33:32 PDT 2020","352","BatchId:4062113;OriginalHitTemplateId:920937340;","7200","259200","Mon Jun 01 10:33:32 PDT 2020","","","3LO69W1SU3D3MV7YXHZ43ME6556GLV","A2528WPU5UZ9ZI","Submitted","Mon Jun 01 06:38:40 PDT 2020","Mon Jun 01 06:47:01 PDT 2020","Thu Jun 04 06:47:01 PDT 2020","","","","501","0% (0/0)","0% (0/0)","0% (0/0)","kxd0t9bf439zxc14xr2o"
"3VADEH0UHCXUH1XTU7HRLXABVWIPSB","34NBII25NZIOGJLGY73HHZ47TJY2JF","Reading a passage and responding to questions","You will read a short passage about a person, then answer questions related to the passage.","sentences, decisions, language","$0.40","Mon Jun 01 06:33:32 PDT 2020","352","BatchId:4062113;OriginalHitTemplateId:920937340;","7200","259200","Mon Jun 01 10:33:32 PDT 2020","","","3LPW2N6LKT28PO58PZ8EQCJ0SN2U52","A1BFAUG4NCIINL","Submitted","Mon Jun 01 09:40:29 PDT 2020","Mon Jun 01 10:01:12 PDT 2020","Thu Jun 04 10:01:12 PDT 2020","","","","1243","0% (0/0)","0% (0/0)","0% (0/0)","yduootsdgclqvy9k7nsf"
"3VADEH0UHCXUH1XTU7HRLXABVWIPSB","34NBII25NZIOGJLGY73HHZ47TJY2JF","Reading a passage and responding to questions","You will read a short passage about a person, then answer questions related to the passage.","sentences, decisions, language","$0.40","Mon Jun 01 06:33:32 PDT 2020","352","BatchId:4062113;OriginalHitTemplateId:920937340;","7200","259200","Mon Jun 01 10:33:32 PDT 2020","","","3LPW2N6LKT28PO58PZ8EQCJ0SNYU5Y","A331YU24SSHVSI","Submitted","Mon Jun 01 08:54:10 PDT 2020","Mon Jun 01 09:06:53 PDT 2020","Thu Jun 04 09:06:53 PDT 2020","","","","763","0% (0/0)","0% (0/0)","0% (0/0)","26skjklykgtrw577tmyv"
"3VADEH0UHCXUH1XTU7HRLXABVWIPSB","34NBII25NZIOGJLGY73HHZ47TJY2JF","Reading a passage and responding to questions","You will read a short passage about a person, then answer questions related to the passage.","sentences, decisions, language","$0.40","Mon Jun 01 06:33:32 PDT 2020","352","BatchId:4062113;OriginalHitTemplateId:920937340;","7200","259200","Mon Jun 01 10:33:32 PDT 2020","","","3LRKMWOKB5HXCQGVD35O9XV3AV92ZH","AOQZ2B7YSZVQ3","Submitted","Mon Jun 01 06:36:13 PDT 2020","Mon Jun 01 06:49:50 PDT 2020","Thu Jun 04 06:49:50 PDT 2020","","","","817","0% (0/0)","0% (0/0)","0% (0/0)","7s4e5roomk2w24yc2auo"
"3VADEH0UHCXUH1XTU7HRLXABVWIPSB","34NBII25NZIOGJLGY73HHZ47TJY2JF","Reading a passage and responding to questions","You will read a short passage about a person, then answer questions related to the passage.","sentences, decisions, language","$0.40","Mon Jun 01 06:33:32 PDT 2020","352","BatchId:4062113;OriginalHitTemplateId:920937340;","7200","259200","Mon Jun 01 10:33:32 PDT 2020","","","3M0BCWMB8VWN68BML9ESBM4PNYHWBK","A1UCB0D27PY623","Submitted","Mon Jun 01 06:37:15 PDT 2020","Mon Jun 01 07:20:57 PDT 2020","Thu Jun 04 07:20:57 PDT 2020","","","","2622","0% (0/0)","0% (0/0)","0% (0/0)","fpt0gtgzb3okkxqqhh80"
"3VADEH0UHCXUH1XTU7HRLXABVWIPSB","34NBII25NZIOGJLGY73HHZ47TJY2JF","Reading a passage and responding to questions","You will read a short passage about a person, then answer questions related to the passage.","sentences, decisions, language","$0.40","Mon Jun 01 06:33:32 PDT 2020","352","BatchId:4062113;OriginalHitTemplateId:920937340;","7200","259200","Mon Jun 01 10:33:32 PDT 2020","","","3MB8LZR5BFT8OH3HN8KJ1E6ZCM2LKI","A1ZD8RU6YB0VEU","Submitted","Mon Jun 01 09:16:14 PDT 2020","Mon Jun 01 09:44:06 PDT 2020","Thu Jun 04 09:44:06 PDT 2020","","","","1672","100% (1/1)","0% (0/0)","0% (0/0)","1gmhelqwj91kj6h36yvz"
"3VADEH0UHCXUH1XTU7HRLXABVWIPSB","34NBII25NZIOGJLGY73HHZ47TJY2JF","Reading a passage and responding to questions","You will read a short passage about a person, then answer questions related to the passage.","sentences, decisions, language","$0.40","Mon Jun 01 06:33:32 PDT 2020","352","BatchId:4062113;OriginalHitTemplateId:920937340;","7200","259200","Mon Jun 01 10:33:32 PDT 2020","","","3MMN5BL1WZ4MY1DV2ETZK54M15V3MG","AJP15DBKQ4E0X","Submitted","Mon Jun 01 07:15:23 PDT 2020","Mon Jun 01 07:19:35 PDT 2020","Thu Jun 04 07:19:35 PDT 2020","","","","252","100% (1/1)","100% (1/1)","100% (1/1)","a7nspsu3nr9abk92zl6h"
"3VADEH0UHCXUH1XTU7HRLXABVWIPSB","34NBII25NZIOGJLGY73HHZ47TJY2JF","Reading a passage and responding to questions","You will read a short passage about a person, then answer questions related to the passage.","sentences, decisions, language","$0.40","Mon Jun 01 06:33:32 PDT 2020","352","BatchId:4062113;OriginalHitTemplateId:920937340;","7200","259200","Mon Jun 01 10:33:32 PDT 2020","","","3NKQQ8O39Y53T1K145QXOO7S544UDE","A1USHCLLK1OQ60","Submitted","Mon Jun 01 10:23:09 PDT 2020","Mon Jun 01 10:44:58 PDT 2020","Thu Jun 04 10:44:58 PDT 2020","","","","1309","0% (0/0)","0% (0/0)","0% (0/0)","oxw8o6ejzvt5q8e49fto"
"3VADEH0UHCXUH1XTU7HRLXABVWIPSB","34NBII25NZIOGJLGY73HHZ47TJY2JF","Reading a passage and responding to questions","You will read a short passage about a person, then answer questions related to the passage.","sentences, decisions, language","$0.40","Mon Jun 01 06:33:32 PDT 2020","352","BatchId:4062113;OriginalHitTemplateId:920937340;","7200","259200","Mon Jun 01 10:33:32 PDT 2020","","","3NL0RFNU0FNCQ9WWHGL2FX4OQ0X4KY","A2CHB692INTL6H","Submitted","Mon Jun 01 07:24:36 PDT 2020","Mon Jun 01 07:29:05 PDT 2020","Thu Jun 04 07:29:05 PDT 2020","","","","269","0% (0/0)","0% (0/0)","0% (0/0)","u02efmzm3xh2xcl3z04v"
"3VADEH0UHCXUH1XTU7HRLXABVWIPSB","34NBII25NZIOGJLGY73HHZ47TJY2JF","Reading a passage and responding to questions","You will read a short passage about a person, then answer questions related to the passage.","sentences, decisions, language","$0.40","Mon Jun 01 06:33:32 PDT 2020","352","BatchId:4062113;OriginalHitTemplateId:920937340;","7200","259200","Mon Jun 01 10:33:32 PDT 2020","","","3NVC2EB65QZMSI29LHHAE0RTAF9Y31","A37SNPXGYNSSVX","Submitted","Mon Jun 01 07:21:27 PDT 2020","Mon Jun 01 07:24:29 PDT 2020","Thu Jun 04 07:24:29 PDT 2020","","","","182","0% (0/0)","0% (0/0)","0% (0/0)","o1p9hvfdwtfol84gs6mf"
"3VADEH0UHCXUH1XTU7HRLXABVWIPSB","34NBII25NZIOGJLGY73HHZ47TJY2JF","Reading a passage and responding to questions","You will read a short passage about a person, then answer questions related to the passage.","sentences, decisions, language","$0.40","Mon Jun 01 06:33:32 PDT 2020","352","BatchId:4062113;OriginalHitTemplateId:920937340;","7200","259200","Mon Jun 01 10:33:32 PDT 2020","","","3OSWBBLG1EXVA5EW9A1K8V6WZM0DX4","A2PIKP3MX5PGYZ","Submitted","Mon Jun 01 06:39:23 PDT 2020","Mon Jun 01 06:51:18 PDT 2020","Thu Jun 04 06:51:18 PDT 2020","","","","715","0% (0/0)","0% (0/0)","0% (0/0)","exj0zpcrx58yo9ulottu"
"3VADEH0UHCXUH1XTU7HRLXABVWIPSB","34NBII25NZIOGJLGY73HHZ47TJY2JF","Reading a passage and responding to questions","You will read a short passage about a person, then answer questions related to the passage.","sentences, decisions, language","$0.40","Mon Jun 01 06:33:32 PDT 2020","352","BatchId:4062113;OriginalHitTemplateId:920937340;","7200","259200","Mon Jun 01 10:33:32 PDT 2020","","","3PIWWX1FJJ67I79Z228UKKTUT8YJJG","AM00HSOL5RVDT","Submitted","Mon Jun 01 09:26:47 PDT 2020","Mon Jun 01 11:20:46 PDT 2020","Thu Jun 04 11:20:46 PDT 2020","","","","6839","0% (0/0)","0% (0/0)","0% (0/0)","nw7v41n3w6v8p5974rxe"
"3VADEH0UHCXUH1XTU7HRLXABVWIPSB","34NBII25NZIOGJLGY73HHZ47TJY2JF","Reading a passage and responding to questions","You will read a short passage about a person, then answer questions related to the passage.","sentences, decisions, language","$0.40","Mon Jun 01 06:33:32 PDT 2020","352","BatchId:4062113;OriginalHitTemplateId:920937340;","7200","259200","Mon Jun 01 10:33:32 PDT 2020","","","3PW9OPU9PQK0HUVN5SWWH3BRXGE21A","AWEKHZVVIGILA","Submitted","Mon Jun 01 09:42:22 PDT 2020","Mon Jun 01 09:48:54 PDT 2020","Thu Jun 04 09:48:54 PDT 2020","","","","392","0% (0/0)","0% (0/0)","0% (0/0)","35oap7fzo9ee060jgueo"
"3VADEH0UHCXUH1XTU7HRLXABVWIPSB","34NBII25NZIOGJLGY73HHZ47TJY2JF","Reading a passage and responding to questions","You will read a short passage about a person, then answer questions related to the passage.","sentences, decisions, language","$0.40","Mon Jun 01 06:33:32 PDT 2020","352","BatchId:4062113;OriginalHitTemplateId:920937340;","7200","259200","Mon Jun 01 10:33:32 PDT 2020","","","3Q5C1WP23M1SGREANBYUFAE3HQP51Y","A3B7Z7LVOM0ULG","Submitted","Mon Jun 01 06:56:58 PDT 2020","Mon Jun 01 07:32:32 PDT 2020","Thu Jun 04 07:32:32 PDT 2020","","","","2134","0% (0/0)","0% (0/0)","0% (0/0)","oat49ynb4tdaftu4pyy4"
"3VADEH0UHCXUH1XTU7HRLXABVWIPSB","34NBII25NZIOGJLGY73HHZ47TJY2JF","Reading a passage and responding to questions","You will read a short passage about a person, then answer questions related to the passage.","sentences, decisions, language","$0.40","Mon Jun 01 06:33:32 PDT 2020","352","BatchId:4062113;OriginalHitTemplateId:920937340;","7200","259200","Mon Jun 01 10:33:32 PDT 2020","","","3QRYMNZ7FYHXF0WPTUEQFXXK0UMTNR","A1GMSPWCRCY2KN","Submitted","Mon Jun 01 07:55:57 PDT 2020","Mon Jun 01 07:58:45 PDT 2020","Thu Jun 04 07:58:45 PDT 2020","","","","168","0% (0/0)","0% (0/0)","0% (0/0)","v6p5y97quoyxocfymyg9"
"3VADEH0UHCXUH1XTU7HRLXABVWIPSB","34NBII25NZIOGJLGY73HHZ47TJY2JF","Reading a passage and responding to questions","You will read a short passage about a person, then answer questions related to the passage.","sentences, decisions, language","$0.40","Mon Jun 01 06:33:32 PDT 2020","352","BatchId:4062113;OriginalHitTemplateId:920937340;","7200","259200","Mon Jun 01 10:33:32 PDT 2020","","","3R3YRB5GRF35VUHPKVZVYNZMK1MUAR","A1R0689JPSQ3OF","Submitted","Mon Jun 01 06:41:09 PDT 2020","Mon Jun 01 06:46:44 PDT 2020","Thu Jun 04 06:46:44 PDT 2020","","","","335","100% (1/1)","0% (0/0)","0% (0/0)","8qe5oc7n2e28s9lhj6p3"
"3VADEH0UHCXUH1XTU7HRLXABVWIPSB","34NBII25NZIOGJLGY73HHZ47TJY2JF","Reading a passage and responding to questions","You will read a short passage about a person, then answer questions related to the passage.","sentences, decisions, language","$0.40","Mon Jun 01 06:33:32 PDT 2020","352","BatchId:4062113;OriginalHitTemplateId:920937340;","7200","259200","Mon Jun 01 10:33:32 PDT 2020","","","3R5F3LQFV2KBJX50013LGAY6B07ZOM","A2DOBD99DXD0K8","Submitted","Mon Jun 01 07:08:18 PDT 2020","Mon Jun 01 07:11:52 PDT 2020","Thu Jun 04 07:11:52 PDT 2020","","","","214","0% (0/0)","0% (0/0)","0% (0/0)","nnqamq4ayq4svnndbfnd"
"3VADEH0UHCXUH1XTU7HRLXABVWIPSB","34NBII25NZIOGJLGY73HHZ47TJY2JF","Reading a passage and responding to questions","You will read a short passage about a person, then answer questions related to the passage.","sentences, decisions, language","$0.40","Mon Jun 01 06:33:32 PDT 2020","352","BatchId:4062113;OriginalHitTemplateId:920937340;","7200","259200","Mon Jun 01 10:33:32 PDT 2020","","","3RYC5T2D73TK26VA5KMNJ71XCOZRPH","A28V3SWN7KTKBA","Submitted","Mon Jun 01 09:41:05 PDT 2020","Mon Jun 01 09:50:56 PDT 2020","Thu Jun 04 09:50:56 PDT 2020","","","","591","0% (0/0)","0% (0/0)","0% (0/0)","23txo6dp7cx5sbfhgpof"
"3VADEH0UHCXUH1XTU7HRLXABVWIPSB","34NBII25NZIOGJLGY73HHZ47TJY2JF","Reading a passage and responding to questions","You will read a short passage about a person, then answer questions related to the passage.","sentences, decisions, language","$0.40","Mon Jun 01 06:33:32 PDT 2020","352","BatchId:4062113;OriginalHitTemplateId:920937340;","7200","259200","Mon Jun 01 10:33:32 PDT 2020","","","3SB5N7Y3O34QPZIC8ODL52MI2720GD","A3HU51CQ8A0U7M","Submitted","Mon Jun 01 07:38:49 PDT 2020","Mon Jun 01 07:42:58 PDT 2020","Thu Jun 04 07:42:58 PDT 2020","","","","249","0% (0/0)","0% (0/0)","0% (0/0)","g95tanh6jd052tqvab7g"
"3VADEH0UHCXUH1XTU7HRLXABVWIPSB","34NBII25NZIOGJLGY73HHZ47TJY2JF","Reading a passage and responding to questions","You will read a short passage about a person, then answer questions related to the passage.","sentences, decisions, language","$0.40","Mon Jun 01 06:33:32 PDT 2020","352","BatchId:4062113;OriginalHitTemplateId:920937340;","7200","259200","Mon Jun 01 10:33:32 PDT 2020","","","3SB5N7Y3O34QPZIC8ODL52MI2790GK","A3M83APKQ7CPUH","Submitted","Mon Jun 01 08:58:53 PDT 2020","Mon Jun 01 10:23:24 PDT 2020","Thu Jun 04 10:23:24 PDT 2020","","","","5071","0% (0/0)","0% (0/0)","0% (0/0)","d5mmved6mj2sn7ebntrw"
"3VADEH0UHCXUH1XTU7HRLXABVWIPSB","34NBII25NZIOGJLGY73HHZ47TJY2JF","Reading a passage and responding to questions","You will read a short passage about a person, then answer questions related to the passage.","sentences, decisions, language","$0.40","Mon Jun 01 06:33:32 PDT 2020","352","BatchId:4062113;OriginalHitTemplateId:920937340;","7200","259200","Mon Jun 01 10:33:32 PDT 2020","","","3SEPORI8WNZMHTBZQIY3FFE1MJFZAZ","A3A865DIHN6C6","Submitted","Mon Jun 01 09:07:41 PDT 2020","Mon Jun 01 09:10:39 PDT 2020","Thu Jun 04 09:10:39 PDT 2020","","","","178","0% (0/0)","0% (0/0)","0% (0/0)","vdtdhk8ewljqap8m0bxm"
"3VADEH0UHCXUH1XTU7HRLXABVWIPSB","34NBII25NZIOGJLGY73HHZ47TJY2JF","Reading a passage and responding to questions","You will read a short passage about a person, then answer questions related to the passage.","sentences, decisions, language","$0.40","Mon Jun 01 06:33:32 PDT 2020","352","BatchId:4062113;OriginalHitTemplateId:920937340;","7200","259200","Mon Jun 01 10:33:32 PDT 2020","","","3SKEMFQBZ35D9AJYTJBFW9KTSMP8K5","AL5UXD1GLG4X0","Submitted","Mon Jun 01 06:45:43 PDT 2020","Mon Jun 01 06:50:17 PDT 2020","Thu Jun 04 06:50:17 PDT 2020","","","","274","0% (0/0)","0% (0/0)","0% (0/0)","udjukep2oqnhhebsqtef"
"3VADEH0UHCXUH1XTU7HRLXABVWIPSB","34NBII25NZIOGJLGY73HHZ47TJY2JF","Reading a passage and responding to questions","You will read a short passage about a person, then answer questions related to the passage.","sentences, decisions, language","$0.40","Mon Jun 01 06:33:32 PDT 2020","352","BatchId:4062113;OriginalHitTemplateId:920937340;","7200","259200","Mon Jun 01 10:33:32 PDT 2020","","","3SPJ0334213XDW4YO29XU78I6CCJYF","A17EZZHVUROBMJ","Submitted","Mon Jun 01 10:20:28 PDT 2020","Mon Jun 01 10:24:02 PDT 2020","Thu Jun 04 10:24:02 PDT 2020","","","","214","0% (0/0)","0% (0/0)","0% (0/0)","clp802ta4rp9jahtrhgk"
"3VADEH0UHCXUH1XTU7HRLXABVWIPSB","34NBII25NZIOGJLGY73HHZ47TJY2JF","Reading a passage and responding to questions","You will read a short passage about a person, then answer questions related to the passage.","sentences, decisions, language","$0.40","Mon Jun 01 06:33:32 PDT 2020","352","BatchId:4062113;OriginalHitTemplateId:920937340;","7200","259200","Mon Jun 01 10:33:32 PDT 2020","","","3TEM0PF1Q5XNDF8L6YCDZHJLPFFD09","A24C2IBPJUP02H","Submitted","Mon Jun 01 06:41:39 PDT 2020","Mon Jun 01 06:48:14 PDT 2020","Thu Jun 04 06:48:14 PDT 2020","","","","395","0% (0/0)","0% (0/0)","0% (0/0)","3lutp3ut3yuvjd1ajrjn"
"3VADEH0UHCXUH1XTU7HRLXABVWIPSB","34NBII25NZIOGJLGY73HHZ47TJY2JF","Reading a passage and responding to questions","You will read a short passage about a person, then answer questions related to the passage.","sentences, decisions, language","$0.40","Mon Jun 01 06:33:32 PDT 2020","352","BatchId:4062113;OriginalHitTemplateId:920937340;","7200","259200","Mon Jun 01 10:33:32 PDT 2020","","","3TPWUS5F8916GD3SZ9ANM6A75K2CWU","A2I3VRP747H6W6","Submitted","Mon Jun 01 10:13:02 PDT 2020","Mon Jun 01 10:24:40 PDT 2020","Thu Jun 04 10:24:40 PDT 2020","","","","698","0% (0/0)","0% (0/0)","0% (0/0)","a5wu3654qrdtd25sve2o"
"3VADEH0UHCXUH1XTU7HRLXABVWIPSB","34NBII25NZIOGJLGY73HHZ47TJY2JF","Reading a passage and responding to questions","You will read a short passage about a person, then answer questions related to the passage.","sentences, decisions, language","$0.40","Mon Jun 01 06:33:32 PDT 2020","352","BatchId:4062113;OriginalHitTemplateId:920937340;","7200","259200","Mon Jun 01 10:33:32 PDT 2020","","","3TUI152ZZBNH9DX873MXDL9UDMA1Q5","A1C7XI68SED8JE","Submitted","Mon Jun 01 06:38:31 PDT 2020","Mon Jun 01 06:48:30 PDT 2020","Thu Jun 04 06:48:30 PDT 2020","","","","599","0% (0/0)","0% (0/0)","0% (0/0)","fvowbw992r6r01tw5fq4"
"3VADEH0UHCXUH1XTU7HRLXABVWIPSB","34NBII25NZIOGJLGY73HHZ47TJY2JF","Reading a passage and responding to questions","You will read a short passage about a person, then answer questions related to the passage.","sentences, decisions, language","$0.40","Mon Jun 01 06:33:32 PDT 2020","352","BatchId:4062113;OriginalHitTemplateId:920937340;","7200","259200","Mon Jun 01 10:33:32 PDT 2020","","","3TXMY6UCAEO1WG76N0BHUHSLHJ1CQ6","A2PI2O9JOVNC33","Submitted","Mon Jun 01 06:40:56 PDT 2020","Mon Jun 01 06:52:45 PDT 2020","Thu Jun 04 06:52:45 PDT 2020","","","","709","0% (0/0)","0% (0/0)","0% (0/0)","9j74ylg87221cq8faq3p"
"3VADEH0UHCXUH1XTU7HRLXABVWIPSB","34NBII25NZIOGJLGY73HHZ47TJY2JF","Reading a passage and responding to questions","You will read a short passage about a person, then answer questions related to the passage.","sentences, decisions, language","$0.40","Mon Jun 01 06:33:32 PDT 2020","352","BatchId:4062113;OriginalHitTemplateId:920937340;","7200","259200","Mon Jun 01 10:33:32 PDT 2020","","","3U84XHCDICD7F4VIHHOC2CS1U84Z47","A22DL4DE4DYB0","Submitted","Mon Jun 01 06:37:50 PDT 2020","Mon Jun 01 06:50:22 PDT 2020","Thu Jun 04 06:50:22 PDT 2020","","","","752","0% (0/0)","0% (0/0)","0% (0/0)","t5xd4m1ovyx8eedw5k53"
"3VADEH0UHCXUH1XTU7HRLXABVWIPSB","34NBII25NZIOGJLGY73HHZ47TJY2JF","Reading a passage and responding to questions","You will read a short passage about a person, then answer questions related to the passage.","sentences, decisions, language","$0.40","Mon Jun 01 06:33:32 PDT 2020","352","BatchId:4062113;OriginalHitTemplateId:920937340;","7200","259200","Mon Jun 01 10:33:32 PDT 2020","","","3VFJCI1K4ZZEPT2B21W0PYN5BXBGR1","A3PHU8OHA8PONE","Submitted","Mon Jun 01 09:26:14 PDT 2020","Mon Jun 01 09:55:25 PDT 2020","Thu Jun 04 09:55:25 PDT 2020","","","","1751","0% (0/0)","0% (0/0)","0% (0/0)","f9c87czsar2hb2lew6yq"
"3VADEH0UHCXUH1XTU7HRLXABVWIPSB","34NBII25NZIOGJLGY73HHZ47TJY2JF","Reading a passage and responding to questions","You will read a short passage about a person, then answer questions related to the passage.","sentences, decisions, language","$0.40","Mon Jun 01 06:33:32 PDT 2020","352","BatchId:4062113;OriginalHitTemplateId:920937340;","7200","259200","Mon Jun 01 10:33:32 PDT 2020","","","3VSOLARPKB97RHU1D5PUFJY216U93T","A3CH8O5PB3UKD7","Submitted","Mon Jun 01 08:04:54 PDT 2020","Mon Jun 01 08:30:57 PDT 2020","Thu Jun 04 08:30:57 PDT 2020","","","","1563","0% (0/0)","0% (0/0)","0% (0/0)","51ulc1qggdldbycd4xk5"
"3VADEH0UHCXUH1XTU7HRLXABVWIPSB","34NBII25NZIOGJLGY73HHZ47TJY2JF","Reading a passage and responding to questions","You will read a short passage about a person, then answer questions related to the passage.","sentences, decisions, language","$0.40","Mon Jun 01 06:33:32 PDT 2020","352","BatchId:4062113;OriginalHitTemplateId:920937340;","7200","259200","Mon Jun 01 10:33:32 PDT 2020","","","3W2LOLRXLBFJRFYUSSHFNQFYIEDRK0","A23OSV2A4C1TD2","Submitted","Mon Jun 01 06:50:49 PDT 2020","Mon Jun 01 08:29:36 PDT 2020","Thu Jun 04 08:29:36 PDT 2020","","","","5927","0% (0/0)","0% (0/0)","0% (0/0)","twjhe1nj0u39co745wug"
"3VADEH0UHCXUH1XTU7HRLXABVWIPSB","34NBII25NZIOGJLGY73HHZ47TJY2JF","Reading a passage and responding to questions","You will read a short passage about a person, then answer questions related to the passage.","sentences, decisions, language","$0.40","Mon Jun 01 06:33:32 PDT 2020","352","BatchId:4062113;OriginalHitTemplateId:920937340;","7200","259200","Mon Jun 01 10:33:32 PDT 2020","","","3WT783CTPBHESA5H4IERZSXMVJ2BCV","A3FCZ8GBP2OV65","Submitted","Mon Jun 01 06:56:58 PDT 2020","Mon Jun 01 07:00:07 PDT 2020","Thu Jun 04 07:00:07 PDT 2020","","","","189","0% (0/0)","0% (0/0)","0% (0/0)","1qowx0jufj7t45pfmz3x"
"3VADEH0UHCXUH1XTU7HRLXABVWIPSB","34NBII25NZIOGJLGY73HHZ47TJY2JF","Reading a passage and responding to questions","You will read a short passage about a person, then answer questions related to the passage.","sentences, decisions, language","$0.40","Mon Jun 01 06:33:32 PDT 2020","352","BatchId:4062113;OriginalHitTemplateId:920937340;","7200","259200","Mon Jun 01 10:33:32 PDT 2020","","","3YDGXNSEOZUSV8UV8ROZPSVXV0648I","A3IO9UIBPRSJ05","Submitted","Mon Jun 01 07:49:58 PDT 2020","Mon Jun 01 07:55:18 PDT 2020","Thu Jun 04 07:55:18 PDT 2020","","","","320","0% (0/0)","0% (0/0)","0% (0/0)","9xky19cb9ayfkcu9110n"
"3VADEH0UHCXUH1XTU7HRLXABVWIPSB","34NBII25NZIOGJLGY73HHZ47TJY2JF","Reading a passage and responding to questions","You will read a short passage about a person, then answer questions related to the passage.","sentences, decisions, language","$0.40","Mon Jun 01 06:33:32 PDT 2020","352","BatchId:4062113;OriginalHitTemplateId:920937340;","7200","259200","Mon Jun 01 10:33:32 PDT 2020","","","3YHH42UU5BF6BRWDJFA1IURQYOK0LF","A2EMTSJS47K8SU","Submitted","Mon Jun 01 07:04:17 PDT 2020","Mon Jun 01 08:44:29 PDT 2020","Thu Jun 04 08:44:29 PDT 2020","","","","6012","0% (0/0)","0% (0/0)","0% (0/0)","ga3nrjn4ej3xnrbcqlu6"
"3VADEH0UHCXUH1XTU7HRLXABVWIPSB","34NBII25NZIOGJLGY73HHZ47TJY2JF","Reading a passage and responding to questions","You will read a short passage about a person, then answer questions related to the passage.","sentences, decisions, language","$0.40","Mon Jun 01 06:33:32 PDT 2020","352","BatchId:4062113;OriginalHitTemplateId:920937340;","7200","259200","Mon Jun 01 10:33:32 PDT 2020","","","3YOH7BII097BKMFB1CMPON413JOVKT","AQV468FB908WI","Submitted","Mon Jun 01 06:34:18 PDT 2020","Mon Jun 01 07:33:05 PDT 2020","Thu Jun 04 07:33:05 PDT 2020","","","","3527","0% (0/0)","0% (0/0)","0% (0/0)","m92bvdddjqs100mowomp"
"3VADEH0UHCXUH1XTU7HRLXABVWIPSB","34NBII25NZIOGJLGY73HHZ47TJY2JF","Reading a passage and responding to questions","You will read a short passage about a person, then answer questions related to the passage.","sentences, decisions, language","$0.40","Mon Jun 01 06:33:32 PDT 2020","352","BatchId:4062113;OriginalHitTemplateId:920937340;","7200","259200","Mon Jun 01 10:33:32 PDT 2020","","","3YOH7BII097BKMFB1CMPON413K5VKC","A37Z5PZ4B7VO49","Submitted","Mon Jun 01 09:35:10 PDT 2020","Mon Jun 01 09:37:19 PDT 2020","Thu Jun 04 09:37:19 PDT 2020","","","","129","0% (0/0)","0% (0/0)","0% (0/0)","lv5ppfslec9891nx5120"
"3VADEH0UHCXUH1XTU7HRLXABVWIPSB","34NBII25NZIOGJLGY73HHZ47TJY2JF","Reading a passage and responding to questions","You will read a short passage about a person, then answer questions related to the passage.","sentences, decisions, language","$0.40","Mon Jun 01 06:33:32 PDT 2020","352","BatchId:4062113;OriginalHitTemplateId:920937340;","7200","259200","Mon Jun 01 10:33:32 PDT 2020","","","3Z4XG4ZF48RJTAI5S2Q4M3SVOV8X8N","A3RNWSZ1TV4PS0","Submitted","Mon Jun 01 07:35:30 PDT 2020","Mon Jun 01 07:55:52 PDT 2020","Thu Jun 04 07:55:52 PDT 2020","","","","1222","0% (0/0)","0% (0/0)","0% (0/0)","rf2j6ce84yd7lule9cf9"
"3VADEH0UHCXUH1XTU7HRLXABVWIPSB","34NBII25NZIOGJLGY73HHZ47TJY2JF","Reading a passage and responding to questions","You will read a short passage about a person, then answer questions related to the passage.","sentences, decisions, language","$0.40","Mon Jun 01 06:33:32 PDT 2020","352","BatchId:4062113;OriginalHitTemplateId:920937340;","7200","259200","Mon Jun 01 10:33:32 PDT 2020","","","3ZOTGHDK5IBEILJM599DKH13OLMOSL","A2WS50XL60FPF8","Submitted","Mon Jun 01 09:39:52 PDT 2020","Mon Jun 01 09:43:42 PDT 2020","Thu Jun 04 09:43:42 PDT 2020","","","","230","0% (0/0)","0% (0/0)","0% (0/0)","s5qd7k6qh9vgjkud56kk"
"3VADEH0UHCXUH1XTU7HRLXABVWIPSB","34NBII25NZIOGJLGY73HHZ47TJY2JF","Reading a passage and responding to questions","You will read a short passage about a person, then answer questions related to the passage.","sentences, decisions, language","$0.40","Mon Jun 01 06:33:32 PDT 2020","352","BatchId:4062113;OriginalHitTemplateId:920937340;","7200","259200","Mon Jun 01 10:33:32 PDT 2020","","","3ZR9AIQJUB9ADJPSDNBKWDPFC2U40V","A3OSQTN7GCA5D6","Submitted","Mon Jun 01 07:49:10 PDT 2020","Mon Jun 01 08:15:21 PDT 2020","Thu Jun 04 08:15:21 PDT 2020","","","","1571","0% (0/0)","0% (0/0)","0% (0/0)","ytzfw6u8w3ap6s1rtpff"
"3VADEH0UHCXUH1XTU7HRLXABVWIPSB","34NBII25NZIOGJLGY73HHZ47TJY2JF","Reading a passage and responding to questions","You will read a short passage about a person, then answer questions related to the passage.","sentences, decisions, language","$0.40","Mon Jun 01 06:33:32 PDT 2020","352","BatchId:4062113;OriginalHitTemplateId:920937340;","7200","259200","Mon Jun 01 10:33:32 PDT 2020","","","3ZSANO2JCF7KC86T66QNXNSPWKQSFY","A1O8OQ5J1TIOFH","Submitted","Mon Jun 01 08:45:15 PDT 2020","Mon Jun 01 08:53:57 PDT 2020","Thu Jun 04 08:53:57 PDT 2020","","","","522","0% (0/0)","0% (0/0)","0% (0/0)","qund67b2m7x5jbv7fq3b"
"3VADEH0UHCXUH1XTU7HRLXABVWIPSB","34NBII25NZIOGJLGY73HHZ47TJY2JF","Reading a passage and responding to questions","You will read a short passage about a person, then answer questions related to the passage.","sentences, decisions, language","$0.40","Mon Jun 01 06:33:32 PDT 2020","352","BatchId:4062113;OriginalHitTemplateId:920937340;","7200","259200","Mon Jun 01 10:33:32 PDT 2020","","","3ZWFC4W1UU78BT6GRHQI7DNTAI6FRW","A2DQXIT7RG1KOX","Submitted","Mon Jun 01 08:20:44 PDT 2020","Mon Jun 01 08:23:41 PDT 2020","Thu Jun 04 08:23:41 PDT 2020","","","","177","0% (0/0)","0% (0/0)","0% (0/0)","ap56w2kohs49ysq1dq1p"
"3VADEH0UHCXUH1XTU7HRLXABVWIPSB","34NBII25NZIOGJLGY73HHZ47TJY2JF","Reading a passage and responding to questions","You will read a short passage about a person, then answer questions related to the passage.","sentences, decisions, language","$0.40","Mon Jun 01 06:33:32 PDT 2020","352","BatchId:4062113;OriginalHitTemplateId:920937340;","7200","259200","Mon Jun 01 10:33:32 PDT 2020","","","3ZWFC4W1UU78BT6GRHQI7DNTAIDFR3","A3NM4Y7V4UEMM3","Submitted","Mon Jun 01 09:46:29 PDT 2020","Mon Jun 01 09:50:22 PDT 2020","Thu Jun 04 09:50:22 PDT 2020","","","","233","0% (0/0)","0% (0/0)","0% (0/0)","q4do9tvyu8p16yqcr3tc"