"HITId","HITTypeId","Title","Description","Keywords","Reward","CreationTime","MaxAssignments","RequesterAnnotation","AssignmentDurationInSeconds","AutoApprovalDelayInSeconds","Expiration","NumberOfSimilarHITs","LifetimeInSeconds","AssignmentId","WorkerId","AssignmentStatus","AcceptTime","SubmitTime","AutoApprovalTime","ApprovalTime","RejectionTime","RequesterFeedback","WorkTimeInSeconds","LifetimeApprovalRate","Last30DaysApprovalRate","Last7DaysApprovalRate","Answer.surveycode","Approve","Reject"
"3SCKNODZ0XG8VI1OQP6OMH9K7J87N9","32KI9HN0SH8Q5EEER27HJI3DITGU1K","Reading a passage and responding to questions","You will read a short passage about a person, then answer questions related to the passage.","sentences, decisions, language","$0.40","Sat May 16 11:54:53 PDT 2020","352","BatchId:4040473;OriginalHitTemplateId:920937340;","7200","172800","Sat May 16 15:54:53 PDT 2020","","","30JNVC0OR9KSDOIM9SPI58P1SY3HQP","A101U3FTZYY87V","Submitted","Sat May 16 13:59:27 PDT 2020","Sat May 16 14:06:05 PDT 2020","Mon May 18 14:06:05 PDT 2020","","","","398","0% (0/0)","0% (0/0)","0% (0/0)","0611deu608qk1msmz6x7"
"3SCKNODZ0XG8VI1OQP6OMH9K7J87N9","32KI9HN0SH8Q5EEER27HJI3DITGU1K","Reading a passage and responding to questions","You will read a short passage about a person, then answer questions related to the passage.","sentences, decisions, language","$0.40","Sat May 16 11:54:53 PDT 2020","352","BatchId:4040473;OriginalHitTemplateId:920937340;","7200","172800","Sat May 16 15:54:53 PDT 2020","","","31QTRG6Q2TDTZ77WJFEHR3UUDYIYP2","A7CZ34V4XNDW9","Submitted","Sat May 16 12:24:07 PDT 2020","Sat May 16 12:27:36 PDT 2020","Mon May 18 12:27:36 PDT 2020","","","","209","0% (0/0)","0% (0/0)","0% (0/0)","4xcuahnb818kexs9m8cz"
"3SCKNODZ0XG8VI1OQP6OMH9K7J87N9","32KI9HN0SH8Q5EEER27HJI3DITGU1K","Reading a passage and responding to questions","You will read a short passage about a person, then answer questions related to the passage.","sentences, decisions, language","$0.40","Sat May 16 11:54:53 PDT 2020","352","BatchId:4040473;OriginalHitTemplateId:920937340;","7200","172800","Sat May 16 15:54:53 PDT 2020","","","32N49TQG3GI5896PPL90U915WVCAVL","AJSGQENVIR576","Submitted","Sat May 16 11:55:24 PDT 2020","Sat May 16 12:01:08 PDT 2020","Mon May 18 12:01:08 PDT 2020","","","","344","0% (0/0)","0% (0/0)","0% (0/0)","1dt08gckzay7xtkufz4t"
"3SCKNODZ0XG8VI1OQP6OMH9K7J87N9","32KI9HN0SH8Q5EEER27HJI3DITGU1K","Reading a passage and responding to questions","You will read a short passage about a person, then answer questions related to the passage.","sentences, decisions, language","$0.40","Sat May 16 11:54:53 PDT 2020","352","BatchId:4040473;OriginalHitTemplateId:920937340;","7200","172800","Sat May 16 15:54:53 PDT 2020","","","32SCWG5HIH4RGNXQDWJP8CA1EOO6P9","A2H04OIAM23UP","Submitted","Sat May 16 12:11:54 PDT 2020","Sat May 16 12:23:11 PDT 2020","Mon May 18 12:23:11 PDT 2020","","","","677","0% (0/0)","0% (0/0)","0% (0/0)","x3lghx5ot05kgb87vk1r"
"3SCKNODZ0XG8VI1OQP6OMH9K7J87N9","32KI9HN0SH8Q5EEER27HJI3DITGU1K","Reading a passage and responding to questions","You will read a short passage about a person, then answer questions related to the passage.","sentences, decisions, language","$0.40","Sat May 16 11:54:53 PDT 2020","352","BatchId:4040473;OriginalHitTemplateId:920937340;","7200","172800","Sat May 16 15:54:53 PDT 2020","","","32ZKVD547FNQFA9YBP3Q6PTSNUP3BZ","A23HWIVXQEC3A2","Submitted","Sat May 16 14:30:22 PDT 2020","Sat May 16 14:40:08 PDT 2020","Mon May 18 14:40:08 PDT 2020","","","","586","0% (0/0)","0% (0/0)","0% (0/0)","zpl9wwq9ch8ux4l80t27"
"3SCKNODZ0XG8VI1OQP6OMH9K7J87N9","32KI9HN0SH8Q5EEER27HJI3DITGU1K","Reading a passage and responding to questions","You will read a short passage about a person, then answer questions related to the passage.","sentences, decisions, language","$0.40","Sat May 16 11:54:53 PDT 2020","352","BatchId:4040473;OriginalHitTemplateId:920937340;","7200","172800","Sat May 16 15:54:53 PDT 2020","","","333U7HK6I9FUFL97S6MJHMYHMBGJDP","AEERNJB3LUSQR","Submitted","Sat May 16 13:42:26 PDT 2020","Sat May 16 13:47:30 PDT 2020","Mon May 18 13:47:30 PDT 2020","","","","304","0% (0/0)","0% (0/0)","0% (0/0)","ukzm62rk0jo54vgfsfol"
"3SCKNODZ0XG8VI1OQP6OMH9K7J87N9","32KI9HN0SH8Q5EEER27HJI3DITGU1K","Reading a passage and responding to questions","You will read a short passage about a person, then answer questions related to the passage.","sentences, decisions, language","$0.40","Sat May 16 11:54:53 PDT 2020","352","BatchId:4040473;OriginalHitTemplateId:920937340;","7200","172800","Sat May 16 15:54:53 PDT 2020","","","33OOO72IVHLEOWZY445CZM38ZDPCTH","A2ESBX4C2Q6TQY","Submitted","Sat May 16 12:50:04 PDT 2020","Sat May 16 12:54:27 PDT 2020","Mon May 18 12:54:27 PDT 2020","","","","263","0% (0/0)","0% (0/0)","0% (0/0)","3h6pv2w7r29e060ymndf"
"3SCKNODZ0XG8VI1OQP6OMH9K7J87N9","32KI9HN0SH8Q5EEER27HJI3DITGU1K","Reading a passage and responding to questions","You will read a short passage about a person, then answer questions related to the passage.","sentences, decisions, language","$0.40","Sat May 16 11:54:53 PDT 2020","352","BatchId:4040473;OriginalHitTemplateId:920937340;","7200","172800","Sat May 16 15:54:53 PDT 2020","","","34FNN24DCM9P6XPDZ053TXPDMYDY5C","A3B9QNYDDXGL9I","Submitted","Sat May 16 11:57:19 PDT 2020","Sat May 16 12:04:58 PDT 2020","Mon May 18 12:04:58 PDT 2020","","","","459","0% (0/0)","0% (0/0)","0% (0/0)","a9vd7rqbexszns38kdts"
"3SCKNODZ0XG8VI1OQP6OMH9K7J87N9","32KI9HN0SH8Q5EEER27HJI3DITGU1K","Reading a passage and responding to questions","You will read a short passage about a person, then answer questions related to the passage.","sentences, decisions, language","$0.40","Sat May 16 11:54:53 PDT 2020","352","BatchId:4040473;OriginalHitTemplateId:920937340;","7200","172800","Sat May 16 15:54:53 PDT 2020","","","34MAJL3QP4N6UBOPWAT3YBNMD2643S","AKRG0HFUWCSK8","Submitted","Sat May 16 14:18:08 PDT 2020","Sat May 16 14:22:52 PDT 2020","Mon May 18 14:22:52 PDT 2020","","","","284","0% (0/0)","0% (0/0)","0% (0/0)","vd7povm8emvy5drv1s5l"
"3SCKNODZ0XG8VI1OQP6OMH9K7J87N9","32KI9HN0SH8Q5EEER27HJI3DITGU1K","Reading a passage and responding to questions","You will read a short passage about a person, then answer questions related to the passage.","sentences, decisions, language","$0.40","Sat May 16 11:54:53 PDT 2020","352","BatchId:4040473;OriginalHitTemplateId:920937340;","7200","172800","Sat May 16 15:54:53 PDT 2020","","","34PGFRQONOBTOR9Y91R99AN2TR8WJX","A3PQVDFT21IISU","Submitted","Sat May 16 11:57:36 PDT 2020","Sat May 16 12:00:23 PDT 2020","Mon May 18 12:00:23 PDT 2020","","","","167","0% (0/0)","0% (0/0)","0% (0/0)","vtz984nf0vn9lk9n13o1"
"3SCKNODZ0XG8VI1OQP6OMH9K7J87N9","32KI9HN0SH8Q5EEER27HJI3DITGU1K","Reading a passage and responding to questions","You will read a short passage about a person, then answer questions related to the passage.","sentences, decisions, language","$0.40","Sat May 16 11:54:53 PDT 2020","352","BatchId:4040473;OriginalHitTemplateId:920937340;","7200","172800","Sat May 16 15:54:53 PDT 2020","","","34PGFRQONOBTOR9Y91R99AN2TRAWJZ","A12YDR1OFKMZF6","Submitted","Sat May 16 12:11:48 PDT 2020","Sat May 16 12:15:55 PDT 2020","Mon May 18 12:15:55 PDT 2020","","","","247","0% (0/0)","0% (0/0)","0% (0/0)","mu17lpcsd8fqoe7pxq8l"
"3SCKNODZ0XG8VI1OQP6OMH9K7J87N9","32KI9HN0SH8Q5EEER27HJI3DITGU1K","Reading a passage and responding to questions","You will read a short passage about a person, then answer questions related to the passage.","sentences, decisions, language","$0.40","Sat May 16 11:54:53 PDT 2020","352","BatchId:4040473;OriginalHitTemplateId:920937340;","7200","172800","Sat May 16 15:54:53 PDT 2020","","","34Q075JO1XDTLKS9Q5SIYFICY54016","A2J6MMNWUJQUXS","Submitted","Sat May 16 13:14:04 PDT 2020","Sat May 16 13:25:13 PDT 2020","Mon May 18 13:25:13 PDT 2020","","","","669","0% (0/0)","0% (0/0)","0% (0/0)","85l5vqqzvlcxyb9asbbl"
"3SCKNODZ0XG8VI1OQP6OMH9K7J87N9","32KI9HN0SH8Q5EEER27HJI3DITGU1K","Reading a passage and responding to questions","You will read a short passage about a person, then answer questions related to the passage.","sentences, decisions, language","$0.40","Sat May 16 11:54:53 PDT 2020","352","BatchId:4040473;OriginalHitTemplateId:920937340;","7200","172800","Sat May 16 15:54:53 PDT 2020","","","34T446B1C0ED8N2762H2FB1322N0CO","A32Y2DA2CW8YWN","Submitted","Sat May 16 12:09:11 PDT 2020","Sat May 16 12:30:23 PDT 2020","Mon May 18 12:30:23 PDT 2020","","","","1272","0% (0/0)","0% (0/0)","0% (0/0)","mt6gt09n5ahu5n1qkzyl"
"3SCKNODZ0XG8VI1OQP6OMH9K7J87N9","32KI9HN0SH8Q5EEER27HJI3DITGU1K","Reading a passage and responding to questions","You will read a short passage about a person, then answer questions related to the passage.","sentences, decisions, language","$0.40","Sat May 16 11:54:53 PDT 2020","352","BatchId:4040473;OriginalHitTemplateId:920937340;","7200","172800","Sat May 16 15:54:53 PDT 2020","","","34Z02EIMISDUU44ISOCS4L17QOZ0TJ","A29AZPWM06ZQC6","Submitted","Sat May 16 13:48:13 PDT 2020","Sat May 16 13:55:02 PDT 2020","Mon May 18 13:55:02 PDT 2020","","","","409","0% (0/0)","0% (0/0)","0% (0/0)","mz73b98bwxzeqb4cm894"
"3SCKNODZ0XG8VI1OQP6OMH9K7J87N9","32KI9HN0SH8Q5EEER27HJI3DITGU1K","Reading a passage and responding to questions","You will read a short passage about a person, then answer questions related to the passage.","sentences, decisions, language","$0.40","Sat May 16 11:54:53 PDT 2020","352","BatchId:4040473;OriginalHitTemplateId:920937340;","7200","172800","Sat May 16 15:54:53 PDT 2020","","","351SEKWQS0HKGTFSV3ZBXEQYQ5ZMDK","A2UCAMC41021ZK","Submitted","Sat May 16 12:06:24 PDT 2020","Sat May 16 12:16:45 PDT 2020","Mon May 18 12:16:45 PDT 2020","","","","621","0% (0/0)","0% (0/0)","0% (0/0)","0v4qqafddlvpstryh3tu"
"3SCKNODZ0XG8VI1OQP6OMH9K7J87N9","32KI9HN0SH8Q5EEER27HJI3DITGU1K","Reading a passage and responding to questions","You will read a short passage about a person, then answer questions related to the passage.","sentences, decisions, language","$0.40","Sat May 16 11:54:53 PDT 2020","352","BatchId:4040473;OriginalHitTemplateId:920937340;","7200","172800","Sat May 16 15:54:53 PDT 2020","","","358UUM7WRZ3VW0RA9YS6JLACAH0R7P","AFH6MXO5SF0AW","Submitted","Sat May 16 12:47:27 PDT 2020","Sat May 16 12:52:53 PDT 2020","Mon May 18 12:52:53 PDT 2020","","","","326","0% (0/0)","0% (0/0)","0% (0/0)","kq5hn8dgapao31d13sp8"
"3SCKNODZ0XG8VI1OQP6OMH9K7J87N9","32KI9HN0SH8Q5EEER27HJI3DITGU1K","Reading a passage and responding to questions","You will read a short passage about a person, then answer questions related to the passage.","sentences, decisions, language","$0.40","Sat May 16 11:54:53 PDT 2020","352","BatchId:4040473;OriginalHitTemplateId:920937340;","7200","172800","Sat May 16 15:54:53 PDT 2020","","","358UUM7WRZ3VW0RA9YS6JLACAIF7RM","A2ZX7580NVWA6I","Submitted","Sat May 16 14:42:05 PDT 2020","Sat May 16 14:46:14 PDT 2020","Mon May 18 14:46:14 PDT 2020","","","","249","0% (0/0)","0% (0/0)","0% (0/0)","ww6k02vhjlylmyxoe0v7"
"3SCKNODZ0XG8VI1OQP6OMH9K7J87N9","32KI9HN0SH8Q5EEER27HJI3DITGU1K","Reading a passage and responding to questions","You will read a short passage about a person, then answer questions related to the passage.","sentences, decisions, language","$0.40","Sat May 16 11:54:53 PDT 2020","352","BatchId:4040473;OriginalHitTemplateId:920937340;","7200","172800","Sat May 16 15:54:53 PDT 2020","","","36V4Q8R5ZK0E52JX0P5VXDXX9KRQMW","A8WBYV6GXBTWZ","Submitted","Sat May 16 12:29:40 PDT 2020","Sat May 16 12:31:59 PDT 2020","Mon May 18 12:31:59 PDT 2020","","","","139","0% (0/0)","0% (0/0)","0% (0/0)","bf4g7wyl3tobzkgn9sya"
"3SCKNODZ0XG8VI1OQP6OMH9K7J87N9","32KI9HN0SH8Q5EEER27HJI3DITGU1K","Reading a passage and responding to questions","You will read a short passage about a person, then answer questions related to the passage.","sentences, decisions, language","$0.40","Sat May 16 11:54:53 PDT 2020","352","BatchId:4040473;OriginalHitTemplateId:920937340;","7200","172800","Sat May 16 15:54:53 PDT 2020","","","37FMASSAYCR55DRHWSADAVVH6B7IBX","AW03SYNGU10Z","Submitted","Sat May 16 12:37:21 PDT 2020","Sat May 16 12:45:31 PDT 2020","Mon May 18 12:45:31 PDT 2020","","","","490","0% (0/0)","0% (0/0)","0% (0/0)","kvkm576krr01fnfeeljd"
"3SCKNODZ0XG8VI1OQP6OMH9K7J87N9","32KI9HN0SH8Q5EEER27HJI3DITGU1K","Reading a passage and responding to questions","You will read a short passage about a person, then answer questions related to the passage.","sentences, decisions, language","$0.40","Sat May 16 11:54:53 PDT 2020","352","BatchId:4040473;OriginalHitTemplateId:920937340;","7200","172800","Sat May 16 15:54:53 PDT 2020","","","37UQDCYH6XVNP78RIIXGKIZFVNK7V5","A13B3H5EYTZV1U","Submitted","Sat May 16 13:38:26 PDT 2020","Sat May 16 13:40:47 PDT 2020","Mon May 18 13:40:47 PDT 2020","","","","141","0% (0/0)","0% (0/0)","0% (0/0)","35bs0nlftmpf9bnjxj1e"
"3SCKNODZ0XG8VI1OQP6OMH9K7J87N9","32KI9HN0SH8Q5EEER27HJI3DITGU1K","Reading a passage and responding to questions","You will read a short passage about a person, then answer questions related to the passage.","sentences, decisions, language","$0.40","Sat May 16 11:54:53 PDT 2020","352","BatchId:4040473;OriginalHitTemplateId:920937340;","7200","172800","Sat May 16 15:54:53 PDT 2020","","","37W3JXSD668JJG4XV1SCJX2Q6W1YWF","A3REMAR30PW94V","Submitted","Sat May 16 14:31:55 PDT 2020","Sat May 16 14:33:03 PDT 2020","Mon May 18 14:33:03 PDT 2020","","","","68","0% (0/0)","0% (0/0)","0% (0/0)","azdtwtu6y1yghh69os2s"
"3SCKNODZ0XG8VI1OQP6OMH9K7J87N9","32KI9HN0SH8Q5EEER27HJI3DITGU1K","Reading a passage and responding to questions","You will read a short passage about a person, then answer questions related to the passage.","sentences, decisions, language","$0.40","Sat May 16 11:54:53 PDT 2020","352","BatchId:4040473;OriginalHitTemplateId:920937340;","7200","172800","Sat May 16 15:54:53 PDT 2020","","","39GXDJN2OTERPLDASNPMYIVA67N8VQ","A1TEXCUTI4IUUN","Submitted","Sat May 16 13:15:37 PDT 2020","Sat May 16 14:16:05 PDT 2020","Mon May 18 14:16:05 PDT 2020","","","","3628","0% (0/0)","0% (0/0)","0% (0/0)","5uw34pqmc0z2h3pn3ecj"
"3SCKNODZ0XG8VI1OQP6OMH9K7J87N9","32KI9HN0SH8Q5EEER27HJI3DITGU1K","Reading a passage and responding to questions","You will read a short passage about a person, then answer questions related to the passage.","sentences, decisions, language","$0.40","Sat May 16 11:54:53 PDT 2020","352","BatchId:4040473;OriginalHitTemplateId:920937340;","7200","172800","Sat May 16 15:54:53 PDT 2020","","","39N5ACM9HENEY6ZOB3M1SM134PUP91","A3NKBB58VQJY9Z","Submitted","Sat May 16 12:00:36 PDT 2020","Sat May 16 12:06:02 PDT 2020","Mon May 18 12:06:02 PDT 2020","","","","326","0% (0/0)","0% (0/0)","0% (0/0)","a34k1e6bfuv2ze7qcmqc"
"3SCKNODZ0XG8VI1OQP6OMH9K7J87N9","32KI9HN0SH8Q5EEER27HJI3DITGU1K","Reading a passage and responding to questions","You will read a short passage about a person, then answer questions related to the passage.","sentences, decisions, language","$0.40","Sat May 16 11:54:53 PDT 2020","352","BatchId:4040473;OriginalHitTemplateId:920937340;","7200","172800","Sat May 16 15:54:53 PDT 2020","","","39OWYR0EPKRH8UI25CICF9GQBSUYFY","A3TBGU4J1UDJDT","Submitted","Sat May 16 12:15:55 PDT 2020","Sat May 16 12:34:52 PDT 2020","Mon May 18 12:34:52 PDT 2020","","","","1137","0% (0/0)","0% (0/0)","0% (0/0)","su7w2sl5g0bulg86guo"
"3SCKNODZ0XG8VI1OQP6OMH9K7J87N9","32KI9HN0SH8Q5EEER27HJI3DITGU1K","Reading a passage and responding to questions","You will read a short passage about a person, then answer questions related to the passage.","sentences, decisions, language","$0.40","Sat May 16 11:54:53 PDT 2020","352","BatchId:4040473;OriginalHitTemplateId:920937340;","7200","172800","Sat May 16 15:54:53 PDT 2020","","","39PAAFCODM0AN55YVL0HPERXKKZTVR","A28L1K6D8QUCML","Submitted","Sat May 16 12:11:51 PDT 2020","Sat May 16 12:18:53 PDT 2020","Mon May 18 12:18:53 PDT 2020","","","","422","100% (3/3)","0% (0/0)","0% (0/0)","olf8q79ovez8zlzaaxb3"
"3SCKNODZ0XG8VI1OQP6OMH9K7J87N9","32KI9HN0SH8Q5EEER27HJI3DITGU1K","Reading a passage and responding to questions","You will read a short passage about a person, then answer questions related to the passage.","sentences, decisions, language","$0.40","Sat May 16 11:54:53 PDT 2020","352","BatchId:4040473;OriginalHitTemplateId:920937340;","7200","172800","Sat May 16 15:54:53 PDT 2020","","","3C2NJ6JBKAH3V12CAFUUEAOUY56N20","A19LVWX8ZLO6CS","Submitted","Sat May 16 14:56:55 PDT 2020","Sat May 16 14:59:17 PDT 2020","Mon May 18 14:59:17 PDT 2020","","","","142","100% (2/2)","0% (0/0)","0% (0/0)","z5uo3r21sfksar6th62h"
"3SCKNODZ0XG8VI1OQP6OMH9K7J87N9","32KI9HN0SH8Q5EEER27HJI3DITGU1K","Reading a passage and responding to questions","You will read a short passage about a person, then answer questions related to the passage.","sentences, decisions, language","$0.40","Sat May 16 11:54:53 PDT 2020","352","BatchId:4040473;OriginalHitTemplateId:920937340;","7200","172800","Sat May 16 15:54:53 PDT 2020","","","3CTOC39K37QEYC8X1TJXHUOL00ZJ7I","A21LH1AS465O9K","Submitted","Sat May 16 11:56:52 PDT 2020","Sat May 16 12:02:46 PDT 2020","Mon May 18 12:02:46 PDT 2020","","","","354","0% (0/0)","0% (0/0)","0% (0/0)","0zodkpenr74z3uwlt67y"
"3SCKNODZ0XG8VI1OQP6OMH9K7J87N9","32KI9HN0SH8Q5EEER27HJI3DITGU1K","Reading a passage and responding to questions","You will read a short passage about a person, then answer questions related to the passage.","sentences, decisions, language","$0.40","Sat May 16 11:54:53 PDT 2020","352","BatchId:4040473;OriginalHitTemplateId:920937340;","7200","172800","Sat May 16 15:54:53 PDT 2020","","","3D8YOU6S9EK48S5MUIIJIIX0M5T6UI","A1Z2XMXEZ1SEI6","Submitted","Sat May 16 13:56:16 PDT 2020","Sat May 16 14:03:48 PDT 2020","Mon May 18 14:03:48 PDT 2020","","","","452","0% (0/0)","0% (0/0)","0% (0/0)","n4azu492gcrefo6yrvxm"
"3SCKNODZ0XG8VI1OQP6OMH9K7J87N9","32KI9HN0SH8Q5EEER27HJI3DITGU1K","Reading a passage and responding to questions","You will read a short passage about a person, then answer questions related to the passage.","sentences, decisions, language","$0.40","Sat May 16 11:54:53 PDT 2020","352","BatchId:4040473;OriginalHitTemplateId:920937340;","7200","172800","Sat May 16 15:54:53 PDT 2020","","","3DHE4R9OCWBXL9LQNBHZOQFXXS72GS","A2QF8UGYWKWSVJ","Submitted","Sat May 16 13:13:41 PDT 2020","Sat May 16 13:17:09 PDT 2020","Mon May 18 13:17:09 PDT 2020","","","","208","0% (0/0)","0% (0/0)","0% (0/0)","y17q38535puxoh3omnc7"
"3SCKNODZ0XG8VI1OQP6OMH9K7J87N9","32KI9HN0SH8Q5EEER27HJI3DITGU1K","Reading a passage and responding to questions","You will read a short passage about a person, then answer questions related to the passage.","sentences, decisions, language","$0.40","Sat May 16 11:54:53 PDT 2020","352","BatchId:4040473;OriginalHitTemplateId:920937340;","7200","172800","Sat May 16 15:54:53 PDT 2020","","","3DPNQGW4LLF5RUB7FCR15EZ6NTG648","AZ1UHQFEEL3WE","Submitted","Sat May 16 15:22:28 PDT 2020","Sat May 16 15:26:58 PDT 2020","Mon May 18 15:26:58 PDT 2020","","","","270","0% (0/0)","0% (0/0)","0% (0/0)","0anp7uywof2g9cq6vedg"
"3SCKNODZ0XG8VI1OQP6OMH9K7J87N9","32KI9HN0SH8Q5EEER27HJI3DITGU1K","Reading a passage and responding to questions","You will read a short passage about a person, then answer questions related to the passage.","sentences, decisions, language","$0.40","Sat May 16 11:54:53 PDT 2020","352","BatchId:4040473;OriginalHitTemplateId:920937340;","7200","172800","Sat May 16 15:54:53 PDT 2020","","","3DQQ64TANGLPA2CW4EWT669E2R4PWI","A3UBHGR974TAZJ","Submitted","Sat May 16 15:18:11 PDT 2020","Sat May 16 15:32:27 PDT 2020","Mon May 18 15:32:27 PDT 2020","","","","856","0% (0/0)","0% (0/0)","0% (0/0)","5lr8655meg7qcbd47cow"
"3SCKNODZ0XG8VI1OQP6OMH9K7J87N9","32KI9HN0SH8Q5EEER27HJI3DITGU1K","Reading a passage and responding to questions","You will read a short passage about a person, then answer questions related to the passage.","sentences, decisions, language","$0.40","Sat May 16 11:54:53 PDT 2020","352","BatchId:4040473;OriginalHitTemplateId:920937340;","7200","172800","Sat May 16 15:54:53 PDT 2020","","","3DY46V3X3PIR49FTOY06I0RKRTB555","AOHQV4DW7JDR","Submitted","Sat May 16 12:07:24 PDT 2020","Sat May 16 12:24:58 PDT 2020","Mon May 18 12:24:58 PDT 2020","","","","1054","0% (0/0)","0% (0/0)","0% (0/0)","rvwddmkunuwosp929013"
"3SCKNODZ0XG8VI1OQP6OMH9K7J87N9","32KI9HN0SH8Q5EEER27HJI3DITGU1K","Reading a passage and responding to questions","You will read a short passage about a person, then answer questions related to the passage.","sentences, decisions, language","$0.40","Sat May 16 11:54:53 PDT 2020","352","BatchId:4040473;OriginalHitTemplateId:920937340;","7200","172800","Sat May 16 15:54:53 PDT 2020","","","3DZQRBDBSLFPWWQ0MBPLWE3SRHR3SE","A2I3IM3RJO2OL0","Submitted","Sat May 16 11:57:44 PDT 2020","Sat May 16 12:04:45 PDT 2020","Mon May 18 12:04:45 PDT 2020","","","","421","0% (0/0)","0% (0/0)","0% (0/0)","9g4845b9x38g72ayyshz"
"3SCKNODZ0XG8VI1OQP6OMH9K7J87N9","32KI9HN0SH8Q5EEER27HJI3DITGU1K","Reading a passage and responding to questions","You will read a short passage about a person, then answer questions related to the passage.","sentences, decisions, language","$0.40","Sat May 16 11:54:53 PDT 2020","352","BatchId:4040473;OriginalHitTemplateId:920937340;","7200","172800","Sat May 16 15:54:53 PDT 2020","","","3F6KKYWMNB1QYB0S74EBATFYVVHNDT","A1RZCGQQCRFE4W","Submitted","Sat May 16 13:07:56 PDT 2020","Sat May 16 13:12:10 PDT 2020","Mon May 18 13:12:10 PDT 2020","","","","254","0% (0/0)","0% (0/0)","0% (0/0)","6abnep1g7q8vv1m2xudv"
"3SCKNODZ0XG8VI1OQP6OMH9K7J87N9","32KI9HN0SH8Q5EEER27HJI3DITGU1K","Reading a passage and responding to questions","You will read a short passage about a person, then answer questions related to the passage.","sentences, decisions, language","$0.40","Sat May 16 11:54:53 PDT 2020","352","BatchId:4040473;OriginalHitTemplateId:920937340;","7200","172800","Sat May 16 15:54:53 PDT 2020","","","3FQ5JJ512LOYCH62ZL0YE6AOF4KKN9","A2JS0X3RSHFFSN","Submitted","Sat May 16 13:59:35 PDT 2020","Sat May 16 14:02:41 PDT 2020","Mon May 18 14:02:41 PDT 2020","","","","186","0% (0/0)","0% (0/0)","0% (0/0)","sxyh5o2r8enewg0pylh5"
"3SCKNODZ0XG8VI1OQP6OMH9K7J87N9","32KI9HN0SH8Q5EEER27HJI3DITGU1K","Reading a passage and responding to questions","You will read a short passage about a person, then answer questions related to the passage.","sentences, decisions, language","$0.40","Sat May 16 11:54:53 PDT 2020","352","BatchId:4040473;OriginalHitTemplateId:920937340;","7200","172800","Sat May 16 15:54:53 PDT 2020","","","3GGAI1SQEVYAB19EV740D88G550CMN","A40AORVZ0PLJH","Submitted","Sat May 16 13:52:12 PDT 2020","Sat May 16 13:54:16 PDT 2020","Mon May 18 13:54:16 PDT 2020","","","","124","0% (0/0)","0% (0/0)","0% (0/0)","pupzdtfwx577dkpsc7hb"
"3SCKNODZ0XG8VI1OQP6OMH9K7J87N9","32KI9HN0SH8Q5EEER27HJI3DITGU1K","Reading a passage and responding to questions","You will read a short passage about a person, then answer questions related to the passage.","sentences, decisions, language","$0.40","Sat May 16 11:54:53 PDT 2020","352","BatchId:4040473;OriginalHitTemplateId:920937340;","7200","172800","Sat May 16 15:54:53 PDT 2020","","","3GGAI1SQEVYAB19EV740D88G553MC0","A90G7MMN3QMQ8","Submitted","Sat May 16 14:12:12 PDT 2020","Sat May 16 14:32:50 PDT 2020","Mon May 18 14:32:50 PDT 2020","","","","1238","0% (0/0)","0% (0/0)","0% (0/0)","lzlns0hfou6od9rfqk51"
"3SCKNODZ0XG8VI1OQP6OMH9K7J87N9","32KI9HN0SH8Q5EEER27HJI3DITGU1K","Reading a passage and responding to questions","You will read a short passage about a person, then answer questions related to the passage.","sentences, decisions, language","$0.40","Sat May 16 11:54:53 PDT 2020","352","BatchId:4040473;OriginalHitTemplateId:920937340;","7200","172800","Sat May 16 15:54:53 PDT 2020","","","3GLB5JMZFXVKOJJ6K01GK961UJPDG5","AO4GRK9YCUDBD","Submitted","Sat May 16 12:21:50 PDT 2020","Sat May 16 12:28:20 PDT 2020","Mon May 18 12:28:20 PDT 2020","","","","390","0% (0/0)","0% (0/0)","0% (0/0)","nh3s8xyz80sjk3gpft13"
"3SCKNODZ0XG8VI1OQP6OMH9K7J87N9","32KI9HN0SH8Q5EEER27HJI3DITGU1K","Reading a passage and responding to questions","You will read a short passage about a person, then answer questions related to the passage.","sentences, decisions, language","$0.40","Sat May 16 11:54:53 PDT 2020","352","BatchId:4040473;OriginalHitTemplateId:920937340;","7200","172800","Sat May 16 15:54:53 PDT 2020","","","3HUTX6F6VUNLDM2OBUU7TZOZOERO2U","AOH4WCYV6RN7V","Submitted","Sat May 16 12:21:59 PDT 2020","Sat May 16 12:32:14 PDT 2020","Mon May 18 12:32:14 PDT 2020","","","","615","0% (0/0)","0% (0/0)","0% (0/0)","gvtv5rfb7p2nad1j06yk"
"3SCKNODZ0XG8VI1OQP6OMH9K7J87N9","32KI9HN0SH8Q5EEER27HJI3DITGU1K","Reading a passage and responding to questions","You will read a short passage about a person, then answer questions related to the passage.","sentences, decisions, language","$0.40","Sat May 16 11:54:53 PDT 2020","352","BatchId:4040473;OriginalHitTemplateId:920937340;","7200","172800","Sat May 16 15:54:53 PDT 2020","","","3IX2EGZR7BJOGVSCA7H3MBFL1C0JRO","A1A8MBDIAQT43U","Submitted","Sat May 16 12:47:20 PDT 2020","Sat May 16 14:31:36 PDT 2020","Mon May 18 14:31:36 PDT 2020","","","","6256","0% (0/0)","0% (0/0)","0% (0/0)","n17der022xmn5nl88l9t"
"3SCKNODZ0XG8VI1OQP6OMH9K7J87N9","32KI9HN0SH8Q5EEER27HJI3DITGU1K","Reading a passage and responding to questions","You will read a short passage about a person, then answer questions related to the passage.","sentences, decisions, language","$0.40","Sat May 16 11:54:53 PDT 2020","352","BatchId:4040473;OriginalHitTemplateId:920937340;","7200","172800","Sat May 16 15:54:53 PDT 2020","","","3J2UYBXQQLCOS6T6WB4ZTB9T6GL065","A1N3J21E6L4VVO","Submitted","Sat May 16 13:21:46 PDT 2020","Sat May 16 13:25:24 PDT 2020","Mon May 18 13:25:24 PDT 2020","","","","218","0% (0/0)","0% (0/0)","0% (0/0)","ghmab8eaxb4ww82vrfkr"
"3SCKNODZ0XG8VI1OQP6OMH9K7J87N9","32KI9HN0SH8Q5EEER27HJI3DITGU1K","Reading a passage and responding to questions","You will read a short passage about a person, then answer questions related to the passage.","sentences, decisions, language","$0.40","Sat May 16 11:54:53 PDT 2020","352","BatchId:4040473;OriginalHitTemplateId:920937340;","7200","172800","Sat May 16 15:54:53 PDT 2020","","","3L4D84MILZSBR1E9E25987DFE30HJN","A1PVL74S10WYD7","Submitted","Sat May 16 12:27:10 PDT 2020","Sat May 16 12:32:50 PDT 2020","Mon May 18 12:32:50 PDT 2020","","","","340","0% (0/0)","0% (0/0)","0% (0/0)","2qpezwbmneolownwwa7s"
"3SCKNODZ0XG8VI1OQP6OMH9K7J87N9","32KI9HN0SH8Q5EEER27HJI3DITGU1K","Reading a passage and responding to questions","You will read a short passage about a person, then answer questions related to the passage.","sentences, decisions, language","$0.40","Sat May 16 11:54:53 PDT 2020","352","BatchId:4040473;OriginalHitTemplateId:920937340;","7200","172800","Sat May 16 15:54:53 PDT 2020","","","3LOZAJ85YDD87VGGCLH3CCFS0I52XM","A3GAQNTZ1V1VO","Submitted","Sat May 16 13:29:30 PDT 2020","Sat May 16 13:31:50 PDT 2020","Mon May 18 13:31:50 PDT 2020","","","","140","0% (0/0)","0% (0/0)","0% (0/0)","vd7yvfdh2es4ylbk3x77"
"3SCKNODZ0XG8VI1OQP6OMH9K7J87N9","32KI9HN0SH8Q5EEER27HJI3DITGU1K","Reading a passage and responding to questions","You will read a short passage about a person, then answer questions related to the passage.","sentences, decisions, language","$0.40","Sat May 16 11:54:53 PDT 2020","352","BatchId:4040473;OriginalHitTemplateId:920937340;","7200","172800","Sat May 16 15:54:53 PDT 2020","","","3LRLIPTPEQ9RSYCDQHVTS0QOGYYKA4","ACLG4QV0VPZ6A","Submitted","Sat May 16 15:42:59 PDT 2020","Sat May 16 16:02:27 PDT 2020","Mon May 18 16:02:27 PDT 2020","","","","1168","0% (0/0)","0% (0/0)","0% (0/0)","kf6ktz0jvbd37cv356ur"
"3SCKNODZ0XG8VI1OQP6OMH9K7J87N9","32KI9HN0SH8Q5EEER27HJI3DITGU1K","Reading a passage and responding to questions","You will read a short passage about a person, then answer questions related to the passage.","sentences, decisions, language","$0.40","Sat May 16 11:54:53 PDT 2020","352","BatchId:4040473;OriginalHitTemplateId:920937340;","7200","172800","Sat May 16 15:54:53 PDT 2020","","","3N2BF7Y2VQU1S9KUHZI1OZ5WIXZMH0","A1LFSWMIP0U8OH","Submitted","Sat May 16 13:04:08 PDT 2020","Sat May 16 13:11:15 PDT 2020","Mon May 18 13:11:15 PDT 2020","","","","427","0% (0/0)","0% (0/0)","0% (0/0)","k5t5492rsg3h9n14ljyk"
"3SCKNODZ0XG8VI1OQP6OMH9K7J87N9","32KI9HN0SH8Q5EEER27HJI3DITGU1K","Reading a passage and responding to questions","You will read a short passage about a person, then answer questions related to the passage.","sentences, decisions, language","$0.40","Sat May 16 11:54:53 PDT 2020","352","BatchId:4040473;OriginalHitTemplateId:920937340;","7200","172800","Sat May 16 15:54:53 PDT 2020","","","3NG53N1RLVJEK1GE6BGNSQ6SKJBP8B","A2G43KS55YGYQE","Submitted","Sat May 16 11:55:09 PDT 2020","Sat May 16 13:00:17 PDT 2020","Mon May 18 13:00:17 PDT 2020","","","","3908","0% (0/0)","0% (0/0)","0% (0/0)","jk54r7ualokoacm9o3hv"
"3SCKNODZ0XG8VI1OQP6OMH9K7J87N9","32KI9HN0SH8Q5EEER27HJI3DITGU1K","Reading a passage and responding to questions","You will read a short passage about a person, then answer questions related to the passage.","sentences, decisions, language","$0.40","Sat May 16 11:54:53 PDT 2020","352","BatchId:4040473;OriginalHitTemplateId:920937340;","7200","172800","Sat May 16 15:54:53 PDT 2020","","","3NS0A6KXC48NRKO2CIQDB1P4I1VZGM","AB03G3WC5RP9Z","Submitted","Sat May 16 12:00:00 PDT 2020","Sat May 16 12:05:32 PDT 2020","Mon May 18 12:05:32 PDT 2020","","","","332","0% (0/0)","0% (0/0)","0% (0/0)","oo3u2wwwghjgjuwe5c7z"
"3SCKNODZ0XG8VI1OQP6OMH9K7J87N9","32KI9HN0SH8Q5EEER27HJI3DITGU1K","Reading a passage and responding to questions","You will read a short passage about a person, then answer questions related to the passage.","sentences, decisions, language","$0.40","Sat May 16 11:54:53 PDT 2020","352","BatchId:4040473;OriginalHitTemplateId:920937340;","7200","172800","Sat May 16 15:54:53 PDT 2020","","","3OF2M9AATGOST6KL29BS9THXPIGZKT","A1ZE52NWZPN85P","Submitted","Sat May 16 12:26:12 PDT 2020","Sat May 16 12:40:55 PDT 2020","Mon May 18 12:40:55 PDT 2020","","","","883","0% (0/0)","0% (0/0)","0% (0/0)","7s3fd3ekwf9pacpz8vzn"
"3SCKNODZ0XG8VI1OQP6OMH9K7J87N9","32KI9HN0SH8Q5EEER27HJI3DITGU1K","Reading a passage and responding to questions","You will read a short passage about a person, then answer questions related to the passage.","sentences, decisions, language","$0.40","Sat May 16 11:54:53 PDT 2020","352","BatchId:4040473;OriginalHitTemplateId:920937340;","7200","172800","Sat May 16 15:54:53 PDT 2020","","","3OHYZ19UGC5AIPXSO9NMZH7X02XAO1","A2AX87SLDUR59H","Submitted","Sat May 16 14:09:00 PDT 2020","Sat May 16 14:14:11 PDT 2020","Mon May 18 14:14:11 PDT 2020","","","","311","0% (0/0)","0% (0/0)","0% (0/0)","pb8aztj3jc7bgtm9ymlz"
"3SCKNODZ0XG8VI1OQP6OMH9K7J87N9","32KI9HN0SH8Q5EEER27HJI3DITGU1K","Reading a passage and responding to questions","You will read a short passage about a person, then answer questions related to the passage.","sentences, decisions, language","$0.40","Sat May 16 11:54:53 PDT 2020","352","BatchId:4040473;OriginalHitTemplateId:920937340;","7200","172800","Sat May 16 15:54:53 PDT 2020","","","3OVHNO1VE61KF0EBASP55GM759OZDL","A2A0DVXIJ1OC7P","Submitted","Sat May 16 13:04:59 PDT 2020","Sat May 16 13:08:19 PDT 2020","Mon May 18 13:08:19 PDT 2020","","","","200","0% (0/0)","0% (0/0)","0% (0/0)","63owapo2nx1p0d12qs87"
"3SCKNODZ0XG8VI1OQP6OMH9K7J87N9","32KI9HN0SH8Q5EEER27HJI3DITGU1K","Reading a passage and responding to questions","You will read a short passage about a person, then answer questions related to the passage.","sentences, decisions, language","$0.40","Sat May 16 11:54:53 PDT 2020","352","BatchId:4040473;OriginalHitTemplateId:920937340;","7200","172800","Sat May 16 15:54:53 PDT 2020","","","3P1L2B7AD1PRE8OWL0CC8VN8UF2OL5","AZVX84M883NSM","Submitted","Sat May 16 14:59:29 PDT 2020","Sat May 16 15:05:46 PDT 2020","Mon May 18 15:05:46 PDT 2020","","","","377","0% (0/0)","0% (0/0)","0% (0/0)","z5brs0mevdumpjuevm8v"
"3SCKNODZ0XG8VI1OQP6OMH9K7J87N9","32KI9HN0SH8Q5EEER27HJI3DITGU1K","Reading a passage and responding to questions","You will read a short passage about a person, then answer questions related to the passage.","sentences, decisions, language","$0.40","Sat May 16 11:54:53 PDT 2020","352","BatchId:4040473;OriginalHitTemplateId:920937340;","7200","172800","Sat May 16 15:54:53 PDT 2020","","","3PW9OPU9PQK0HUVN5SWWH3BRV3E12H","A1AU1ZOUJFS3W9","Submitted","Sat May 16 11:57:27 PDT 2020","Sat May 16 12:07:11 PDT 2020","Mon May 18 12:07:11 PDT 2020","","","","584","0% (0/0)","0% (0/0)","0% (0/0)","94auv3kpv7guxt1olbky"
"3SCKNODZ0XG8VI1OQP6OMH9K7J87N9","32KI9HN0SH8Q5EEER27HJI3DITGU1K","Reading a passage and responding to questions","You will read a short passage about a person, then answer questions related to the passage.","sentences, decisions, language","$0.40","Sat May 16 11:54:53 PDT 2020","352","BatchId:4040473;OriginalHitTemplateId:920937340;","7200","172800","Sat May 16 15:54:53 PDT 2020","","","3Q8GYXHFEP2C3UO838NEW6XUJAW5CC","A2B3MJG09Y9VAO","Submitted","Sat May 16 12:00:17 PDT 2020","Sat May 16 13:07:14 PDT 2020","Mon May 18 13:07:14 PDT 2020","","","","4017","0% (0/0)","0% (0/0)","0% (0/0)","a0wlun1ccqea9ta4e1v0"
"3SCKNODZ0XG8VI1OQP6OMH9K7J87N9","32KI9HN0SH8Q5EEER27HJI3DITGU1K","Reading a passage and responding to questions","You will read a short passage about a person, then answer questions related to the passage.","sentences, decisions, language","$0.40","Sat May 16 11:54:53 PDT 2020","352","BatchId:4040473;OriginalHitTemplateId:920937340;","7200","172800","Sat May 16 15:54:53 PDT 2020","","","3QAPZX2QN4D0A5A599SW3YSHQBD20K","A14XZHT1SEUO64","Submitted","Sat May 16 12:33:00 PDT 2020","Sat May 16 12:50:35 PDT 2020","Mon May 18 12:50:35 PDT 2020","","","","1055","0% (0/0)","0% (0/0)","0% (0/0)","u9npe1nwmhpye86vb791"
"3SCKNODZ0XG8VI1OQP6OMH9K7J87N9","32KI9HN0SH8Q5EEER27HJI3DITGU1K","Reading a passage and responding to questions","You will read a short passage about a person, then answer questions related to the passage.","sentences, decisions, language","$0.40","Sat May 16 11:54:53 PDT 2020","352","BatchId:4040473;OriginalHitTemplateId:920937340;","7200","172800","Sat May 16 15:54:53 PDT 2020","","","3QY5DC2MXRK0RLYXVBLNCOADF4KUFX","A2VZIJ7AZ537QP","Submitted","Sat May 16 12:25:44 PDT 2020","Sat May 16 12:41:05 PDT 2020","Mon May 18 12:41:05 PDT 2020","","","","921","0% (0/0)","0% (0/0)","0% (0/0)","hp4ur6mqromp6jl9utsb"
"3SCKNODZ0XG8VI1OQP6OMH9K7J87N9","32KI9HN0SH8Q5EEER27HJI3DITGU1K","Reading a passage and responding to questions","You will read a short passage about a person, then answer questions related to the passage.","sentences, decisions, language","$0.40","Sat May 16 11:54:53 PDT 2020","352","BatchId:4040473;OriginalHitTemplateId:920937340;","7200","172800","Sat May 16 15:54:53 PDT 2020","","","3RSDURM96AMP2GI6A1Y6XRVQZRIYEJ","A2CSV75E3JT58Y","Submitted","Sat May 16 12:39:37 PDT 2020","Sat May 16 12:42:30 PDT 2020","Mon May 18 12:42:30 PDT 2020","","","","173","100% (1/1)","0% (0/0)","0% (0/0)","knn4djyw61vsxkg5pn1b"
"3SCKNODZ0XG8VI1OQP6OMH9K7J87N9","32KI9HN0SH8Q5EEER27HJI3DITGU1K","Reading a passage and responding to questions","You will read a short passage about a person, then answer questions related to the passage.","sentences, decisions, language","$0.40","Sat May 16 11:54:53 PDT 2020","352","BatchId:4040473;OriginalHitTemplateId:920937340;","7200","172800","Sat May 16 15:54:53 PDT 2020","","","3RYC5T2D73TK26VA5KMNJ71XABARP0","A2W6FSF2EJKUX7","Submitted","Sat May 16 13:19:27 PDT 2020","Sat May 16 13:25:54 PDT 2020","Mon May 18 13:25:54 PDT 2020","","","","387","0% (0/0)","0% (0/0)","0% (0/0)","0nkmxzj2hg2vhlj38q2x"
"3SCKNODZ0XG8VI1OQP6OMH9K7J87N9","32KI9HN0SH8Q5EEER27HJI3DITGU1K","Reading a passage and responding to questions","You will read a short passage about a person, then answer questions related to the passage.","sentences, decisions, language","$0.40","Sat May 16 11:54:53 PDT 2020","352","BatchId:4040473;OriginalHitTemplateId:920937340;","7200","172800","Sat May 16 15:54:53 PDT 2020","","","3S3AMIZX3U577731IE5XUILMWR0DCY","A31CYXT7WHIG2B","Submitted","Sat May 16 12:45:04 PDT 2020","Sat May 16 12:47:21 PDT 2020","Mon May 18 12:47:21 PDT 2020","","","","137","0% (0/0)","0% (0/0)","0% (0/0)","nfnq5pz6ywx2qpy5tlng"
"3SCKNODZ0XG8VI1OQP6OMH9K7J87N9","32KI9HN0SH8Q5EEER27HJI3DITGU1K","Reading a passage and responding to questions","You will read a short passage about a person, then answer questions related to the passage.","sentences, decisions, language","$0.40","Sat May 16 11:54:53 PDT 2020","352","BatchId:4040473;OriginalHitTemplateId:920937340;","7200","172800","Sat May 16 15:54:53 PDT 2020","","","3SBEHTYCWN31ILKS6KOXI6TIRL8IYX","A1IAK1JCYVR3R5","Submitted","Sat May 16 15:10:43 PDT 2020","Sat May 16 16:40:11 PDT 2020","Mon May 18 16:40:11 PDT 2020","","","","5368","0% (0/0)","0% (0/0)","0% (0/0)","ge7b2ylslhqoqhxe3234"
"3SCKNODZ0XG8VI1OQP6OMH9K7J87N9","32KI9HN0SH8Q5EEER27HJI3DITGU1K","Reading a passage and responding to questions","You will read a short passage about a person, then answer questions related to the passage.","sentences, decisions, language","$0.40","Sat May 16 11:54:53 PDT 2020","352","BatchId:4040473;OriginalHitTemplateId:920937340;","7200","172800","Sat May 16 15:54:53 PDT 2020","","","3STRJBFXOWRW7UBMWHMAN5GG4MSKTW","A3O2ZWJKY6CZ5K","Submitted","Sat May 16 12:08:16 PDT 2020","Sat May 16 12:11:52 PDT 2020","Mon May 18 12:11:52 PDT 2020","","","","216","0% (0/0)","0% (0/0)","0% (0/0)","dn77wkh6e1p40tb0cqma"
"3SCKNODZ0XG8VI1OQP6OMH9K7J87N9","32KI9HN0SH8Q5EEER27HJI3DITGU1K","Reading a passage and responding to questions","You will read a short passage about a person, then answer questions related to the passage.","sentences, decisions, language","$0.40","Sat May 16 11:54:53 PDT 2020","352","BatchId:4040473;OriginalHitTemplateId:920937340;","7200","172800","Sat May 16 15:54:53 PDT 2020","","","3TDXMTX3CBUZZ1AM01T5ZF9PSAT6IX","A3H35QRODK1C4K","Submitted","Sat May 16 12:11:28 PDT 2020","Sat May 16 12:14:29 PDT 2020","Mon May 18 12:14:29 PDT 2020","","","","181","0% (0/0)","0% (0/0)","0% (0/0)","kuy1lrkxomnhmfkqhq12"
"3SCKNODZ0XG8VI1OQP6OMH9K7J87N9","32KI9HN0SH8Q5EEER27HJI3DITGU1K","Reading a passage and responding to questions","You will read a short passage about a person, then answer questions related to the passage.","sentences, decisions, language","$0.40","Sat May 16 11:54:53 PDT 2020","352","BatchId:4040473;OriginalHitTemplateId:920937340;","7200","172800","Sat May 16 15:54:53 PDT 2020","","","3TEM0PF1Q5XNDF8L6YCDZHJLN260DV","A1F53E17DX517K","Submitted","Sat May 16 13:06:38 PDT 2020","Sat May 16 13:18:38 PDT 2020","Mon May 18 13:18:38 PDT 2020","","","","720","0% (0/0)","0% (0/0)","0% (0/0)","s3qz731k84bbtnzcubct"
"3SCKNODZ0XG8VI1OQP6OMH9K7J87N9","32KI9HN0SH8Q5EEER27HJI3DITGU1K","Reading a passage and responding to questions","You will read a short passage about a person, then answer questions related to the passage.","sentences, decisions, language","$0.40","Sat May 16 11:54:53 PDT 2020","352","BatchId:4040473;OriginalHitTemplateId:920937340;","7200","172800","Sat May 16 15:54:53 PDT 2020","","","3TMSXRD2X60MTATUJCL35ARGZAJW14","A18EM8NGUWCGGA","Submitted","Sat May 16 13:17:58 PDT 2020","Sat May 16 13:23:23 PDT 2020","Mon May 18 13:23:23 PDT 2020","","","","325","0% (0/0)","0% (0/0)","0% (0/0)","sosw39ye49cx49qy4hfy"
"3SCKNODZ0XG8VI1OQP6OMH9K7J87N9","32KI9HN0SH8Q5EEER27HJI3DITGU1K","Reading a passage and responding to questions","You will read a short passage about a person, then answer questions related to the passage.","sentences, decisions, language","$0.40","Sat May 16 11:54:53 PDT 2020","352","BatchId:4040473;OriginalHitTemplateId:920937340;","7200","172800","Sat May 16 15:54:53 PDT 2020","","","3TMSXRD2X60MTATUJCL35ARGZAP1WF","A2CIOGSXXUIDAS","Submitted","Sat May 16 13:59:50 PDT 2020","Sat May 16 14:04:41 PDT 2020","Mon May 18 14:04:41 PDT 2020","","","","291","0% (0/0)","0% (0/0)","0% (0/0)","bwbhg35w15rxdbyc3aoc"
"3SCKNODZ0XG8VI1OQP6OMH9K7J87N9","32KI9HN0SH8Q5EEER27HJI3DITGU1K","Reading a passage and responding to questions","You will read a short passage about a person, then answer questions related to the passage.","sentences, decisions, language","$0.40","Sat May 16 11:54:53 PDT 2020","352","BatchId:4040473;OriginalHitTemplateId:920937340;","7200","172800","Sat May 16 15:54:53 PDT 2020","","","3TUI152ZZBNH9DX873MXDL9UB981QB","A30CGO77OY7WP0","Submitted","Sat May 16 14:04:19 PDT 2020","Sat May 16 14:16:05 PDT 2020","Mon May 18 14:16:05 PDT 2020","","","","706","0% (0/0)","0% (0/0)","0% (0/0)","2vxseuhjcmawns4mxh1k"
"3SCKNODZ0XG8VI1OQP6OMH9K7J87N9","32KI9HN0SH8Q5EEER27HJI3DITGU1K","Reading a passage and responding to questions","You will read a short passage about a person, then answer questions related to the passage.","sentences, decisions, language","$0.40","Sat May 16 11:54:53 PDT 2020","352","BatchId:4040473;OriginalHitTemplateId:920937340;","7200","172800","Sat May 16 15:54:53 PDT 2020","","","3UJ1CZ6IZHPSABD40UDEBB1C5DR5SF","ASCVV3OE0G45E","Submitted","Sat May 16 13:08:35 PDT 2020","Sat May 16 13:15:04 PDT 2020","Mon May 18 13:15:04 PDT 2020","","","","389","0% (0/0)","0% (0/0)","0% (0/0)","0qtxrfmmj5yy8qybfglj"
"3SCKNODZ0XG8VI1OQP6OMH9K7J87N9","32KI9HN0SH8Q5EEER27HJI3DITGU1K","Reading a passage and responding to questions","You will read a short passage about a person, then answer questions related to the passage.","sentences, decisions, language","$0.40","Sat May 16 11:54:53 PDT 2020","352","BatchId:4040473;OriginalHitTemplateId:920937340;","7200","172800","Sat May 16 15:54:53 PDT 2020","","","3UN61F00HWPG9WDRL5D9L1WGJB45RN","ASB83F0JJMDZ9","Submitted","Sat May 16 12:36:43 PDT 2020","Sat May 16 13:02:14 PDT 2020","Mon May 18 13:02:14 PDT 2020","","","","1531","0% (0/0)","0% (0/0)","0% (0/0)","sa5yy3mo2f01rta5m7rf"
"3SCKNODZ0XG8VI1OQP6OMH9K7J87N9","32KI9HN0SH8Q5EEER27HJI3DITGU1K","Reading a passage and responding to questions","You will read a short passage about a person, then answer questions related to the passage.","sentences, decisions, language","$0.40","Sat May 16 11:54:53 PDT 2020","352","BatchId:4040473;OriginalHitTemplateId:920937340;","7200","172800","Sat May 16 15:54:53 PDT 2020","","","3UN61F00HWPG9WDRL5D9L1WGJBZ5RI","A3EIVR2LS7CCWB","Submitted","Sat May 16 11:57:29 PDT 2020","Sat May 16 12:21:35 PDT 2020","Mon May 18 12:21:35 PDT 2020","","","","1446","0% (0/0)","0% (0/0)","0% (0/0)","23fpnsp1904rohuhhywz"
"3SCKNODZ0XG8VI1OQP6OMH9K7J87N9","32KI9HN0SH8Q5EEER27HJI3DITGU1K","Reading a passage and responding to questions","You will read a short passage about a person, then answer questions related to the passage.","sentences, decisions, language","$0.40","Sat May 16 11:54:53 PDT 2020","352","BatchId:4040473;OriginalHitTemplateId:920937340;","7200","172800","Sat May 16 15:54:53 PDT 2020","","","3UOUJI6MTDEHR7PIV5R9IVAKJ9CUXK","A3IF13XHP5UPO2","Submitted","Sat May 16 11:55:27 PDT 2020","Sat May 16 13:32:41 PDT 2020","Mon May 18 13:32:41 PDT 2020","","","","5834","0% (0/0)","0% (0/0)","0% (0/0)","5vbpy25eqvt7p0kynf49"
"3SCKNODZ0XG8VI1OQP6OMH9K7J87N9","32KI9HN0SH8Q5EEER27HJI3DITGU1K","Reading a passage and responding to questions","You will read a short passage about a person, then answer questions related to the passage.","sentences, decisions, language","$0.40","Sat May 16 11:54:53 PDT 2020","352","BatchId:4040473;OriginalHitTemplateId:920937340;","7200","172800","Sat May 16 15:54:53 PDT 2020","","","3V5Q80FXIXRWRX92SWAF5WQOTN923R","A1W3PGRM5NNVW8","Submitted","Sat May 16 14:07:19 PDT 2020","Sat May 16 14:12:20 PDT 2020","Mon May 18 14:12:20 PDT 2020","","","","301","0% (0/0)","0% (0/0)","0% (0/0)","ek1v5vqkmfzwke4lnd8e"
"3SCKNODZ0XG8VI1OQP6OMH9K7J87N9","32KI9HN0SH8Q5EEER27HJI3DITGU1K","Reading a passage and responding to questions","You will read a short passage about a person, then answer questions related to the passage.","sentences, decisions, language","$0.40","Sat May 16 11:54:53 PDT 2020","352","BatchId:4040473;OriginalHitTemplateId:920937340;","7200","172800","Sat May 16 15:54:53 PDT 2020","","","3WOKGM4L71GEHCZAW7QTABVKRG4O07","A3TDA1NWHNQFE3","Submitted","Sat May 16 12:02:43 PDT 2020","Sat May 16 12:20:19 PDT 2020","Mon May 18 12:20:19 PDT 2020","","","","1056","0% (0/0)","0% (0/0)","0% (0/0)","pygbs5oyykq5cjbzsope"
"3SCKNODZ0XG8VI1OQP6OMH9K7J87N9","32KI9HN0SH8Q5EEER27HJI3DITGU1K","Reading a passage and responding to questions","You will read a short passage about a person, then answer questions related to the passage.","sentences, decisions, language","$0.40","Sat May 16 11:54:53 PDT 2020","352","BatchId:4040473;OriginalHitTemplateId:920937340;","7200","172800","Sat May 16 15:54:53 PDT 2020","","","3WS1NTTKEYCKBZMHX473NHM6ZFD0FX","A2ER0EVZ7E1Z8G","Submitted","Sat May 16 11:56:20 PDT 2020","Sat May 16 12:19:35 PDT 2020","Mon May 18 12:19:35 PDT 2020","","","","1395","0% (0/0)","0% (0/0)","0% (0/0)","4y2ebyf0ecmuh9seuvey"
"3SCKNODZ0XG8VI1OQP6OMH9K7J87N9","32KI9HN0SH8Q5EEER27HJI3DITGU1K","Reading a passage and responding to questions","You will read a short passage about a person, then answer questions related to the passage.","sentences, decisions, language","$0.40","Sat May 16 11:54:53 PDT 2020","352","BatchId:4040473;OriginalHitTemplateId:920937340;","7200","172800","Sat May 16 15:54:53 PDT 2020","","","3X31TUMD7XM6IGHVFYE1WZA014VL1I","A2N6T7HHL8X3N0","Submitted","Sat May 16 15:28:51 PDT 2020","Sat May 16 15:32:47 PDT 2020","Mon May 18 15:32:47 PDT 2020","","","","236","0% (0/0)","0% (0/0)","0% (0/0)","zphy1s3uahrw79lo6mgb"
"3SCKNODZ0XG8VI1OQP6OMH9K7J87N9","32KI9HN0SH8Q5EEER27HJI3DITGU1K","Reading a passage and responding to questions","You will read a short passage about a person, then answer questions related to the passage.","sentences, decisions, language","$0.40","Sat May 16 11:54:53 PDT 2020","352","BatchId:4040473;OriginalHitTemplateId:920937340;","7200","172800","Sat May 16 15:54:53 PDT 2020","","","3X3OR7WPZZ0OTG1GEJNGB9X8F9EL8D","A2UB8ZXHC616EO","Submitted","Sat May 16 12:22:12 PDT 2020","Sat May 16 12:25:36 PDT 2020","Mon May 18 12:25:36 PDT 2020","","","","204","0% (0/0)","0% (0/0)","0% (0/0)","x63cv9mjygxo4bcetnbg"
"3SCKNODZ0XG8VI1OQP6OMH9K7J87N9","32KI9HN0SH8Q5EEER27HJI3DITGU1K","Reading a passage and responding to questions","You will read a short passage about a person, then answer questions related to the passage.","sentences, decisions, language","$0.40","Sat May 16 11:54:53 PDT 2020","352","BatchId:4040473;OriginalHitTemplateId:920937340;","7200","172800","Sat May 16 15:54:53 PDT 2020","","","3X65QVEQI0NQ5JRTVV3LDVTR50ACLL","A25KAZNRRAHKDU","Submitted","Sat May 16 13:52:11 PDT 2020","Sat May 16 14:45:50 PDT 2020","Mon May 18 14:45:50 PDT 2020","","","","3219","0% (0/0)","0% (0/0)","0% (0/0)","tgxbs5huq131yeak2opr"
"3SCKNODZ0XG8VI1OQP6OMH9K7J87N9","32KI9HN0SH8Q5EEER27HJI3DITGU1K","Reading a passage and responding to questions","You will read a short passage about a person, then answer questions related to the passage.","sentences, decisions, language","$0.40","Sat May 16 11:54:53 PDT 2020","352","BatchId:4040473;OriginalHitTemplateId:920937340;","7200","172800","Sat May 16 15:54:53 PDT 2020","","","3Y4W8Q93LZK36G919V02KA9BHZSDVB","A3J3L6SL4RWBIY","Submitted","Sat May 16 14:18:54 PDT 2020","Sat May 16 14:39:41 PDT 2020","Mon May 18 14:39:41 PDT 2020","","","","1247","0% (0/0)","0% (0/0)","0% (0/0)","o4g958udfoqkmu4u4eou"
"3SCKNODZ0XG8VI1OQP6OMH9K7J87N9","32KI9HN0SH8Q5EEER27HJI3DITGU1K","Reading a passage and responding to questions","You will read a short passage about a person, then answer questions related to the passage.","sentences, decisions, language","$0.40","Sat May 16 11:54:53 PDT 2020","352","BatchId:4040473;OriginalHitTemplateId:920937340;","7200","172800","Sat May 16 15:54:53 PDT 2020","","","3Z7ISHFUH0V8Y5IKTKEPJO86UIMZ8A","A36MOV8E6SYHCR","Submitted","Sat May 16 12:25:22 PDT 2020","Sat May 16 13:50:29 PDT 2020","Mon May 18 13:50:29 PDT 2020","","","","5107","0% (0/0)","0% (0/0)","0% (0/0)","7tm56enxh44nkxez6lb5"
"3SCKNODZ0XG8VI1OQP6OMH9K7J87N9","32KI9HN0SH8Q5EEER27HJI3DITGU1K","Reading a passage and responding to questions","You will read a short passage about a person, then answer questions related to the passage.","sentences, decisions, language","$0.40","Sat May 16 11:54:53 PDT 2020","352","BatchId:4040473;OriginalHitTemplateId:920937340;","7200","172800","Sat May 16 15:54:53 PDT 2020","","","3ZY8KE4ISJ3XVPD6EH6MK9GA0D9QVJ","A2E4M4RUQQER51","Submitted","Sat May 16 13:18:13 PDT 2020","Sat May 16 13:28:34 PDT 2020","Mon May 18 13:28:34 PDT 2020","","","","621","0% (0/0)","0% (0/0)","0% (0/0)","z1oxgs77x009hbvh3qds"