"HITId","HITTypeId","Title","Description","Keywords","Reward","CreationTime","MaxAssignments","RequesterAnnotation","AssignmentDurationInSeconds","AutoApprovalDelayInSeconds","Expiration","NumberOfSimilarHITs","LifetimeInSeconds","AssignmentId","WorkerId","AssignmentStatus","AcceptTime","SubmitTime","AutoApprovalTime","ApprovalTime","RejectionTime","RequesterFeedback","WorkTimeInSeconds","LifetimeApprovalRate","Last30DaysApprovalRate","Last7DaysApprovalRate","Answer.surveycode","Approve","Reject"
"3A3KKYU7P3HH3FHPMWZ01IJ1WZVMW9","34NBII25NZIOGJLGY73HHZ47TJY2JF","Reading a passage and responding to questions","You will read a short passage about a person, then answer questions related to the passage.","sentences, decisions, language","$0.40","Wed May 27 12:36:13 PDT 2020","352","BatchId:4055967;OriginalHitTemplateId:920937340;","7200","259200","Wed May 27 16:36:13 PDT 2020","","","30IQTZXKAK61BLD2XYDPTOMD4KM0X2","A3IKND0OT3YZTF","Submitted","Wed May 27 12:50:41 PDT 2020","Wed May 27 12:55:49 PDT 2020","Sat May 30 12:55:49 PDT 2020","","","","308","0% (0/0)","0% (0/0)","0% (0/0)","2wm6t1033afzt2ox8rx6"
"3A3KKYU7P3HH3FHPMWZ01IJ1WZVMW9","34NBII25NZIOGJLGY73HHZ47TJY2JF","Reading a passage and responding to questions","You will read a short passage about a person, then answer questions related to the passage.","sentences, decisions, language","$0.40","Wed May 27 12:36:13 PDT 2020","352","BatchId:4055967;OriginalHitTemplateId:920937340;","7200","259200","Wed May 27 16:36:13 PDT 2020","","","30OG32W0SUBVQHES3ZPVGBXJW7LENH","A2RGHUEITGT0MG","Submitted","Wed May 27 12:45:15 PDT 2020","Wed May 27 13:16:58 PDT 2020","Sat May 30 13:16:58 PDT 2020","","","","1903","0% (0/0)","0% (0/0)","0% (0/0)","yycsqxnz9l6xtza4oft1"
"3A3KKYU7P3HH3FHPMWZ01IJ1WZVMW9","34NBII25NZIOGJLGY73HHZ47TJY2JF","Reading a passage and responding to questions","You will read a short passage about a person, then answer questions related to the passage.","sentences, decisions, language","$0.40","Wed May 27 12:36:13 PDT 2020","352","BatchId:4055967;OriginalHitTemplateId:920937340;","7200","259200","Wed May 27 16:36:13 PDT 2020","","","31UV0MXWNQC3GXA8VIJ079VPXFTI55","A34SIGOLUGKIHJ","Submitted","Wed May 27 12:53:37 PDT 2020","Wed May 27 12:58:52 PDT 2020","Sat May 30 12:58:52 PDT 2020","","","","315","0% (0/0)","0% (0/0)","0% (0/0)","pzh77y5m9vqasg5yc7ev"
"3A3KKYU7P3HH3FHPMWZ01IJ1WZVMW9","34NBII25NZIOGJLGY73HHZ47TJY2JF","Reading a passage and responding to questions","You will read a short passage about a person, then answer questions related to the passage.","sentences, decisions, language","$0.40","Wed May 27 12:36:13 PDT 2020","352","BatchId:4055967;OriginalHitTemplateId:920937340;","7200","259200","Wed May 27 16:36:13 PDT 2020","","","32UTUBMZ7GWARJBHVZ9WPKLBFERBVE","A34V3SR58OG9M7","Submitted","Wed May 27 15:04:50 PDT 2020","Wed May 27 15:10:39 PDT 2020","Sat May 30 15:10:39 PDT 2020","","","","349","0% (0/0)","0% (0/0)","0% (0/0)","skaxcp8z2hjwqk4h0tsa"
"3A3KKYU7P3HH3FHPMWZ01IJ1WZVMW9","34NBII25NZIOGJLGY73HHZ47TJY2JF","Reading a passage and responding to questions","You will read a short passage about a person, then answer questions related to the passage.","sentences, decisions, language","$0.40","Wed May 27 12:36:13 PDT 2020","352","BatchId:4055967;OriginalHitTemplateId:920937340;","7200","259200","Wed May 27 16:36:13 PDT 2020","","","32Z9ZLUT1LKPSC56UFXEG3U1EYRHOQ","A21RQOWP04J5OD","Submitted","Wed May 27 13:51:35 PDT 2020","Wed May 27 13:59:08 PDT 2020","Sat May 30 13:59:08 PDT 2020","","","","453","0% (0/0)","0% (0/0)","0% (0/0)","fmmd1jww8uekojmjd3lo"
"3A3KKYU7P3HH3FHPMWZ01IJ1WZVMW9","34NBII25NZIOGJLGY73HHZ47TJY2JF","Reading a passage and responding to questions","You will read a short passage about a person, then answer questions related to the passage.","sentences, decisions, language","$0.40","Wed May 27 12:36:13 PDT 2020","352","BatchId:4055967;OriginalHitTemplateId:920937340;","7200","259200","Wed May 27 16:36:13 PDT 2020","","","337RC3OW052M4SXTMCYQ3NHGR7NLVR","A95EDECJYK8N6","Submitted","Wed May 27 12:37:38 PDT 2020","Wed May 27 12:42:15 PDT 2020","Sat May 30 12:42:15 PDT 2020","","","","277","0% (0/0)","0% (0/0)","0% (0/0)","p423t4e7a0awyluthpem"
"3A3KKYU7P3HH3FHPMWZ01IJ1WZVMW9","34NBII25NZIOGJLGY73HHZ47TJY2JF","Reading a passage and responding to questions","You will read a short passage about a person, then answer questions related to the passage.","sentences, decisions, language","$0.40","Wed May 27 12:36:13 PDT 2020","352","BatchId:4055967;OriginalHitTemplateId:920937340;","7200","259200","Wed May 27 16:36:13 PDT 2020","","","33CKWXB73JKTS9DRMOWICK1M4YI11L","A16SX6RX2P2DF7","Submitted","Wed May 27 13:20:46 PDT 2020","Wed May 27 13:24:45 PDT 2020","Sat May 30 13:24:45 PDT 2020","","","","239","0% (0/0)","0% (0/0)","0% (0/0)","90zp6zb7vubmrq95g60v"
"3A3KKYU7P3HH3FHPMWZ01IJ1WZVMW9","34NBII25NZIOGJLGY73HHZ47TJY2JF","Reading a passage and responding to questions","You will read a short passage about a person, then answer questions related to the passage.","sentences, decisions, language","$0.40","Wed May 27 12:36:13 PDT 2020","352","BatchId:4055967;OriginalHitTemplateId:920937340;","7200","259200","Wed May 27 16:36:13 PDT 2020","","","33LKR6A5KEKU1TP0O7GSIQKHWHK1T5","A1EK7RZ0HGLH0N","Submitted","Wed May 27 15:03:32 PDT 2020","Wed May 27 15:07:40 PDT 2020","Sat May 30 15:07:40 PDT 2020","","","","248","0% (0/0)","0% (0/0)","0% (0/0)","zaedl30jb2n0uc2p20um"
"3A3KKYU7P3HH3FHPMWZ01IJ1WZVMW9","34NBII25NZIOGJLGY73HHZ47TJY2JF","Reading a passage and responding to questions","You will read a short passage about a person, then answer questions related to the passage.","sentences, decisions, language","$0.40","Wed May 27 12:36:13 PDT 2020","352","BatchId:4055967;OriginalHitTemplateId:920937340;","7200","259200","Wed May 27 16:36:13 PDT 2020","","","33PPUNGG385EGAXGSTKPA53BLB0ZRF","A1ZNO22R0CI05Q","Submitted","Wed May 27 15:15:25 PDT 2020","Wed May 27 16:39:23 PDT 2020","Sat May 30 16:39:23 PDT 2020","","","","5038","0% (0/0)","0% (0/0)","0% (0/0)","xs7zyc6exzq5k8l1c5pz"
"3A3KKYU7P3HH3FHPMWZ01IJ1WZVMW9","34NBII25NZIOGJLGY73HHZ47TJY2JF","Reading a passage and responding to questions","You will read a short passage about a person, then answer questions related to the passage.","sentences, decisions, language","$0.40","Wed May 27 12:36:13 PDT 2020","352","BatchId:4055967;OriginalHitTemplateId:920937340;","7200","259200","Wed May 27 16:36:13 PDT 2020","","","33PPUNGG385EGAXGSTKPA53BLBVRZ2","A2QGTGDZM7Q7RL","Submitted","Wed May 27 14:20:44 PDT 2020","Wed May 27 14:24:21 PDT 2020","Sat May 30 14:24:21 PDT 2020","","","","217","0% (0/0)","0% (0/0)","0% (0/0)","nqyamey217wv49k79vph"
"3A3KKYU7P3HH3FHPMWZ01IJ1WZVMW9","34NBII25NZIOGJLGY73HHZ47TJY2JF","Reading a passage and responding to questions","You will read a short passage about a person, then answer questions related to the passage.","sentences, decisions, language","$0.40","Wed May 27 12:36:13 PDT 2020","352","BatchId:4055967;OriginalHitTemplateId:920937340;","7200","259200","Wed May 27 16:36:13 PDT 2020","","","33TIN5LC04A87KRP2QIK5DUF9U99YS","A33NW3WYH1U3GU","Submitted","Wed May 27 12:41:15 PDT 2020","Wed May 27 12:47:20 PDT 2020","Sat May 30 12:47:20 PDT 2020","","","","365","0% (0/0)","0% (0/0)","0% (0/0)","0qk19xu059rnbrt9ldcm"
"3A3KKYU7P3HH3FHPMWZ01IJ1WZVMW9","34NBII25NZIOGJLGY73HHZ47TJY2JF","Reading a passage and responding to questions","You will read a short passage about a person, then answer questions related to the passage.","sentences, decisions, language","$0.40","Wed May 27 12:36:13 PDT 2020","352","BatchId:4055967;OriginalHitTemplateId:920937340;","7200","259200","Wed May 27 16:36:13 PDT 2020","","","345LHZDEDXS5B9I4BGKLBFLGDENU3X","A2VAY8MBDZ834I","Submitted","Wed May 27 12:38:46 PDT 2020","Wed May 27 12:47:00 PDT 2020","Sat May 30 12:47:00 PDT 2020","","","","494","0% (0/0)","0% (0/0)","0% (0/0)","05ooe6njuf2sua98ymwf"
"3A3KKYU7P3HH3FHPMWZ01IJ1WZVMW9","34NBII25NZIOGJLGY73HHZ47TJY2JF","Reading a passage and responding to questions","You will read a short passage about a person, then answer questions related to the passage.","sentences, decisions, language","$0.40","Wed May 27 12:36:13 PDT 2020","352","BatchId:4055967;OriginalHitTemplateId:920937340;","7200","259200","Wed May 27 16:36:13 PDT 2020","","","34HJIJKLP5WQ6KQ8GKZ9H6F55LT4VI","A2KSAAQBU5R0F6","Submitted","Wed May 27 12:39:49 PDT 2020","Wed May 27 12:45:26 PDT 2020","Sat May 30 12:45:26 PDT 2020","","","","337","100% (1/1)","0% (0/0)","0% (0/0)","csx2yr5wbw8e6p0swtq0"
"3A3KKYU7P3HH3FHPMWZ01IJ1WZVMW9","34NBII25NZIOGJLGY73HHZ47TJY2JF","Reading a passage and responding to questions","You will read a short passage about a person, then answer questions related to the passage.","sentences, decisions, language","$0.40","Wed May 27 12:36:13 PDT 2020","352","BatchId:4055967;OriginalHitTemplateId:920937340;","7200","259200","Wed May 27 16:36:13 PDT 2020","","","34PGFRQONOBTOR9Y91R99AN2URKJWX","A3712P8X3V8BMK","Submitted","Wed May 27 12:37:45 PDT 2020","Wed May 27 12:41:23 PDT 2020","Sat May 30 12:41:23 PDT 2020","","","","218","0% (0/0)","0% (0/0)","0% (0/0)","9bz1u7e723ehptu2mpbr"
"3A3KKYU7P3HH3FHPMWZ01IJ1WZVMW9","34NBII25NZIOGJLGY73HHZ47TJY2JF","Reading a passage and responding to questions","You will read a short passage about a person, then answer questions related to the passage.","sentences, decisions, language","$0.40","Wed May 27 12:36:13 PDT 2020","352","BatchId:4055967;OriginalHitTemplateId:920937340;","7200","259200","Wed May 27 16:36:13 PDT 2020","","","34S9DKFK73PTWMVJ301PNEPZEJPYNF","AMELYCC59JKB0","Submitted","Wed May 27 12:36:32 PDT 2020","Wed May 27 12:46:05 PDT 2020","Sat May 30 12:46:05 PDT 2020","","","","573","0% (0/0)","0% (0/0)","0% (0/0)","gs07a3okv4xyrupd08e0"
"3A3KKYU7P3HH3FHPMWZ01IJ1WZVMW9","34NBII25NZIOGJLGY73HHZ47TJY2JF","Reading a passage and responding to questions","You will read a short passage about a person, then answer questions related to the passage.","sentences, decisions, language","$0.40","Wed May 27 12:36:13 PDT 2020","352","BatchId:4055967;OriginalHitTemplateId:920937340;","7200","259200","Wed May 27 16:36:13 PDT 2020","","","34Z02EIMISDUU44ISOCS4L17ROX0TI","A23N7CY762BLON","Submitted","Wed May 27 12:41:11 PDT 2020","Wed May 27 13:21:53 PDT 2020","Sat May 30 13:21:53 PDT 2020","","","","2442","0% (0/0)","0% (0/0)","0% (0/0)","9ug6zl67u4y8ry471nbz"
"3A3KKYU7P3HH3FHPMWZ01IJ1WZVMW9","34NBII25NZIOGJLGY73HHZ47TJY2JF","Reading a passage and responding to questions","You will read a short passage about a person, then answer questions related to the passage.","sentences, decisions, language","$0.40","Wed May 27 12:36:13 PDT 2020","352","BatchId:4055967;OriginalHitTemplateId:920937340;","7200","259200","Wed May 27 16:36:13 PDT 2020","","","354P56DE9K37XFRNONSB9VF8XJP7S0","AL8KOIH1DJ7D9","Submitted","Wed May 27 12:40:15 PDT 2020","Wed May 27 12:44:10 PDT 2020","Sat May 30 12:44:10 PDT 2020","","","","235","0% (0/0)","0% (0/0)","0% (0/0)","c3fsjc9m37v59bmapxzj"
"3A3KKYU7P3HH3FHPMWZ01IJ1WZVMW9","34NBII25NZIOGJLGY73HHZ47TJY2JF","Reading a passage and responding to questions","You will read a short passage about a person, then answer questions related to the passage.","sentences, decisions, language","$0.40","Wed May 27 12:36:13 PDT 2020","352","BatchId:4055967;OriginalHitTemplateId:920937340;","7200","259200","Wed May 27 16:36:13 PDT 2020","","","36H9ULYP62URD5N3JCH95M12ZP8FJB","A1V0HBNFT22UXK","Submitted","Wed May 27 14:29:20 PDT 2020","Wed May 27 14:31:58 PDT 2020","Sat May 30 14:31:58 PDT 2020","","","","158","0% (0/0)","0% (0/0)","0% (0/0)","y8y2hhm80uexnq1p8m7q"
"3A3KKYU7P3HH3FHPMWZ01IJ1WZVMW9","34NBII25NZIOGJLGY73HHZ47TJY2JF","Reading a passage and responding to questions","You will read a short passage about a person, then answer questions related to the passage.","sentences, decisions, language","$0.40","Wed May 27 12:36:13 PDT 2020","352","BatchId:4055967;OriginalHitTemplateId:920937340;","7200","259200","Wed May 27 16:36:13 PDT 2020","","","36V4Q8R5ZK0E52JX0P5VXDXXALEQMM","A47P614S2P86R","Submitted","Wed May 27 14:52:09 PDT 2020","Wed May 27 14:57:18 PDT 2020","Sat May 30 14:57:18 PDT 2020","","","","309","0% (0/0)","0% (0/0)","0% (0/0)","s0ozwra89znq4m1m3n1g"
"3A3KKYU7P3HH3FHPMWZ01IJ1WZVMW9","34NBII25NZIOGJLGY73HHZ47TJY2JF","Reading a passage and responding to questions","You will read a short passage about a person, then answer questions related to the passage.","sentences, decisions, language","$0.40","Wed May 27 12:36:13 PDT 2020","352","BatchId:4055967;OriginalHitTemplateId:920937340;","7200","259200","Wed May 27 16:36:13 PDT 2020","","","374TNBHA8BVEZJ8BJST6R8K4JUCYQ2","A2LMREAO2XRLTM","Submitted","Wed May 27 12:36:41 PDT 2020","Wed May 27 13:36:12 PDT 2020","Sat May 30 13:36:12 PDT 2020","","","","3571","0% (0/0)","0% (0/0)","0% (0/0)","x76tncc0mavf8kj2dkfc"
"3A3KKYU7P3HH3FHPMWZ01IJ1WZVMW9","34NBII25NZIOGJLGY73HHZ47TJY2JF","Reading a passage and responding to questions","You will read a short passage about a person, then answer questions related to the passage.","sentences, decisions, language","$0.40","Wed May 27 12:36:13 PDT 2020","352","BatchId:4055967;OriginalHitTemplateId:920937340;","7200","259200","Wed May 27 16:36:13 PDT 2020","","","37FMASSAYCR55DRHWSADAVVH7BEBIY","A2GN5C6ED8V86O","Submitted","Wed May 27 12:45:35 PDT 2020","Wed May 27 13:58:50 PDT 2020","Sat May 30 13:58:50 PDT 2020","","","","4395","0% (0/0)","0% (0/0)","0% (0/0)","5adaq62b4oalb81gocln"
"3A3KKYU7P3HH3FHPMWZ01IJ1WZVMW9","34NBII25NZIOGJLGY73HHZ47TJY2JF","Reading a passage and responding to questions","You will read a short passage about a person, then answer questions related to the passage.","sentences, decisions, language","$0.40","Wed May 27 12:36:13 PDT 2020","352","BatchId:4055967;OriginalHitTemplateId:920937340;","7200","259200","Wed May 27 16:36:13 PDT 2020","","","37Q970SNZE8TMTCLZ7B28LOVUY8S19","A1BYHAOQW9BIE9","Submitted","Wed May 27 15:28:09 PDT 2020","Wed May 27 15:29:46 PDT 2020","Sat May 30 15:29:46 PDT 2020","","","","97","0% (0/0)","0% (0/0)","0% (0/0)","r0qs0gupgn8mmexp7eua"
"3A3KKYU7P3HH3FHPMWZ01IJ1WZVMW9","34NBII25NZIOGJLGY73HHZ47TJY2JF","Reading a passage and responding to questions","You will read a short passage about a person, then answer questions related to the passage.","sentences, decisions, language","$0.40","Wed May 27 12:36:13 PDT 2020","352","BatchId:4055967;OriginalHitTemplateId:920937340;","7200","259200","Wed May 27 16:36:13 PDT 2020","","","37TD41K0AH9D9WMJF40MPH7MYUGSCE","A2WNTI69VVVWMZ","Submitted","Wed May 27 12:46:56 PDT 2020","Wed May 27 14:34:57 PDT 2020","Sat May 30 14:34:57 PDT 2020","","","","6481","0% (0/0)","0% (0/0)","0% (0/0)","jwg72kzb0p0u17v3taxj"
"3A3KKYU7P3HH3FHPMWZ01IJ1WZVMW9","34NBII25NZIOGJLGY73HHZ47TJY2JF","Reading a passage and responding to questions","You will read a short passage about a person, then answer questions related to the passage.","sentences, decisions, language","$0.40","Wed May 27 12:36:13 PDT 2020","352","BatchId:4055967;OriginalHitTemplateId:920937340;","7200","259200","Wed May 27 16:36:13 PDT 2020","","","37W3JXSD668JJG4XV1SCJX2Q7VTYW6","A3K2ZXAFZCHYZI","Submitted","Wed May 27 12:36:56 PDT 2020","Wed May 27 14:12:38 PDT 2020","Sat May 30 14:12:38 PDT 2020","","","","5742","0% (0/0)","0% (0/0)","0% (0/0)","s2c3nv4t88ac04d3bc9k"
"3A3KKYU7P3HH3FHPMWZ01IJ1WZVMW9","34NBII25NZIOGJLGY73HHZ47TJY2JF","Reading a passage and responding to questions","You will read a short passage about a person, then answer questions related to the passage.","sentences, decisions, language","$0.40","Wed May 27 12:36:13 PDT 2020","352","BatchId:4055967;OriginalHitTemplateId:920937340;","7200","259200","Wed May 27 16:36:13 PDT 2020","","","37WLF8U1WPQQ5W0A04EHCVO2LFEK6L","A39ZENBIWFYK9G","Submitted","Wed May 27 15:59:36 PDT 2020","Wed May 27 16:03:06 PDT 2020","Sat May 30 16:03:06 PDT 2020","","","","210","0% (0/0)","0% (0/0)","0% (0/0)","k4webkvg67grsfzj3mc0"
"3A3KKYU7P3HH3FHPMWZ01IJ1WZVMW9","34NBII25NZIOGJLGY73HHZ47TJY2JF","Reading a passage and responding to questions","You will read a short passage about a person, then answer questions related to the passage.","sentences, decisions, language","$0.40","Wed May 27 12:36:13 PDT 2020","352","BatchId:4055967;OriginalHitTemplateId:920937340;","7200","259200","Wed May 27 16:36:13 PDT 2020","","","37ZHEEHM6WM3DY68Y8RA1N7W54937P","AHFUMB0QU0W4","Submitted","Wed May 27 15:19:22 PDT 2020","Wed May 27 15:26:53 PDT 2020","Sat May 30 15:26:53 PDT 2020","","","","451","0% (0/0)","0% (0/0)","0% (0/0)","cfs934ulznapm5n8kkn6"
"3A3KKYU7P3HH3FHPMWZ01IJ1WZVMW9","34NBII25NZIOGJLGY73HHZ47TJY2JF","Reading a passage and responding to questions","You will read a short passage about a person, then answer questions related to the passage.","sentences, decisions, language","$0.40","Wed May 27 12:36:13 PDT 2020","352","BatchId:4055967;OriginalHitTemplateId:920937340;","7200","259200","Wed May 27 16:36:13 PDT 2020","","","39PAAFCODM0AN55YVL0HPERXLK9VT4","A1PK156G147FCR","Submitted","Wed May 27 12:37:13 PDT 2020","Wed May 27 12:52:39 PDT 2020","Sat May 30 12:52:39 PDT 2020","","","","926","0% (0/0)","0% (0/0)","0% (0/0)","65skos2a8s0n7glhqbbr"
"3A3KKYU7P3HH3FHPMWZ01IJ1WZVMW9","34NBII25NZIOGJLGY73HHZ47TJY2JF","Reading a passage and responding to questions","You will read a short passage about a person, then answer questions related to the passage.","sentences, decisions, language","$0.40","Wed May 27 12:36:13 PDT 2020","352","BatchId:4055967;OriginalHitTemplateId:920937340;","7200","259200","Wed May 27 16:36:13 PDT 2020","","","3AMYWKA6YBM9VNLPYW6AJC5B5J2O6L","AOSYM0WHSI1F3","Submitted","Wed May 27 12:43:43 PDT 2020","Wed May 27 13:01:08 PDT 2020","Sat May 30 13:01:08 PDT 2020","","","","1045","0% (0/0)","0% (0/0)","0% (0/0)","dbzo8ru93hhs270ldnbt"
"3A3KKYU7P3HH3FHPMWZ01IJ1WZVMW9","34NBII25NZIOGJLGY73HHZ47TJY2JF","Reading a passage and responding to questions","You will read a short passage about a person, then answer questions related to the passage.","sentences, decisions, language","$0.40","Wed May 27 12:36:13 PDT 2020","352","BatchId:4055967;OriginalHitTemplateId:920937340;","7200","259200","Wed May 27 16:36:13 PDT 2020","","","3ATPCQ38J8AMC31UUWWK185ZFD3AYM","A2HL57Y3WLDD9X","Submitted","Wed May 27 14:14:34 PDT 2020","Wed May 27 14:16:01 PDT 2020","Sat May 30 14:16:01 PDT 2020","","","","87","0% (0/0)","0% (0/0)","0% (0/0)","y62b3dfq2491v7rjy1sy"
"3A3KKYU7P3HH3FHPMWZ01IJ1WZVMW9","34NBII25NZIOGJLGY73HHZ47TJY2JF","Reading a passage and responding to questions","You will read a short passage about a person, then answer questions related to the passage.","sentences, decisions, language","$0.40","Wed May 27 12:36:13 PDT 2020","352","BatchId:4055967;OriginalHitTemplateId:920937340;","7200","259200","Wed May 27 16:36:13 PDT 2020","","","3B837J3LDOWHFYB2X1QHEC68YWVSRY","A1YMF916E6DM6Z","Submitted","Wed May 27 14:22:21 PDT 2020","Wed May 27 14:30:09 PDT 2020","Sat May 30 14:30:09 PDT 2020","","","","468","0% (0/0)","0% (0/0)","0% (0/0)","8c1edc9gerbm1shrlmk0"
"3A3KKYU7P3HH3FHPMWZ01IJ1WZVMW9","34NBII25NZIOGJLGY73HHZ47TJY2JF","Reading a passage and responding to questions","You will read a short passage about a person, then answer questions related to the passage.","sentences, decisions, language","$0.40","Wed May 27 12:36:13 PDT 2020","352","BatchId:4055967;OriginalHitTemplateId:920937340;","7200","259200","Wed May 27 16:36:13 PDT 2020","","","3CFJTT4SXTQI31ORJBYX5T9LOLR7IC","A3VAZ9HROZFNU7","Submitted","Wed May 27 13:04:35 PDT 2020","Wed May 27 13:07:40 PDT 2020","Sat May 30 13:07:40 PDT 2020","","","","185","0% (0/0)","0% (0/0)","0% (0/0)","2tuwktwxagqzv9d5zc3u"
"3A3KKYU7P3HH3FHPMWZ01IJ1WZVMW9","34NBII25NZIOGJLGY73HHZ47TJY2JF","Reading a passage and responding to questions","You will read a short passage about a person, then answer questions related to the passage.","sentences, decisions, language","$0.40","Wed May 27 12:36:13 PDT 2020","352","BatchId:4055967;OriginalHitTemplateId:920937340;","7200","259200","Wed May 27 16:36:13 PDT 2020","","","3DQQ64TANGLPA2CW4EWT669E3QTWPD","A16UA1VPPSEI5E","Submitted","Wed May 27 12:59:11 PDT 2020","Wed May 27 13:07:48 PDT 2020","Sat May 30 13:07:48 PDT 2020","","","","517","0% (0/0)","0% (0/0)","0% (0/0)","zbpar6zouaxs33swd1tr"
"3A3KKYU7P3HH3FHPMWZ01IJ1WZVMW9","34NBII25NZIOGJLGY73HHZ47TJY2JF","Reading a passage and responding to questions","You will read a short passage about a person, then answer questions related to the passage.","sentences, decisions, language","$0.40","Wed May 27 12:36:13 PDT 2020","352","BatchId:4055967;OriginalHitTemplateId:920937340;","7200","259200","Wed May 27 16:36:13 PDT 2020","","","3EF8EXOTT1V0NQTVCD2OGKX8YEBJ1Y","A2WVCXVSE0YGML","Submitted","Wed May 27 12:36:33 PDT 2020","Wed May 27 14:26:31 PDT 2020","Sat May 30 14:26:31 PDT 2020","","","","6598","0% (0/0)","0% (0/0)","0% (0/0)","rbuj9xy2ovxh5hfta5vs"
"3A3KKYU7P3HH3FHPMWZ01IJ1WZVMW9","34NBII25NZIOGJLGY73HHZ47TJY2JF","Reading a passage and responding to questions","You will read a short passage about a person, then answer questions related to the passage.","sentences, decisions, language","$0.40","Wed May 27 12:36:13 PDT 2020","352","BatchId:4055967;OriginalHitTemplateId:920937340;","7200","259200","Wed May 27 16:36:13 PDT 2020","","","3EJJQNKU9R5SPPXMM7EIAYZ6PLMHRA","A21DGFFM8MBO6J","Submitted","Wed May 27 15:38:05 PDT 2020","Wed May 27 15:44:00 PDT 2020","Sat May 30 15:44:00 PDT 2020","","","","355","0% (0/0)","0% (0/0)","0% (0/0)","rz00mu55jlbvp212jsbr"
"3A3KKYU7P3HH3FHPMWZ01IJ1WZVMW9","34NBII25NZIOGJLGY73HHZ47TJY2JF","Reading a passage and responding to questions","You will read a short passage about a person, then answer questions related to the passage.","sentences, decisions, language","$0.40","Wed May 27 12:36:13 PDT 2020","352","BatchId:4055967;OriginalHitTemplateId:920937340;","7200","259200","Wed May 27 16:36:13 PDT 2020","","","3FIJLY1B6U4NZGQ1EPMT2INE8OAFP7","A1M86R8NKX2HUC","Submitted","Wed May 27 13:53:37 PDT 2020","Wed May 27 14:02:08 PDT 2020","Sat May 30 14:02:08 PDT 2020","","","","511","0% (0/0)","0% (0/0)","0% (0/0)","boe4w11xrvwledav49e0"
"3A3KKYU7P3HH3FHPMWZ01IJ1WZVMW9","34NBII25NZIOGJLGY73HHZ47TJY2JF","Reading a passage and responding to questions","You will read a short passage about a person, then answer questions related to the passage.","sentences, decisions, language","$0.40","Wed May 27 12:36:13 PDT 2020","352","BatchId:4055967;OriginalHitTemplateId:920937340;","7200","259200","Wed May 27 16:36:13 PDT 2020","","","3GU1KF0O4I1XMZEL9N0XJSWTTQJBPM","A26DTUVDF429MF","Submitted","Wed May 27 13:59:35 PDT 2020","Wed May 27 14:06:44 PDT 2020","Sat May 30 14:06:44 PDT 2020","","","","429","0% (0/0)","0% (0/0)","0% (0/0)","pugvazz2feehlh83rp4y"
"3A3KKYU7P3HH3FHPMWZ01IJ1WZVMW9","34NBII25NZIOGJLGY73HHZ47TJY2JF","Reading a passage and responding to questions","You will read a short passage about a person, then answer questions related to the passage.","sentences, decisions, language","$0.40","Wed May 27 12:36:13 PDT 2020","352","BatchId:4055967;OriginalHitTemplateId:920937340;","7200","259200","Wed May 27 16:36:13 PDT 2020","","","3H7Z272LX779Z80X00PRXVSY5KUPLK","A2TQOYLSXFD3RK","Submitted","Wed May 27 13:34:02 PDT 2020","Wed May 27 13:38:14 PDT 2020","Sat May 30 13:38:14 PDT 2020","","","","252","0% (0/0)","0% (0/0)","0% (0/0)","w33aqrev2zdhhwubvh3r"
"3A3KKYU7P3HH3FHPMWZ01IJ1WZVMW9","34NBII25NZIOGJLGY73HHZ47TJY2JF","Reading a passage and responding to questions","You will read a short passage about a person, then answer questions related to the passage.","sentences, decisions, language","$0.40","Wed May 27 12:36:13 PDT 2020","352","BatchId:4055967;OriginalHitTemplateId:920937340;","7200","259200","Wed May 27 16:36:13 PDT 2020","","","3HFNH7HEMHEEDSNBPM70K8D0EZ3GQ5","AYUGY51ZD0GI4","Submitted","Wed May 27 14:54:37 PDT 2020","Wed May 27 14:58:16 PDT 2020","Sat May 30 14:58:16 PDT 2020","","","","219","0% (0/0)","0% (0/0)","0% (0/0)","2grtbhr9ltapg9ofhzmp"
"3A3KKYU7P3HH3FHPMWZ01IJ1WZVMW9","34NBII25NZIOGJLGY73HHZ47TJY2JF","Reading a passage and responding to questions","You will read a short passage about a person, then answer questions related to the passage.","sentences, decisions, language","$0.40","Wed May 27 12:36:13 PDT 2020","352","BatchId:4055967;OriginalHitTemplateId:920937340;","7200","259200","Wed May 27 16:36:13 PDT 2020","","","3HL8HNGX45127TAUX0QWGSNZ3JJ9FV","A3N0C29NMB11S0","Submitted","Wed May 27 12:39:31 PDT 2020","Wed May 27 12:55:50 PDT 2020","Sat May 30 12:55:50 PDT 2020","","","","979","0% (0/0)","0% (0/0)","0% (0/0)","483lj2aej3dzruu2pcdg"
"3A3KKYU7P3HH3FHPMWZ01IJ1WZVMW9","34NBII25NZIOGJLGY73HHZ47TJY2JF","Reading a passage and responding to questions","You will read a short passage about a person, then answer questions related to the passage.","sentences, decisions, language","$0.40","Wed May 27 12:36:13 PDT 2020","352","BatchId:4055967;OriginalHitTemplateId:920937340;","7200","259200","Wed May 27 16:36:13 PDT 2020","","","3HMVI3QICJSQIFOUYD3RQ7CWBJSY1H","AR5NSQY1VD4RB","Submitted","Wed May 27 13:38:20 PDT 2020","Wed May 27 13:41:38 PDT 2020","Sat May 30 13:41:38 PDT 2020","","","","198","0% (0/0)","0% (0/0)","0% (0/0)","6olgsfabb3zo55plxpmh"
"3A3KKYU7P3HH3FHPMWZ01IJ1WZVMW9","34NBII25NZIOGJLGY73HHZ47TJY2JF","Reading a passage and responding to questions","You will read a short passage about a person, then answer questions related to the passage.","sentences, decisions, language","$0.40","Wed May 27 12:36:13 PDT 2020","352","BatchId:4055967;OriginalHitTemplateId:920937340;","7200","259200","Wed May 27 16:36:13 PDT 2020","","","3HSYG7LRBJYX4BLZ288IMETKMALKKD","A166B3OX3QRH4S","Submitted","Wed May 27 13:52:04 PDT 2020","Wed May 27 14:09:23 PDT 2020","Sat May 30 14:09:23 PDT 2020","","","","1039","0% (0/0)","0% (0/0)","0% (0/0)","hko0rps3y799nn0tcdo2"
"3A3KKYU7P3HH3FHPMWZ01IJ1WZVMW9","34NBII25NZIOGJLGY73HHZ47TJY2JF","Reading a passage and responding to questions","You will read a short passage about a person, then answer questions related to the passage.","sentences, decisions, language","$0.40","Wed May 27 12:36:13 PDT 2020","352","BatchId:4055967;OriginalHitTemplateId:920937340;","7200","259200","Wed May 27 16:36:13 PDT 2020","","","3IAEQB9FMEKGL596Z55Y6CSPP7SWD1","A3S26SUAEYLPGH","Submitted","Wed May 27 13:07:25 PDT 2020","Wed May 27 13:13:20 PDT 2020","Sat May 30 13:13:20 PDT 2020","","","","355","0% (0/0)","0% (0/0)","0% (0/0)","5m86l0pm1gha2fkt48q3"
"3A3KKYU7P3HH3FHPMWZ01IJ1WZVMW9","34NBII25NZIOGJLGY73HHZ47TJY2JF","Reading a passage and responding to questions","You will read a short passage about a person, then answer questions related to the passage.","sentences, decisions, language","$0.40","Wed May 27 12:36:13 PDT 2020","352","BatchId:4055967;OriginalHitTemplateId:920937340;","7200","259200","Wed May 27 16:36:13 PDT 2020","","","3J88R45B2GY4Z2HMEJSF8PNLCSYXP6","A1TWUT0Z52EG4C","Submitted","Wed May 27 12:57:01 PDT 2020","Wed May 27 13:08:35 PDT 2020","Sat May 30 13:08:35 PDT 2020","","","","694","0% (0/0)","0% (0/0)","0% (0/0)","0bzvpo4a3jd6ljjy6lzq"
"3A3KKYU7P3HH3FHPMWZ01IJ1WZVMW9","34NBII25NZIOGJLGY73HHZ47TJY2JF","Reading a passage and responding to questions","You will read a short passage about a person, then answer questions related to the passage.","sentences, decisions, language","$0.40","Wed May 27 12:36:13 PDT 2020","352","BatchId:4055967;OriginalHitTemplateId:920937340;","7200","259200","Wed May 27 16:36:13 PDT 2020","","","3JCG6DTRV3Q5QHHPSICCEMH2KLVQQR","A1WBUS5PV9PAGR","Submitted","Wed May 27 12:37:29 PDT 2020","Wed May 27 12:40:24 PDT 2020","Sat May 30 12:40:24 PDT 2020","","","","175","100% (1/1)","100% (1/1)","100% (1/1)","5akv05sf8v2phfbwzlvq"
"3A3KKYU7P3HH3FHPMWZ01IJ1WZVMW9","34NBII25NZIOGJLGY73HHZ47TJY2JF","Reading a passage and responding to questions","You will read a short passage about a person, then answer questions related to the passage.","sentences, decisions, language","$0.40","Wed May 27 12:36:13 PDT 2020","352","BatchId:4055967;OriginalHitTemplateId:920937340;","7200","259200","Wed May 27 16:36:13 PDT 2020","","","3JMSRU9HQIU8YMN15QBMQSRWIB2EVF","A1V035LN0HD79I","Submitted","Wed May 27 14:46:54 PDT 2020","Wed May 27 14:51:03 PDT 2020","Sat May 30 14:51:03 PDT 2020","","","","249","0% (0/0)","0% (0/0)","0% (0/0)","8a6mlr641xxnhestkvjy"
"3A3KKYU7P3HH3FHPMWZ01IJ1WZVMW9","34NBII25NZIOGJLGY73HHZ47TJY2JF","Reading a passage and responding to questions","You will read a short passage about a person, then answer questions related to the passage.","sentences, decisions, language","$0.40","Wed May 27 12:36:13 PDT 2020","352","BatchId:4055967;OriginalHitTemplateId:920937340;","7200","259200","Wed May 27 16:36:13 PDT 2020","","","3JNQLM5FT4MD71ZRY2EF1IK5U9V2L1","A2ZORQ2QI35SWP","Submitted","Wed May 27 12:39:13 PDT 2020","Wed May 27 12:48:25 PDT 2020","Sat May 30 12:48:25 PDT 2020","","","","552","0% (0/0)","0% (0/0)","0% (0/0)","crvnysss6hmbrbwd8tdu"
"3A3KKYU7P3HH3FHPMWZ01IJ1WZVMW9","34NBII25NZIOGJLGY73HHZ47TJY2JF","Reading a passage and responding to questions","You will read a short passage about a person, then answer questions related to the passage.","sentences, decisions, language","$0.40","Wed May 27 12:36:13 PDT 2020","352","BatchId:4055967;OriginalHitTemplateId:920937340;","7200","259200","Wed May 27 16:36:13 PDT 2020","","","3K3R2QNK8B3RQB7KSPLV2SO2D78U9R","A2V3OLQMISGLWY","Submitted","Wed May 27 14:02:22 PDT 2020","Wed May 27 14:06:03 PDT 2020","Sat May 30 14:06:03 PDT 2020","","","","221","100% (1/1)","0% (0/0)","0% (0/0)","6vqp9ccjntnpr1uymwyn"
"3A3KKYU7P3HH3FHPMWZ01IJ1WZVMW9","34NBII25NZIOGJLGY73HHZ47TJY2JF","Reading a passage and responding to questions","You will read a short passage about a person, then answer questions related to the passage.","sentences, decisions, language","$0.40","Wed May 27 12:36:13 PDT 2020","352","BatchId:4055967;OriginalHitTemplateId:920937340;","7200","259200","Wed May 27 16:36:13 PDT 2020","","","3LKC68YZ3A37P20VPEJEH64OTMAWOB","A1OK5CBNGXIX2O","Submitted","Wed May 27 14:53:29 PDT 2020","Wed May 27 14:56:48 PDT 2020","Sat May 30 14:56:48 PDT 2020","","","","199","0% (0/0)","0% (0/0)","0% (0/0)","pr1ccasa1bvu9zxufdzq"
"3A3KKYU7P3HH3FHPMWZ01IJ1WZVMW9","34NBII25NZIOGJLGY73HHZ47TJY2JF","Reading a passage and responding to questions","You will read a short passage about a person, then answer questions related to the passage.","sentences, decisions, language","$0.40","Wed May 27 12:36:13 PDT 2020","352","BatchId:4055967;OriginalHitTemplateId:920937340;","7200","259200","Wed May 27 16:36:13 PDT 2020","","","3LO69W1SU3D3MV7YXHZ43ME64S1LG4","A6V03QNJYY6UY","Submitted","Wed May 27 12:53:19 PDT 2020","Wed May 27 12:58:30 PDT 2020","Sat May 30 12:58:30 PDT 2020","","","","311","0% (0/0)","0% (0/0)","0% (0/0)","zx9v86oqhfusvgvcgwvx"
"3A3KKYU7P3HH3FHPMWZ01IJ1WZVMW9","34NBII25NZIOGJLGY73HHZ47TJY2JF","Reading a passage and responding to questions","You will read a short passage about a person, then answer questions related to the passage.","sentences, decisions, language","$0.40","Wed May 27 12:36:13 PDT 2020","352","BatchId:4055967;OriginalHitTemplateId:920937340;","7200","259200","Wed May 27 16:36:13 PDT 2020","","","3N8OEVH1FRQZKTRTYSS40CR2QJWOOA","A1SM55T8ME47GO","Submitted","Wed May 27 12:45:06 PDT 2020","Wed May 27 12:50:11 PDT 2020","Sat May 30 12:50:11 PDT 2020","","","","305","0% (0/0)","0% (0/0)","0% (0/0)","r4yw6bh3q5u8d7w8nkdu"
"3A3KKYU7P3HH3FHPMWZ01IJ1WZVMW9","34NBII25NZIOGJLGY73HHZ47TJY2JF","Reading a passage and responding to questions","You will read a short passage about a person, then answer questions related to the passage.","sentences, decisions, language","$0.40","Wed May 27 12:36:13 PDT 2020","352","BatchId:4055967;OriginalHitTemplateId:920937340;","7200","259200","Wed May 27 16:36:13 PDT 2020","","","3NC5L260MOM5EGE0ZP9EDIIOYJBFON","AM6UAUQNJE1A6","Submitted","Wed May 27 13:22:16 PDT 2020","Wed May 27 13:29:16 PDT 2020","Sat May 30 13:29:16 PDT 2020","","","","420","0% (0/0)","0% (0/0)","0% (0/0)","u0q2w2do4sr5dhdst2td"
"3A3KKYU7P3HH3FHPMWZ01IJ1WZVMW9","34NBII25NZIOGJLGY73HHZ47TJY2JF","Reading a passage and responding to questions","You will read a short passage about a person, then answer questions related to the passage.","sentences, decisions, language","$0.40","Wed May 27 12:36:13 PDT 2020","352","BatchId:4055967;OriginalHitTemplateId:920937340;","7200","259200","Wed May 27 16:36:13 PDT 2020","","","3NJM2BJS4W6GW46RNNWSUC2BBBHCPS","A1FG2G9TZSDN","Submitted","Wed May 27 13:40:48 PDT 2020","Wed May 27 13:46:03 PDT 2020","Sat May 30 13:46:03 PDT 2020","","","","315","0% (0/0)","0% (0/0)","0% (0/0)","k3oftkmexjrse9gaqurd"
"3A3KKYU7P3HH3FHPMWZ01IJ1WZVMW9","34NBII25NZIOGJLGY73HHZ47TJY2JF","Reading a passage and responding to questions","You will read a short passage about a person, then answer questions related to the passage.","sentences, decisions, language","$0.40","Wed May 27 12:36:13 PDT 2020","352","BatchId:4055967;OriginalHitTemplateId:920937340;","7200","259200","Wed May 27 16:36:13 PDT 2020","","","3OB0CAO74HP1MQ98026CIUS3S8QYHI","A1QYXEKK1Q7FGM","Submitted","Wed May 27 13:58:35 PDT 2020","Wed May 27 14:06:51 PDT 2020","Sat May 30 14:06:51 PDT 2020","","","","496","0% (0/0)","0% (0/0)","0% (0/0)","0ym1ac76fk5pfo26526d"
"3A3KKYU7P3HH3FHPMWZ01IJ1WZVMW9","34NBII25NZIOGJLGY73HHZ47TJY2JF","Reading a passage and responding to questions","You will read a short passage about a person, then answer questions related to the passage.","sentences, decisions, language","$0.40","Wed May 27 12:36:13 PDT 2020","352","BatchId:4055967;OriginalHitTemplateId:920937340;","7200","259200","Wed May 27 16:36:13 PDT 2020","","","3OCHAWUVGOK3OBK61RN7C81MIJ9KXB","A2LVVQYM3YPWPQ","Submitted","Wed May 27 15:16:15 PDT 2020","Wed May 27 15:18:21 PDT 2020","Sat May 30 15:18:21 PDT 2020","","","","126","0% (0/0)","0% (0/0)","0% (0/0)","asmdyalbhk5mvgyzvg3l"
"3A3KKYU7P3HH3FHPMWZ01IJ1WZVMW9","34NBII25NZIOGJLGY73HHZ47TJY2JF","Reading a passage and responding to questions","You will read a short passage about a person, then answer questions related to the passage.","sentences, decisions, language","$0.40","Wed May 27 12:36:13 PDT 2020","352","BatchId:4055967;OriginalHitTemplateId:920937340;","7200","259200","Wed May 27 16:36:13 PDT 2020","","","3OJSZ2ATDSW6RDTCCRF3GK5GJ0375M","A18YIITGX7BY7F","Submitted","Wed May 27 16:00:06 PDT 2020","Wed May 27 16:04:46 PDT 2020","Sat May 30 16:04:46 PDT 2020","","","","280","0% (0/0)","0% (0/0)","0% (0/0)","cuxty89ya8c51q7lgfrc"
"3A3KKYU7P3HH3FHPMWZ01IJ1WZVMW9","34NBII25NZIOGJLGY73HHZ47TJY2JF","Reading a passage and responding to questions","You will read a short passage about a person, then answer questions related to the passage.","sentences, decisions, language","$0.40","Wed May 27 12:36:13 PDT 2020","352","BatchId:4055967;OriginalHitTemplateId:920937340;","7200","259200","Wed May 27 16:36:13 PDT 2020","","","3ON104KXQKW3L9QD6U4538YJCV3W4U","A3DNYS7B0V1FQF","Submitted","Wed May 27 13:46:23 PDT 2020","Wed May 27 13:50:20 PDT 2020","Sat May 30 13:50:20 PDT 2020","","","","237","0% (0/0)","0% (0/0)","0% (0/0)","acye1fekqp4zay3bpfuo"
"3A3KKYU7P3HH3FHPMWZ01IJ1WZVMW9","34NBII25NZIOGJLGY73HHZ47TJY2JF","Reading a passage and responding to questions","You will read a short passage about a person, then answer questions related to the passage.","sentences, decisions, language","$0.40","Wed May 27 12:36:13 PDT 2020","352","BatchId:4055967;OriginalHitTemplateId:920937340;","7200","259200","Wed May 27 16:36:13 PDT 2020","","","3OXV7EAXLEQK9YS3FYMIV970ATC36D","A1JL8N1PWIFDH2","Submitted","Wed May 27 13:19:50 PDT 2020","Wed May 27 13:25:37 PDT 2020","Sat May 30 13:25:37 PDT 2020","","","","347","0% (0/0)","0% (0/0)","0% (0/0)","a9j99foknfss7bejfyop"
"3A3KKYU7P3HH3FHPMWZ01IJ1WZVMW9","34NBII25NZIOGJLGY73HHZ47TJY2JF","Reading a passage and responding to questions","You will read a short passage about a person, then answer questions related to the passage.","sentences, decisions, language","$0.40","Wed May 27 12:36:13 PDT 2020","352","BatchId:4055967;OriginalHitTemplateId:920937340;","7200","259200","Wed May 27 16:36:13 PDT 2020","","","3PM8NZGV8YGPZEI1EW748UDVHPRQXZ","A3LT3KCT5WP8SA","Submitted","Wed May 27 13:40:54 PDT 2020","Wed May 27 13:45:37 PDT 2020","Sat May 30 13:45:37 PDT 2020","","","","283","0% (0/0)","0% (0/0)","0% (0/0)","na2wu91g7snq5tuvm3wy"
"3A3KKYU7P3HH3FHPMWZ01IJ1WZVMW9","34NBII25NZIOGJLGY73HHZ47TJY2JF","Reading a passage and responding to questions","You will read a short passage about a person, then answer questions related to the passage.","sentences, decisions, language","$0.40","Wed May 27 12:36:13 PDT 2020","352","BatchId:4055967;OriginalHitTemplateId:920937340;","7200","259200","Wed May 27 16:36:13 PDT 2020","","","3PW9OPU9PQK0HUVN5SWWH3BRW3S21X","A33DEMTUM39FR9","Submitted","Wed May 27 12:55:52 PDT 2020","Wed May 27 13:07:48 PDT 2020","Sat May 30 13:07:48 PDT 2020","","","","716","0% (0/0)","0% (0/0)","0% (0/0)","0m1zca8ekvoslua4jyzv"
"3A3KKYU7P3HH3FHPMWZ01IJ1WZVMW9","34NBII25NZIOGJLGY73HHZ47TJY2JF","Reading a passage and responding to questions","You will read a short passage about a person, then answer questions related to the passage.","sentences, decisions, language","$0.40","Wed May 27 12:36:13 PDT 2020","352","BatchId:4055967;OriginalHitTemplateId:920937340;","7200","259200","Wed May 27 16:36:13 PDT 2020","","","3PW9OPU9PQK0HUVN5SWWH3BRW40126","A1094RWJNZ25L8","Submitted","Wed May 27 13:58:41 PDT 2020","Wed May 27 14:06:54 PDT 2020","Sat May 30 14:06:54 PDT 2020","","","","493","0% (0/0)","0% (0/0)","0% (0/0)","un1w3o0f9bl6dd8ls17g"
"3A3KKYU7P3HH3FHPMWZ01IJ1WZVMW9","34NBII25NZIOGJLGY73HHZ47TJY2JF","Reading a passage and responding to questions","You will read a short passage about a person, then answer questions related to the passage.","sentences, decisions, language","$0.40","Wed May 27 12:36:13 PDT 2020","352","BatchId:4055967;OriginalHitTemplateId:920937340;","7200","259200","Wed May 27 16:36:13 PDT 2020","","","3Q8GYXHFEP2C3UO838NEW6XUKA85CP","A122AG39H4OTYM","Submitted","Wed May 27 12:40:55 PDT 2020","Wed May 27 12:51:47 PDT 2020","Sat May 30 12:51:47 PDT 2020","","","","652","0% (0/0)","0% (0/0)","0% (0/0)","06boe6rv3xkm3b4rwjth"
"3A3KKYU7P3HH3FHPMWZ01IJ1WZVMW9","34NBII25NZIOGJLGY73HHZ47TJY2JF","Reading a passage and responding to questions","You will read a short passage about a person, then answer questions related to the passage.","sentences, decisions, language","$0.40","Wed May 27 12:36:13 PDT 2020","352","BatchId:4055967;OriginalHitTemplateId:920937340;","7200","259200","Wed May 27 16:36:13 PDT 2020","","","3QUO65DNQUOUXYBQUE4DZIJR85JOUM","A19P7S5OYZS61Z","Submitted","Wed May 27 12:38:08 PDT 2020","Wed May 27 12:42:56 PDT 2020","Sat May 30 12:42:56 PDT 2020","","","","288","0% (0/0)","0% (0/0)","0% (0/0)","gvrbmhtv0870nkb369ne"
"3A3KKYU7P3HH3FHPMWZ01IJ1WZVMW9","34NBII25NZIOGJLGY73HHZ47TJY2JF","Reading a passage and responding to questions","You will read a short passage about a person, then answer questions related to the passage.","sentences, decisions, language","$0.40","Wed May 27 12:36:13 PDT 2020","352","BatchId:4055967;OriginalHitTemplateId:920937340;","7200","259200","Wed May 27 16:36:13 PDT 2020","","","3R2UR8A0IAGME25LZJF0JPIV2OCXO1","AXOZJWJVTXTOP","Submitted","Wed May 27 14:13:20 PDT 2020","Wed May 27 14:21:08 PDT 2020","Sat May 30 14:21:08 PDT 2020","","","","468","100% (1/1)","100% (1/1)","100% (1/1)","uvm3cw2z3spp8qrv8cm0"
"3A3KKYU7P3HH3FHPMWZ01IJ1WZVMW9","34NBII25NZIOGJLGY73HHZ47TJY2JF","Reading a passage and responding to questions","You will read a short passage about a person, then answer questions related to the passage.","sentences, decisions, language","$0.40","Wed May 27 12:36:13 PDT 2020","352","BatchId:4055967;OriginalHitTemplateId:920937340;","7200","259200","Wed May 27 16:36:13 PDT 2020","","","3R3YRB5GRF35VUHPKVZVYNZMJP4AU0","A3GOPNJ8K1ZCWB","Submitted","Wed May 27 16:24:41 PDT 2020","Wed May 27 16:25:54 PDT 2020","Sat May 30 16:25:54 PDT 2020","","","","73","0% (0/0)","0% (0/0)","0% (0/0)","h7jxo5c90n5j9xub4666"
"3A3KKYU7P3HH3FHPMWZ01IJ1WZVMW9","34NBII25NZIOGJLGY73HHZ47TJY2JF","Reading a passage and responding to questions","You will read a short passage about a person, then answer questions related to the passage.","sentences, decisions, language","$0.40","Wed May 27 12:36:13 PDT 2020","352","BatchId:4055967;OriginalHitTemplateId:920937340;","7200","259200","Wed May 27 16:36:13 PDT 2020","","","3RGU30DZTA8XJFFK5ZLM0CLBWP6JM6","A3TWY6KO1F08X1","Submitted","Wed May 27 12:37:29 PDT 2020","Wed May 27 12:43:52 PDT 2020","Sat May 30 12:43:52 PDT 2020","","","","383","0% (0/0)","0% (0/0)","0% (0/0)","jkd626etsx4rahrk1lz4"
"3A3KKYU7P3HH3FHPMWZ01IJ1WZVMW9","34NBII25NZIOGJLGY73HHZ47TJY2JF","Reading a passage and responding to questions","You will read a short passage about a person, then answer questions related to the passage.","sentences, decisions, language","$0.40","Wed May 27 12:36:13 PDT 2020","352","BatchId:4055967;OriginalHitTemplateId:920937340;","7200","259200","Wed May 27 16:36:13 PDT 2020","","","3RJSC4XJ10US92TSRSUU15VTBMO056","A14X2Z6JIQH5G","Submitted","Wed May 27 14:22:29 PDT 2020","Wed May 27 14:31:42 PDT 2020","Sat May 30 14:31:42 PDT 2020","","","","553","100% (1/1)","100% (1/1)","100% (1/1)","g2sz2hvxdn9jel3f5hl7"
"3A3KKYU7P3HH3FHPMWZ01IJ1WZVMW9","34NBII25NZIOGJLGY73HHZ47TJY2JF","Reading a passage and responding to questions","You will read a short passage about a person, then answer questions related to the passage.","sentences, decisions, language","$0.40","Wed May 27 12:36:13 PDT 2020","352","BatchId:4055967;OriginalHitTemplateId:920937340;","7200","259200","Wed May 27 16:36:13 PDT 2020","","","3RSDURM96AMP2GI6A1Y6XRVQ0S5YE9","A4J0LQ8YELIXS","Submitted","Wed May 27 15:01:35 PDT 2020","Wed May 27 15:06:35 PDT 2020","Sat May 30 15:06:35 PDT 2020","","","","300","0% (0/0)","0% (0/0)","0% (0/0)","mo3r028q5jthpb6dcwr6"
"3A3KKYU7P3HH3FHPMWZ01IJ1WZVMW9","34NBII25NZIOGJLGY73HHZ47TJY2JF","Reading a passage and responding to questions","You will read a short passage about a person, then answer questions related to the passage.","sentences, decisions, language","$0.40","Wed May 27 12:36:13 PDT 2020","352","BatchId:4055967;OriginalHitTemplateId:920937340;","7200","259200","Wed May 27 16:36:13 PDT 2020","","","3RWE2M8QWHAWZRZYVSQGVMVF27H0NP","ASXRI4YKOURCZ","Submitted","Wed May 27 13:19:54 PDT 2020","Wed May 27 13:22:29 PDT 2020","Sat May 30 13:22:29 PDT 2020","","","","155","0% (0/0)","0% (0/0)","0% (0/0)","cxy7ku3mjymmng82o0a8"
"3A3KKYU7P3HH3FHPMWZ01IJ1WZVMW9","34NBII25NZIOGJLGY73HHZ47TJY2JF","Reading a passage and responding to questions","You will read a short passage about a person, then answer questions related to the passage.","sentences, decisions, language","$0.40","Wed May 27 12:36:13 PDT 2020","352","BatchId:4055967;OriginalHitTemplateId:920937340;","7200","259200","Wed May 27 16:36:13 PDT 2020","","","3S96KQ6I9M4OTO5C400NJSLQLD5TD3","A259BAVW85T0NT","Submitted","Wed May 27 12:36:50 PDT 2020","Wed May 27 12:41:38 PDT 2020","Sat May 30 12:41:38 PDT 2020","","","","288","0% (0/0)","0% (0/0)","0% (0/0)","1l36veays3bqqy678f2z"
"3A3KKYU7P3HH3FHPMWZ01IJ1WZVMW9","34NBII25NZIOGJLGY73HHZ47TJY2JF","Reading a passage and responding to questions","You will read a short passage about a person, then answer questions related to the passage.","sentences, decisions, language","$0.40","Wed May 27 12:36:13 PDT 2020","352","BatchId:4055967;OriginalHitTemplateId:920937340;","7200","259200","Wed May 27 16:36:13 PDT 2020","","","3T3IWE1XG6NIIX9H9M67JRSP4SVQT6","AZ8WW23R33U6I","Submitted","Wed May 27 12:43:59 PDT 2020","Wed May 27 12:52:01 PDT 2020","Sat May 30 12:52:01 PDT 2020","","","","482","0% (0/0)","0% (0/0)","0% (0/0)","0a0p4wpgs59g9fvzxuex"
"3A3KKYU7P3HH3FHPMWZ01IJ1WZVMW9","34NBII25NZIOGJLGY73HHZ47TJY2JF","Reading a passage and responding to questions","You will read a short passage about a person, then answer questions related to the passage.","sentences, decisions, language","$0.40","Wed May 27 12:36:13 PDT 2020","352","BatchId:4055967;OriginalHitTemplateId:920937340;","7200","259200","Wed May 27 16:36:13 PDT 2020","","","3TE22NPXPBCRC77TWOYM8GFSS2844K","A30KFZ037789F3","Submitted","Wed May 27 14:17:55 PDT 2020","Wed May 27 14:28:38 PDT 2020","Sat May 30 14:28:38 PDT 2020","","","","643","0% (0/0)","0% (0/0)","0% (0/0)","g8sjl7h896xxnx9jacze"
"3A3KKYU7P3HH3FHPMWZ01IJ1WZVMW9","34NBII25NZIOGJLGY73HHZ47TJY2JF","Reading a passage and responding to questions","You will read a short passage about a person, then answer questions related to the passage.","sentences, decisions, language","$0.40","Wed May 27 12:36:13 PDT 2020","352","BatchId:4055967;OriginalHitTemplateId:920937340;","7200","259200","Wed May 27 16:36:13 PDT 2020","","","3TXMY6UCAEO1WG76N0BHUHSLG7DQC7","A229QGCAVUXKL3","Submitted","Wed May 27 15:19:44 PDT 2020","Wed May 27 15:30:43 PDT 2020","Sat May 30 15:30:43 PDT 2020","","","","659","0% (0/0)","0% (0/0)","0% (0/0)","w41m3c7p86xamh7tr2w9"
"3A3KKYU7P3HH3FHPMWZ01IJ1WZVMW9","34NBII25NZIOGJLGY73HHZ47TJY2JF","Reading a passage and responding to questions","You will read a short passage about a person, then answer questions related to the passage.","sentences, decisions, language","$0.40","Wed May 27 12:36:13 PDT 2020","352","BatchId:4055967;OriginalHitTemplateId:920937340;","7200","259200","Wed May 27 16:36:13 PDT 2020","","","3V5Q80FXIXRWRX92SWAF5WQOUOC32Y","A2DP95A3RPQU9A","Submitted","Wed May 27 13:37:31 PDT 2020","Wed May 27 14:24:18 PDT 2020","Sat May 30 14:24:18 PDT 2020","","","","2807","0% (0/0)","0% (0/0)","0% (0/0)","5kfpjhwsyrwcf19uyw4r"
"3A3KKYU7P3HH3FHPMWZ01IJ1WZVMW9","34NBII25NZIOGJLGY73HHZ47TJY2JF","Reading a passage and responding to questions","You will read a short passage about a person, then answer questions related to the passage.","sentences, decisions, language","$0.40","Wed May 27 12:36:13 PDT 2020","352","BatchId:4055967;OriginalHitTemplateId:920937340;","7200","259200","Wed May 27 16:36:13 PDT 2020","","","3WMINLGALB39900PY4EV4HDGCOCAC3","A1OSESE6RG3NFB","Submitted","Wed May 27 13:00:28 PDT 2020","Wed May 27 13:06:01 PDT 2020","Sat May 30 13:06:01 PDT 2020","","","","333","0% (0/0)","0% (0/0)","0% (0/0)","x86pohh0udj9debg0908"
"3A3KKYU7P3HH3FHPMWZ01IJ1WZVMW9","34NBII25NZIOGJLGY73HHZ47TJY2JF","Reading a passage and responding to questions","You will read a short passage about a person, then answer questions related to the passage.","sentences, decisions, language","$0.40","Wed May 27 12:36:13 PDT 2020","352","BatchId:4055967;OriginalHitTemplateId:920937340;","7200","259200","Wed May 27 16:36:13 PDT 2020","","","3WSELTNVR32QVH20KQ9LTRDK0A9TA2","A90HAJSXGIXXZ","Submitted","Wed May 27 12:45:03 PDT 2020","Wed May 27 13:46:20 PDT 2020","Sat May 30 13:46:20 PDT 2020","","","","3677","0% (0/0)","0% (0/0)","0% (0/0)","a7nkpyerle8orpjowzf7"
"3A3KKYU7P3HH3FHPMWZ01IJ1WZVMW9","34NBII25NZIOGJLGY73HHZ47TJY2JF","Reading a passage and responding to questions","You will read a short passage about a person, then answer questions related to the passage.","sentences, decisions, language","$0.40","Wed May 27 12:36:13 PDT 2020","352","BatchId:4055967;OriginalHitTemplateId:920937340;","7200","259200","Wed May 27 16:36:13 PDT 2020","","","3WYP994K17RLP1PR4JF8L33DJT16YE","A1QHPTK8NV3IBQ","Submitted","Wed May 27 12:38:49 PDT 2020","Wed May 27 12:42:54 PDT 2020","Sat May 30 12:42:54 PDT 2020","","","","245","100% (1/1)","0% (0/0)","0% (0/0)","8hcvbcgwp25ryy624d35"
"3A3KKYU7P3HH3FHPMWZ01IJ1WZVMW9","34NBII25NZIOGJLGY73HHZ47TJY2JF","Reading a passage and responding to questions","You will read a short passage about a person, then answer questions related to the passage.","sentences, decisions, language","$0.40","Wed May 27 12:36:13 PDT 2020","352","BatchId:4055967;OriginalHitTemplateId:920937340;","7200","259200","Wed May 27 16:36:13 PDT 2020","","","3YDGXNSEOZUSV8UV8ROZPSVXUNS48D","A1PNYLOKED8FWF","Submitted","Wed May 27 12:38:41 PDT 2020","Wed May 27 12:48:13 PDT 2020","Sat May 30 12:48:13 PDT 2020","","","","572","0% (0/0)","0% (0/0)","0% (0/0)","x5cpphdg5h44kzr36vq2"
"3A3KKYU7P3HH3FHPMWZ01IJ1WZVMW9","34NBII25NZIOGJLGY73HHZ47TJY2JF","Reading a passage and responding to questions","You will read a short passage about a person, then answer questions related to the passage.","sentences, decisions, language","$0.40","Wed May 27 12:36:13 PDT 2020","352","BatchId:4055967;OriginalHitTemplateId:920937340;","7200","259200","Wed May 27 16:36:13 PDT 2020","","","3YHH42UU5BF6BRWDJFA1IURQXBC0LG","A1XF7T1WYZ1UXO","Submitted","Wed May 27 12:49:43 PDT 2020","Wed May 27 12:52:03 PDT 2020","Sat May 30 12:52:03 PDT 2020","","","","140","0% (0/0)","0% (0/0)","0% (0/0)","w0zztuxzxwaqtd8zlw2w"
"3A3KKYU7P3HH3FHPMWZ01IJ1WZVMW9","34NBII25NZIOGJLGY73HHZ47TJY2JF","Reading a passage and responding to questions","You will read a short passage about a person, then answer questions related to the passage.","sentences, decisions, language","$0.40","Wed May 27 12:36:13 PDT 2020","352","BatchId:4055967;OriginalHitTemplateId:920937340;","7200","259200","Wed May 27 16:36:13 PDT 2020","","","3YMTUJH0DSGBTSMJBPZUGORK81MT42","A2RX44E9BF01CF","Submitted","Wed May 27 13:54:16 PDT 2020","Wed May 27 14:05:55 PDT 2020","Sat May 30 14:05:55 PDT 2020","","","","699","0% (0/0)","0% (0/0)","0% (0/0)","cp9eccbnvhgyelmxa301"
"3A3KKYU7P3HH3FHPMWZ01IJ1WZVMW9","34NBII25NZIOGJLGY73HHZ47TJY2JF","Reading a passage and responding to questions","You will read a short passage about a person, then answer questions related to the passage.","sentences, decisions, language","$0.40","Wed May 27 12:36:13 PDT 2020","352","BatchId:4055967;OriginalHitTemplateId:920937340;","7200","259200","Wed May 27 16:36:13 PDT 2020","","","3YWRV122CSZRC6OANXFH2WTRT1O8UE","A20NJ4CST3KOTR","Submitted","Wed May 27 13:38:03 PDT 2020","Wed May 27 13:41:27 PDT 2020","Sat May 30 13:41:27 PDT 2020","","","","204","0% (0/0)","0% (0/0)","0% (0/0)","5zq6lf6su8pfyujteeum"
"3A3KKYU7P3HH3FHPMWZ01IJ1WZVMW9","34NBII25NZIOGJLGY73HHZ47TJY2JF","Reading a passage and responding to questions","You will read a short passage about a person, then answer questions related to the passage.","sentences, decisions, language","$0.40","Wed May 27 12:36:13 PDT 2020","352","BatchId:4055967;OriginalHitTemplateId:920937340;","7200","259200","Wed May 27 16:36:13 PDT 2020","","","3ZOTGHDK5IBEILJM599DKH13N83SOF","A2MJ0X6M3VSFVN","Submitted","Wed May 27 13:10:22 PDT 2020","Wed May 27 13:17:38 PDT 2020","Sat May 30 13:17:38 PDT 2020","","","","436","0% (0/0)","0% (0/0)","0% (0/0)","bryk4no3d6a006g32kv0"
"3A3KKYU7P3HH3FHPMWZ01IJ1WZVMW9","34NBII25NZIOGJLGY73HHZ47TJY2JF","Reading a passage and responding to questions","You will read a short passage about a person, then answer questions related to the passage.","sentences, decisions, language","$0.40","Wed May 27 12:36:13 PDT 2020","352","BatchId:4055967;OriginalHitTemplateId:920937340;","7200","259200","Wed May 27 16:36:13 PDT 2020","","","3ZOTGHDK5IBEILJM599DKH13N8YOS6","AKEMS83MHQJQO","Submitted","Wed May 27 12:38:03 PDT 2020","Wed May 27 12:40:53 PDT 2020","Sat May 30 12:40:53 PDT 2020","","","","170","0% (0/0)","0% (0/0)","0% (0/0)","uqpoc90u9bz6dm6vs21w"