"HITId","HITTypeId","Title","Description","Keywords","Reward","CreationTime","MaxAssignments","RequesterAnnotation","AssignmentDurationInSeconds","AutoApprovalDelayInSeconds","Expiration","NumberOfSimilarHITs","LifetimeInSeconds","AssignmentId","WorkerId","AssignmentStatus","AcceptTime","SubmitTime","AutoApprovalTime","ApprovalTime","RejectionTime","RequesterFeedback","WorkTimeInSeconds","LifetimeApprovalRate","Last30DaysApprovalRate","Last7DaysApprovalRate","Answer.surveycode","Approve","Reject"
"3P520RYKCH66347EZX3D2SNIPVC5UZ","34NBII25NZIOGJLGY73HHZ47TJY2JF","Reading a passage and responding to questions","You will read a short passage about a person, then answer questions related to the passage.","sentences, decisions, language","$0.40","Wed Jun 03 14:03:03 PDT 2020","352","BatchId:4065766;OriginalHitTemplateId:920937340;","7200","259200","Wed Jun 03 18:03:03 PDT 2020","","","3018Q3ZVOIQDF2P8G14QTCC2D73ARY","A1NCWY01WAAP2K","Submitted","Wed Jun 03 17:56:39 PDT 2020","Wed Jun 03 18:18:06 PDT 2020","Sat Jun 06 18:18:06 PDT 2020","","","","1287","0% (0/0)","0% (0/0)","0% (0/0)","uwx5nn39s0wsqd7sbuv2"
"3P520RYKCH66347EZX3D2SNIPVC5UZ","34NBII25NZIOGJLGY73HHZ47TJY2JF","Reading a passage and responding to questions","You will read a short passage about a person, then answer questions related to the passage.","sentences, decisions, language","$0.40","Wed Jun 03 14:03:03 PDT 2020","352","BatchId:4065766;OriginalHitTemplateId:920937340;","7200","259200","Wed Jun 03 18:03:03 PDT 2020","","","30JNVC0OR9KSDOIM9SPI58P1UGNHQB","A14R4LVM677HIN","Submitted","Wed Jun 03 16:48:00 PDT 2020","Wed Jun 03 17:13:12 PDT 2020","Sat Jun 06 17:13:12 PDT 2020","","","","1512","0% (0/0)","0% (0/0)","0% (0/0)","vvg29zee779n30z3bm8z"
"3P520RYKCH66347EZX3D2SNIPVC5UZ","34NBII25NZIOGJLGY73HHZ47TJY2JF","Reading a passage and responding to questions","You will read a short passage about a person, then answer questions related to the passage.","sentences, decisions, language","$0.40","Wed Jun 03 14:03:03 PDT 2020","352","BatchId:4065766;OriginalHitTemplateId:920937340;","7200","259200","Wed Jun 03 18:03:03 PDT 2020","","","30MVJZJNHMDICVWQGQHHVQFRX8I9JH","A171WYHYRYMYQZ","Submitted","Wed Jun 03 15:23:48 PDT 2020","Wed Jun 03 15:30:04 PDT 2020","Sat Jun 06 15:30:04 PDT 2020","","","","376","0% (0/0)","0% (0/0)","0% (0/0)","fju3fav5os4k2o3vyku3"
"3P520RYKCH66347EZX3D2SNIPVC5UZ","34NBII25NZIOGJLGY73HHZ47TJY2JF","Reading a passage and responding to questions","You will read a short passage about a person, then answer questions related to the passage.","sentences, decisions, language","$0.40","Wed Jun 03 14:03:03 PDT 2020","352","BatchId:4065766;OriginalHitTemplateId:920937340;","7200","259200","Wed Jun 03 18:03:03 PDT 2020","","","30MVJZJNHMDICVWQGQHHVQFRX8R9JQ","A26ZJGARWGVQ1G","Submitted","Wed Jun 03 17:52:17 PDT 2020","Wed Jun 03 17:58:50 PDT 2020","Sat Jun 06 17:58:50 PDT 2020","","","","393","0% (0/0)","0% (0/0)","0% (0/0)","20aha9cxy4s8bg2qzcua"
"3P520RYKCH66347EZX3D2SNIPVC5UZ","34NBII25NZIOGJLGY73HHZ47TJY2JF","Reading a passage and responding to questions","You will read a short passage about a person, then answer questions related to the passage.","sentences, decisions, language","$0.40","Wed Jun 03 14:03:03 PDT 2020","352","BatchId:4065766;OriginalHitTemplateId:920937340;","7200","259200","Wed Jun 03 18:03:03 PDT 2020","","","3137ONMDKG5PGPX6GVC0QROMWDCGEP","A35IT7B0ZR0EYM","Submitted","Wed Jun 03 14:15:39 PDT 2020","Wed Jun 03 14:32:23 PDT 2020","Sat Jun 06 14:32:23 PDT 2020","","","","1004","0% (0/0)","0% (0/0)","0% (0/0)","3wbh8ssr0r3p941vaxyh"
"3P520RYKCH66347EZX3D2SNIPVC5UZ","34NBII25NZIOGJLGY73HHZ47TJY2JF","Reading a passage and responding to questions","You will read a short passage about a person, then answer questions related to the passage.","sentences, decisions, language","$0.40","Wed Jun 03 14:03:03 PDT 2020","352","BatchId:4065766;OriginalHitTemplateId:920937340;","7200","259200","Wed Jun 03 18:03:03 PDT 2020","","","337RC3OW052M4SXTMCYQ3NHGSPDLVI","A2F0X4LN9N4O4C","Submitted","Wed Jun 03 17:17:52 PDT 2020","Wed Jun 03 17:23:14 PDT 2020","Sat Jun 06 17:23:14 PDT 2020","","","","322","100% (1/1)","0% (0/0)","0% (0/0)","ftfe9ny6dfwxg6dhqe8e"
"3P520RYKCH66347EZX3D2SNIPVC5UZ","34NBII25NZIOGJLGY73HHZ47TJY2JF","Reading a passage and responding to questions","You will read a short passage about a person, then answer questions related to the passage.","sentences, decisions, language","$0.40","Wed Jun 03 14:03:03 PDT 2020","352","BatchId:4065766;OriginalHitTemplateId:920937340;","7200","259200","Wed Jun 03 18:03:03 PDT 2020","","","33C7UALJVLYB39XCL95XRUOUJL081N","AQO2CSOLX1F7S","Submitted","Wed Jun 03 15:17:20 PDT 2020","Wed Jun 03 15:25:06 PDT 2020","Sat Jun 06 15:25:06 PDT 2020","","","","466","0% (0/0)","0% (0/0)","0% (0/0)","hwwmwp853ct245glxedp"
"3P520RYKCH66347EZX3D2SNIPVC5UZ","34NBII25NZIOGJLGY73HHZ47TJY2JF","Reading a passage and responding to questions","You will read a short passage about a person, then answer questions related to the passage.","sentences, decisions, language","$0.40","Wed Jun 03 14:03:03 PDT 2020","352","BatchId:4065766;OriginalHitTemplateId:920937340;","7200","259200","Wed Jun 03 18:03:03 PDT 2020","","","33CID57104T2SJVA22SKKSPX1583LR","A3E5NMR71GICX1","Submitted","Wed Jun 03 14:16:16 PDT 2020","Wed Jun 03 14:19:31 PDT 2020","Sat Jun 06 14:19:31 PDT 2020","","","","195","0% (0/0)","0% (0/0)","0% (0/0)","uxzgkpf2otkvv058pylz"
"3P520RYKCH66347EZX3D2SNIPVC5UZ","34NBII25NZIOGJLGY73HHZ47TJY2JF","Reading a passage and responding to questions","You will read a short passage about a person, then answer questions related to the passage.","sentences, decisions, language","$0.40","Wed Jun 03 14:03:03 PDT 2020","352","BatchId:4065766;OriginalHitTemplateId:920937340;","7200","259200","Wed Jun 03 18:03:03 PDT 2020","","","33JKGHPFYCUT2565KXDETJ2S6RQMNT","A30DX6XFHAAP5O","Submitted","Wed Jun 03 14:32:23 PDT 2020","Wed Jun 03 14:35:55 PDT 2020","Sat Jun 06 14:35:55 PDT 2020","","","","212","0% (0/0)","0% (0/0)","0% (0/0)","gur6rs64entxkwby6ff0"
"3P520RYKCH66347EZX3D2SNIPVC5UZ","34NBII25NZIOGJLGY73HHZ47TJY2JF","Reading a passage and responding to questions","You will read a short passage about a person, then answer questions related to the passage.","sentences, decisions, language","$0.40","Wed Jun 03 14:03:03 PDT 2020","352","BatchId:4065766;OriginalHitTemplateId:920937340;","7200","259200","Wed Jun 03 18:03:03 PDT 2020","","","33SA9F9TRXULDBN6V0GICUAAQ11WE3","A3ANNUHN1VSK8C","Submitted","Wed Jun 03 14:05:19 PDT 2020","Wed Jun 03 14:09:37 PDT 2020","Sat Jun 06 14:09:37 PDT 2020","","","","258","0% (0/0)","0% (0/0)","0% (0/0)","hvc5l0ebsoapc4czrulx"
"3P520RYKCH66347EZX3D2SNIPVC5UZ","34NBII25NZIOGJLGY73HHZ47TJY2JF","Reading a passage and responding to questions","You will read a short passage about a person, then answer questions related to the passage.","sentences, decisions, language","$0.40","Wed Jun 03 14:03:03 PDT 2020","352","BatchId:4065766;OriginalHitTemplateId:920937340;","7200","259200","Wed Jun 03 18:03:03 PDT 2020","","","34T446B1C0ED8N2762H2FB134KJ0CM","A377EFQLUFKN6X","Submitted","Wed Jun 03 16:19:06 PDT 2020","Wed Jun 03 16:24:14 PDT 2020","Sat Jun 06 16:24:14 PDT 2020","","","","308","0% (0/0)","0% (0/0)","0% (0/0)","hrqf0poy0leg0sk1fr03"
"3P520RYKCH66347EZX3D2SNIPVC5UZ","34NBII25NZIOGJLGY73HHZ47TJY2JF","Reading a passage and responding to questions","You will read a short passage about a person, then answer questions related to the passage.","sentences, decisions, language","$0.40","Wed Jun 03 14:03:03 PDT 2020","352","BatchId:4065766;OriginalHitTemplateId:920937340;","7200","259200","Wed Jun 03 18:03:03 PDT 2020","","","351SEKWQS0HKGTFSV3ZBXEQYSNXDMB","ABE5RMD4UKI7F","Submitted","Wed Jun 03 16:38:38 PDT 2020","Wed Jun 03 16:45:04 PDT 2020","Sat Jun 06 16:45:04 PDT 2020","","","","386","0% (0/0)","0% (0/0)","0% (0/0)","7y305a398xzu0vn56e12"
"3P520RYKCH66347EZX3D2SNIPVC5UZ","34NBII25NZIOGJLGY73HHZ47TJY2JF","Reading a passage and responding to questions","You will read a short passage about a person, then answer questions related to the passage.","sentences, decisions, language","$0.40","Wed Jun 03 14:03:03 PDT 2020","352","BatchId:4065766;OriginalHitTemplateId:920937340;","7200","259200","Wed Jun 03 18:03:03 PDT 2020","","","3570Y55XZPJNMUEXGWOUXUG2EPHGY4","A3F9YZ536HX5S4","Submitted","Wed Jun 03 14:16:32 PDT 2020","Wed Jun 03 14:24:28 PDT 2020","Sat Jun 06 14:24:28 PDT 2020","","","","476","0% (0/0)","0% (0/0)","0% (0/0)","rzjtwecxf7lheckrh6zm"
"3P520RYKCH66347EZX3D2SNIPVC5UZ","34NBII25NZIOGJLGY73HHZ47TJY2JF","Reading a passage and responding to questions","You will read a short passage about a person, then answer questions related to the passage.","sentences, decisions, language","$0.40","Wed Jun 03 14:03:03 PDT 2020","352","BatchId:4065766;OriginalHitTemplateId:920937340;","7200","259200","Wed Jun 03 18:03:03 PDT 2020","","","3570Y55XZPJNMUEXGWOUXUG2EPMYGR","A2PMRUQ3OMYZYV","Submitted","Wed Jun 03 15:34:29 PDT 2020","Wed Jun 03 15:38:27 PDT 2020","Sat Jun 06 15:38:27 PDT 2020","","","","238","0% (0/0)","0% (0/0)","0% (0/0)","mm2lqj2mh884r33a1two"
"3P520RYKCH66347EZX3D2SNIPVC5UZ","34NBII25NZIOGJLGY73HHZ47TJY2JF","Reading a passage and responding to questions","You will read a short passage about a person, then answer questions related to the passage.","sentences, decisions, language","$0.40","Wed Jun 03 14:03:03 PDT 2020","352","BatchId:4065766;OriginalHitTemplateId:920937340;","7200","259200","Wed Jun 03 18:03:03 PDT 2020","","","35GCEFQ6I5OMX8CEH3JTS70VGEFZ35","A2N4DD7IS7EI2D","Submitted","Wed Jun 03 14:07:18 PDT 2020","Wed Jun 03 14:48:40 PDT 2020","Sat Jun 06 14:48:40 PDT 2020","","","","2482","0% (0/0)","0% (0/0)","0% (0/0)","1yhlum509nuoqg6da635"
"3P520RYKCH66347EZX3D2SNIPVC5UZ","34NBII25NZIOGJLGY73HHZ47TJY2JF","Reading a passage and responding to questions","You will read a short passage about a person, then answer questions related to the passage.","sentences, decisions, language","$0.40","Wed Jun 03 14:03:03 PDT 2020","352","BatchId:4065766;OriginalHitTemplateId:920937340;","7200","259200","Wed Jun 03 18:03:03 PDT 2020","","","369J354OFDAL3A4RADT2E3W9FFW6G2","ACVXBOS4CZGVQ","Submitted","Wed Jun 03 16:06:49 PDT 2020","Wed Jun 03 16:11:15 PDT 2020","Sat Jun 06 16:11:15 PDT 2020","","","","266","0% (0/0)","0% (0/0)","0% (0/0)","7sennns1goyexryxrwsb"
"3P520RYKCH66347EZX3D2SNIPVC5UZ","34NBII25NZIOGJLGY73HHZ47TJY2JF","Reading a passage and responding to questions","You will read a short passage about a person, then answer questions related to the passage.","sentences, decisions, language","$0.40","Wed Jun 03 14:03:03 PDT 2020","352","BatchId:4065766;OriginalHitTemplateId:920937340;","7200","259200","Wed Jun 03 18:03:03 PDT 2020","","","37KGEN7NJ3QZQTFVSSIYEC1IBBBPPX","A3Q2NNL16NZS8N","Submitted","Wed Jun 03 16:49:12 PDT 2020","Wed Jun 03 16:53:36 PDT 2020","Sat Jun 06 16:53:36 PDT 2020","","","","264","0% (0/0)","0% (0/0)","0% (0/0)","g11lyf3knvjsfaughk8x"
"3P520RYKCH66347EZX3D2SNIPVC5UZ","34NBII25NZIOGJLGY73HHZ47TJY2JF","Reading a passage and responding to questions","You will read a short passage about a person, then answer questions related to the passage.","sentences, decisions, language","$0.40","Wed Jun 03 14:03:03 PDT 2020","352","BatchId:4065766;OriginalHitTemplateId:920937340;","7200","259200","Wed Jun 03 18:03:03 PDT 2020","","","37W3JXSD668JJG4XV1SCJX2Q8DDYWR","A1H0WXKV08SZC2","Submitted","Wed Jun 03 15:50:54 PDT 2020","Wed Jun 03 16:15:48 PDT 2020","Sat Jun 06 16:15:48 PDT 2020","","","","1494","0% (0/0)","0% (0/0)","0% (0/0)","y4xkesjk2qbeoofuy3og"
"3P520RYKCH66347EZX3D2SNIPVC5UZ","34NBII25NZIOGJLGY73HHZ47TJY2JF","Reading a passage and responding to questions","You will read a short passage about a person, then answer questions related to the passage.","sentences, decisions, language","$0.40","Wed Jun 03 14:03:03 PDT 2020","352","BatchId:4065766;OriginalHitTemplateId:920937340;","7200","259200","Wed Jun 03 18:03:03 PDT 2020","","","37XITHEISW918HM60F0HZ72QDA9RC2","AZTARBC3PPEML","Submitted","Wed Jun 03 14:04:32 PDT 2020","Wed Jun 03 14:19:18 PDT 2020","Sat Jun 06 14:19:18 PDT 2020","","","","886","0% (0/0)","0% (0/0)","0% (0/0)","uzmobz1f60wruvcjuu01"
"3P520RYKCH66347EZX3D2SNIPVC5UZ","34NBII25NZIOGJLGY73HHZ47TJY2JF","Reading a passage and responding to questions","You will read a short passage about a person, then answer questions related to the passage.","sentences, decisions, language","$0.40","Wed Jun 03 14:03:03 PDT 2020","352","BatchId:4065766;OriginalHitTemplateId:920937340;","7200","259200","Wed Jun 03 18:03:03 PDT 2020","","","38BQUHLA9W0BKQ6HLCDR882XW1UOM9","A17UH8YRRZHPZE","Submitted","Wed Jun 03 14:19:38 PDT 2020","Wed Jun 03 14:27:10 PDT 2020","Sat Jun 06 14:27:10 PDT 2020","","","","452","0% (0/0)","0% (0/0)","0% (0/0)","ya6rarp0mrqbyv5cbs2l"
"3P520RYKCH66347EZX3D2SNIPVC5UZ","34NBII25NZIOGJLGY73HHZ47TJY2JF","Reading a passage and responding to questions","You will read a short passage about a person, then answer questions related to the passage.","sentences, decisions, language","$0.40","Wed Jun 03 14:03:03 PDT 2020","352","BatchId:4065766;OriginalHitTemplateId:920937340;","7200","259200","Wed Jun 03 18:03:03 PDT 2020","","","3907X2AHF053YMEPQU7MIZTP018P2Z","A3BSR3BBFSYE6A","Submitted","Wed Jun 03 14:05:50 PDT 2020","Wed Jun 03 14:14:10 PDT 2020","Sat Jun 06 14:14:10 PDT 2020","","","","500","0% (0/0)","0% (0/0)","0% (0/0)","rm11cojy36qmopjy0m4o"
"3P520RYKCH66347EZX3D2SNIPVC5UZ","34NBII25NZIOGJLGY73HHZ47TJY2JF","Reading a passage and responding to questions","You will read a short passage about a person, then answer questions related to the passage.","sentences, decisions, language","$0.40","Wed Jun 03 14:03:03 PDT 2020","352","BatchId:4065766;OriginalHitTemplateId:920937340;","7200","259200","Wed Jun 03 18:03:03 PDT 2020","","","39KFRKBFINVBE7VV4F1223P45BBYOC","A2H9JCD02Q7KMO","Submitted","Wed Jun 03 15:00:10 PDT 2020","Wed Jun 03 15:14:34 PDT 2020","Sat Jun 06 15:14:34 PDT 2020","","","","864","0% (0/0)","0% (0/0)","0% (0/0)","z7ah5kb55vtt51lbl6rs"
"3P520RYKCH66347EZX3D2SNIPVC5UZ","34NBII25NZIOGJLGY73HHZ47TJY2JF","Reading a passage and responding to questions","You will read a short passage about a person, then answer questions related to the passage.","sentences, decisions, language","$0.40","Wed Jun 03 14:03:03 PDT 2020","352","BatchId:4065766;OriginalHitTemplateId:920937340;","7200","259200","Wed Jun 03 18:03:03 PDT 2020","","","3A0EX8ZRN8ORVD6M0AWGWJP5YCQYB6","A302KOFOYLD89A","Submitted","Wed Jun 03 14:39:16 PDT 2020","Wed Jun 03 14:47:09 PDT 2020","Sat Jun 06 14:47:09 PDT 2020","","","","473","0% (0/0)","0% (0/0)","0% (0/0)","hp6abchsuqmuho28nwof"
"3P520RYKCH66347EZX3D2SNIPVC5UZ","34NBII25NZIOGJLGY73HHZ47TJY2JF","Reading a passage and responding to questions","You will read a short passage about a person, then answer questions related to the passage.","sentences, decisions, language","$0.40","Wed Jun 03 14:03:03 PDT 2020","352","BatchId:4065766;OriginalHitTemplateId:920937340;","7200","259200","Wed Jun 03 18:03:03 PDT 2020","","","3A4NIXBJ76Z3E53K8KXZGRY31WVLMV","A3NQCQFCEMUSUO","Submitted","Wed Jun 03 15:38:23 PDT 2020","Wed Jun 03 15:47:16 PDT 2020","Sat Jun 06 15:47:16 PDT 2020","","","","533","0% (0/0)","0% (0/0)","0% (0/0)","nwg73s25rlc0kdvrv77e"
"3P520RYKCH66347EZX3D2SNIPVC5UZ","34NBII25NZIOGJLGY73HHZ47TJY2JF","Reading a passage and responding to questions","You will read a short passage about a person, then answer questions related to the passage.","sentences, decisions, language","$0.40","Wed Jun 03 14:03:03 PDT 2020","352","BatchId:4065766;OriginalHitTemplateId:920937340;","7200","259200","Wed Jun 03 18:03:03 PDT 2020","","","3A9AA95ATWMVXJXC8D9KG6W1KB3P54","A1VZSFHTU51JP0","Submitted","Wed Jun 03 14:57:52 PDT 2020","Wed Jun 03 15:16:06 PDT 2020","Sat Jun 06 15:16:06 PDT 2020","","","","1094","0% (0/0)","0% (0/0)","0% (0/0)","b6clwejmqx554vg61s30"
"3P520RYKCH66347EZX3D2SNIPVC5UZ","34NBII25NZIOGJLGY73HHZ47TJY2JF","Reading a passage and responding to questions","You will read a short passage about a person, then answer questions related to the passage.","sentences, decisions, language","$0.40","Wed Jun 03 14:03:03 PDT 2020","352","BatchId:4065766;OriginalHitTemplateId:920937340;","7200","259200","Wed Jun 03 18:03:03 PDT 2020","","","3AAJC4I4FGSXIME3KOBG8EHKCB1JZ1","A2TLTOOOOP48UQ","Submitted","Wed Jun 03 14:06:32 PDT 2020","Wed Jun 03 14:08:27 PDT 2020","Sat Jun 06 14:08:27 PDT 2020","","","","115","0% (0/0)","0% (0/0)","0% (0/0)","ylq9swed0zpqqsxduanv"
"3P520RYKCH66347EZX3D2SNIPVC5UZ","34NBII25NZIOGJLGY73HHZ47TJY2JF","Reading a passage and responding to questions","You will read a short passage about a person, then answer questions related to the passage.","sentences, decisions, language","$0.40","Wed Jun 03 14:03:03 PDT 2020","352","BatchId:4065766;OriginalHitTemplateId:920937340;","7200","259200","Wed Jun 03 18:03:03 PDT 2020","","","3AWETUDC92S1NBUX26QGWD2KZWOIZ0","A2M40723HAL87","Submitted","Wed Jun 03 16:58:38 PDT 2020","Wed Jun 03 17:05:20 PDT 2020","Sat Jun 06 17:05:20 PDT 2020","","","","402","0% (0/0)","0% (0/0)","0% (0/0)","pvcskej6u4p85ceuvzeb"
"3P520RYKCH66347EZX3D2SNIPVC5UZ","34NBII25NZIOGJLGY73HHZ47TJY2JF","Reading a passage and responding to questions","You will read a short passage about a person, then answer questions related to the passage.","sentences, decisions, language","$0.40","Wed Jun 03 14:03:03 PDT 2020","352","BatchId:4065766;OriginalHitTemplateId:920937340;","7200","259200","Wed Jun 03 18:03:03 PDT 2020","","","3BEFOD78W6T7GXWZ2SYIUAWSFAUM4X","AWMOZ4W8YV181","Submitted","Wed Jun 03 14:20:20 PDT 2020","Wed Jun 03 14:25:59 PDT 2020","Sat Jun 06 14:25:59 PDT 2020","","","","339","0% (0/0)","0% (0/0)","0% (0/0)","bl5h2u07cd3hmcoljajw"
"3P520RYKCH66347EZX3D2SNIPVC5UZ","34NBII25NZIOGJLGY73HHZ47TJY2JF","Reading a passage and responding to questions","You will read a short passage about a person, then answer questions related to the passage.","sentences, decisions, language","$0.40","Wed Jun 03 14:03:03 PDT 2020","352","BatchId:4065766;OriginalHitTemplateId:920937340;","7200","259200","Wed Jun 03 18:03:03 PDT 2020","","","3BQU611VFPKT6JJHUEQ46W1O13199H","A1VH4AYEU23M08","Submitted","Wed Jun 03 14:07:14 PDT 2020","Wed Jun 03 14:12:30 PDT 2020","Sat Jun 06 14:12:30 PDT 2020","","","","316","0% (0/0)","0% (0/0)","0% (0/0)","gpuye3o6swyjdcaorkte"
"3P520RYKCH66347EZX3D2SNIPVC5UZ","34NBII25NZIOGJLGY73HHZ47TJY2JF","Reading a passage and responding to questions","You will read a short passage about a person, then answer questions related to the passage.","sentences, decisions, language","$0.40","Wed Jun 03 14:03:03 PDT 2020","352","BatchId:4065766;OriginalHitTemplateId:920937340;","7200","259200","Wed Jun 03 18:03:03 PDT 2020","","","3CFJTT4SXTQI31ORJBYX5T9LP31I7Y","A1UJ2M1AKWMNLC","Submitted","Wed Jun 03 14:26:56 PDT 2020","Wed Jun 03 14:36:58 PDT 2020","Sat Jun 06 14:36:58 PDT 2020","","","","602","0% (0/0)","0% (0/0)","0% (0/0)","yqhbxdbxwoow3v3k9y2v"
"3P520RYKCH66347EZX3D2SNIPVC5UZ","34NBII25NZIOGJLGY73HHZ47TJY2JF","Reading a passage and responding to questions","You will read a short passage about a person, then answer questions related to the passage.","sentences, decisions, language","$0.40","Wed Jun 03 14:03:03 PDT 2020","352","BatchId:4065766;OriginalHitTemplateId:920937340;","7200","259200","Wed Jun 03 18:03:03 PDT 2020","","","3COPXFW7XBCYF2IFF0DQIVFJH17PKY","A1RJGNGW17TQ71","Submitted","Wed Jun 03 17:20:56 PDT 2020","Wed Jun 03 17:26:39 PDT 2020","Sat Jun 06 17:26:39 PDT 2020","","","","343","0% (0/0)","0% (0/0)","0% (0/0)","3z84vbnl59yesc4pj6oh"
"3P520RYKCH66347EZX3D2SNIPVC5UZ","34NBII25NZIOGJLGY73HHZ47TJY2JF","Reading a passage and responding to questions","You will read a short passage about a person, then answer questions related to the passage.","sentences, decisions, language","$0.40","Wed Jun 03 14:03:03 PDT 2020","352","BatchId:4065766;OriginalHitTemplateId:920937340;","7200","259200","Wed Jun 03 18:03:03 PDT 2020","","","3COPXFW7XBCYF2IFF0DQIVFJH1UPKL","A3ODW8D6QFMZYC","Submitted","Wed Jun 03 14:07:57 PDT 2020","Wed Jun 03 14:13:52 PDT 2020","Sat Jun 06 14:13:52 PDT 2020","","","","355","0% (0/0)","0% (0/0)","0% (0/0)","tnzphped22acleft48qk"
"3P520RYKCH66347EZX3D2SNIPVC5UZ","34NBII25NZIOGJLGY73HHZ47TJY2JF","Reading a passage and responding to questions","You will read a short passage about a person, then answer questions related to the passage.","sentences, decisions, language","$0.40","Wed Jun 03 14:03:03 PDT 2020","352","BatchId:4065766;OriginalHitTemplateId:920937340;","7200","259200","Wed Jun 03 18:03:03 PDT 2020","","","3CPLWGV3MOZEVLNBVO99OXW86SN9NL","AAKL8L5X64LWD","Submitted","Wed Jun 03 15:24:36 PDT 2020","Wed Jun 03 16:23:43 PDT 2020","Sat Jun 06 16:23:43 PDT 2020","","","","3547","0% (0/0)","0% (0/0)","0% (0/0)","1r14ydvw787stfwnlgjk"
"3P520RYKCH66347EZX3D2SNIPVC5UZ","34NBII25NZIOGJLGY73HHZ47TJY2JF","Reading a passage and responding to questions","You will read a short passage about a person, then answer questions related to the passage.","sentences, decisions, language","$0.40","Wed Jun 03 14:03:03 PDT 2020","352","BatchId:4065766;OriginalHitTemplateId:920937340;","7200","259200","Wed Jun 03 18:03:03 PDT 2020","","","3DQQ64TANGLPA2CW4EWT669E48AWPV","A1SSYN7TXMTJS4","Submitted","Wed Jun 03 15:44:19 PDT 2020","Wed Jun 03 15:49:12 PDT 2020","Sat Jun 06 15:49:12 PDT 2020","","","","293","0% (0/0)","0% (0/0)","0% (0/0)","y1c92muns2upcnygle49"
"3P520RYKCH66347EZX3D2SNIPVC5UZ","34NBII25NZIOGJLGY73HHZ47TJY2JF","Reading a passage and responding to questions","You will read a short passage about a person, then answer questions related to the passage.","sentences, decisions, language","$0.40","Wed Jun 03 14:03:03 PDT 2020","352","BatchId:4065766;OriginalHitTemplateId:920937340;","7200","259200","Wed Jun 03 18:03:03 PDT 2020","","","3DUZQ9U6SMO985SJ6LVRF9VBKJ9SVR","AKIYW277SZVE5","Submitted","Wed Jun 03 14:16:44 PDT 2020","Wed Jun 03 14:44:52 PDT 2020","Sat Jun 06 14:44:52 PDT 2020","","","","1688","0% (0/0)","0% (0/0)","0% (0/0)","poljk9nf12bh4d8154ao"
"3P520RYKCH66347EZX3D2SNIPVC5UZ","34NBII25NZIOGJLGY73HHZ47TJY2JF","Reading a passage and responding to questions","You will read a short passage about a person, then answer questions related to the passage.","sentences, decisions, language","$0.40","Wed Jun 03 14:03:03 PDT 2020","352","BatchId:4065766;OriginalHitTemplateId:920937340;","7200","259200","Wed Jun 03 18:03:03 PDT 2020","","","3DUZQ9U6SMO985SJ6LVRF9VBKJFSVX","A2VO8C41JJIQY9","Submitted","Wed Jun 03 15:49:33 PDT 2020","Wed Jun 03 15:55:02 PDT 2020","Sat Jun 06 15:55:02 PDT 2020","","","","329","0% (0/0)","0% (0/0)","0% (0/0)","a4pe2cla3hh9eckk9ep8"
"3P520RYKCH66347EZX3D2SNIPVC5UZ","34NBII25NZIOGJLGY73HHZ47TJY2JF","Reading a passage and responding to questions","You will read a short passage about a person, then answer questions related to the passage.","sentences, decisions, language","$0.40","Wed Jun 03 14:03:03 PDT 2020","352","BatchId:4065766;OriginalHitTemplateId:920937340;","7200","259200","Wed Jun 03 18:03:03 PDT 2020","","","3E13VNJ1NNV4SF9PUVHO4JI8MHCI1C","A1TDRCZQKN5LMW","Submitted","Wed Jun 03 17:23:27 PDT 2020","Wed Jun 03 17:27:38 PDT 2020","Sat Jun 06 17:27:38 PDT 2020","","","","251","0% (0/0)","0% (0/0)","0% (0/0)","u4sfrkrkmhbjjwf574rb"
"3P520RYKCH66347EZX3D2SNIPVC5UZ","34NBII25NZIOGJLGY73HHZ47TJY2JF","Reading a passage and responding to questions","You will read a short passage about a person, then answer questions related to the passage.","sentences, decisions, language","$0.40","Wed Jun 03 14:03:03 PDT 2020","352","BatchId:4065766;OriginalHitTemplateId:920937340;","7200","259200","Wed Jun 03 18:03:03 PDT 2020","","","3E1QT0TDFP9M3FTATGQ3JT5G0NJ8IN","A1CSJFRAS32VFJ","Submitted","Wed Jun 03 17:29:28 PDT 2020","Wed Jun 03 17:32:29 PDT 2020","Sat Jun 06 17:32:29 PDT 2020","","","","181","0% (0/0)","0% (0/0)","0% (0/0)","rakbdjmc14mdjepjknhb"
"3P520RYKCH66347EZX3D2SNIPVC5UZ","34NBII25NZIOGJLGY73HHZ47TJY2JF","Reading a passage and responding to questions","You will read a short passage about a person, then answer questions related to the passage.","sentences, decisions, language","$0.40","Wed Jun 03 14:03:03 PDT 2020","352","BatchId:4065766;OriginalHitTemplateId:920937340;","7200","259200","Wed Jun 03 18:03:03 PDT 2020","","","3E1QT0TDFP9M3FTATGQ3JT5G0NK8IO","AK7FDS2KRJZLA","Submitted","Wed Jun 03 17:47:45 PDT 2020","Wed Jun 03 17:49:54 PDT 2020","Sat Jun 06 17:49:54 PDT 2020","","","","129","0% (0/0)","0% (0/0)","0% (0/0)","gjyq5ppb3eeralgsvded"
"3P520RYKCH66347EZX3D2SNIPVC5UZ","34NBII25NZIOGJLGY73HHZ47TJY2JF","Reading a passage and responding to questions","You will read a short passage about a person, then answer questions related to the passage.","sentences, decisions, language","$0.40","Wed Jun 03 14:03:03 PDT 2020","352","BatchId:4065766;OriginalHitTemplateId:920937340;","7200","259200","Wed Jun 03 18:03:03 PDT 2020","","","3EA3QWIZ4IV51ZLYWE1YAP13E04TIX","A2D6EN08IXH55B","Submitted","Wed Jun 03 17:43:09 PDT 2020","Wed Jun 03 17:53:12 PDT 2020","Sat Jun 06 17:53:12 PDT 2020","","","","603","0% (0/0)","0% (0/0)","0% (0/0)","hm0x0cz40gwfrg2gd7vv"
"3P520RYKCH66347EZX3D2SNIPVC5UZ","34NBII25NZIOGJLGY73HHZ47TJY2JF","Reading a passage and responding to questions","You will read a short passage about a person, then answer questions related to the passage.","sentences, decisions, language","$0.40","Wed Jun 03 14:03:03 PDT 2020","352","BatchId:4065766;OriginalHitTemplateId:920937340;","7200","259200","Wed Jun 03 18:03:03 PDT 2020","","","3EO896NRAWV1WA54EWMYMQG3RFFJTL","A7O82NXM2PI12","Submitted","Wed Jun 03 14:05:34 PDT 2020","Wed Jun 03 15:16:57 PDT 2020","Sat Jun 06 15:16:57 PDT 2020","","","","4283","0% (0/0)","0% (0/0)","0% (0/0)","f2bxw6phhhpqn65avpdl"
"3P520RYKCH66347EZX3D2SNIPVC5UZ","34NBII25NZIOGJLGY73HHZ47TJY2JF","Reading a passage and responding to questions","You will read a short passage about a person, then answer questions related to the passage.","sentences, decisions, language","$0.40","Wed Jun 03 14:03:03 PDT 2020","352","BatchId:4065766;OriginalHitTemplateId:920937340;","7200","259200","Wed Jun 03 18:03:03 PDT 2020","","","3F6HPJW4JD0TIVBQ2GLHAT1LTYH2WD","AC9BR5OXALJAH","Submitted","Wed Jun 03 15:16:02 PDT 2020","Wed Jun 03 15:23:04 PDT 2020","Sat Jun 06 15:23:04 PDT 2020","","","","422","0% (0/0)","0% (0/0)","0% (0/0)","cpnv4ljsv5obpysxekro"
"3P520RYKCH66347EZX3D2SNIPVC5UZ","34NBII25NZIOGJLGY73HHZ47TJY2JF","Reading a passage and responding to questions","You will read a short passage about a person, then answer questions related to the passage.","sentences, decisions, language","$0.40","Wed Jun 03 14:03:03 PDT 2020","352","BatchId:4065766;OriginalHitTemplateId:920937340;","7200","259200","Wed Jun 03 18:03:03 PDT 2020","","","3FIJLY1B6U4NZGQ1EPMT2INE95DPFJ","A2ODEPSKNQJU1","Submitted","Wed Jun 03 14:07:11 PDT 2020","Wed Jun 03 14:11:25 PDT 2020","Sat Jun 06 14:11:25 PDT 2020","","","","254","0% (0/0)","0% (0/0)","0% (0/0)","829kwcy4dl1p2qah0rjz"
"3P520RYKCH66347EZX3D2SNIPVC5UZ","34NBII25NZIOGJLGY73HHZ47TJY2JF","Reading a passage and responding to questions","You will read a short passage about a person, then answer questions related to the passage.","sentences, decisions, language","$0.40","Wed Jun 03 14:03:03 PDT 2020","352","BatchId:4065766;OriginalHitTemplateId:920937340;","7200","259200","Wed Jun 03 18:03:03 PDT 2020","","","3GA6AFUKOOO06NCKBHDMS0WQKOD3HY","A2NO5OG22QRKBF","Submitted","Wed Jun 03 17:47:07 PDT 2020","Wed Jun 03 17:52:28 PDT 2020","Sat Jun 06 17:52:28 PDT 2020","","","","321","0% (0/0)","0% (0/0)","0% (0/0)","yeju5yntspkgq2yeyh40"
"3P520RYKCH66347EZX3D2SNIPVC5UZ","34NBII25NZIOGJLGY73HHZ47TJY2JF","Reading a passage and responding to questions","You will read a short passage about a person, then answer questions related to the passage.","sentences, decisions, language","$0.40","Wed Jun 03 14:03:03 PDT 2020","352","BatchId:4065766;OriginalHitTemplateId:920937340;","7200","259200","Wed Jun 03 18:03:03 PDT 2020","","","3GS6S824SQXP7H0JOZJ12H4J4TENWV","A2DWSKGD9RNKMJ","Submitted","Wed Jun 03 17:08:21 PDT 2020","Wed Jun 03 17:10:43 PDT 2020","Sat Jun 06 17:10:43 PDT 2020","","","","142","0% (0/0)","0% (0/0)","0% (0/0)","3az6b2o353sacpoya0x7"
"3P520RYKCH66347EZX3D2SNIPVC5UZ","34NBII25NZIOGJLGY73HHZ47TJY2JF","Reading a passage and responding to questions","You will read a short passage about a person, then answer questions related to the passage.","sentences, decisions, language","$0.40","Wed Jun 03 14:03:03 PDT 2020","352","BatchId:4065766;OriginalHitTemplateId:920937340;","7200","259200","Wed Jun 03 18:03:03 PDT 2020","","","3I0BTBYZAXLQBQ3C2UZRC2TM78Z0YS","A3F8K7ZV8AX8UR","Submitted","Wed Jun 03 15:51:03 PDT 2020","Wed Jun 03 15:54:16 PDT 2020","Sat Jun 06 15:54:16 PDT 2020","","","","193","0% (0/0)","0% (0/0)","0% (0/0)","0z41tz31bbaoh89nx7rf"
"3P520RYKCH66347EZX3D2SNIPVC5UZ","34NBII25NZIOGJLGY73HHZ47TJY2JF","Reading a passage and responding to questions","You will read a short passage about a person, then answer questions related to the passage.","sentences, decisions, language","$0.40","Wed Jun 03 14:03:03 PDT 2020","352","BatchId:4065766;OriginalHitTemplateId:920937340;","7200","259200","Wed Jun 03 18:03:03 PDT 2020","","","3IFS6Q0HJIJ4MZ8J7EW80K5HCHMSI3","ARX3TZLHCQ5ZA","Submitted","Wed Jun 03 16:36:33 PDT 2020","Wed Jun 03 16:43:11 PDT 2020","Sat Jun 06 16:43:11 PDT 2020","","","","398","0% (0/0)","0% (0/0)","0% (0/0)","5w8n92knhu9zwurrlo0a"
"3P520RYKCH66347EZX3D2SNIPVC5UZ","34NBII25NZIOGJLGY73HHZ47TJY2JF","Reading a passage and responding to questions","You will read a short passage about a person, then answer questions related to the passage.","sentences, decisions, language","$0.40","Wed Jun 03 14:03:03 PDT 2020","352","BatchId:4065766;OriginalHitTemplateId:920937340;","7200","259200","Wed Jun 03 18:03:03 PDT 2020","","","3IQ1VMJRYTK7B2TMMK442RC87LJA9X","A1E7NJ2NWSMM8E","Submitted","Wed Jun 03 14:09:56 PDT 2020","Wed Jun 03 14:39:33 PDT 2020","Sat Jun 06 14:39:33 PDT 2020","","","","1777","0% (0/0)","0% (0/0)","0% (0/0)","fj9kpr79qdel47duztzg"
"3P520RYKCH66347EZX3D2SNIPVC5UZ","34NBII25NZIOGJLGY73HHZ47TJY2JF","Reading a passage and responding to questions","You will read a short passage about a person, then answer questions related to the passage.","sentences, decisions, language","$0.40","Wed Jun 03 14:03:03 PDT 2020","352","BatchId:4065766;OriginalHitTemplateId:920937340;","7200","259200","Wed Jun 03 18:03:03 PDT 2020","","","3IQ1VMJRYTK7B2TMMK442RC87LLA9Z","A1LJIMI3IX9HT9","Submitted","Wed Jun 03 14:38:23 PDT 2020","Wed Jun 03 14:50:11 PDT 2020","Sat Jun 06 14:50:11 PDT 2020","","","","708","0% (0/0)","0% (0/0)","0% (0/0)","0oossv2b9h0fl9eryqu3"
"3P520RYKCH66347EZX3D2SNIPVC5UZ","34NBII25NZIOGJLGY73HHZ47TJY2JF","Reading a passage and responding to questions","You will read a short passage about a person, then answer questions related to the passage.","sentences, decisions, language","$0.40","Wed Jun 03 14:03:03 PDT 2020","352","BatchId:4065766;OriginalHitTemplateId:920937340;","7200","259200","Wed Jun 03 18:03:03 PDT 2020","","","3ITXP059PWJ0HASPPWH8CLKHPW1SJ5","A3VYB7XCCIKJM4","Submitted","Wed Jun 03 14:08:22 PDT 2020","Wed Jun 03 14:12:30 PDT 2020","Sat Jun 06 14:12:30 PDT 2020","","","","248","100% (1/1)","0% (0/0)","0% (0/0)","svzw9bxjodfd9mglcs59"
"3P520RYKCH66347EZX3D2SNIPVC5UZ","34NBII25NZIOGJLGY73HHZ47TJY2JF","Reading a passage and responding to questions","You will read a short passage about a person, then answer questions related to the passage.","sentences, decisions, language","$0.40","Wed Jun 03 14:03:03 PDT 2020","352","BatchId:4065766;OriginalHitTemplateId:920937340;","7200","259200","Wed Jun 03 18:03:03 PDT 2020","","","3JBT3HLQF82T4XH1F1G05A3WLADZPN","ANHO9HHSFG9Z0","Submitted","Wed Jun 03 15:28:04 PDT 2020","Wed Jun 03 15:33:36 PDT 2020","Sat Jun 06 15:33:36 PDT 2020","","","","332","0% (0/0)","0% (0/0)","0% (0/0)","n3kaj18pbyvzlnz57tv3"
"3P520RYKCH66347EZX3D2SNIPVC5UZ","34NBII25NZIOGJLGY73HHZ47TJY2JF","Reading a passage and responding to questions","You will read a short passage about a person, then answer questions related to the passage.","sentences, decisions, language","$0.40","Wed Jun 03 14:03:03 PDT 2020","352","BatchId:4065766;OriginalHitTemplateId:920937340;","7200","259200","Wed Jun 03 18:03:03 PDT 2020","","","3KB8R4ZV1E7R9MLM64AAPJI1TG5BGQ","A1HXNQHGJMU8K4","Submitted","Wed Jun 03 15:38:56 PDT 2020","Wed Jun 03 15:45:12 PDT 2020","Sat Jun 06 15:45:12 PDT 2020","","","","376","0% (0/0)","0% (0/0)","0% (0/0)","ko02mp5n2pa071qalxos"
"3P520RYKCH66347EZX3D2SNIPVC5UZ","34NBII25NZIOGJLGY73HHZ47TJY2JF","Reading a passage and responding to questions","You will read a short passage about a person, then answer questions related to the passage.","sentences, decisions, language","$0.40","Wed Jun 03 14:03:03 PDT 2020","352","BatchId:4065766;OriginalHitTemplateId:920937340;","7200","259200","Wed Jun 03 18:03:03 PDT 2020","","","3L2IS5HSFAICFDBETZ40KTJMJDRNUK","A3LUVYHH8X5PGE","Submitted","Wed Jun 03 14:03:48 PDT 2020","Wed Jun 03 14:15:53 PDT 2020","Sat Jun 06 14:15:53 PDT 2020","","","","725","0% (0/0)","0% (0/0)","0% (0/0)","zepvuucvmadnpqndqc3o"
"3P520RYKCH66347EZX3D2SNIPVC5UZ","34NBII25NZIOGJLGY73HHZ47TJY2JF","Reading a passage and responding to questions","You will read a short passage about a person, then answer questions related to the passage.","sentences, decisions, language","$0.40","Wed Jun 03 14:03:03 PDT 2020","352","BatchId:4065766;OriginalHitTemplateId:920937340;","7200","259200","Wed Jun 03 18:03:03 PDT 2020","","","3L70J4KAZGMJES63Y096ONVYY6YADE","A23JEF4MBDZWTC","Submitted","Wed Jun 03 14:10:35 PDT 2020","Wed Jun 03 14:12:25 PDT 2020","Sat Jun 06 14:12:25 PDT 2020","","","","110","0% (0/0)","0% (0/0)","0% (0/0)","kg55ksqsnpcrepf65d3k"
"3P520RYKCH66347EZX3D2SNIPVC5UZ","34NBII25NZIOGJLGY73HHZ47TJY2JF","Reading a passage and responding to questions","You will read a short passage about a person, then answer questions related to the passage.","sentences, decisions, language","$0.40","Wed Jun 03 14:03:03 PDT 2020","352","BatchId:4065766;OriginalHitTemplateId:920937340;","7200","259200","Wed Jun 03 18:03:03 PDT 2020","","","3LPW2N6LKT28PO58PZ8EQCJ0SST5UE","A34YH7JBMRSKOT","Submitted","Wed Jun 03 14:26:32 PDT 2020","Wed Jun 03 14:32:33 PDT 2020","Sat Jun 06 14:32:33 PDT 2020","","","","361","0% (0/0)","0% (0/0)","0% (0/0)","3fpjay09whjk9tpo5zvn"
"3P520RYKCH66347EZX3D2SNIPVC5UZ","34NBII25NZIOGJLGY73HHZ47TJY2JF","Reading a passage and responding to questions","You will read a short passage about a person, then answer questions related to the passage.","sentences, decisions, language","$0.40","Wed Jun 03 14:03:03 PDT 2020","352","BatchId:4065766;OriginalHitTemplateId:920937340;","7200","259200","Wed Jun 03 18:03:03 PDT 2020","","","3LRLIPTPEQ9RSYCDQHVTS0QOIFWAKS","A1G19NCNAA2GV9","Submitted","Wed Jun 03 14:26:33 PDT 2020","Wed Jun 03 14:31:22 PDT 2020","Sat Jun 06 14:31:22 PDT 2020","","","","289","0% (0/0)","0% (0/0)","0% (0/0)","4nr7wl9xcgsdvm1l7rdy"
"3P520RYKCH66347EZX3D2SNIPVC5UZ","34NBII25NZIOGJLGY73HHZ47TJY2JF","Reading a passage and responding to questions","You will read a short passage about a person, then answer questions related to the passage.","sentences, decisions, language","$0.40","Wed Jun 03 14:03:03 PDT 2020","352","BatchId:4065766;OriginalHitTemplateId:920937340;","7200","259200","Wed Jun 03 18:03:03 PDT 2020","","","3LS2AMNW5FQ25549D5K8PHM262SQOZ","A1NSHNH3MNFRGW","Submitted","Wed Jun 03 14:33:09 PDT 2020","Wed Jun 03 14:39:47 PDT 2020","Sat Jun 06 14:39:47 PDT 2020","","","","398","100% (1/1)","0% (0/0)","0% (0/0)","6n1y878m4bvd4of2jtud"
"3P520RYKCH66347EZX3D2SNIPVC5UZ","34NBII25NZIOGJLGY73HHZ47TJY2JF","Reading a passage and responding to questions","You will read a short passage about a person, then answer questions related to the passage.","sentences, decisions, language","$0.40","Wed Jun 03 14:03:03 PDT 2020","352","BatchId:4065766;OriginalHitTemplateId:920937340;","7200","259200","Wed Jun 03 18:03:03 PDT 2020","","","3LWJHTCVCCM8ZSRGE21I2NDOE10QFC","A1SW9P5EBQKQGV","Submitted","Wed Jun 03 14:16:08 PDT 2020","Wed Jun 03 14:21:13 PDT 2020","Sat Jun 06 14:21:13 PDT 2020","","","","305","0% (0/0)","0% (0/0)","0% (0/0)","hy4qex0twsyer4dm8g43"
"3P520RYKCH66347EZX3D2SNIPVC5UZ","34NBII25NZIOGJLGY73HHZ47TJY2JF","Reading a passage and responding to questions","You will read a short passage about a person, then answer questions related to the passage.","sentences, decisions, language","$0.40","Wed Jun 03 14:03:03 PDT 2020","352","BatchId:4065766;OriginalHitTemplateId:920937340;","7200","259200","Wed Jun 03 18:03:03 PDT 2020","","","3M0NZ3JDP1YPBNZIVM7M74YFUA95Z4","A22TMPG5BKMB9P","Submitted","Wed Jun 03 14:42:55 PDT 2020","Wed Jun 03 14:48:42 PDT 2020","Sat Jun 06 14:48:42 PDT 2020","","","","347","0% (0/0)","0% (0/0)","0% (0/0)","8uhlzta720030dbm6721"
"3P520RYKCH66347EZX3D2SNIPVC5UZ","34NBII25NZIOGJLGY73HHZ47TJY2JF","Reading a passage and responding to questions","You will read a short passage about a person, then answer questions related to the passage.","sentences, decisions, language","$0.40","Wed Jun 03 14:03:03 PDT 2020","352","BatchId:4065766;OriginalHitTemplateId:920937340;","7200","259200","Wed Jun 03 18:03:03 PDT 2020","","","3MD9PLUKKIET1C5OZM381LY1LV6NZ9","AH7Z8W2MDYCEI","Submitted","Wed Jun 03 14:04:11 PDT 2020","Wed Jun 03 14:08:53 PDT 2020","Sat Jun 06 14:08:53 PDT 2020","","","","282","0% (0/0)","0% (0/0)","0% (0/0)","n51659vypp5c6czy53ba"
"3P520RYKCH66347EZX3D2SNIPVC5UZ","34NBII25NZIOGJLGY73HHZ47TJY2JF","Reading a passage and responding to questions","You will read a short passage about a person, then answer questions related to the passage.","sentences, decisions, language","$0.40","Wed Jun 03 14:03:03 PDT 2020","352","BatchId:4065766;OriginalHitTemplateId:920937340;","7200","259200","Wed Jun 03 18:03:03 PDT 2020","","","3NC5L260MOM5EGE0ZP9EDIIOZ0JOF3","A2OEK75DGI4PW2","Submitted","Wed Jun 03 14:34:11 PDT 2020","Wed Jun 03 14:41:56 PDT 2020","Sat Jun 06 14:41:56 PDT 2020","","","","465","0% (0/0)","0% (0/0)","0% (0/0)","j6l97u0ya7jv00gt08lk"
"3P520RYKCH66347EZX3D2SNIPVC5UZ","34NBII25NZIOGJLGY73HHZ47TJY2JF","Reading a passage and responding to questions","You will read a short passage about a person, then answer questions related to the passage.","sentences, decisions, language","$0.40","Wed Jun 03 14:03:03 PDT 2020","352","BatchId:4065766;OriginalHitTemplateId:920937340;","7200","259200","Wed Jun 03 18:03:03 PDT 2020","","","3ND9UOO81K2ZJHXYCM3MPP0UZYFLWS","A385OM9SMYLBWC","Submitted","Wed Jun 03 17:17:37 PDT 2020","Wed Jun 03 17:24:03 PDT 2020","Sat Jun 06 17:24:03 PDT 2020","","","","386","0% (0/0)","0% (0/0)","0% (0/0)","64hw0jl9ys1tl37x918l"
"3P520RYKCH66347EZX3D2SNIPVC5UZ","34NBII25NZIOGJLGY73HHZ47TJY2JF","Reading a passage and responding to questions","You will read a short passage about a person, then answer questions related to the passage.","sentences, decisions, language","$0.40","Wed Jun 03 14:03:03 PDT 2020","352","BatchId:4065766;OriginalHitTemplateId:920937340;","7200","259200","Wed Jun 03 18:03:03 PDT 2020","","","3O6CYIULED1227KSL0VNGCWDCP4WUT","A2TLZGRKWECOE5","Submitted","Wed Jun 03 16:14:14 PDT 2020","Wed Jun 03 16:22:29 PDT 2020","Sat Jun 06 16:22:29 PDT 2020","","","","495","0% (0/0)","0% (0/0)","0% (0/0)","3wfpmytxwo5mmnm4r7t1"
"3P520RYKCH66347EZX3D2SNIPVC5UZ","34NBII25NZIOGJLGY73HHZ47TJY2JF","Reading a passage and responding to questions","You will read a short passage about a person, then answer questions related to the passage.","sentences, decisions, language","$0.40","Wed Jun 03 14:03:03 PDT 2020","352","BatchId:4065766;OriginalHitTemplateId:920937340;","7200","259200","Wed Jun 03 18:03:03 PDT 2020","","","3OLF68YTN91GCCKZP64WCNYJAJFFAV","A3EKKEZ21SGJEC","Submitted","Wed Jun 03 14:25:51 PDT 2020","Wed Jun 03 14:31:09 PDT 2020","Sat Jun 06 14:31:09 PDT 2020","","","","318","0% (0/0)","0% (0/0)","0% (0/0)","hfpgq7j4g2fo2vk50e07"
"3P520RYKCH66347EZX3D2SNIPVC5UZ","34NBII25NZIOGJLGY73HHZ47TJY2JF","Reading a passage and responding to questions","You will read a short passage about a person, then answer questions related to the passage.","sentences, decisions, language","$0.40","Wed Jun 03 14:03:03 PDT 2020","352","BatchId:4065766;OriginalHitTemplateId:920937340;","7200","259200","Wed Jun 03 18:03:03 PDT 2020","","","3OONKJ5DKCJF1Z2KUNNIUSR3K2UBOB","A4UI0OJVJ2UT8","Submitted","Wed Jun 03 15:06:10 PDT 2020","Wed Jun 03 15:11:20 PDT 2020","Sat Jun 06 15:11:20 PDT 2020","","","","310","0% (0/0)","0% (0/0)","0% (0/0)","684onmw461cfo3vla9rh"
"3P520RYKCH66347EZX3D2SNIPVC5UZ","34NBII25NZIOGJLGY73HHZ47TJY2JF","Reading a passage and responding to questions","You will read a short passage about a person, then answer questions related to the passage.","sentences, decisions, language","$0.40","Wed Jun 03 14:03:03 PDT 2020","352","BatchId:4065766;OriginalHitTemplateId:920937340;","7200","259200","Wed Jun 03 18:03:03 PDT 2020","","","3OVHNO1VE61KF0EBASP55GM77R7ZD6","A39FJ7RWX4B9JZ","Submitted","Wed Jun 03 14:47:28 PDT 2020","Wed Jun 03 14:55:37 PDT 2020","Sat Jun 06 14:55:37 PDT 2020","","","","489","0% (0/0)","0% (0/0)","0% (0/0)","04rw95p3qy9levtzgqhw"
"3P520RYKCH66347EZX3D2SNIPVC5UZ","34NBII25NZIOGJLGY73HHZ47TJY2JF","Reading a passage and responding to questions","You will read a short passage about a person, then answer questions related to the passage.","sentences, decisions, language","$0.40","Wed Jun 03 14:03:03 PDT 2020","352","BatchId:4065766;OriginalHitTemplateId:920937340;","7200","259200","Wed Jun 03 18:03:03 PDT 2020","","","3QJOXOW4XJRP8ZTSRYAV3W8JSZ2EM9","A2O7HACW83WJK9","Submitted","Wed Jun 03 17:53:55 PDT 2020","Wed Jun 03 18:00:38 PDT 2020","Sat Jun 06 18:00:38 PDT 2020","","","","403","0% (0/0)","0% (0/0)","0% (0/0)","ywkylw2eehw94x4n3bj5"
"3P520RYKCH66347EZX3D2SNIPVC5UZ","34NBII25NZIOGJLGY73HHZ47TJY2JF","Reading a passage and responding to questions","You will read a short passage about a person, then answer questions related to the passage.","sentences, decisions, language","$0.40","Wed Jun 03 14:03:03 PDT 2020","352","BatchId:4065766;OriginalHitTemplateId:920937340;","7200","259200","Wed Jun 03 18:03:03 PDT 2020","","","3QRYMNZ7FYHXF0WPTUEQFXXK0ZTNT2","AR71NXS6I743E","Submitted","Wed Jun 03 16:19:02 PDT 2020","Wed Jun 03 16:25:05 PDT 2020","Sat Jun 06 16:25:05 PDT 2020","","","","363","0% (0/0)","0% (0/0)","0% (0/0)","5h9mx48y988akp1xssvo"
"3P520RYKCH66347EZX3D2SNIPVC5UZ","34NBII25NZIOGJLGY73HHZ47TJY2JF","Reading a passage and responding to questions","You will read a short passage about a person, then answer questions related to the passage.","sentences, decisions, language","$0.40","Wed Jun 03 14:03:03 PDT 2020","352","BatchId:4065766;OriginalHitTemplateId:920937340;","7200","259200","Wed Jun 03 18:03:03 PDT 2020","","","3QUO65DNQUOUXYBQUE4DZIJR9NYOU2","A1MP4V8PQ1FFOE","Submitted","Wed Jun 03 14:35:29 PDT 2020","Wed Jun 03 14:38:50 PDT 2020","Sat Jun 06 14:38:50 PDT 2020","","","","201","0% (0/0)","0% (0/0)","0% (0/0)","vw2edhquomden27uc00p"
"3P520RYKCH66347EZX3D2SNIPVC5UZ","34NBII25NZIOGJLGY73HHZ47TJY2JF","Reading a passage and responding to questions","You will read a short passage about a person, then answer questions related to the passage.","sentences, decisions, language","$0.40","Wed Jun 03 14:03:03 PDT 2020","352","BatchId:4065766;OriginalHitTemplateId:920937340;","7200","259200","Wed Jun 03 18:03:03 PDT 2020","","","3R9WASFE2ZGHDKS71YKVTGPSJ4UFZ4","A3JCMVMH9UQW88","Submitted","Wed Jun 03 16:25:00 PDT 2020","Wed Jun 03 16:29:10 PDT 2020","Sat Jun 06 16:29:10 PDT 2020","","","","250","0% (0/0)","0% (0/0)","0% (0/0)","oxrl99dv46gg8xnznl3c"
"3P520RYKCH66347EZX3D2SNIPVC5UZ","34NBII25NZIOGJLGY73HHZ47TJY2JF","Reading a passage and responding to questions","You will read a short passage about a person, then answer questions related to the passage.","sentences, decisions, language","$0.40","Wed Jun 03 14:03:03 PDT 2020","352","BatchId:4065766;OriginalHitTemplateId:920937340;","7200","259200","Wed Jun 03 18:03:03 PDT 2020","","","3RRCEFRB7MCBX6S2B389GULY3BQB4X","A3ET6NWQH4NNDG","Submitted","Wed Jun 03 14:14:06 PDT 2020","Wed Jun 03 14:56:06 PDT 2020","Sat Jun 06 14:56:06 PDT 2020","","","","2520","0% (0/0)","0% (0/0)","0% (0/0)","7oezddn8bqb214bfqze3"
"3P520RYKCH66347EZX3D2SNIPVC5UZ","34NBII25NZIOGJLGY73HHZ47TJY2JF","Reading a passage and responding to questions","You will read a short passage about a person, then answer questions related to the passage.","sentences, decisions, language","$0.40","Wed Jun 03 14:03:03 PDT 2020","352","BatchId:4065766;OriginalHitTemplateId:920937340;","7200","259200","Wed Jun 03 18:03:03 PDT 2020","","","3S06PH7KSR4NK4T32HGDDM2VUCUD1V","A31UXXZVI3U4E2","Submitted","Wed Jun 03 14:41:51 PDT 2020","Wed Jun 03 14:45:40 PDT 2020","Sat Jun 06 14:45:40 PDT 2020","","","","229","0% (0/0)","0% (0/0)","0% (0/0)","n1qyn808pm5rftn8cyqq"
"3P520RYKCH66347EZX3D2SNIPVC5UZ","34NBII25NZIOGJLGY73HHZ47TJY2JF","Reading a passage and responding to questions","You will read a short passage about a person, then answer questions related to the passage.","sentences, decisions, language","$0.40","Wed Jun 03 14:03:03 PDT 2020","352","BatchId:4065766;OriginalHitTemplateId:920937340;","7200","259200","Wed Jun 03 18:03:03 PDT 2020","","","3TR2532VIPUVUCUSIJE5BGOP7756JY","A2KDYSLV030FVX","Submitted","Wed Jun 03 14:06:15 PDT 2020","Wed Jun 03 14:11:54 PDT 2020","Sat Jun 06 14:11:54 PDT 2020","","","","339","0% (0/0)","0% (0/0)","0% (0/0)","03sg8voqawnb8yygb3pf"
"3P520RYKCH66347EZX3D2SNIPVC5UZ","34NBII25NZIOGJLGY73HHZ47TJY2JF","Reading a passage and responding to questions","You will read a short passage about a person, then answer questions related to the passage.","sentences, decisions, language","$0.40","Wed Jun 03 14:03:03 PDT 2020","352","BatchId:4065766;OriginalHitTemplateId:920937340;","7200","259200","Wed Jun 03 18:03:03 PDT 2020","","","3VA45EW49NNEO1KSSQUTOGEUYQ51OK","A375EB8CS5JPNU","Submitted","Wed Jun 03 15:27:27 PDT 2020","Wed Jun 03 15:31:50 PDT 2020","Sat Jun 06 15:31:50 PDT 2020","","","","263","0% (0/0)","0% (0/0)","0% (0/0)","029wuee3qah7fbew3gxq"
"3P520RYKCH66347EZX3D2SNIPVC5UZ","34NBII25NZIOGJLGY73HHZ47TJY2JF","Reading a passage and responding to questions","You will read a short passage about a person, then answer questions related to the passage.","sentences, decisions, language","$0.40","Wed Jun 03 14:03:03 PDT 2020","352","BatchId:4065766;OriginalHitTemplateId:920937340;","7200","259200","Wed Jun 03 18:03:03 PDT 2020","","","3VELCLL3GKJKIO7ZTNB31M5G6P91FT","A2HUDVW19CHD8J","Submitted","Wed Jun 03 14:19:54 PDT 2020","Wed Jun 03 14:23:36 PDT 2020","Sat Jun 06 14:23:36 PDT 2020","","","","222","0% (0/0)","0% (0/0)","0% (0/0)","l51epqwgmk541lxzupo5"
"3P520RYKCH66347EZX3D2SNIPVC5UZ","34NBII25NZIOGJLGY73HHZ47TJY2JF","Reading a passage and responding to questions","You will read a short passage about a person, then answer questions related to the passage.","sentences, decisions, language","$0.40","Wed Jun 03 14:03:03 PDT 2020","352","BatchId:4065766;OriginalHitTemplateId:920937340;","7200","259200","Wed Jun 03 18:03:03 PDT 2020","","","3VSOLARPKB97RHU1D5PUFJY21BT39W","A1O57XVTTB1PNZ","Submitted","Wed Jun 03 14:41:07 PDT 2020","Wed Jun 03 14:49:08 PDT 2020","Sat Jun 06 14:49:08 PDT 2020","","","","481","0% (0/0)","0% (0/0)","0% (0/0)","94gv8p8e0mbbjs1rw3tf"
"3P520RYKCH66347EZX3D2SNIPVC5UZ","34NBII25NZIOGJLGY73HHZ47TJY2JF","Reading a passage and responding to questions","You will read a short passage about a person, then answer questions related to the passage.","sentences, decisions, language","$0.40","Wed Jun 03 14:03:03 PDT 2020","352","BatchId:4065766;OriginalHitTemplateId:920937340;","7200","259200","Wed Jun 03 18:03:03 PDT 2020","","","3Z4XG4ZF48RJTAI5S2Q4M3SVO09X8Y","A1AZLJ3R5FQ9B7","Submitted","Wed Jun 03 14:07:55 PDT 2020","Wed Jun 03 14:12:57 PDT 2020","Sat Jun 06 14:12:57 PDT 2020","","","","302","0% (0/0)","0% (0/0)","0% (0/0)","7m2d3532dphto4opj25z"
"3P520RYKCH66347EZX3D2SNIPVC5UZ","34NBII25NZIOGJLGY73HHZ47TJY2JF","Reading a passage and responding to questions","You will read a short passage about a person, then answer questions related to the passage.","sentences, decisions, language","$0.40","Wed Jun 03 14:03:03 PDT 2020","352","BatchId:4065766;OriginalHitTemplateId:920937340;","7200","259200","Wed Jun 03 18:03:03 PDT 2020","","","3Z4XG4ZF48RJTAI5S2Q4M3SVO0AX8Z","A27L7NE1J1WQDH","Submitted","Wed Jun 03 14:22:04 PDT 2020","Wed Jun 03 14:29:26 PDT 2020","Sat Jun 06 14:29:26 PDT 2020","","","","442","0% (0/0)","0% (0/0)","0% (0/0)","t6rxjyg1poersfat4xks"
"3P520RYKCH66347EZX3D2SNIPVC5UZ","34NBII25NZIOGJLGY73HHZ47TJY2JF","Reading a passage and responding to questions","You will read a short passage about a person, then answer questions related to the passage.","sentences, decisions, language","$0.40","Wed Jun 03 14:03:03 PDT 2020","352","BatchId:4065766;OriginalHitTemplateId:920937340;","7200","259200","Wed Jun 03 18:03:03 PDT 2020","","","3Z7ISHFUH0V8Y5IKTKEPJO86W0M8ZL","A2K99X0CHP1J58","Submitted","Wed Jun 03 17:50:01 PDT 2020","Wed Jun 03 18:02:32 PDT 2020","Sat Jun 06 18:02:32 PDT 2020","","","","751","0% (0/0)","0% (0/0)","0% (0/0)","a70gl42raftramnvmzh6"
"3P520RYKCH66347EZX3D2SNIPVC5UZ","34NBII25NZIOGJLGY73HHZ47TJY2JF","Reading a passage and responding to questions","You will read a short passage about a person, then answer questions related to the passage.","sentences, decisions, language","$0.40","Wed Jun 03 14:03:03 PDT 2020","352","BatchId:4065766;OriginalHitTemplateId:920937340;","7200","259200","Wed Jun 03 18:03:03 PDT 2020","","","3Z9WI9EOZZO62LKRWN5L9MDSVASKHJ","A2JKMA3F5B86OU","Submitted","Wed Jun 03 15:58:18 PDT 2020","Wed Jun 03 16:07:01 PDT 2020","Sat Jun 06 16:07:01 PDT 2020","","","","523","0% (0/0)","0% (0/0)","0% (0/0)","fdyqaxd6y4r8u5zw3xt9"
"3P520RYKCH66347EZX3D2SNIPVC5UZ","34NBII25NZIOGJLGY73HHZ47TJY2JF","Reading a passage and responding to questions","You will read a short passage about a person, then answer questions related to the passage.","sentences, decisions, language","$0.40","Wed Jun 03 14:03:03 PDT 2020","352","BatchId:4065766;OriginalHitTemplateId:920937340;","7200","259200","Wed Jun 03 18:03:03 PDT 2020","","","3ZWFC4W1UU78BT6GRHQI7DNTAN1RFD","A1DZT1FOGPZ3TU","Submitted","Wed Jun 03 14:04:55 PDT 2020","Wed Jun 03 14:14:54 PDT 2020","Sat Jun 06 14:14:54 PDT 2020","","","","599","0% (0/0)","0% (0/0)","0% (0/0)","hqatkxcvbk6ocw28ff7t"