"HITId","HITTypeId","Title","Description","Keywords","Reward","CreationTime","MaxAssignments","RequesterAnnotation","AssignmentDurationInSeconds","AutoApprovalDelayInSeconds","Expiration","NumberOfSimilarHITs","LifetimeInSeconds","AssignmentId","WorkerId","AssignmentStatus","AcceptTime","SubmitTime","AutoApprovalTime","ApprovalTime","RejectionTime","RequesterFeedback","WorkTimeInSeconds","LifetimeApprovalRate","Last30DaysApprovalRate","Last7DaysApprovalRate","Answer.surveycode","Approve","Reject"
"3ODOP6T3ASKFN9UC28AXRHMC63D24E","34NBII25NZIOGJLGY73HHZ47TJY2JF","Reading a passage and responding to questions","You will read a short passage about a person, then answer questions related to the passage.","sentences, decisions, language","$0.40","Fri May 29 06:03:16 PDT 2020","352","BatchId:4058872;OriginalHitTemplateId:920937340;","7200","259200","Fri May 29 10:03:16 PDT 2020","","","3018Q3ZVOIQDF2P8G14QTCC2CUHARL","A26Z5PHC885L9A","Submitted","Fri May 29 06:05:15 PDT 2020","Fri May 29 06:07:57 PDT 2020","Mon Jun 01 06:07:57 PDT 2020","","","","162","0% (0/0)","0% (0/0)","0% (0/0)","27760negtxec73t1ameg"
"3ODOP6T3ASKFN9UC28AXRHMC63D24E","34NBII25NZIOGJLGY73HHZ47TJY2JF","Reading a passage and responding to questions","You will read a short passage about a person, then answer questions related to the passage.","sentences, decisions, language","$0.40","Fri May 29 06:03:16 PDT 2020","352","BatchId:4058872;OriginalHitTemplateId:920937340;","7200","259200","Fri May 29 10:03:16 PDT 2020","","","3LEP4MGT3G0OX2BV4E92JYF4FBBDBD","A1J9RWANLAAMZT","Submitted","Fri May 29 06:04:38 PDT 2020","Fri May 29 06:08:52 PDT 2020","Mon Jun 01 06:08:52 PDT 2020","","","","254","0% (0/0)","0% (0/0)","0% (0/0)","v15qfkh0494e7mdy67nu"
"3ODOP6T3ASKFN9UC28AXRHMC63D24E","34NBII25NZIOGJLGY73HHZ47TJY2JF","Reading a passage and responding to questions","You will read a short passage about a person, then answer questions related to the passage.","sentences, decisions, language","$0.40","Fri May 29 06:03:16 PDT 2020","352","BatchId:4058872;OriginalHitTemplateId:920937340;","7200","259200","Fri May 29 10:03:16 PDT 2020","","","3GFK2QRXX9HLHSUDKZNF804XCVV5WD","A1WHR5N2UF2C4Q","Submitted","Fri May 29 06:05:49 PDT 2020","Fri May 29 06:09:51 PDT 2020","Mon Jun 01 06:09:51 PDT 2020","","","","242","0% (0/0)","0% (0/0)","0% (0/0)","9w7pokpxoh6z9g2wc6f1"
"3ODOP6T3ASKFN9UC28AXRHMC63D24E","34NBII25NZIOGJLGY73HHZ47TJY2JF","Reading a passage and responding to questions","You will read a short passage about a person, then answer questions related to the passage.","sentences, decisions, language","$0.40","Fri May 29 06:03:16 PDT 2020","352","BatchId:4058872;OriginalHitTemplateId:920937340;","7200","259200","Fri May 29 10:03:16 PDT 2020","","","3A0EX8ZRN8ORVD6M0AWGWJP5XZGYB5","A1ZE7MZXK0XAHF","Submitted","Fri May 29 06:04:25 PDT 2020","Fri May 29 06:11:28 PDT 2020","Mon Jun 01 06:11:28 PDT 2020","","","","423","0% (0/0)","0% (0/0)","0% (0/0)","9y7hw5sytxzoh2lw1j40"
"3ODOP6T3ASKFN9UC28AXRHMC63D24E","34NBII25NZIOGJLGY73HHZ47TJY2JF","Reading a passage and responding to questions","You will read a short passage about a person, then answer questions related to the passage.","sentences, decisions, language","$0.40","Fri May 29 06:03:16 PDT 2020","352","BatchId:4058872;OriginalHitTemplateId:920937340;","7200","259200","Fri May 29 10:03:16 PDT 2020","","","3IAEQB9FMEKGL596Z55Y6CSPPCSWDB","A319ZE7R0CCAXR","Submitted","Fri May 29 06:06:19 PDT 2020","Fri May 29 06:14:37 PDT 2020","Mon Jun 01 06:14:37 PDT 2020","","","","498","0% (0/0)","0% (0/0)","0% (0/0)","b3w7dapo0c9p4cznrmto"
"3ODOP6T3ASKFN9UC28AXRHMC63D24E","34NBII25NZIOGJLGY73HHZ47TJY2JF","Reading a passage and responding to questions","You will read a short passage about a person, then answer questions related to the passage.","sentences, decisions, language","$0.40","Fri May 29 06:03:16 PDT 2020","352","BatchId:4058872;OriginalHitTemplateId:920937340;","7200","259200","Fri May 29 10:03:16 PDT 2020","","","3K4J6M3CXETMQCGU0QAEU8YVAL6AGP","AKSIGFZJBNZEQ","Submitted","Fri May 29 06:04:27 PDT 2020","Fri May 29 06:14:49 PDT 2020","Mon Jun 01 06:14:49 PDT 2020","","","","622","0% (0/0)","0% (0/0)","0% (0/0)","0h7t4lz5t9wqjxcyvqc9"
"3ODOP6T3ASKFN9UC28AXRHMC63D24E","34NBII25NZIOGJLGY73HHZ47TJY2JF","Reading a passage and responding to questions","You will read a short passage about a person, then answer questions related to the passage.","sentences, decisions, language","$0.40","Fri May 29 06:03:16 PDT 2020","352","BatchId:4058872;OriginalHitTemplateId:920937340;","7200","259200","Fri May 29 10:03:16 PDT 2020","","","3L4D84MILZSBR1E9E25987DFF8DJHD","AIA3R6P55HD0J","Submitted","Fri May 29 06:10:40 PDT 2020","Fri May 29 06:15:39 PDT 2020","Mon Jun 01 06:15:39 PDT 2020","","","","299","0% (0/0)","0% (0/0)","0% (0/0)","acw280hcwrovddvga0wt"
"3ODOP6T3ASKFN9UC28AXRHMC63D24E","34NBII25NZIOGJLGY73HHZ47TJY2JF","Reading a passage and responding to questions","You will read a short passage about a person, then answer questions related to the passage.","sentences, decisions, language","$0.40","Fri May 29 06:03:16 PDT 2020","352","BatchId:4058872;OriginalHitTemplateId:920937340;","7200","259200","Fri May 29 10:03:16 PDT 2020","","","39GAF6DQWR09ELTPT2G7J882T6O1VH","AJUBNSU16BHOE","Submitted","Fri May 29 06:11:47 PDT 2020","Fri May 29 06:15:39 PDT 2020","Mon Jun 01 06:15:39 PDT 2020","","","","232","0% (0/0)","0% (0/0)","0% (0/0)","37thyr1scx90xm0mend0"
"3ODOP6T3ASKFN9UC28AXRHMC63D24E","34NBII25NZIOGJLGY73HHZ47TJY2JF","Reading a passage and responding to questions","You will read a short passage about a person, then answer questions related to the passage.","sentences, decisions, language","$0.40","Fri May 29 06:03:16 PDT 2020","352","BatchId:4058872;OriginalHitTemplateId:920937340;","7200","259200","Fri May 29 10:03:16 PDT 2020","","","3TU5ZICBRD1ZKDHT6OVCSVW2QKF8QE","A37AWU2VH1ZIXX","Submitted","Fri May 29 06:07:25 PDT 2020","Fri May 29 06:16:19 PDT 2020","Mon Jun 01 06:16:19 PDT 2020","","","","534","0% (0/0)","0% (0/0)","0% (0/0)","8kg6x4mdu522qolrnjue"
"3ODOP6T3ASKFN9UC28AXRHMC63D24E","34NBII25NZIOGJLGY73HHZ47TJY2JF","Reading a passage and responding to questions","You will read a short passage about a person, then answer questions related to the passage.","sentences, decisions, language","$0.40","Fri May 29 06:03:16 PDT 2020","352","BatchId:4058872;OriginalHitTemplateId:920937340;","7200","259200","Fri May 29 10:03:16 PDT 2020","","","3II4UPYCOJ7B18DKNW6SENA31BCDQP","A1TPGQAHLMY6UK","Submitted","Fri May 29 06:07:03 PDT 2020","Fri May 29 06:19:36 PDT 2020","Mon Jun 01 06:19:36 PDT 2020","","","","753","0% (0/0)","0% (0/0)","0% (0/0)","rjrsbxtt9hd72hm79j3o"
"3ODOP6T3ASKFN9UC28AXRHMC63D24E","34NBII25NZIOGJLGY73HHZ47TJY2JF","Reading a passage and responding to questions","You will read a short passage about a person, then answer questions related to the passage.","sentences, decisions, language","$0.40","Fri May 29 06:03:16 PDT 2020","352","BatchId:4058872;OriginalHitTemplateId:920937340;","7200","259200","Fri May 29 10:03:16 PDT 2020","","","3COPXFW7XBCYF2IFF0DQIVFJGONPKN","A3PTO0DMF57GDG","Submitted","Fri May 29 06:16:41 PDT 2020","Fri May 29 06:21:48 PDT 2020","Mon Jun 01 06:21:48 PDT 2020","","","","307","0% (0/0)","0% (0/0)","0% (0/0)","1jppb7j5erv2z8657fkk"
"3ODOP6T3ASKFN9UC28AXRHMC63D24E","34NBII25NZIOGJLGY73HHZ47TJY2JF","Reading a passage and responding to questions","You will read a short passage about a person, then answer questions related to the passage.","sentences, decisions, language","$0.40","Fri May 29 06:03:16 PDT 2020","352","BatchId:4058872;OriginalHitTemplateId:920937340;","7200","259200","Fri May 29 10:03:16 PDT 2020","","","3DR23U6WE5ETLUJC0VB7PA3BLUCTEC","A39ADWF2J8O0UA","Submitted","Fri May 29 06:23:57 PDT 2020","Fri May 29 06:29:03 PDT 2020","Mon Jun 01 06:29:03 PDT 2020","","","","306","0% (0/0)","0% (0/0)","0% (0/0)","r456gpoh80y2rt0gk7oq"
"3ODOP6T3ASKFN9UC28AXRHMC63D24E","34NBII25NZIOGJLGY73HHZ47TJY2JF","Reading a passage and responding to questions","You will read a short passage about a person, then answer questions related to the passage.","sentences, decisions, language","$0.40","Fri May 29 06:03:16 PDT 2020","352","BatchId:4058872;OriginalHitTemplateId:920937340;","7200","259200","Fri May 29 10:03:16 PDT 2020","","","3DIP6YHAPCSANAROXX0CYE7O7ISE8B","A15WOSYTJ170YU","Submitted","Fri May 29 06:26:00 PDT 2020","Fri May 29 06:30:31 PDT 2020","Mon Jun 01 06:30:31 PDT 2020","","","","271","0% (0/0)","0% (0/0)","0% (0/0)","pb7jw9g4aomky324q51z"
"3ODOP6T3ASKFN9UC28AXRHMC63D24E","34NBII25NZIOGJLGY73HHZ47TJY2JF","Reading a passage and responding to questions","You will read a short passage about a person, then answer questions related to the passage.","sentences, decisions, language","$0.40","Fri May 29 06:03:16 PDT 2020","352","BatchId:4058872;OriginalHitTemplateId:920937340;","7200","259200","Fri May 29 10:03:16 PDT 2020","","","3VA45EW49NNEO1KSSQUTOGEUXDR1OF","AQYW6CV7F14MF","Submitted","Fri May 29 06:11:09 PDT 2020","Fri May 29 06:31:31 PDT 2020","Mon Jun 01 06:31:31 PDT 2020","","","","1222","0% (0/0)","0% (0/0)","0% (0/0)","9zfja5btjar7xu3kqc4n"
"3ODOP6T3ASKFN9UC28AXRHMC63D24E","34NBII25NZIOGJLGY73HHZ47TJY2JF","Reading a passage and responding to questions","You will read a short passage about a person, then answer questions related to the passage.","sentences, decisions, language","$0.40","Fri May 29 06:03:16 PDT 2020","352","BatchId:4058872;OriginalHitTemplateId:920937340;","7200","259200","Fri May 29 10:03:16 PDT 2020","","","3T111IHZ5EQZAJF3OVQQXH1I6D09R8","A1DBE2OL84TBKB","Submitted","Fri May 29 06:28:23 PDT 2020","Fri May 29 06:31:42 PDT 2020","Mon Jun 01 06:31:42 PDT 2020","","","","199","100% (1/1)","0% (0/0)","0% (0/0)","jh8h1pjkg64m1pp7edcj"
"3ODOP6T3ASKFN9UC28AXRHMC63D24E","34NBII25NZIOGJLGY73HHZ47TJY2JF","Reading a passage and responding to questions","You will read a short passage about a person, then answer questions related to the passage.","sentences, decisions, language","$0.40","Fri May 29 06:03:16 PDT 2020","352","BatchId:4058872;OriginalHitTemplateId:920937340;","7200","259200","Fri May 29 10:03:16 PDT 2020","","","3LBXNTKX0RVJ7F1FXUWIMZN67UL9X4","A2YTO4EY3MNYAJ","Submitted","Fri May 29 06:29:05 PDT 2020","Fri May 29 06:32:19 PDT 2020","Mon Jun 01 06:32:19 PDT 2020","","","","194","100% (2/2)","0% (0/0)","0% (0/0)","wm9w1c3l4xybyxls7zma"
"3ODOP6T3ASKFN9UC28AXRHMC63D24E","34NBII25NZIOGJLGY73HHZ47TJY2JF","Reading a passage and responding to questions","You will read a short passage about a person, then answer questions related to the passage.","sentences, decisions, language","$0.40","Fri May 29 06:03:16 PDT 2020","352","BatchId:4058872;OriginalHitTemplateId:920937340;","7200","259200","Fri May 29 10:03:16 PDT 2020","","","3IUZPWIU1O7OZBFGRMRLAPNF9LQWKP","A1TR6CKCGRV2A1","Submitted","Fri May 29 06:24:23 PDT 2020","Fri May 29 06:33:46 PDT 2020","Mon Jun 01 06:33:46 PDT 2020","","","","563","0% (0/0)","0% (0/0)","0% (0/0)","jujnerrl5ek39fbs62p2"
"3ODOP6T3ASKFN9UC28AXRHMC63D24E","34NBII25NZIOGJLGY73HHZ47TJY2JF","Reading a passage and responding to questions","You will read a short passage about a person, then answer questions related to the passage.","sentences, decisions, language","$0.40","Fri May 29 06:03:16 PDT 2020","352","BatchId:4058872;OriginalHitTemplateId:920937340;","7200","259200","Fri May 29 10:03:16 PDT 2020","","","3P4RDNWND56BNWPTKKNU8JEUFMTIJ8","AS2WTWYVRW9BV","Submitted","Fri May 29 06:35:17 PDT 2020","Fri May 29 06:38:34 PDT 2020","Mon Jun 01 06:38:34 PDT 2020","","","","197","0% (0/0)","0% (0/0)","0% (0/0)","hw8muk9of1ubnzt4qc3a"
"3ODOP6T3ASKFN9UC28AXRHMC63D24E","34NBII25NZIOGJLGY73HHZ47TJY2JF","Reading a passage and responding to questions","You will read a short passage about a person, then answer questions related to the passage.","sentences, decisions, language","$0.40","Fri May 29 06:03:16 PDT 2020","352","BatchId:4058872;OriginalHitTemplateId:920937340;","7200","259200","Fri May 29 10:03:16 PDT 2020","","","38SKSKU7R1XHIMDTN5Z7OYRMJBYILA","A2BQOMPGNIKOD7","Submitted","Fri May 29 06:35:32 PDT 2020","Fri May 29 06:40:02 PDT 2020","Mon Jun 01 06:40:02 PDT 2020","","","","270","0% (0/0)","0% (0/0)","0% (0/0)","uzzmjcq2vqdhdj9gp56b"
"3ODOP6T3ASKFN9UC28AXRHMC63D24E","34NBII25NZIOGJLGY73HHZ47TJY2JF","Reading a passage and responding to questions","You will read a short passage about a person, then answer questions related to the passage.","sentences, decisions, language","$0.40","Fri May 29 06:03:16 PDT 2020","352","BatchId:4058872;OriginalHitTemplateId:920937340;","7200","259200","Fri May 29 10:03:16 PDT 2020","","","37TD41K0AH9D9WMJF40MPH7MY0MSCW","A23U1TFG3LKHKT","Submitted","Fri May 29 06:33:30 PDT 2020","Fri May 29 06:40:04 PDT 2020","Mon Jun 01 06:40:04 PDT 2020","","","","394","0% (0/0)","0% (0/0)","0% (0/0)","xf5pfuhn6pfy3n1de6dt"
"3ODOP6T3ASKFN9UC28AXRHMC63D24E","34NBII25NZIOGJLGY73HHZ47TJY2JF","Reading a passage and responding to questions","You will read a short passage about a person, then answer questions related to the passage.","sentences, decisions, language","$0.40","Fri May 29 06:03:16 PDT 2020","352","BatchId:4058872;OriginalHitTemplateId:920937340;","7200","259200","Fri May 29 10:03:16 PDT 2020","","","3I33IC7ZWF2WBI8N1BPPS44U032A29","A2IFHU3P1MF54K","Submitted","Fri May 29 06:29:47 PDT 2020","Fri May 29 06:41:11 PDT 2020","Mon Jun 01 06:41:11 PDT 2020","","","","684","0% (0/0)","0% (0/0)","0% (0/0)","fr3e6gmxqev4f3z2lf6u"
"3ODOP6T3ASKFN9UC28AXRHMC63D24E","34NBII25NZIOGJLGY73HHZ47TJY2JF","Reading a passage and responding to questions","You will read a short passage about a person, then answer questions related to the passage.","sentences, decisions, language","$0.40","Fri May 29 06:03:16 PDT 2020","352","BatchId:4058872;OriginalHitTemplateId:920937340;","7200","259200","Fri May 29 10:03:16 PDT 2020","","","3OF2M9AATGOST6KL29BS9THXQOVKZ6","AU3UDHKZ4QTRW","Submitted","Fri May 29 06:39:09 PDT 2020","Fri May 29 06:41:21 PDT 2020","Mon Jun 01 06:41:21 PDT 2020","","","","132","0% (0/0)","0% (0/0)","0% (0/0)","ak5g1q6gwh8zqklsrrp8"
"3ODOP6T3ASKFN9UC28AXRHMC63D24E","34NBII25NZIOGJLGY73HHZ47TJY2JF","Reading a passage and responding to questions","You will read a short passage about a person, then answer questions related to the passage.","sentences, decisions, language","$0.40","Fri May 29 06:03:16 PDT 2020","352","BatchId:4058872;OriginalHitTemplateId:920937340;","7200","259200","Fri May 29 10:03:16 PDT 2020","","","3SPJ0334213XDW4YO29XU78I55RYJU","A4XOJV96O4XNV","Submitted","Fri May 29 06:40:38 PDT 2020","Fri May 29 06:45:41 PDT 2020","Mon Jun 01 06:45:41 PDT 2020","","","","303","0% (0/0)","0% (0/0)","0% (0/0)","v9rs3odzyl3am7smjfle"
"3ODOP6T3ASKFN9UC28AXRHMC63D24E","34NBII25NZIOGJLGY73HHZ47TJY2JF","Reading a passage and responding to questions","You will read a short passage about a person, then answer questions related to the passage.","sentences, decisions, language","$0.40","Fri May 29 06:03:16 PDT 2020","352","BatchId:4058872;OriginalHitTemplateId:920937340;","7200","259200","Fri May 29 10:03:16 PDT 2020","","","30X31N5D63QPGHPLVQ4VJMHYYX2ASD","A2EBFVZYALQYXP","Submitted","Fri May 29 06:40:12 PDT 2020","Fri May 29 06:46:00 PDT 2020","Mon Jun 01 06:46:00 PDT 2020","","","","348","0% (0/0)","0% (0/0)","0% (0/0)","fg5pwobdkq5jbrwyutyj"
"3ODOP6T3ASKFN9UC28AXRHMC63D24E","34NBII25NZIOGJLGY73HHZ47TJY2JF","Reading a passage and responding to questions","You will read a short passage about a person, then answer questions related to the passage.","sentences, decisions, language","$0.40","Fri May 29 06:03:16 PDT 2020","352","BatchId:4058872;OriginalHitTemplateId:920937340;","7200","259200","Fri May 29 10:03:16 PDT 2020","","","30ZX6P7VF8V7CBBRVH22L37DQPV2JE","A2ARIPM4X6WZAK","Submitted","Fri May 29 06:04:26 PDT 2020","Fri May 29 06:50:31 PDT 2020","Mon Jun 01 06:50:31 PDT 2020","","","","2765","0% (0/0)","0% (0/0)","0% (0/0)","yt4vcx72fc42sv6xa91q"
"3ODOP6T3ASKFN9UC28AXRHMC63D24E","34NBII25NZIOGJLGY73HHZ47TJY2JF","Reading a passage and responding to questions","You will read a short passage about a person, then answer questions related to the passage.","sentences, decisions, language","$0.40","Fri May 29 06:03:16 PDT 2020","352","BatchId:4058872;OriginalHitTemplateId:920937340;","7200","259200","Fri May 29 10:03:16 PDT 2020","","","3WT783CTPBHESA5H4IERZSXMUC1BCF","A3KHAJUQQ2I6X9","Submitted","Fri May 29 06:42:21 PDT 2020","Fri May 29 06:50:48 PDT 2020","Mon Jun 01 06:50:48 PDT 2020","","","","507","0% (0/0)","0% (0/0)","0% (0/0)","qag2tuvrr591tk2ted0o"
"3ODOP6T3ASKFN9UC28AXRHMC63D24E","34NBII25NZIOGJLGY73HHZ47TJY2JF","Reading a passage and responding to questions","You will read a short passage about a person, then answer questions related to the passage.","sentences, decisions, language","$0.40","Fri May 29 06:03:16 PDT 2020","352","BatchId:4058872;OriginalHitTemplateId:920937340;","7200","259200","Fri May 29 10:03:16 PDT 2020","","","3LRKMWOKB5HXCQGVD35O9XV39O9Z2Z","A22AX7SNI9QT67","Submitted","Fri May 29 06:42:09 PDT 2020","Fri May 29 06:52:09 PDT 2020","Mon Jun 01 06:52:09 PDT 2020","","","","600","0% (0/0)","0% (0/0)","0% (0/0)","hd4porm3ql9n7etn5e5g"
"3ODOP6T3ASKFN9UC28AXRHMC63D24E","34NBII25NZIOGJLGY73HHZ47TJY2JF","Reading a passage and responding to questions","You will read a short passage about a person, then answer questions related to the passage.","sentences, decisions, language","$0.40","Fri May 29 06:03:16 PDT 2020","352","BatchId:4058872;OriginalHitTemplateId:920937340;","7200","259200","Fri May 29 10:03:16 PDT 2020","","","3QECW5O0KH1TPBQJPUI4LGXY82F5TR","A44R1P6GOQ4DA","Submitted","Fri May 29 06:41:40 PDT 2020","Fri May 29 06:55:00 PDT 2020","Mon Jun 01 06:55:00 PDT 2020","","","","800","0% (0/0)","0% (0/0)","0% (0/0)","2c8yt82wkpk0f25eh0lk"
"3ODOP6T3ASKFN9UC28AXRHMC63D24E","34NBII25NZIOGJLGY73HHZ47TJY2JF","Reading a passage and responding to questions","You will read a short passage about a person, then answer questions related to the passage.","sentences, decisions, language","$0.40","Fri May 29 06:03:16 PDT 2020","352","BatchId:4058872;OriginalHitTemplateId:920937340;","7200","259200","Fri May 29 10:03:16 PDT 2020","","","3XCC1ODXDLB52IWP5X1CJCR7GD5QRC","A2XU1TSQD45EB4","Submitted","Fri May 29 06:51:40 PDT 2020","Fri May 29 06:56:45 PDT 2020","Mon Jun 01 06:56:45 PDT 2020","","","","305","0% (0/0)","0% (0/0)","0% (0/0)","338320tnxga03qond43p"
"3ODOP6T3ASKFN9UC28AXRHMC63D24E","34NBII25NZIOGJLGY73HHZ47TJY2JF","Reading a passage and responding to questions","You will read a short passage about a person, then answer questions related to the passage.","sentences, decisions, language","$0.40","Fri May 29 06:03:16 PDT 2020","352","BatchId:4058872;OriginalHitTemplateId:920937340;","7200","259200","Fri May 29 10:03:16 PDT 2020","","","3WSELTNVR32QVH20KQ9LTRDK0GHAT3","A1T5AWCO4EQXG9","Submitted","Fri May 29 06:54:04 PDT 2020","Fri May 29 06:57:14 PDT 2020","Mon Jun 01 06:57:14 PDT 2020","","","","190","0% (0/0)","0% (0/0)","0% (0/0)","xd4jf7zw60np59w829og"
"3ODOP6T3ASKFN9UC28AXRHMC63D24E","34NBII25NZIOGJLGY73HHZ47TJY2JF","Reading a passage and responding to questions","You will read a short passage about a person, then answer questions related to the passage.","sentences, decisions, language","$0.40","Fri May 29 06:03:16 PDT 2020","352","BatchId:4058872;OriginalHitTemplateId:920937340;","7200","259200","Fri May 29 10:03:16 PDT 2020","","","3OSWBBLG1EXVA5EW9A1K8V6WYF1XDA","A1XQUYI0C1VF5N","Submitted","Fri May 29 06:51:02 PDT 2020","Fri May 29 06:58:18 PDT 2020","Mon Jun 01 06:58:18 PDT 2020","","","","436","0% (0/0)","0% (0/0)","0% (0/0)","ekf8bblnwkg26h8ed961"
"3ODOP6T3ASKFN9UC28AXRHMC63D24E","34NBII25NZIOGJLGY73HHZ47TJY2JF","Reading a passage and responding to questions","You will read a short passage about a person, then answer questions related to the passage.","sentences, decisions, language","$0.40","Fri May 29 06:03:16 PDT 2020","352","BatchId:4058872;OriginalHitTemplateId:920937340;","7200","259200","Fri May 29 10:03:16 PDT 2020","","","3PMBY0YE273V4HQK6Y0V8M2W6CZ9C4","AAK8Y5QDM49MH","Submitted","Fri May 29 06:58:10 PDT 2020","Fri May 29 07:03:44 PDT 2020","Mon Jun 01 07:03:44 PDT 2020","","","","334","0% (0/0)","0% (0/0)","0% (0/0)","fghrn5fsftsqq8e7mawl"
"3ODOP6T3ASKFN9UC28AXRHMC63D24E","34NBII25NZIOGJLGY73HHZ47TJY2JF","Reading a passage and responding to questions","You will read a short passage about a person, then answer questions related to the passage.","sentences, decisions, language","$0.40","Fri May 29 06:03:16 PDT 2020","352","BatchId:4058872;OriginalHitTemplateId:920937340;","7200","259200","Fri May 29 10:03:16 PDT 2020","","","3X3OR7WPZZ0OTG1GEJNGB9X8GFV8LU","AOZTCL4XWLBP6","Submitted","Fri May 29 06:55:05 PDT 2020","Fri May 29 07:08:31 PDT 2020","Mon Jun 01 07:08:31 PDT 2020","","","","806","0% (0/0)","0% (0/0)","0% (0/0)","90nh6soafslhzqfxqdx5"
"3ODOP6T3ASKFN9UC28AXRHMC63D24E","34NBII25NZIOGJLGY73HHZ47TJY2JF","Reading a passage and responding to questions","You will read a short passage about a person, then answer questions related to the passage.","sentences, decisions, language","$0.40","Fri May 29 06:03:16 PDT 2020","352","BatchId:4058872;OriginalHitTemplateId:920937340;","7200","259200","Fri May 29 10:03:16 PDT 2020","","","345LHZDEDXS5B9I4BGKLBFLGDKW3UR","A3IVKB6ECW3EUA","Submitted","Fri May 29 06:56:32 PDT 2020","Fri May 29 07:11:23 PDT 2020","Mon Jun 01 07:11:23 PDT 2020","","","","891","0% (0/0)","0% (0/0)","0% (0/0)","7hmwgza7hkmrn7zhq2n6"
"3ODOP6T3ASKFN9UC28AXRHMC63D24E","34NBII25NZIOGJLGY73HHZ47TJY2JF","Reading a passage and responding to questions","You will read a short passage about a person, then answer questions related to the passage.","sentences, decisions, language","$0.40","Fri May 29 06:03:16 PDT 2020","352","BatchId:4058872;OriginalHitTemplateId:920937340;","7200","259200","Fri May 29 10:03:16 PDT 2020","","","3BQU611VFPKT6JJHUEQ46W1O0RW99N","A218EMYI1UYPQ1","Submitted","Fri May 29 06:57:35 PDT 2020","Fri May 29 07:11:47 PDT 2020","Mon Jun 01 07:11:47 PDT 2020","","","","852","0% (0/0)","0% (0/0)","0% (0/0)","2rtkco582jpmszkws75q"
"3ODOP6T3ASKFN9UC28AXRHMC63D24E","34NBII25NZIOGJLGY73HHZ47TJY2JF","Reading a passage and responding to questions","You will read a short passage about a person, then answer questions related to the passage.","sentences, decisions, language","$0.40","Fri May 29 06:03:16 PDT 2020","352","BatchId:4058872;OriginalHitTemplateId:920937340;","7200","259200","Fri May 29 10:03:16 PDT 2020","","","358010RM5ETH4MEI0V1EEHC3YM6VX8","A3JAU4ERLG6VA5","Submitted","Fri May 29 07:11:51 PDT 2020","Fri May 29 07:14:45 PDT 2020","Mon Jun 01 07:14:45 PDT 2020","","","","174","0% (0/0)","0% (0/0)","0% (0/0)","jku9pnzlxocvv74bel9u"
"3ODOP6T3ASKFN9UC28AXRHMC63D24E","34NBII25NZIOGJLGY73HHZ47TJY2JF","Reading a passage and responding to questions","You will read a short passage about a person, then answer questions related to the passage.","sentences, decisions, language","$0.40","Fri May 29 06:03:16 PDT 2020","352","BatchId:4058872;OriginalHitTemplateId:920937340;","7200","259200","Fri May 29 10:03:16 PDT 2020","","","3JJVG1YBEBXTTPW2P8RJLMRC2VH5B3","A26MSXSKFODMQF","Submitted","Fri May 29 07:09:40 PDT 2020","Fri May 29 07:14:54 PDT 2020","Mon Jun 01 07:14:54 PDT 2020","","","","314","0% (0/0)","0% (0/0)","0% (0/0)","0cv2qrwjfz4nyatrqq2e"
"3ODOP6T3ASKFN9UC28AXRHMC63D24E","34NBII25NZIOGJLGY73HHZ47TJY2JF","Reading a passage and responding to questions","You will read a short passage about a person, then answer questions related to the passage.","sentences, decisions, language","$0.40","Fri May 29 06:03:16 PDT 2020","352","BatchId:4058872;OriginalHitTemplateId:920937340;","7200","259200","Fri May 29 10:03:16 PDT 2020","","","39JEC7537U1T1O3N9Z5R04RTX4JCVO","A19LEGPNW93L9Z","Submitted","Fri May 29 07:19:11 PDT 2020","Fri May 29 07:22:55 PDT 2020","Mon Jun 01 07:22:55 PDT 2020","","","","224","0% (0/0)","0% (0/0)","0% (0/0)","q9fxbffr42kcsa8ue4rh"
"3ODOP6T3ASKFN9UC28AXRHMC63D24E","34NBII25NZIOGJLGY73HHZ47TJY2JF","Reading a passage and responding to questions","You will read a short passage about a person, then answer questions related to the passage.","sentences, decisions, language","$0.40","Fri May 29 06:03:16 PDT 2020","352","BatchId:4058872;OriginalHitTemplateId:920937340;","7200","259200","Fri May 29 10:03:16 PDT 2020","","","3V0Z7YWSIY0G36BLC6GLORI7LD4V2W","A1W4WRWEYYKE83","Submitted","Fri May 29 06:53:04 PDT 2020","Fri May 29 07:23:04 PDT 2020","Mon Jun 01 07:23:04 PDT 2020","","","","1800","0% (0/0)","0% (0/0)","0% (0/0)","byp20sdmzku2r8qcn8or"
"3ODOP6T3ASKFN9UC28AXRHMC63D24E","34NBII25NZIOGJLGY73HHZ47TJY2JF","Reading a passage and responding to questions","You will read a short passage about a person, then answer questions related to the passage.","sentences, decisions, language","$0.40","Fri May 29 06:03:16 PDT 2020","352","BatchId:4058872;OriginalHitTemplateId:920937340;","7200","259200","Fri May 29 10:03:16 PDT 2020","","","378XPAWRUCD0M3MPQEAHFKBBPZ2AIN","A33IRJXUL0CRGB","Submitted","Fri May 29 07:20:12 PDT 2020","Fri May 29 07:23:36 PDT 2020","Mon Jun 01 07:23:36 PDT 2020","","","","204","0% (0/0)","0% (0/0)","0% (0/0)","z1l3hueautgunnm00o86"
"3ODOP6T3ASKFN9UC28AXRHMC63D24E","34NBII25NZIOGJLGY73HHZ47TJY2JF","Reading a passage and responding to questions","You will read a short passage about a person, then answer questions related to the passage.","sentences, decisions, language","$0.40","Fri May 29 06:03:16 PDT 2020","352","BatchId:4058872;OriginalHitTemplateId:920937340;","7200","259200","Fri May 29 10:03:16 PDT 2020","","","32RIADZISS4AES94MPU46JVY6N8S4M","AZICSO8QUFSY8","Submitted","Fri May 29 07:20:56 PDT 2020","Fri May 29 07:24:15 PDT 2020","Mon Jun 01 07:24:15 PDT 2020","","","","199","0% (0/0)","0% (0/0)","0% (0/0)","4b7dn0x9h22n1k483zc3"
"3ODOP6T3ASKFN9UC28AXRHMC63D24E","34NBII25NZIOGJLGY73HHZ47TJY2JF","Reading a passage and responding to questions","You will read a short passage about a person, then answer questions related to the passage.","sentences, decisions, language","$0.40","Fri May 29 06:03:16 PDT 2020","352","BatchId:4058872;OriginalHitTemplateId:920937340;","7200","259200","Fri May 29 10:03:16 PDT 2020","","","3GD6L00D3SXQOYZGFAFGWCPP2EGM1R","A2BNOEYZ3VRW2R","Submitted","Fri May 29 07:15:06 PDT 2020","Fri May 29 07:27:51 PDT 2020","Mon Jun 01 07:27:51 PDT 2020","","","","765","100% (3/3)","0% (0/0)","0% (0/0)","b8q5o09fcsq6avxxrufs"
"3ODOP6T3ASKFN9UC28AXRHMC63D24E","34NBII25NZIOGJLGY73HHZ47TJY2JF","Reading a passage and responding to questions","You will read a short passage about a person, then answer questions related to the passage.","sentences, decisions, language","$0.40","Fri May 29 06:03:16 PDT 2020","352","BatchId:4058872;OriginalHitTemplateId:920937340;","7200","259200","Fri May 29 10:03:16 PDT 2020","","","3YHH42UU5BF6BRWDJFA1IURQXHKL0L","ADXHWQLUQBK77","Submitted","Fri May 29 07:22:02 PDT 2020","Fri May 29 07:30:11 PDT 2020","Mon Jun 01 07:30:11 PDT 2020","","","","489","100% (1/1)","0% (0/0)","0% (0/0)","tculacs60hv55u5ug9am"
"3ODOP6T3ASKFN9UC28AXRHMC63D24E","34NBII25NZIOGJLGY73HHZ47TJY2JF","Reading a passage and responding to questions","You will read a short passage about a person, then answer questions related to the passage.","sentences, decisions, language","$0.40","Fri May 29 06:03:16 PDT 2020","352","BatchId:4058872;OriginalHitTemplateId:920937340;","7200","259200","Fri May 29 10:03:16 PDT 2020","","","31N2WW6R9RQGSRLEGRPMPFKD3XJ3FU","A22FI6U4HKTGYI","Submitted","Fri May 29 07:26:40 PDT 2020","Fri May 29 07:33:09 PDT 2020","Mon Jun 01 07:33:09 PDT 2020","","","","389","0% (0/0)","0% (0/0)","0% (0/0)","n699yazhjyzbgmxymux4"
"3ODOP6T3ASKFN9UC28AXRHMC63D24E","34NBII25NZIOGJLGY73HHZ47TJY2JF","Reading a passage and responding to questions","You will read a short passage about a person, then answer questions related to the passage.","sentences, decisions, language","$0.40","Fri May 29 06:03:16 PDT 2020","352","BatchId:4058872;OriginalHitTemplateId:920937340;","7200","259200","Fri May 29 10:03:16 PDT 2020","","","3LOZAJ85YDD87VGGCLH3CCFS1OF2X9","A2CMOQSPC5QPBC","Submitted","Fri May 29 07:25:01 PDT 2020","Fri May 29 07:35:39 PDT 2020","Mon Jun 01 07:35:39 PDT 2020","","","","638","0% (0/0)","0% (0/0)","0% (0/0)","0u7yjndyb751n1degsm0"
"3ODOP6T3ASKFN9UC28AXRHMC63D24E","34NBII25NZIOGJLGY73HHZ47TJY2JF","Reading a passage and responding to questions","You will read a short passage about a person, then answer questions related to the passage.","sentences, decisions, language","$0.40","Fri May 29 06:03:16 PDT 2020","352","BatchId:4058872;OriginalHitTemplateId:920937340;","7200","259200","Fri May 29 10:03:16 PDT 2020","","","3IOEN3P9S7JOZVEOSU8Z7GS3CE216X","A2QVASFEJZD5LC","Submitted","Fri May 29 07:26:59 PDT 2020","Fri May 29 07:36:01 PDT 2020","Mon Jun 01 07:36:01 PDT 2020","","","","542","0% (0/0)","0% (0/0)","0% (0/0)","awhtsu63bgw3l82zb4jm"
"3ODOP6T3ASKFN9UC28AXRHMC63D24E","34NBII25NZIOGJLGY73HHZ47TJY2JF","Reading a passage and responding to questions","You will read a short passage about a person, then answer questions related to the passage.","sentences, decisions, language","$0.40","Fri May 29 06:03:16 PDT 2020","352","BatchId:4058872;OriginalHitTemplateId:920937340;","7200","259200","Fri May 29 10:03:16 PDT 2020","","","3E13VNJ1NNV4SF9PUVHO4JI8L5VI16","A1U46YK7C5HEY1","Submitted","Fri May 29 07:06:13 PDT 2020","Fri May 29 07:40:00 PDT 2020","Mon Jun 01 07:40:00 PDT 2020","","","","2027","0% (0/0)","0% (0/0)","0% (0/0)","901byhr9nlo95f54pqxw"
"3ODOP6T3ASKFN9UC28AXRHMC63D24E","34NBII25NZIOGJLGY73HHZ47TJY2JF","Reading a passage and responding to questions","You will read a short passage about a person, then answer questions related to the passage.","sentences, decisions, language","$0.40","Fri May 29 06:03:16 PDT 2020","352","BatchId:4058872;OriginalHitTemplateId:920937340;","7200","259200","Fri May 29 10:03:16 PDT 2020","","","37TRT2X24QR10OBNEAVDMWAHKV8JBX","A3SDFAOJW87FGP","Submitted","Fri May 29 06:09:47 PDT 2020","Fri May 29 07:44:50 PDT 2020","Mon Jun 01 07:44:50 PDT 2020","","","","5703","0% (0/0)","0% (0/0)","0% (0/0)","gk611lp7bcr06h9erxvt"
"3ODOP6T3ASKFN9UC28AXRHMC63D24E","34NBII25NZIOGJLGY73HHZ47TJY2JF","Reading a passage and responding to questions","You will read a short passage about a person, then answer questions related to the passage.","sentences, decisions, language","$0.40","Fri May 29 06:03:16 PDT 2020","352","BatchId:4058872;OriginalHitTemplateId:920937340;","7200","259200","Fri May 29 10:03:16 PDT 2020","","","3QEMNNSB2XZ1VQ85RXXMEWT8WMPD7Y","A3FISMGJDSCT10","Submitted","Fri May 29 07:36:28 PDT 2020","Fri May 29 07:47:25 PDT 2020","Mon Jun 01 07:47:25 PDT 2020","","","","657","0% (0/0)","0% (0/0)","0% (0/0)","poqffr96raglbfz49rqy"
"3ODOP6T3ASKFN9UC28AXRHMC63D24E","34NBII25NZIOGJLGY73HHZ47TJY2JF","Reading a passage and responding to questions","You will read a short passage about a person, then answer questions related to the passage.","sentences, decisions, language","$0.40","Fri May 29 06:03:16 PDT 2020","352","BatchId:4058872;OriginalHitTemplateId:920937340;","7200","259200","Fri May 29 10:03:16 PDT 2020","","","3YZ8UPK3VTMTO9EN49VM4IPAJXBUCI","A3Q6WS9BK8JVBP","Submitted","Fri May 29 07:44:12 PDT 2020","Fri May 29 07:49:44 PDT 2020","Mon Jun 01 07:49:44 PDT 2020","","","","332","0% (0/0)","0% (0/0)","0% (0/0)","yqwt6nv2hrsgmej2x7bs"
"3ODOP6T3ASKFN9UC28AXRHMC63D24E","34NBII25NZIOGJLGY73HHZ47TJY2JF","Reading a passage and responding to questions","You will read a short passage about a person, then answer questions related to the passage.","sentences, decisions, language","$0.40","Fri May 29 06:03:16 PDT 2020","352","BatchId:4058872;OriginalHitTemplateId:920937340;","7200","259200","Fri May 29 10:03:16 PDT 2020","","","3T111IHZ5EQZAJF3OVQQXH1I6D49RC","A3AB83XLSH1SYW","Submitted","Fri May 29 07:31:07 PDT 2020","Fri May 29 07:50:19 PDT 2020","Mon Jun 01 07:50:19 PDT 2020","","","","1152","0% (0/0)","0% (0/0)","0% (0/0)","4act8ch992kmp17xntzb"
"3ODOP6T3ASKFN9UC28AXRHMC63D24E","34NBII25NZIOGJLGY73HHZ47TJY2JF","Reading a passage and responding to questions","You will read a short passage about a person, then answer questions related to the passage.","sentences, decisions, language","$0.40","Fri May 29 06:03:16 PDT 2020","352","BatchId:4058872;OriginalHitTemplateId:920937340;","7200","259200","Fri May 29 10:03:16 PDT 2020","","","3L2IS5HSFAICFDBETZ40KTJMI1LUNW","A90T7I7KQIZQA","Submitted","Fri May 29 06:35:23 PDT 2020","Fri May 29 07:53:41 PDT 2020","Mon Jun 01 07:53:41 PDT 2020","","","","4698","0% (0/0)","0% (0/0)","0% (0/0)","28royh4elots9bq3drky"
"3ODOP6T3ASKFN9UC28AXRHMC63D24E","34NBII25NZIOGJLGY73HHZ47TJY2JF","Reading a passage and responding to questions","You will read a short passage about a person, then answer questions related to the passage.","sentences, decisions, language","$0.40","Fri May 29 06:03:16 PDT 2020","352","BatchId:4058872;OriginalHitTemplateId:920937340;","7200","259200","Fri May 29 10:03:16 PDT 2020","","","3MHW492WW0D6AAFEMOZ530W5RIPMVI","A1B7RZQ1MLMGCJ","Submitted","Fri May 29 07:51:14 PDT 2020","Fri May 29 07:54:34 PDT 2020","Mon Jun 01 07:54:34 PDT 2020","","","","200","0% (0/0)","0% (0/0)","0% (0/0)","csjuxu6zu5ktvqr2wdfo"
"3ODOP6T3ASKFN9UC28AXRHMC63D24E","34NBII25NZIOGJLGY73HHZ47TJY2JF","Reading a passage and responding to questions","You will read a short passage about a person, then answer questions related to the passage.","sentences, decisions, language","$0.40","Fri May 29 06:03:16 PDT 2020","352","BatchId:4058872;OriginalHitTemplateId:920937340;","7200","259200","Fri May 29 10:03:16 PDT 2020","","","3MYYFCXHJ377ON0DRP0NH5CVICGG4S","A2QGL80ZG92J4Q","Submitted","Fri May 29 07:54:02 PDT 2020","Fri May 29 07:55:06 PDT 2020","Mon Jun 01 07:55:06 PDT 2020","","","","64","0% (0/0)","0% (0/0)","0% (0/0)","rzwr2zfv5mh9p4fyzrc5"
"3ODOP6T3ASKFN9UC28AXRHMC63D24E","34NBII25NZIOGJLGY73HHZ47TJY2JF","Reading a passage and responding to questions","You will read a short passage about a person, then answer questions related to the passage.","sentences, decisions, language","$0.40","Fri May 29 06:03:16 PDT 2020","352","BatchId:4058872;OriginalHitTemplateId:920937340;","7200","259200","Fri May 29 10:03:16 PDT 2020","","","3DHE4R9OCWBXL9LQNBHZOQFXYYKG2W","A14NDTRB9HJ60L","Submitted","Fri May 29 07:53:38 PDT 2020","Fri May 29 07:58:40 PDT 2020","Mon Jun 01 07:58:40 PDT 2020","","","","302","0% (0/0)","0% (0/0)","0% (0/0)","5g8stvczzsutm0h03yy5"
"3ODOP6T3ASKFN9UC28AXRHMC63D24E","34NBII25NZIOGJLGY73HHZ47TJY2JF","Reading a passage and responding to questions","You will read a short passage about a person, then answer questions related to the passage.","sentences, decisions, language","$0.40","Fri May 29 06:03:16 PDT 2020","352","BatchId:4058872;OriginalHitTemplateId:920937340;","7200","259200","Fri May 29 10:03:16 PDT 2020","","","31HQ4X3T3SA6C0GPSHTLS0X9S94LS9","A395MKTMMFHXQK","Submitted","Fri May 29 07:39:00 PDT 2020","Fri May 29 08:00:33 PDT 2020","Mon Jun 01 08:00:33 PDT 2020","","","","1293","0% (0/0)","0% (0/0)","0% (0/0)","740tyyw05tuqly3rxccp"
"3ODOP6T3ASKFN9UC28AXRHMC63D24E","34NBII25NZIOGJLGY73HHZ47TJY2JF","Reading a passage and responding to questions","You will read a short passage about a person, then answer questions related to the passage.","sentences, decisions, language","$0.40","Fri May 29 06:03:16 PDT 2020","352","BatchId:4058872;OriginalHitTemplateId:920937340;","7200","259200","Fri May 29 10:03:16 PDT 2020","","","3EO896NRAWV1WA54EWMYMQG3Q3ETJ5","A2MEM0P4XT9PN7","Submitted","Fri May 29 07:56:26 PDT 2020","Fri May 29 08:02:18 PDT 2020","Mon Jun 01 08:02:18 PDT 2020","","","","352","0% (0/0)","0% (0/0)","0% (0/0)","zxf2jm8bjdu88zkhquon"
"3ODOP6T3ASKFN9UC28AXRHMC63D24E","34NBII25NZIOGJLGY73HHZ47TJY2JF","Reading a passage and responding to questions","You will read a short passage about a person, then answer questions related to the passage.","sentences, decisions, language","$0.40","Fri May 29 06:03:16 PDT 2020","352","BatchId:4058872;OriginalHitTemplateId:920937340;","7200","259200","Fri May 29 10:03:16 PDT 2020","","","3KB8R4ZV1E7R9MLM64AAPJI1S4YBGU","AP2C7YJ2DQBLO","Submitted","Fri May 29 08:00:22 PDT 2020","Fri May 29 08:07:31 PDT 2020","Mon Jun 01 08:07:31 PDT 2020","","","","429","0% (0/0)","0% (0/0)","0% (0/0)","q98m771r54xgrx8m86vj"
"3ODOP6T3ASKFN9UC28AXRHMC63D24E","34NBII25NZIOGJLGY73HHZ47TJY2JF","Reading a passage and responding to questions","You will read a short passage about a person, then answer questions related to the passage.","sentences, decisions, language","$0.40","Fri May 29 06:03:16 PDT 2020","352","BatchId:4058872;OriginalHitTemplateId:920937340;","7200","259200","Fri May 29 10:03:16 PDT 2020","","","3P1L2B7AD1PRE8OWL0CC8VN8VK1LOC","A1IIF95II8FISQ","Submitted","Fri May 29 07:38:57 PDT 2020","Fri May 29 08:08:47 PDT 2020","Mon Jun 01 08:08:47 PDT 2020","","","","1790","0% (0/0)","0% (0/0)","0% (0/0)","h5axj2egdt2u72g67fl9"
"3ODOP6T3ASKFN9UC28AXRHMC63D24E","34NBII25NZIOGJLGY73HHZ47TJY2JF","Reading a passage and responding to questions","You will read a short passage about a person, then answer questions related to the passage.","sentences, decisions, language","$0.40","Fri May 29 06:03:16 PDT 2020","352","BatchId:4058872;OriginalHitTemplateId:920937340;","7200","259200","Fri May 29 10:03:16 PDT 2020","","","3ITXP059PWJ0HASPPWH8CLKHOK1JS7","A12I2MA4X4F94C","Submitted","Fri May 29 08:01:21 PDT 2020","Fri May 29 08:13:04 PDT 2020","Mon Jun 01 08:13:04 PDT 2020","","","","703","0% (0/0)","0% (0/0)","0% (0/0)","gfwzblv7e5sl3p54ze7y"
"3ODOP6T3ASKFN9UC28AXRHMC63D24E","34NBII25NZIOGJLGY73HHZ47TJY2JF","Reading a passage and responding to questions","You will read a short passage about a person, then answer questions related to the passage.","sentences, decisions, language","$0.40","Fri May 29 06:03:16 PDT 2020","352","BatchId:4058872;OriginalHitTemplateId:920937340;","7200","259200","Fri May 29 10:03:16 PDT 2020","","","3ZAZR5XV01IAA88XAWUULA4PLFOZCA","A1NT8BT94ME6F5","Submitted","Fri May 29 07:13:04 PDT 2020","Fri May 29 08:15:25 PDT 2020","Mon Jun 01 08:15:25 PDT 2020","","","","3741","0% (0/0)","0% (0/0)","0% (0/0)","ewbtd4lsj0ryhu2lou4d"
"3ODOP6T3ASKFN9UC28AXRHMC63D24E","34NBII25NZIOGJLGY73HHZ47TJY2JF","Reading a passage and responding to questions","You will read a short passage about a person, then answer questions related to the passage.","sentences, decisions, language","$0.40","Fri May 29 06:03:16 PDT 2020","352","BatchId:4058872;OriginalHitTemplateId:920937340;","7200","259200","Fri May 29 10:03:16 PDT 2020","","","3M0BCWMB8VWN68BML9ESBM4PMSPWBF","A38M8DOMND9Z7P","Submitted","Fri May 29 08:16:50 PDT 2020","Fri May 29 08:20:45 PDT 2020","Mon Jun 01 08:20:45 PDT 2020","","","","235","0% (0/0)","0% (0/0)","0% (0/0)","qrtakcsymv2d79078oxo"
"3ODOP6T3ASKFN9UC28AXRHMC63D24E","34NBII25NZIOGJLGY73HHZ47TJY2JF","Reading a passage and responding to questions","You will read a short passage about a person, then answer questions related to the passage.","sentences, decisions, language","$0.40","Fri May 29 06:03:16 PDT 2020","352","BatchId:4058872;OriginalHitTemplateId:920937340;","7200","259200","Fri May 29 10:03:16 PDT 2020","","","3ZAZR5XV01IAA88XAWUULA4PLFUCZT","A1FA6EKJSDLRO8","Submitted","Fri May 29 08:22:07 PDT 2020","Fri May 29 08:28:07 PDT 2020","Mon Jun 01 08:28:07 PDT 2020","","","","360","0% (0/0)","0% (0/0)","0% (0/0)","bwu3cjp16p9cf0lco2tk"
"3ODOP6T3ASKFN9UC28AXRHMC63D24E","34NBII25NZIOGJLGY73HHZ47TJY2JF","Reading a passage and responding to questions","You will read a short passage about a person, then answer questions related to the passage.","sentences, decisions, language","$0.40","Fri May 29 06:03:16 PDT 2020","352","BatchId:4058872;OriginalHitTemplateId:920937340;","7200","259200","Fri May 29 10:03:16 PDT 2020","","","3ZPPDN2SLVWA1FAY2P6QYA2ZROJE99","A1Y5QI4WZQX34K","Submitted","Fri May 29 08:26:24 PDT 2020","Fri May 29 08:35:09 PDT 2020","Mon Jun 01 08:35:09 PDT 2020","","","","525","0% (0/0)","0% (0/0)","0% (0/0)","hcbxzrdc3wwm98aw2p16"
"3ODOP6T3ASKFN9UC28AXRHMC63D24E","34NBII25NZIOGJLGY73HHZ47TJY2JF","Reading a passage and responding to questions","You will read a short passage about a person, then answer questions related to the passage.","sentences, decisions, language","$0.40","Fri May 29 06:03:16 PDT 2020","352","BatchId:4058872;OriginalHitTemplateId:920937340;","7200","259200","Fri May 29 10:03:16 PDT 2020","","","3OHYZ19UGC5AIPXSO9NMZH7X186OA1","A24VO5LEY8B9OF","Submitted","Fri May 29 08:24:47 PDT 2020","Fri May 29 08:36:20 PDT 2020","Mon Jun 01 08:36:20 PDT 2020","","","","693","0% (0/0)","0% (0/0)","0% (0/0)","034ny1a5eppvxs0f7ntk"
"3ODOP6T3ASKFN9UC28AXRHMC63D24E","34NBII25NZIOGJLGY73HHZ47TJY2JF","Reading a passage and responding to questions","You will read a short passage about a person, then answer questions related to the passage.","sentences, decisions, language","$0.40","Fri May 29 06:03:16 PDT 2020","352","BatchId:4058872;OriginalHitTemplateId:920937340;","7200","259200","Fri May 29 10:03:16 PDT 2020","","","3IHR8NYAM71D10TCU8QABEQNJ37P49","A2ZP9Q8QNSO095","Submitted","Fri May 29 08:33:37 PDT 2020","Fri May 29 08:37:35 PDT 2020","Mon Jun 01 08:37:35 PDT 2020","","","","238","0% (0/0)","0% (0/0)","0% (0/0)","zf0kagfzafleqgkk6nbg"
"3ODOP6T3ASKFN9UC28AXRHMC63D24E","34NBII25NZIOGJLGY73HHZ47TJY2JF","Reading a passage and responding to questions","You will read a short passage about a person, then answer questions related to the passage.","sentences, decisions, language","$0.40","Fri May 29 06:03:16 PDT 2020","352","BatchId:4058872;OriginalHitTemplateId:920937340;","7200","259200","Fri May 29 10:03:16 PDT 2020","","","3ERMJ6L4DYS4ZKEI4QWPXMG250KM7S","A2OLJSKV50IL3Q","Submitted","Fri May 29 08:17:24 PDT 2020","Fri May 29 08:38:20 PDT 2020","Mon Jun 01 08:38:20 PDT 2020","","","","1256","0% (0/0)","0% (0/0)","0% (0/0)","4ovtdkc696a4r4lcd0sh"
"3ODOP6T3ASKFN9UC28AXRHMC63D24E","34NBII25NZIOGJLGY73HHZ47TJY2JF","Reading a passage and responding to questions","You will read a short passage about a person, then answer questions related to the passage.","sentences, decisions, language","$0.40","Fri May 29 06:03:16 PDT 2020","352","BatchId:4058872;OriginalHitTemplateId:920937340;","7200","259200","Fri May 29 10:03:16 PDT 2020","","","3HL8HNGX45127TAUX0QWGSNZ3PZF9T","A3AY0QVQFVIB50","Submitted","Fri May 29 08:35:55 PDT 2020","Fri May 29 08:39:01 PDT 2020","Mon Jun 01 08:39:01 PDT 2020","","","","186","0% (0/0)","0% (0/0)","0% (0/0)","pua82vnq3ecqkkafnwkq"
"3ODOP6T3ASKFN9UC28AXRHMC63D24E","34NBII25NZIOGJLGY73HHZ47TJY2JF","Reading a passage and responding to questions","You will read a short passage about a person, then answer questions related to the passage.","sentences, decisions, language","$0.40","Fri May 29 06:03:16 PDT 2020","352","BatchId:4058872;OriginalHitTemplateId:920937340;","7200","259200","Fri May 29 10:03:16 PDT 2020","","","37U1UTWH9VMZWEWTJ3KCXL67M7VR8E","A3QAL3X23LHJRV","Submitted","Fri May 29 09:02:26 PDT 2020","Fri May 29 09:02:49 PDT 2020","Mon Jun 01 09:02:49 PDT 2020","","","","23","0% (0/0)","0% (0/0)","0% (0/0)","3wv78djpv154n7uy01r9"
"3ODOP6T3ASKFN9UC28AXRHMC63D24E","34NBII25NZIOGJLGY73HHZ47TJY2JF","Reading a passage and responding to questions","You will read a short passage about a person, then answer questions related to the passage.","sentences, decisions, language","$0.40","Fri May 29 06:03:16 PDT 2020","352","BatchId:4058872;OriginalHitTemplateId:920937340;","7200","259200","Fri May 29 10:03:16 PDT 2020","","","3GS6S824SQXP7H0JOZJ12H4J3H8NW0","AJAZYDKZB4EGH","Submitted","Fri May 29 08:52:24 PDT 2020","Fri May 29 09:05:09 PDT 2020","Mon Jun 01 09:05:09 PDT 2020","","","","765","0% (0/0)","0% (0/0)","0% (0/0)","rodjdyxdxh3m6qnbnlnv"
"3ODOP6T3ASKFN9UC28AXRHMC63D24E","34NBII25NZIOGJLGY73HHZ47TJY2JF","Reading a passage and responding to questions","You will read a short passage about a person, then answer questions related to the passage.","sentences, decisions, language","$0.40","Fri May 29 06:03:16 PDT 2020","352","BatchId:4058872;OriginalHitTemplateId:920937340;","7200","259200","Fri May 29 10:03:16 PDT 2020","","","3ZOTGHDK5IBEILJM599DKH13NEIOS2","A2JHO3V3D8LRO0","Submitted","Fri May 29 09:01:35 PDT 2020","Fri May 29 09:07:26 PDT 2020","Mon Jun 01 09:07:26 PDT 2020","","","","351","0% (0/0)","0% (0/0)","0% (0/0)","wvoym57zre5tsmwaxzof"
"3ODOP6T3ASKFN9UC28AXRHMC63D24E","34NBII25NZIOGJLGY73HHZ47TJY2JF","Reading a passage and responding to questions","You will read a short passage about a person, then answer questions related to the passage.","sentences, decisions, language","$0.40","Fri May 29 06:03:16 PDT 2020","352","BatchId:4058872;OriginalHitTemplateId:920937340;","7200","259200","Fri May 29 10:03:16 PDT 2020","","","378XPAWRUCD0M3MPQEAHFKBBPZDAIY","A2RIEOYZMWVXMX","Submitted","Fri May 29 09:04:46 PDT 2020","Fri May 29 09:09:29 PDT 2020","Mon Jun 01 09:09:29 PDT 2020","","","","283","0% (0/0)","0% (0/0)","0% (0/0)","zvrwew3cvsxqocbetkmo"
"3ODOP6T3ASKFN9UC28AXRHMC63D24E","34NBII25NZIOGJLGY73HHZ47TJY2JF","Reading a passage and responding to questions","You will read a short passage about a person, then answer questions related to the passage.","sentences, decisions, language","$0.40","Fri May 29 06:03:16 PDT 2020","352","BatchId:4058872;OriginalHitTemplateId:920937340;","7200","259200","Fri May 29 10:03:16 PDT 2020","","","3B837J3LDOWHFYB2X1QHEC68Y13SRG","A18LRLRNCLZYSM","Submitted","Fri May 29 09:07:29 PDT 2020","Fri May 29 09:13:10 PDT 2020","Mon Jun 01 09:13:10 PDT 2020","","","","341","0% (0/0)","0% (0/0)","0% (0/0)","bve65gtpurrvkn62sf90"
"3ODOP6T3ASKFN9UC28AXRHMC63D24E","34NBII25NZIOGJLGY73HHZ47TJY2JF","Reading a passage and responding to questions","You will read a short passage about a person, then answer questions related to the passage.","sentences, decisions, language","$0.40","Fri May 29 06:03:16 PDT 2020","352","BatchId:4058872;OriginalHitTemplateId:920937340;","7200","259200","Fri May 29 10:03:16 PDT 2020","","","3I33IC7ZWF2WBI8N1BPPS44U03H2AG","A1Y6IRNSQYAVHR","Submitted","Fri May 29 09:12:29 PDT 2020","Fri May 29 09:18:39 PDT 2020","Mon Jun 01 09:18:39 PDT 2020","","","","370","0% (0/0)","0% (0/0)","0% (0/0)","kqko9mjdl8q06c3md9tu"
"3ODOP6T3ASKFN9UC28AXRHMC63D24E","34NBII25NZIOGJLGY73HHZ47TJY2JF","Reading a passage and responding to questions","You will read a short passage about a person, then answer questions related to the passage.","sentences, decisions, language","$0.40","Fri May 29 06:03:16 PDT 2020","352","BatchId:4058872;OriginalHitTemplateId:920937340;","7200","259200","Fri May 29 10:03:16 PDT 2020","","","3VSOLARPKB97RHU1D5PUFJY20Z139F","A3H64GQV6RIR1R","Submitted","Fri May 29 09:27:40 PDT 2020","Fri May 29 09:30:36 PDT 2020","Mon Jun 01 09:30:36 PDT 2020","","","","176","0% (0/0)","0% (0/0)","0% (0/0)","xr7o0969hbuaphay9whx"
"3ODOP6T3ASKFN9UC28AXRHMC63D24E","34NBII25NZIOGJLGY73HHZ47TJY2JF","Reading a passage and responding to questions","You will read a short passage about a person, then answer questions related to the passage.","sentences, decisions, language","$0.40","Fri May 29 06:03:16 PDT 2020","352","BatchId:4058872;OriginalHitTemplateId:920937340;","7200","259200","Fri May 29 10:03:16 PDT 2020","","","3X65QVEQI0NQ5JRTVV3LDVTR66VCLJ","A28ANDQ58MEMGW","Submitted","Fri May 29 09:26:50 PDT 2020","Fri May 29 09:32:04 PDT 2020","Mon Jun 01 09:32:04 PDT 2020","","","","314","0% (0/0)","0% (0/0)","0% (0/0)","r2mchqz6z31jqrsf43pk"
"3ODOP6T3ASKFN9UC28AXRHMC63D24E","34NBII25NZIOGJLGY73HHZ47TJY2JF","Reading a passage and responding to questions","You will read a short passage about a person, then answer questions related to the passage.","sentences, decisions, language","$0.40","Fri May 29 06:03:16 PDT 2020","352","BatchId:4058872;OriginalHitTemplateId:920937340;","7200","259200","Fri May 29 10:03:16 PDT 2020","","","3TK8OJTYM1LCVDCRE4RXK4Q0WNZVPM","A1WAA3TZ8U3253","Submitted","Fri May 29 07:40:07 PDT 2020","Fri May 29 09:35:45 PDT 2020","Mon Jun 01 09:35:45 PDT 2020","","","","6938","0% (0/0)","0% (0/0)","0% (0/0)","fujzlf3fdkza0q7k0l2l"
"3ODOP6T3ASKFN9UC28AXRHMC63D24E","34NBII25NZIOGJLGY73HHZ47TJY2JF","Reading a passage and responding to questions","You will read a short passage about a person, then answer questions related to the passage.","sentences, decisions, language","$0.40","Fri May 29 06:03:16 PDT 2020","352","BatchId:4058872;OriginalHitTemplateId:920937340;","7200","259200","Fri May 29 10:03:16 PDT 2020","","","336YQZE83VEPCG0ZGXHSZ226EU05M7","A3NNMPGQT7DSXS","Submitted","Fri May 29 09:35:15 PDT 2020","Fri May 29 09:37:33 PDT 2020","Mon Jun 01 09:37:33 PDT 2020","","","","138","0% (0/0)","0% (0/0)","0% (0/0)","jnnauems7m7sm6lxfuk5"
"3ODOP6T3ASKFN9UC28AXRHMC63D24E","34NBII25NZIOGJLGY73HHZ47TJY2JF","Reading a passage and responding to questions","You will read a short passage about a person, then answer questions related to the passage.","sentences, decisions, language","$0.40","Fri May 29 06:03:16 PDT 2020","352","BatchId:4058872;OriginalHitTemplateId:920937340;","7200","259200","Fri May 29 10:03:16 PDT 2020","","","34PGFRQONOBTOR9Y91R99AN2UX9WJB","A12EBGG9P03YCJ","Submitted","Fri May 29 09:38:40 PDT 2020","Fri May 29 09:42:10 PDT 2020","Mon Jun 01 09:42:10 PDT 2020","","","","210","0% (0/0)","0% (0/0)","0% (0/0)","f79d8hswodohm3u18pxs"
"3ODOP6T3ASKFN9UC28AXRHMC63D24E","34NBII25NZIOGJLGY73HHZ47TJY2JF","Reading a passage and responding to questions","You will read a short passage about a person, then answer questions related to the passage.","sentences, decisions, language","$0.40","Fri May 29 06:03:16 PDT 2020","352","BatchId:4058872;OriginalHitTemplateId:920937340;","7200","259200","Fri May 29 10:03:16 PDT 2020","","","3SEPORI8WNZMHTBZQIY3FFE1LCCAZS","A2JDVCEI5BJ0WM","Submitted","Fri May 29 08:45:21 PDT 2020","Fri May 29 09:49:30 PDT 2020","Mon Jun 01 09:49:30 PDT 2020","","","","3849","0% (0/0)","0% (0/0)","0% (0/0)","ru921ejapc1cx7x99paw"
"3ODOP6T3ASKFN9UC28AXRHMC63D24E","34NBII25NZIOGJLGY73HHZ47TJY2JF","Reading a passage and responding to questions","You will read a short passage about a person, then answer questions related to the passage.","sentences, decisions, language","$0.40","Fri May 29 06:03:16 PDT 2020","352","BatchId:4058872;OriginalHitTemplateId:920937340;","7200","259200","Fri May 29 10:03:16 PDT 2020","","","39KFRKBFINVBE7VV4F1223P44ZKYOW","A2LMJJDS7RYAT","Submitted","Fri May 29 09:52:49 PDT 2020","Fri May 29 09:56:37 PDT 2020","Mon Jun 01 09:56:37 PDT 2020","","","","228","0% (0/0)","0% (0/0)","0% (0/0)","y6m0zdx2ejj85tyx1pb8"
"3ODOP6T3ASKFN9UC28AXRHMC63D24E","34NBII25NZIOGJLGY73HHZ47TJY2JF","Reading a passage and responding to questions","You will read a short passage about a person, then answer questions related to the passage.","sentences, decisions, language","$0.40","Fri May 29 06:03:16 PDT 2020","352","BatchId:4058872;OriginalHitTemplateId:920937340;","7200","259200","Fri May 29 10:03:16 PDT 2020","","","3F6KKYWMNB1QYB0S74EBATFYW1BDNQ","A3QQD4LWY6RWGA","Submitted","Fri May 29 10:00:03 PDT 2020","Fri May 29 10:04:09 PDT 2020","Mon Jun 01 10:04:09 PDT 2020","","","","246","0% (0/0)","0% (0/0)","0% (0/0)","3edb83c6fphda4h38mu8"
"3ODOP6T3ASKFN9UC28AXRHMC63D24E","34NBII25NZIOGJLGY73HHZ47TJY2JF","Reading a passage and responding to questions","You will read a short passage about a person, then answer questions related to the passage.","sentences, decisions, language","$0.40","Fri May 29 06:03:16 PDT 2020","352","BatchId:4058872;OriginalHitTemplateId:920937340;","7200","259200","Fri May 29 10:03:16 PDT 2020","","","3UJ1CZ6IZHPSABD40UDEBB1C6JAS5Y","A2LF84L3K71GR2","Submitted","Fri May 29 08:41:35 PDT 2020","Fri May 29 10:30:18 PDT 2020","Mon Jun 01 10:30:18 PDT 2020","","","","6523","0% (0/0)","0% (0/0)","0% (0/0)","m2famccasezywu9ysays"