"HITId","HITTypeId","Title","Description","Keywords","Reward","CreationTime","MaxAssignments","RequesterAnnotation","AssignmentDurationInSeconds","AutoApprovalDelayInSeconds","Expiration","NumberOfSimilarHITs","LifetimeInSeconds","AssignmentId","WorkerId","AssignmentStatus","AcceptTime","SubmitTime","AutoApprovalTime","ApprovalTime","RejectionTime","RequesterFeedback","WorkTimeInSeconds","LifetimeApprovalRate","Last30DaysApprovalRate","Last7DaysApprovalRate","Answer.surveycode","Approve","Reject"
"3VDVA3ILIDFOA450E5CKVN9A43Z1GC","34NBII25NZIOGJLGY73HHZ47TJY2JF","Reading a passage and responding to questions","You will read a short passage about a person, then answer questions related to the passage.","sentences, decisions, language","$0.40","Sat May 30 14:56:28 PDT 2020","352","BatchId:4060598;OriginalHitTemplateId:920937340;","7200","259200","Sat May 30 18:56:28 PDT 2020","","","31IBVUNM9SZ040NX01VS8ACWVLMFVM","A3KGXZ2SLEMLT7","Submitted","Sat May 30 15:09:40 PDT 2020","Sat May 30 15:16:08 PDT 2020","Tue Jun 02 15:16:08 PDT 2020","","","","388","0% (0/0)","0% (0/0)","0% (0/0)","dntvpcmt5z9kpbv57x2g"
"3VDVA3ILIDFOA450E5CKVN9A43Z1GC","34NBII25NZIOGJLGY73HHZ47TJY2JF","Reading a passage and responding to questions","You will read a short passage about a person, then answer questions related to the passage.","sentences, decisions, language","$0.40","Sat May 30 14:56:28 PDT 2020","352","BatchId:4060598;OriginalHitTemplateId:920937340;","7200","259200","Sat May 30 18:56:28 PDT 2020","","","32KTQ2V7RDF8D32BJNU9BI781UI9MA","A2CRTKUQ0S0NXS","Submitted","Sat May 30 15:49:26 PDT 2020","Sat May 30 16:16:50 PDT 2020","Tue Jun 02 16:16:50 PDT 2020","","","","1644","0% (0/0)","0% (0/0)","0% (0/0)","A2CRTKUQ0S0NXS"
"3VDVA3ILIDFOA450E5CKVN9A43Z1GC","34NBII25NZIOGJLGY73HHZ47TJY2JF","Reading a passage and responding to questions","You will read a short passage about a person, then answer questions related to the passage.","sentences, decisions, language","$0.40","Sat May 30 14:56:28 PDT 2020","352","BatchId:4060598;OriginalHitTemplateId:920937340;","7200","259200","Sat May 30 18:56:28 PDT 2020","","","32N49TQG3GI5896PPL90U915Y5IAVD","A3S3G76Q84VRUK","Submitted","Sat May 30 17:36:55 PDT 2020","Sat May 30 17:41:50 PDT 2020","Tue Jun 02 17:41:50 PDT 2020","","","","295","0% (0/0)","0% (0/0)","0% (0/0)","skvry2jrg3ecakwqphhh"
"3VDVA3ILIDFOA450E5CKVN9A43Z1GC","34NBII25NZIOGJLGY73HHZ47TJY2JF","Reading a passage and responding to questions","You will read a short passage about a person, then answer questions related to the passage.","sentences, decisions, language","$0.40","Sat May 30 14:56:28 PDT 2020","352","BatchId:4060598;OriginalHitTemplateId:920937340;","7200","259200","Sat May 30 18:56:28 PDT 2020","","","32UTUBMZ7GWARJBHVZ9WPKLBGNVVBL","A104BGJEV8I35L","Submitted","Sat May 30 15:29:01 PDT 2020","Sat May 30 15:36:19 PDT 2020","Tue Jun 02 15:36:19 PDT 2020","","","","438","0% (0/0)","0% (0/0)","0% (0/0)","seszqzoq3njyekssx2sy"
"3VDVA3ILIDFOA450E5CKVN9A43Z1GC","34NBII25NZIOGJLGY73HHZ47TJY2JF","Reading a passage and responding to questions","You will read a short passage about a person, then answer questions related to the passage.","sentences, decisions, language","$0.40","Sat May 30 14:56:28 PDT 2020","352","BatchId:4060598;OriginalHitTemplateId:920937340;","7200","259200","Sat May 30 18:56:28 PDT 2020","","","32Z9ZLUT1LKPSC56UFXEG3U1F78HOQ","A2B1ER0536RFHF","Submitted","Sat May 30 16:44:51 PDT 2020","Sat May 30 16:54:04 PDT 2020","Tue Jun 02 16:54:04 PDT 2020","","","","553","0% (0/0)","0% (0/0)","0% (0/0)","0t9swawouy7dkh5knt66"
"3VDVA3ILIDFOA450E5CKVN9A43Z1GC","34NBII25NZIOGJLGY73HHZ47TJY2JF","Reading a passage and responding to questions","You will read a short passage about a person, then answer questions related to the passage.","sentences, decisions, language","$0.40","Sat May 30 14:56:28 PDT 2020","352","BatchId:4060598;OriginalHitTemplateId:920937340;","7200","259200","Sat May 30 18:56:28 PDT 2020","","","33PPO7FECVFYKAP1AO1J5LJHB6MIDT","AFX917HRWSQ9R","Submitted","Sat May 30 18:27:54 PDT 2020","Sat May 30 18:33:21 PDT 2020","Tue Jun 02 18:33:21 PDT 2020","","","","327","0% (0/0)","0% (0/0)","0% (0/0)","tv0sdlvs4sp7efc9fzbo"
"3VDVA3ILIDFOA450E5CKVN9A43Z1GC","34NBII25NZIOGJLGY73HHZ47TJY2JF","Reading a passage and responding to questions","You will read a short passage about a person, then answer questions related to the passage.","sentences, decisions, language","$0.40","Sat May 30 14:56:28 PDT 2020","352","BatchId:4060598;OriginalHitTemplateId:920937340;","7200","259200","Sat May 30 18:56:28 PDT 2020","","","345LHZDEDXS5B9I4BGKLBFLGEOBU36","A213I9HS6I20AR","Submitted","Sat May 30 16:04:28 PDT 2020","Sat May 30 16:09:41 PDT 2020","Tue Jun 02 16:09:41 PDT 2020","","","","313","0% (0/0)","0% (0/0)","0% (0/0)","jeq1ec933u1mj90cvfnn"
"3VDVA3ILIDFOA450E5CKVN9A43Z1GC","34NBII25NZIOGJLGY73HHZ47TJY2JF","Reading a passage and responding to questions","You will read a short passage about a person, then answer questions related to the passage.","sentences, decisions, language","$0.40","Sat May 30 14:56:28 PDT 2020","352","BatchId:4060598;OriginalHitTemplateId:920937340;","7200","259200","Sat May 30 18:56:28 PDT 2020","","","34Z02EIMISDUU44ISOCS4L17SYJT0I","ASZK8AX39SQJR","Submitted","Sat May 30 15:44:06 PDT 2020","Sat May 30 15:47:58 PDT 2020","Tue Jun 02 15:47:58 PDT 2020","","","","232","0% (0/0)","0% (0/0)","0% (0/0)","58ezm9xsnjz9qor3n4ep"
"3VDVA3ILIDFOA450E5CKVN9A43Z1GC","34NBII25NZIOGJLGY73HHZ47TJY2JF","Reading a passage and responding to questions","You will read a short passage about a person, then answer questions related to the passage.","sentences, decisions, language","$0.40","Sat May 30 14:56:28 PDT 2020","352","BatchId:4060598;OriginalHitTemplateId:920937340;","7200","259200","Sat May 30 18:56:28 PDT 2020","","","358UUM7WRZ3VW0RA9YS6JLACCRXR78","ALML8V38FDV0","Submitted","Sat May 30 17:09:57 PDT 2020","Sat May 30 17:11:58 PDT 2020","Tue Jun 02 17:11:58 PDT 2020","","","","121","0% (0/0)","0% (0/0)","0% (0/0)","bghtt41yphdngrs6g7cx"
"3VDVA3ILIDFOA450E5CKVN9A43Z1GC","34NBII25NZIOGJLGY73HHZ47TJY2JF","Reading a passage and responding to questions","You will read a short passage about a person, then answer questions related to the passage.","sentences, decisions, language","$0.40","Sat May 30 14:56:28 PDT 2020","352","BatchId:4060598;OriginalHitTemplateId:920937340;","7200","259200","Sat May 30 18:56:28 PDT 2020","","","35GMH2SV3EHD82E44EP8V0XONREEO5","A2B58J84CCUN6U","Submitted","Sat May 30 16:08:40 PDT 2020","Sat May 30 16:15:56 PDT 2020","Tue Jun 02 16:15:56 PDT 2020","","","","436","0% (0/0)","0% (0/0)","0% (0/0)","bh8g26hvubt75o0flpum"
"3VDVA3ILIDFOA450E5CKVN9A43Z1GC","34NBII25NZIOGJLGY73HHZ47TJY2JF","Reading a passage and responding to questions","You will read a short passage about a person, then answer questions related to the passage.","sentences, decisions, language","$0.40","Sat May 30 14:56:28 PDT 2020","352","BatchId:4060598;OriginalHitTemplateId:920937340;","7200","259200","Sat May 30 18:56:28 PDT 2020","","","35K3O9HUABDJ2P1B5B6I86OAVQLEFH","A520RH5Y79R2B","Submitted","Sat May 30 15:36:32 PDT 2020","Sat May 30 15:41:13 PDT 2020","Tue Jun 02 15:41:13 PDT 2020","","","","281","0% (0/0)","0% (0/0)","0% (0/0)","8bmwu06rjm40ugorzrcs"
"3VDVA3ILIDFOA450E5CKVN9A43Z1GC","34NBII25NZIOGJLGY73HHZ47TJY2JF","Reading a passage and responding to questions","You will read a short passage about a person, then answer questions related to the passage.","sentences, decisions, language","$0.40","Sat May 30 14:56:28 PDT 2020","352","BatchId:4060598;OriginalHitTemplateId:920937340;","7200","259200","Sat May 30 18:56:28 PDT 2020","","","369J354OFDAL3A4RADT2E3W9F7W6GM","A2M59R65OZRNNX","Submitted","Sat May 30 15:19:06 PDT 2020","Sat May 30 15:20:53 PDT 2020","Tue Jun 02 15:20:53 PDT 2020","","","","107","0% (0/0)","0% (0/0)","0% (0/0)","xbasem8tex3p50t7xz3q"
"3VDVA3ILIDFOA450E5CKVN9A43Z1GC","34NBII25NZIOGJLGY73HHZ47TJY2JF","Reading a passage and responding to questions","You will read a short passage about a person, then answer questions related to the passage.","sentences, decisions, language","$0.40","Sat May 30 14:56:28 PDT 2020","352","BatchId:4060598;OriginalHitTemplateId:920937340;","7200","259200","Sat May 30 18:56:28 PDT 2020","","","36TFCYNS44ACMLJYV6KAZGLURBBHXT","A2BHHEWR9PRDX8","Submitted","Sat May 30 16:11:23 PDT 2020","Sat May 30 17:29:38 PDT 2020","Tue Jun 02 17:29:38 PDT 2020","","","","4695","100% (1/1)","100% (1/1)","100% (1/1)","x2oa1edboyqr4rqalzga"
"3VDVA3ILIDFOA450E5CKVN9A43Z1GC","34NBII25NZIOGJLGY73HHZ47TJY2JF","Reading a passage and responding to questions","You will read a short passage about a person, then answer questions related to the passage.","sentences, decisions, language","$0.40","Sat May 30 14:56:28 PDT 2020","352","BatchId:4060598;OriginalHitTemplateId:920937340;","7200","259200","Sat May 30 18:56:28 PDT 2020","","","37TD41K0AH9D9WMJF40MPH7MZ41CS4","A36A2OOKFZJ4IQ","Submitted","Sat May 30 15:23:10 PDT 2020","Sat May 30 15:27:37 PDT 2020","Tue Jun 02 15:27:37 PDT 2020","","","","267","0% (0/0)","0% (0/0)","0% (0/0)","dgbkfp48a38ee25ytlyj"
"3VDVA3ILIDFOA450E5CKVN9A43Z1GC","34NBII25NZIOGJLGY73HHZ47TJY2JF","Reading a passage and responding to questions","You will read a short passage about a person, then answer questions related to the passage.","sentences, decisions, language","$0.40","Sat May 30 14:56:28 PDT 2020","352","BatchId:4060598;OriginalHitTemplateId:920937340;","7200","259200","Sat May 30 18:56:28 PDT 2020","","","37WLF8U1WPQQ5W0A04EHCVO2MOI6KU","A1S7WGRS6BVBGW","Submitted","Sat May 30 16:36:38 PDT 2020","Sat May 30 16:40:54 PDT 2020","Tue Jun 02 16:40:54 PDT 2020","","","","256","0% (0/0)","0% (0/0)","0% (0/0)","68zekc6rldbprnj0x6dn"
"3VDVA3ILIDFOA450E5CKVN9A43Z1GC","34NBII25NZIOGJLGY73HHZ47TJY2JF","Reading a passage and responding to questions","You will read a short passage about a person, then answer questions related to the passage.","sentences, decisions, language","$0.40","Sat May 30 14:56:28 PDT 2020","352","BatchId:4060598;OriginalHitTemplateId:920937340;","7200","259200","Sat May 30 18:56:28 PDT 2020","","","39N5ACM9HENEY6ZOB3M1SM136ZXP9Q","A39N76S0KAK3GT","Submitted","Sat May 30 17:11:07 PDT 2020","Sat May 30 17:18:39 PDT 2020","Tue Jun 02 17:18:39 PDT 2020","","","","452","0% (0/0)","0% (0/0)","0% (0/0)","ltnphjkwwepmq7cwpumv"
"3VDVA3ILIDFOA450E5CKVN9A43Z1GC","34NBII25NZIOGJLGY73HHZ47TJY2JF","Reading a passage and responding to questions","You will read a short passage about a person, then answer questions related to the passage.","sentences, decisions, language","$0.40","Sat May 30 14:56:28 PDT 2020","352","BatchId:4060598;OriginalHitTemplateId:920937340;","7200","259200","Sat May 30 18:56:28 PDT 2020","","","39O5D9O87TS9PF14PPZLH9ZA7O7C3H","A1YII2PYADZKBU","Submitted","Sat May 30 16:40:13 PDT 2020","Sat May 30 16:45:32 PDT 2020","Tue Jun 02 16:45:32 PDT 2020","","","","319","0% (0/0)","0% (0/0)","0% (0/0)","z7hspxwrcxdapnpdgvu4"
"3VDVA3ILIDFOA450E5CKVN9A43Z1GC","34NBII25NZIOGJLGY73HHZ47TJY2JF","Reading a passage and responding to questions","You will read a short passage about a person, then answer questions related to the passage.","sentences, decisions, language","$0.40","Sat May 30 14:56:28 PDT 2020","352","BatchId:4060598;OriginalHitTemplateId:920937340;","7200","259200","Sat May 30 18:56:28 PDT 2020","","","3A4NIXBJ76Z3E53K8KXZGRY31O1LML","A1HUHOJYQNDH6F","Submitted","Sat May 30 16:33:19 PDT 2020","Sat May 30 16:41:13 PDT 2020","Tue Jun 02 16:41:13 PDT 2020","","","","474","0% (0/0)","0% (0/0)","0% (0/0)","j120fcjbb6mncsqn5azw"
"3VDVA3ILIDFOA450E5CKVN9A43Z1GC","34NBII25NZIOGJLGY73HHZ47TJY2JF","Reading a passage and responding to questions","You will read a short passage about a person, then answer questions related to the passage.","sentences, decisions, language","$0.40","Sat May 30 14:56:28 PDT 2020","352","BatchId:4060598;OriginalHitTemplateId:920937340;","7200","259200","Sat May 30 18:56:28 PDT 2020","","","3B1NLC6UGZWTDGMWP9SBK3NQACNGP3","AJZ6236J2CGS1","Submitted","Sat May 30 15:45:08 PDT 2020","Sat May 30 15:49:13 PDT 2020","Tue Jun 02 15:49:13 PDT 2020","","","","245","0% (0/0)","0% (0/0)","0% (0/0)","805n6v8m6uetrunaxtr1"
"3VDVA3ILIDFOA450E5CKVN9A43Z1GC","34NBII25NZIOGJLGY73HHZ47TJY2JF","Reading a passage and responding to questions","You will read a short passage about a person, then answer questions related to the passage.","sentences, decisions, language","$0.40","Sat May 30 14:56:28 PDT 2020","352","BatchId:4060598;OriginalHitTemplateId:920937340;","7200","259200","Sat May 30 18:56:28 PDT 2020","","","3BV8HQ2ZZW1KTJROOD1SIHL6HCJA6E","A134VBUS05XZ45","Submitted","Sat May 30 15:22:38 PDT 2020","Sat May 30 15:28:35 PDT 2020","Tue Jun 02 15:28:35 PDT 2020","","","","357","0% (0/0)","0% (0/0)","0% (0/0)","82jw0o0lqg0obsqzt9t0"
"3VDVA3ILIDFOA450E5CKVN9A43Z1GC","34NBII25NZIOGJLGY73HHZ47TJY2JF","Reading a passage and responding to questions","You will read a short passage about a person, then answer questions related to the passage.","sentences, decisions, language","$0.40","Sat May 30 14:56:28 PDT 2020","352","BatchId:4060598;OriginalHitTemplateId:920937340;","7200","259200","Sat May 30 18:56:28 PDT 2020","","","3CN4LGXD5XO7AELDLVMTO5JZOCF4YW","AY44JBBEYIC3E","Submitted","Sat May 30 15:07:44 PDT 2020","Sat May 30 15:11:03 PDT 2020","Tue Jun 02 15:11:03 PDT 2020","","","","199","0% (0/0)","0% (0/0)","0% (0/0)","z1y3y84gcb7txvo125yw"
"3VDVA3ILIDFOA450E5CKVN9A43Z1GC","34NBII25NZIOGJLGY73HHZ47TJY2JF","Reading a passage and responding to questions","You will read a short passage about a person, then answer questions related to the passage.","sentences, decisions, language","$0.40","Sat May 30 14:56:28 PDT 2020","352","BatchId:4060598;OriginalHitTemplateId:920937340;","7200","259200","Sat May 30 18:56:28 PDT 2020","","","3DH6GAKTYYPNDB926OCJI1W8P7UZYF","AY6605D273DW1","Submitted","Sat May 30 18:35:57 PDT 2020","Sat May 30 18:40:31 PDT 2020","Tue Jun 02 18:40:31 PDT 2020","","","","274","0% (0/0)","0% (0/0)","0% (0/0)","x4p6058wj3gefmyzpdvu"
"3VDVA3ILIDFOA450E5CKVN9A43Z1GC","34NBII25NZIOGJLGY73HHZ47TJY2JF","Reading a passage and responding to questions","You will read a short passage about a person, then answer questions related to the passage.","sentences, decisions, language","$0.40","Sat May 30 14:56:28 PDT 2020","352","BatchId:4060598;OriginalHitTemplateId:920937340;","7200","259200","Sat May 30 18:56:28 PDT 2020","","","3DIP6YHAPCSANAROXX0CYE7O8M68ES","A3VSVWMRABTOJZ","Submitted","Sat May 30 15:10:06 PDT 2020","Sat May 30 15:12:48 PDT 2020","Tue Jun 02 15:12:48 PDT 2020","","","","162","0% (0/0)","0% (0/0)","0% (0/0)","4eakjhg5d2fjlx7tkkg3"
"3VDVA3ILIDFOA450E5CKVN9A43Z1GC","34NBII25NZIOGJLGY73HHZ47TJY2JF","Reading a passage and responding to questions","You will read a short passage about a person, then answer questions related to the passage.","sentences, decisions, language","$0.40","Sat May 30 14:56:28 PDT 2020","352","BatchId:4060598;OriginalHitTemplateId:920937340;","7200","259200","Sat May 30 18:56:28 PDT 2020","","","3E4GGUZ1T8R2NVH9D22EMI7Q6JHK2S","ATOQD8DV6NYI7","Submitted","Sat May 30 17:12:09 PDT 2020","Sat May 30 17:20:57 PDT 2020","Tue Jun 02 17:20:57 PDT 2020","","","","528","0% (0/0)","0% (0/0)","0% (0/0)","bz4okeqj9sr4414kmn7z"
"3VDVA3ILIDFOA450E5CKVN9A43Z1GC","34NBII25NZIOGJLGY73HHZ47TJY2JF","Reading a passage and responding to questions","You will read a short passage about a person, then answer questions related to the passage.","sentences, decisions, language","$0.40","Sat May 30 14:56:28 PDT 2020","352","BatchId:4060598;OriginalHitTemplateId:920937340;","7200","259200","Sat May 30 18:56:28 PDT 2020","","","3EKVH9QMEY4U9PBZLLGRI5C0MAN2D0","A18HS7NHACVPJ","Submitted","Sat May 30 17:50:47 PDT 2020","Sat May 30 17:59:20 PDT 2020","Tue Jun 02 17:59:20 PDT 2020","","","","513","0% (0/0)","0% (0/0)","0% (0/0)","y8c6hr7ragslouj6zyot"
"3VDVA3ILIDFOA450E5CKVN9A43Z1GC","34NBII25NZIOGJLGY73HHZ47TJY2JF","Reading a passage and responding to questions","You will read a short passage about a person, then answer questions related to the passage.","sentences, decisions, language","$0.40","Sat May 30 14:56:28 PDT 2020","352","BatchId:4060598;OriginalHitTemplateId:920937340;","7200","259200","Sat May 30 18:56:28 PDT 2020","","","3FE2ERCCZX8H5T3UDS5JPCWS1YKPO5","A1CD7O60QAQQRT","Submitted","Sat May 30 17:31:13 PDT 2020","Sat May 30 17:44:45 PDT 2020","Tue Jun 02 17:44:45 PDT 2020","","","","812","0% (0/0)","0% (0/0)","0% (0/0)","4n7xcpetkfhdd9reycz3"
"3VDVA3ILIDFOA450E5CKVN9A43Z1GC","34NBII25NZIOGJLGY73HHZ47TJY2JF","Reading a passage and responding to questions","You will read a short passage about a person, then answer questions related to the passage.","sentences, decisions, language","$0.40","Sat May 30 14:56:28 PDT 2020","352","BatchId:4060598;OriginalHitTemplateId:920937340;","7200","259200","Sat May 30 18:56:28 PDT 2020","","","3FQ5JJ512LOYCH62ZL0YE6AOHE1KNC","A1S88VQY8G8CNC","Submitted","Sat May 30 15:09:58 PDT 2020","Sat May 30 15:16:45 PDT 2020","Tue Jun 02 15:16:45 PDT 2020","","","","407","0% (0/0)","0% (0/0)","0% (0/0)","x934l8c091rhs1r5r2ze"
"3VDVA3ILIDFOA450E5CKVN9A43Z1GC","34NBII25NZIOGJLGY73HHZ47TJY2JF","Reading a passage and responding to questions","You will read a short passage about a person, then answer questions related to the passage.","sentences, decisions, language","$0.40","Sat May 30 14:56:28 PDT 2020","352","BatchId:4060598;OriginalHitTemplateId:920937340;","7200","259200","Sat May 30 18:56:28 PDT 2020","","","3G0WWMR1UVKKNK4XCQKVASMXGKSNQ6","A2TDK0LD62WZ8Y","Submitted","Sat May 30 14:58:57 PDT 2020","Sat May 30 16:42:55 PDT 2020","Tue Jun 02 16:42:55 PDT 2020","","","","6238","0% (0/0)","0% (0/0)","0% (0/0)","dyou2keq1xyed82zlp7y"
"3VDVA3ILIDFOA450E5CKVN9A43Z1GC","34NBII25NZIOGJLGY73HHZ47TJY2JF","Reading a passage and responding to questions","You will read a short passage about a person, then answer questions related to the passage.","sentences, decisions, language","$0.40","Sat May 30 14:56:28 PDT 2020","352","BatchId:4060598;OriginalHitTemplateId:920937340;","7200","259200","Sat May 30 18:56:28 PDT 2020","","","3HPZF4IVNMTA5IYSEASB73VNGPXYC4","A3DXLNAW0VJXBR","Submitted","Sat May 30 15:29:48 PDT 2020","Sat May 30 15:45:51 PDT 2020","Tue Jun 02 15:45:51 PDT 2020","","","","963","0% (0/0)","0% (0/0)","0% (0/0)","7fkqputkwwndg72e5fz5"
"3VDVA3ILIDFOA450E5CKVN9A43Z1GC","34NBII25NZIOGJLGY73HHZ47TJY2JF","Reading a passage and responding to questions","You will read a short passage about a person, then answer questions related to the passage.","sentences, decisions, language","$0.40","Sat May 30 14:56:28 PDT 2020","352","BatchId:4060598;OriginalHitTemplateId:920937340;","7200","259200","Sat May 30 18:56:28 PDT 2020","","","3HRMW88U16QQH9EYJRBGI76FYQLM08","A1TZP0563TMGLK","Submitted","Sat May 30 15:15:20 PDT 2020","Sat May 30 15:20:27 PDT 2020","Tue Jun 02 15:20:27 PDT 2020","","","","307","0% (0/0)","0% (0/0)","0% (0/0)","tkt1bl218o4xugp2lv7r"
"3VDVA3ILIDFOA450E5CKVN9A43Z1GC","34NBII25NZIOGJLGY73HHZ47TJY2JF","Reading a passage and responding to questions","You will read a short passage about a person, then answer questions related to the passage.","sentences, decisions, language","$0.40","Sat May 30 14:56:28 PDT 2020","352","BatchId:4060598;OriginalHitTemplateId:920937340;","7200","259200","Sat May 30 18:56:28 PDT 2020","","","3IAS3U3I0FG1USDF7PPLNFO0JP52BN","A10B085VKZYQJB","Submitted","Sat May 30 16:07:19 PDT 2020","Sat May 30 16:14:00 PDT 2020","Tue Jun 02 16:14:00 PDT 2020","","","","401","0% (0/0)","0% (0/0)","0% (0/0)","hz2870b2rk5h00ubknyv"
"3VDVA3ILIDFOA450E5CKVN9A43Z1GC","34NBII25NZIOGJLGY73HHZ47TJY2JF","Reading a passage and responding to questions","You will read a short passage about a person, then answer questions related to the passage.","sentences, decisions, language","$0.40","Sat May 30 14:56:28 PDT 2020","352","BatchId:4060598;OriginalHitTemplateId:920937340;","7200","259200","Sat May 30 18:56:28 PDT 2020","","","3IUZPWIU1O7OZBFGRMRLAPNFAQDWKN","A2752O3APH9E8J","Submitted","Sat May 30 17:26:56 PDT 2020","Sat May 30 17:32:10 PDT 2020","Tue Jun 02 17:32:10 PDT 2020","","","","314","0% (0/0)","0% (0/0)","0% (0/0)","1dvouvn8z9ukvqqq05pw"
"3VDVA3ILIDFOA450E5CKVN9A43Z1GC","34NBII25NZIOGJLGY73HHZ47TJY2JF","Reading a passage and responding to questions","You will read a short passage about a person, then answer questions related to the passage.","sentences, decisions, language","$0.40","Sat May 30 14:56:28 PDT 2020","352","BatchId:4060598;OriginalHitTemplateId:920937340;","7200","259200","Sat May 30 18:56:28 PDT 2020","","","3J4Q2Z4UTY3AAEDB4RBI6BZO9W1WQB","A20EL8L0LY9X31","Submitted","Sat May 30 16:22:33 PDT 2020","Sat May 30 16:27:51 PDT 2020","Tue Jun 02 16:27:51 PDT 2020","","","","318","0% (0/0)","0% (0/0)","0% (0/0)","25nrk4cso3g7yf31nyjs"
"3VDVA3ILIDFOA450E5CKVN9A43Z1GC","34NBII25NZIOGJLGY73HHZ47TJY2JF","Reading a passage and responding to questions","You will read a short passage about a person, then answer questions related to the passage.","sentences, decisions, language","$0.40","Sat May 30 14:56:28 PDT 2020","352","BatchId:4060598;OriginalHitTemplateId:920937340;","7200","259200","Sat May 30 18:56:28 PDT 2020","","","3JNQLM5FT4MD71ZRY2EF1IK5VJI2L9","A36SZAY64PYJT0","Submitted","Sat May 30 15:53:52 PDT 2020","Sat May 30 16:00:03 PDT 2020","Tue Jun 02 16:00:03 PDT 2020","","","","371","0% (0/0)","0% (0/0)","0% (0/0)","37tcz5mpqjbr5cvyepqq"
"3VDVA3ILIDFOA450E5CKVN9A43Z1GC","34NBII25NZIOGJLGY73HHZ47TJY2JF","Reading a passage and responding to questions","You will read a short passage about a person, then answer questions related to the passage.","sentences, decisions, language","$0.40","Sat May 30 14:56:28 PDT 2020","352","BatchId:4060598;OriginalHitTemplateId:920937340;","7200","259200","Sat May 30 18:56:28 PDT 2020","","","3L2IS5HSFAICFDBETZ40KTJMJ50UNK","A2POBVGWD97CVX","Submitted","Sat May 30 15:37:17 PDT 2020","Sat May 30 15:43:12 PDT 2020","Tue Jun 02 15:43:12 PDT 2020","","","","355","0% (0/0)","0% (0/0)","0% (0/0)","e917e5wtfadm6xv75fec"
"3VDVA3ILIDFOA450E5CKVN9A43Z1GC","34NBII25NZIOGJLGY73HHZ47TJY2JF","Reading a passage and responding to questions","You will read a short passage about a person, then answer questions related to the passage.","sentences, decisions, language","$0.40","Sat May 30 14:56:28 PDT 2020","352","BatchId:4060598;OriginalHitTemplateId:920937340;","7200","259200","Sat May 30 18:56:28 PDT 2020","","","3L4PIM1GQTGEBKNBW7I6WYU9GQYRY1","A1DDBGQDMZZ1VW","Submitted","Sat May 30 15:05:49 PDT 2020","Sat May 30 15:21:17 PDT 2020","Tue Jun 02 15:21:17 PDT 2020","","","","928","0% (0/0)","0% (0/0)","0% (0/0)","2tayqn7edtoubon5u94m"
"3VDVA3ILIDFOA450E5CKVN9A43Z1GC","34NBII25NZIOGJLGY73HHZ47TJY2JF","Reading a passage and responding to questions","You will read a short passage about a person, then answer questions related to the passage.","sentences, decisions, language","$0.40","Sat May 30 14:56:28 PDT 2020","352","BatchId:4060598;OriginalHitTemplateId:920937340;","7200","259200","Sat May 30 18:56:28 PDT 2020","","","3LEP4MGT3G0OX2BV4E92JYF4GGWDB9","A284VY28NVC7T","Submitted","Sat May 30 16:45:28 PDT 2020","Sat May 30 17:10:02 PDT 2020","Tue Jun 02 17:10:02 PDT 2020","","","","1474","0% (0/0)","0% (0/0)","0% (0/0)","plfsl41jluy24yun5kx8"
"3VDVA3ILIDFOA450E5CKVN9A43Z1GC","34NBII25NZIOGJLGY73HHZ47TJY2JF","Reading a passage and responding to questions","You will read a short passage about a person, then answer questions related to the passage.","sentences, decisions, language","$0.40","Sat May 30 14:56:28 PDT 2020","352","BatchId:4060598;OriginalHitTemplateId:920937340;","7200","259200","Sat May 30 18:56:28 PDT 2020","","","3LKC68YZ3A37P20VPEJEH64OUVKOWW","A1GK1IUWESBR20","Submitted","Sat May 30 16:35:13 PDT 2020","Sat May 30 16:44:55 PDT 2020","Tue Jun 02 16:44:55 PDT 2020","","","","582","0% (0/0)","0% (0/0)","0% (0/0)","ybe2dczczhds9zdyjwd0"
"3VDVA3ILIDFOA450E5CKVN9A43Z1GC","34NBII25NZIOGJLGY73HHZ47TJY2JF","Reading a passage and responding to questions","You will read a short passage about a person, then answer questions related to the passage.","sentences, decisions, language","$0.40","Sat May 30 14:56:28 PDT 2020","352","BatchId:4060598;OriginalHitTemplateId:920937340;","7200","259200","Sat May 30 18:56:28 PDT 2020","","","3M0BCWMB8VWN68BML9ESBM4PNW1BWF","A3QIF1QB51DLTS","Submitted","Sat May 30 16:32:34 PDT 2020","Sat May 30 16:40:00 PDT 2020","Tue Jun 02 16:40:00 PDT 2020","","","","446","0% (0/0)","0% (0/0)","0% (0/0)","rramaz3zmk3u68ahn341"
"3VDVA3ILIDFOA450E5CKVN9A43Z1GC","34NBII25NZIOGJLGY73HHZ47TJY2JF","Reading a passage and responding to questions","You will read a short passage about a person, then answer questions related to the passage.","sentences, decisions, language","$0.40","Sat May 30 14:56:28 PDT 2020","352","BatchId:4060598;OriginalHitTemplateId:920937340;","7200","259200","Sat May 30 18:56:28 PDT 2020","","","3M0NZ3JDP1YPBNZIVM7M74YFU2EZ5N","AE3UIIVPOCINN","Submitted","Sat May 30 15:17:03 PDT 2020","Sat May 30 15:21:41 PDT 2020","Tue Jun 02 15:21:41 PDT 2020","","","","278","0% (0/0)","0% (0/0)","0% (0/0)","56v520y399j57rtzfc2d"
"3VDVA3ILIDFOA450E5CKVN9A43Z1GC","34NBII25NZIOGJLGY73HHZ47TJY2JF","Reading a passage and responding to questions","You will read a short passage about a person, then answer questions related to the passage.","sentences, decisions, language","$0.40","Sat May 30 14:56:28 PDT 2020","352","BatchId:4060598;OriginalHitTemplateId:920937340;","7200","259200","Sat May 30 18:56:28 PDT 2020","","","3MTMREQS4VIINY6UFVEWGBKJ5EGAWJ","A2W2TGHYWXC9QO","Submitted","Sat May 30 16:29:10 PDT 2020","Sat May 30 16:33:51 PDT 2020","Tue Jun 02 16:33:51 PDT 2020","","","","281","0% (0/0)","0% (0/0)","0% (0/0)","sq4jfgvhj9g1pa5mh05u"
"3VDVA3ILIDFOA450E5CKVN9A43Z1GC","34NBII25NZIOGJLGY73HHZ47TJY2JF","Reading a passage and responding to questions","You will read a short passage about a person, then answer questions related to the passage.","sentences, decisions, language","$0.40","Sat May 30 14:56:28 PDT 2020","352","BatchId:4060598;OriginalHitTemplateId:920937340;","7200","259200","Sat May 30 18:56:28 PDT 2020","","","3OHYZ19UGC5AIPXSO9NMZH7X2CFOAJ","AQ8BLRK6S9LLK","Submitted","Sat May 30 16:01:24 PDT 2020","Sat May 30 16:09:02 PDT 2020","Tue Jun 02 16:09:02 PDT 2020","","","","458","0% (0/0)","0% (0/0)","0% (0/0)","14rl96qvd0kaojnu91wl"
"3VDVA3ILIDFOA450E5CKVN9A43Z1GC","34NBII25NZIOGJLGY73HHZ47TJY2JF","Reading a passage and responding to questions","You will read a short passage about a person, then answer questions related to the passage.","sentences, decisions, language","$0.40","Sat May 30 14:56:28 PDT 2020","352","BatchId:4060598;OriginalHitTemplateId:920937340;","7200","259200","Sat May 30 18:56:28 PDT 2020","","","3PS7W85Z8Z2CQYSVSKVLXW20V2NT94","ABNCDY0BRX2MI","Submitted","Sat May 30 18:40:24 PDT 2020","Sat May 30 18:45:04 PDT 2020","Tue Jun 02 18:45:04 PDT 2020","","","","280","0% (0/0)","0% (0/0)","0% (0/0)","dfsl95vfdvx5r260qob6"
"3VDVA3ILIDFOA450E5CKVN9A43Z1GC","34NBII25NZIOGJLGY73HHZ47TJY2JF","Reading a passage and responding to questions","You will read a short passage about a person, then answer questions related to the passage.","sentences, decisions, language","$0.40","Sat May 30 14:56:28 PDT 2020","352","BatchId:4060598;OriginalHitTemplateId:920937340;","7200","259200","Sat May 30 18:56:28 PDT 2020","","","3PXX5PX6LXYQZV8JK4I0TX7YVDXAB2","AIVSXBWJ68ILW","Submitted","Sat May 30 16:08:11 PDT 2020","Sat May 30 16:13:44 PDT 2020","Tue Jun 02 16:13:44 PDT 2020","","","","333","0% (0/0)","0% (0/0)","0% (0/0)","e77o4putqlujl9kmas05"
"3VDVA3ILIDFOA450E5CKVN9A43Z1GC","34NBII25NZIOGJLGY73HHZ47TJY2JF","Reading a passage and responding to questions","You will read a short passage about a person, then answer questions related to the passage.","sentences, decisions, language","$0.40","Sat May 30 14:56:28 PDT 2020","352","BatchId:4060598;OriginalHitTemplateId:920937340;","7200","259200","Sat May 30 18:56:28 PDT 2020","","","3S0TNUHWKTI5V4DO12PSSWP38ABD8A","A359S477C2ZWER","Submitted","Sat May 30 16:45:23 PDT 2020","Sat May 30 16:51:50 PDT 2020","Tue Jun 02 16:51:50 PDT 2020","","","","387","0% (0/0)","0% (0/0)","0% (0/0)","4rkn390eb5ejxymkl0lv"
"3VDVA3ILIDFOA450E5CKVN9A43Z1GC","34NBII25NZIOGJLGY73HHZ47TJY2JF","Reading a passage and responding to questions","You will read a short passage about a person, then answer questions related to the passage.","sentences, decisions, language","$0.40","Sat May 30 14:56:28 PDT 2020","352","BatchId:4060598;OriginalHitTemplateId:920937340;","7200","259200","Sat May 30 18:56:28 PDT 2020","","","3TAYZSBPLL80BEUHIBBGD4Y0NDO2SL","ARAAV1GIBXYWO","Submitted","Sat May 30 15:24:24 PDT 2020","Sat May 30 15:28:16 PDT 2020","Tue Jun 02 15:28:16 PDT 2020","","","","232","0% (0/0)","0% (0/0)","0% (0/0)","e5wvz0tbfh6phmeyn8xb"
"3VDVA3ILIDFOA450E5CKVN9A43Z1GC","34NBII25NZIOGJLGY73HHZ47TJY2JF","Reading a passage and responding to questions","You will read a short passage about a person, then answer questions related to the passage.","sentences, decisions, language","$0.40","Sat May 30 14:56:28 PDT 2020","352","BatchId:4060598;OriginalHitTemplateId:920937340;","7200","259200","Sat May 30 18:56:28 PDT 2020","","","3TEM0PF1Q5XNDF8L6YCDZHJLPCT0D4","A2LPJSFC48RIKB","Submitted","Sat May 30 15:00:03 PDT 2020","Sat May 30 15:05:53 PDT 2020","Tue Jun 02 15:05:53 PDT 2020","","","","350","0% (0/0)","0% (0/0)","0% (0/0)","uzffnd64e9j0z1x21pb2"
"3VDVA3ILIDFOA450E5CKVN9A43Z1GC","34NBII25NZIOGJLGY73HHZ47TJY2JF","Reading a passage and responding to questions","You will read a short passage about a person, then answer questions related to the passage.","sentences, decisions, language","$0.40","Sat May 30 14:56:28 PDT 2020","352","BatchId:4060598;OriginalHitTemplateId:920937340;","7200","259200","Sat May 30 18:56:28 PDT 2020","","","3UWN2HHPUY5W00JA4U905S1YY8DNSV","A12YM9AWOOYA5P","Submitted","Sat May 30 15:00:18 PDT 2020","Sat May 30 15:09:52 PDT 2020","Tue Jun 02 15:09:52 PDT 2020","","","","574","0% (0/0)","0% (0/0)","0% (0/0)","rqznavb1xwn3uf4snl0u"
"3VDVA3ILIDFOA450E5CKVN9A43Z1GC","34NBII25NZIOGJLGY73HHZ47TJY2JF","Reading a passage and responding to questions","You will read a short passage about a person, then answer questions related to the passage.","sentences, decisions, language","$0.40","Sat May 30 14:56:28 PDT 2020","352","BatchId:4060598;OriginalHitTemplateId:920937340;","7200","259200","Sat May 30 18:56:28 PDT 2020","","","3V5Q80FXIXRWRX92SWAF5WQOVXS23W","A2YOOPDDXYB8F2","Submitted","Sat May 30 16:06:49 PDT 2020","Sat May 30 16:10:12 PDT 2020","Tue Jun 02 16:10:12 PDT 2020","","","","203","0% (0/0)","0% (0/0)","0% (0/0)","7v20yc58pza9g49f4o0w"
"3VDVA3ILIDFOA450E5CKVN9A43Z1GC","34NBII25NZIOGJLGY73HHZ47TJY2JF","Reading a passage and responding to questions","You will read a short passage about a person, then answer questions related to the passage.","sentences, decisions, language","$0.40","Sat May 30 14:56:28 PDT 2020","352","BatchId:4060598;OriginalHitTemplateId:920937340;","7200","259200","Sat May 30 18:56:28 PDT 2020","","","3VFJCI1K4ZZEPT2B21W0PYN5BUMRGH","A3H23IA2R0AKX9","Submitted","Sat May 30 18:47:21 PDT 2020","Sat May 30 18:51:14 PDT 2020","Tue Jun 02 18:51:14 PDT 2020","","","","233","0% (0/0)","0% (0/0)","0% (0/0)","gt1eaw6hvm2nl382q929"
"3VDVA3ILIDFOA450E5CKVN9A43Z1GC","34NBII25NZIOGJLGY73HHZ47TJY2JF","Reading a passage and responding to questions","You will read a short passage about a person, then answer questions related to the passage.","sentences, decisions, language","$0.40","Sat May 30 14:56:28 PDT 2020","352","BatchId:4060598;OriginalHitTemplateId:920937340;","7200","259200","Sat May 30 18:56:28 PDT 2020","","","3W8CV64QJ2ZMLP10SQEWJDZCK8G9HY","A1X6N7VH0PP69T","Submitted","Sat May 30 15:05:41 PDT 2020","Sat May 30 15:10:21 PDT 2020","Tue Jun 02 15:10:21 PDT 2020","","","","280","0% (0/0)","0% (0/0)","0% (0/0)","7sgj09l1njjdeugfke6c"
"3VDVA3ILIDFOA450E5CKVN9A43Z1GC","34NBII25NZIOGJLGY73HHZ47TJY2JF","Reading a passage and responding to questions","You will read a short passage about a person, then answer questions related to the passage.","sentences, decisions, language","$0.40","Sat May 30 14:56:28 PDT 2020","352","BatchId:4060598;OriginalHitTemplateId:920937340;","7200","259200","Sat May 30 18:56:28 PDT 2020","","","3WETL7AQWT8OQUSPAFCD33T0F7L532","A7QXQUT7777JN","Submitted","Sat May 30 16:43:26 PDT 2020","Sat May 30 16:58:27 PDT 2020","Tue Jun 02 16:58:27 PDT 2020","","","","901","0% (0/0)","0% (0/0)","0% (0/0)","me05s0zblomh5tqydzmc"
"3VDVA3ILIDFOA450E5CKVN9A43Z1GC","34NBII25NZIOGJLGY73HHZ47TJY2JF","Reading a passage and responding to questions","You will read a short passage about a person, then answer questions related to the passage.","sentences, decisions, language","$0.40","Sat May 30 14:56:28 PDT 2020","352","BatchId:4060598;OriginalHitTemplateId:920937340;","7200","259200","Sat May 30 18:56:28 PDT 2020","","","3WI0P0II61SBD9SK0BVSJDK8Y2VDRI","A3CXNE0HSF1RV4","Submitted","Sat May 30 15:41:25 PDT 2020","Sat May 30 15:51:59 PDT 2020","Tue Jun 02 15:51:59 PDT 2020","","","","634","0% (0/0)","0% (0/0)","0% (0/0)","lkfdy62rznb6bnkug7v1"
"3VDVA3ILIDFOA450E5CKVN9A43Z1GC","34NBII25NZIOGJLGY73HHZ47TJY2JF","Reading a passage and responding to questions","You will read a short passage about a person, then answer questions related to the passage.","sentences, decisions, language","$0.40","Sat May 30 14:56:28 PDT 2020","352","BatchId:4060598;OriginalHitTemplateId:920937340;","7200","259200","Sat May 30 18:56:28 PDT 2020","","","3X31TUMD7XM6IGHVFYE1WZA03DCL1J","AKZUP3VY594E8","Submitted","Sat May 30 18:10:31 PDT 2020","Sat May 30 18:42:00 PDT 2020","Tue Jun 02 18:42:00 PDT 2020","","","","1889","0% (0/0)","0% (0/0)","0% (0/0)","fm3qjukgxdpj6w3hjy6g"
"3VDVA3ILIDFOA450E5CKVN9A43Z1GC","34NBII25NZIOGJLGY73HHZ47TJY2JF","Reading a passage and responding to questions","You will read a short passage about a person, then answer questions related to the passage.","sentences, decisions, language","$0.40","Sat May 30 14:56:28 PDT 2020","352","BatchId:4060598;OriginalHitTemplateId:920937340;","7200","259200","Sat May 30 18:56:28 PDT 2020","","","3XM0HYN6NKZVT2Q5JE2NK02EXW6EPI","A2VRSQ7TZL5W2Y","Submitted","Sat May 30 15:06:28 PDT 2020","Sat May 30 15:12:14 PDT 2020","Tue Jun 02 15:12:14 PDT 2020","","","","346","0% (0/0)","0% (0/0)","0% (0/0)","ehaekoz05uzzduzq5bhd"
"3VDVA3ILIDFOA450E5CKVN9A43Z1GC","34NBII25NZIOGJLGY73HHZ47TJY2JF","Reading a passage and responding to questions","You will read a short passage about a person, then answer questions related to the passage.","sentences, decisions, language","$0.40","Sat May 30 14:56:28 PDT 2020","352","BatchId:4060598;OriginalHitTemplateId:920937340;","7200","259200","Sat May 30 18:56:28 PDT 2020","","","3Z2R0DQ0JHEZ1VPZHGRBONULMMGE2X","A2FNP6W0XHBVNV","Submitted","Sat May 30 15:43:04 PDT 2020","Sat May 30 15:47:01 PDT 2020","Tue Jun 02 15:47:01 PDT 2020","","","","237","0% (0/0)","0% (0/0)","0% (0/0)","ncx18x6x8jhgze1zw18o"
"3VDVA3ILIDFOA450E5CKVN9A43Z1GC","34NBII25NZIOGJLGY73HHZ47TJY2JF","Reading a passage and responding to questions","You will read a short passage about a person, then answer questions related to the passage.","sentences, decisions, language","$0.40","Sat May 30 14:56:28 PDT 2020","352","BatchId:4060598;OriginalHitTemplateId:920937340;","7200","259200","Sat May 30 18:56:28 PDT 2020","","","3ZSANO2JCF7KC86T66QNXNSPWHSSFU","A2AUWJID685SLY","Submitted","Sat May 30 15:12:22 PDT 2020","Sat May 30 15:22:36 PDT 2020","Tue Jun 02 15:22:36 PDT 2020","","","","614","0% (0/0)","0% (0/0)","0% (0/0)","52v7xyhsv9acp912b527"
"3VDVA3ILIDFOA450E5CKVN9A43Z1GC","34NBII25NZIOGJLGY73HHZ47TJY2JF","Reading a passage and responding to questions","You will read a short passage about a person, then answer questions related to the passage.","sentences, decisions, language","$0.40","Sat May 30 14:56:28 PDT 2020","352","BatchId:4060598;OriginalHitTemplateId:920937340;","7200","259200","Sat May 30 18:56:28 PDT 2020","","","3ZSY5X72NXB2H6J9QK98U7W72G9ORX","A1OSG7L1EY99B5","Submitted","Sat May 30 17:45:36 PDT 2020","Sat May 30 17:56:34 PDT 2020","Tue Jun 02 17:56:34 PDT 2020","","","","658","0% (0/0)","0% (0/0)","0% (0/0)","aacgdhw51crtaa2hgv57"