"HITId","HITTypeId","Title","Description","Keywords","Reward","CreationTime","MaxAssignments","RequesterAnnotation","AssignmentDurationInSeconds","AutoApprovalDelayInSeconds","Expiration","NumberOfSimilarHITs","LifetimeInSeconds","AssignmentId","WorkerId","AssignmentStatus","AcceptTime","SubmitTime","AutoApprovalTime","ApprovalTime","RejectionTime","RequesterFeedback","WorkTimeInSeconds","LifetimeApprovalRate","Last30DaysApprovalRate","Last7DaysApprovalRate","Answer.surveycode","Approve","Reject"
"3D5G8J4N5A481L745JVG1UVFIN0VTX","32KI9HN0SH8Q5EEER27HJI3DITGU1K","Reading a passage and responding to questions","You will read a short passage about a person, then answer questions related to the passage.","sentences, decisions, language","$0.40","Wed May 20 06:10:57 PDT 2020","352","BatchId:4045598;OriginalHitTemplateId:920937340;","7200","172800","Wed May 20 10:10:57 PDT 2020","","","31JLPPHS2UUAY4Y7FU8CC9TRV2I3OW","A1KOHXO0BIQB8T","Submitted","Wed May 20 06:17:23 PDT 2020","Wed May 20 06:23:02 PDT 2020","Fri May 22 06:23:02 PDT 2020","","","","339","100% (1/1)","0% (0/0)","0% (0/0)","hrv0ff1yhwqogxt40xj3"
"3D5G8J4N5A481L745JVG1UVFIN0VTX","32KI9HN0SH8Q5EEER27HJI3DITGU1K","Reading a passage and responding to questions","You will read a short passage about a person, then answer questions related to the passage.","sentences, decisions, language","$0.40","Wed May 20 06:10:57 PDT 2020","352","BatchId:4045598;OriginalHitTemplateId:920937340;","7200","172800","Wed May 20 10:10:57 PDT 2020","","","32AT8R96GL99VQ3J1VLMJNTS544SUP","A2VR26FH6ZRMWF","Submitted","Wed May 20 06:13:31 PDT 2020","Wed May 20 06:17:52 PDT 2020","Fri May 22 06:17:52 PDT 2020","","","","261","0% (0/0)","0% (0/0)","0% (0/0)","kv0o39huy9o3u5ud14ns"
"3D5G8J4N5A481L745JVG1UVFIN0VTX","32KI9HN0SH8Q5EEER27HJI3DITGU1K","Reading a passage and responding to questions","You will read a short passage about a person, then answer questions related to the passage.","sentences, decisions, language","$0.40","Wed May 20 06:10:57 PDT 2020","352","BatchId:4045598;OriginalHitTemplateId:920937340;","7200","172800","Wed May 20 10:10:57 PDT 2020","","","32Z9ZLUT1LKPSC56UFXEG3U1E71HOI","A13P6LC1SFXYGS","Submitted","Wed May 20 06:24:48 PDT 2020","Wed May 20 06:29:16 PDT 2020","Fri May 22 06:29:16 PDT 2020","","","","268","0% (0/0)","0% (0/0)","0% (0/0)","ph2odkpka6gh8jtjwteh"
"3D5G8J4N5A481L745JVG1UVFIN0VTX","32KI9HN0SH8Q5EEER27HJI3DITGU1K","Reading a passage and responding to questions","You will read a short passage about a person, then answer questions related to the passage.","sentences, decisions, language","$0.40","Wed May 20 06:10:57 PDT 2020","352","BatchId:4045598;OriginalHitTemplateId:920937340;","7200","172800","Wed May 20 10:10:57 PDT 2020","","","333U7HK6I9FUFL97S6MJHMYHNLHJDB","A3DV358DJ6OC9","Submitted","Wed May 20 09:17:30 PDT 2020","Wed May 20 09:23:01 PDT 2020","Fri May 22 09:23:01 PDT 2020","","","","331","0% (0/0)","0% (0/0)","0% (0/0)","qb5x7hf32uzyps08ojd8"
"3D5G8J4N5A481L745JVG1UVFIN0VTX","32KI9HN0SH8Q5EEER27HJI3DITGU1K","Reading a passage and responding to questions","You will read a short passage about a person, then answer questions related to the passage.","sentences, decisions, language","$0.40","Wed May 20 06:10:57 PDT 2020","352","BatchId:4045598;OriginalHitTemplateId:920937340;","7200","172800","Wed May 20 10:10:57 PDT 2020","","","33CID57104T2SJVA22SKKSPX0XRL3B","AN7VKUM6J7KMS","Submitted","Wed May 20 08:34:55 PDT 2020","Wed May 20 08:39:15 PDT 2020","Fri May 22 08:39:15 PDT 2020","","","","260","0% (0/0)","0% (0/0)","0% (0/0)","cofuz8haacdgcxh22sa5"
"3D5G8J4N5A481L745JVG1UVFIN0VTX","32KI9HN0SH8Q5EEER27HJI3DITGU1K","Reading a passage and responding to questions","You will read a short passage about a person, then answer questions related to the passage.","sentences, decisions, language","$0.40","Wed May 20 06:10:57 PDT 2020","352","BatchId:4045598;OriginalHitTemplateId:920937340;","7200","172800","Wed May 20 10:10:57 PDT 2020","","","33SA9F9TRXULDBN6V0GICUAAPT7EWA","A2YYQJ3JWA2KGD","Submitted","Wed May 20 06:17:17 PDT 2020","Wed May 20 06:28:12 PDT 2020","Fri May 22 06:28:12 PDT 2020","","","","655","0% (0/0)","0% (0/0)","0% (0/0)","3657yc2fz36qy1q5vquk"
"3D5G8J4N5A481L745JVG1UVFIN0VTX","32KI9HN0SH8Q5EEER27HJI3DITGU1K","Reading a passage and responding to questions","You will read a short passage about a person, then answer questions related to the passage.","sentences, decisions, language","$0.40","Wed May 20 06:10:57 PDT 2020","352","BatchId:4045598;OriginalHitTemplateId:920937340;","7200","172800","Wed May 20 10:10:57 PDT 2020","","","345LHZDEDXS5B9I4BGKLBFLGDOJ3UM","AQHEEO7JB561O","Submitted","Wed May 20 08:19:45 PDT 2020","Wed May 20 10:13:43 PDT 2020","Fri May 22 10:13:43 PDT 2020","","","","6838","0% (0/0)","0% (0/0)","0% (0/0)","ng8lqozlcq16z22ly892"
"3D5G8J4N5A481L745JVG1UVFIN0VTX","32KI9HN0SH8Q5EEER27HJI3DITGU1K","Reading a passage and responding to questions","You will read a short passage about a person, then answer questions related to the passage.","sentences, decisions, language","$0.40","Wed May 20 06:10:57 PDT 2020","352","BatchId:4045598;OriginalHitTemplateId:920937340;","7200","172800","Wed May 20 10:10:57 PDT 2020","","","34BBWHLWHABXTGPSRJ69X982HMWIW5","AHPPIA1JHS6RC","Submitted","Wed May 20 09:06:00 PDT 2020","Wed May 20 09:12:06 PDT 2020","Fri May 22 09:12:06 PDT 2020","","","","366","0% (0/0)","0% (0/0)","0% (0/0)","rrkj8tot0f90od8sutto"
"3D5G8J4N5A481L745JVG1UVFIN0VTX","32KI9HN0SH8Q5EEER27HJI3DITGU1K","Reading a passage and responding to questions","You will read a short passage about a person, then answer questions related to the passage.","sentences, decisions, language","$0.40","Wed May 20 06:10:57 PDT 2020","352","BatchId:4045598;OriginalHitTemplateId:920937340;","7200","172800","Wed May 20 10:10:57 PDT 2020","","","34J10VATJFYS9JT6FA735KQGTLWIQI","A3TI0LOLMTYAQ1","Submitted","Wed May 20 06:14:22 PDT 2020","Wed May 20 06:17:52 PDT 2020","Fri May 22 06:17:52 PDT 2020","","","","210","0% (0/0)","0% (0/0)","0% (0/0)","wmzt2nv372wxufrh461n"
"3D5G8J4N5A481L745JVG1UVFIN0VTX","32KI9HN0SH8Q5EEER27HJI3DITGU1K","Reading a passage and responding to questions","You will read a short passage about a person, then answer questions related to the passage.","sentences, decisions, language","$0.40","Wed May 20 06:10:57 PDT 2020","352","BatchId:4045598;OriginalHitTemplateId:920937340;","7200","172800","Wed May 20 10:10:57 PDT 2020","","","34J10VATJFYS9JT6FA735KQGTLWQIQ","AWNNSMTSL6FWG","Submitted","Wed May 20 06:14:19 PDT 2020","Wed May 20 07:37:12 PDT 2020","Fri May 22 07:37:12 PDT 2020","","","","4973","0% (0/0)","0% (0/0)","0% (0/0)","v4k3m5n1qsccbmyrxl52"
"3D5G8J4N5A481L745JVG1UVFIN0VTX","32KI9HN0SH8Q5EEER27HJI3DITGU1K","Reading a passage and responding to questions","You will read a short passage about a person, then answer questions related to the passage.","sentences, decisions, language","$0.40","Wed May 20 06:10:57 PDT 2020","352","BatchId:4045598;OriginalHitTemplateId:920937340;","7200","172800","Wed May 20 10:10:57 PDT 2020","","","34MAJL3QP4N6UBOPWAT3YBNMEBM34Q","A3US4NGKXBVI48","Submitted","Wed May 20 06:46:54 PDT 2020","Wed May 20 07:00:13 PDT 2020","Fri May 22 07:00:13 PDT 2020","","","","799","0% (0/0)","0% (0/0)","0% (0/0)","e3wcacz2qqxlndp4jo2o"
"3D5G8J4N5A481L745JVG1UVFIN0VTX","32KI9HN0SH8Q5EEER27HJI3DITGU1K","Reading a passage and responding to questions","You will read a short passage about a person, then answer questions related to the passage.","sentences, decisions, language","$0.40","Wed May 20 06:10:57 PDT 2020","352","BatchId:4045598;OriginalHitTemplateId:920937340;","7200","172800","Wed May 20 10:10:57 PDT 2020","","","352YTHGROVDLOJVOBVI525OWXGZH46","ATPXLMZRF6Q1C","Submitted","Wed May 20 06:11:47 PDT 2020","Wed May 20 06:16:42 PDT 2020","Fri May 22 06:16:42 PDT 2020","","","","295","0% (0/0)","0% (0/0)","0% (0/0)","3cr67ymn4r3bsdzptmtb"
"3D5G8J4N5A481L745JVG1UVFIN0VTX","32KI9HN0SH8Q5EEER27HJI3DITGU1K","Reading a passage and responding to questions","You will read a short passage about a person, then answer questions related to the passage.","sentences, decisions, language","$0.40","Wed May 20 06:10:57 PDT 2020","352","BatchId:4045598;OriginalHitTemplateId:920937340;","7200","172800","Wed May 20 10:10:57 PDT 2020","","","35BLDD71I6X69HEX1DPZB2SE6QDZVQ","A27QHI0EQSXRCU","Submitted","Wed May 20 06:16:07 PDT 2020","Wed May 20 06:18:45 PDT 2020","Fri May 22 06:18:45 PDT 2020","","","","158","0% (0/0)","0% (0/0)","0% (0/0)","bo79fx99pwdr66nrctb0"
"3D5G8J4N5A481L745JVG1UVFIN0VTX","32KI9HN0SH8Q5EEER27HJI3DITGU1K","Reading a passage and responding to questions","You will read a short passage about a person, then answer questions related to the passage.","sentences, decisions, language","$0.40","Wed May 20 06:10:57 PDT 2020","352","BatchId:4045598;OriginalHitTemplateId:920937340;","7200","172800","Wed May 20 10:10:57 PDT 2020","","","36AHBNMV1RCKAA46E6NMR9D50PIDYR","A25ETLFUFH3MO4","Submitted","Wed May 20 08:12:58 PDT 2020","Wed May 20 08:20:40 PDT 2020","Fri May 22 08:20:40 PDT 2020","","","","462","0% (0/0)","0% (0/0)","0% (0/0)","kafa0qbxghpy3yg3cde1"
"3D5G8J4N5A481L745JVG1UVFIN0VTX","32KI9HN0SH8Q5EEER27HJI3DITGU1K","Reading a passage and responding to questions","You will read a short passage about a person, then answer questions related to the passage.","sentences, decisions, language","$0.40","Wed May 20 06:10:57 PDT 2020","352","BatchId:4045598;OriginalHitTemplateId:920937340;","7200","172800","Wed May 20 10:10:57 PDT 2020","","","36NEMU28XFDJPZFJCY41P2FJYVXMW6","A3UQ5DF8VVD975","Submitted","Wed May 20 06:12:22 PDT 2020","Wed May 20 06:21:34 PDT 2020","Fri May 22 06:21:34 PDT 2020","","","","552","0% (0/0)","0% (0/0)","0% (0/0)","r5m7f42mtleq4sb47589"
"3D5G8J4N5A481L745JVG1UVFIN0VTX","32KI9HN0SH8Q5EEER27HJI3DITGU1K","Reading a passage and responding to questions","You will read a short passage about a person, then answer questions related to the passage.","sentences, decisions, language","$0.40","Wed May 20 06:10:57 PDT 2020","352","BatchId:4045598;OriginalHitTemplateId:920937340;","7200","172800","Wed May 20 10:10:57 PDT 2020","","","36TFCYNS44ACMLJYV6KAZGLUQBNHX4","A3F803GR2C3Z36","Submitted","Wed May 20 09:03:26 PDT 2020","Wed May 20 09:12:17 PDT 2020","Fri May 22 09:12:17 PDT 2020","","","","531","0% (0/0)","0% (0/0)","0% (0/0)","lcacubt4u2epfnvx16qo"
"3D5G8J4N5A481L745JVG1UVFIN0VTX","32KI9HN0SH8Q5EEER27HJI3DITGU1K","Reading a passage and responding to questions","You will read a short passage about a person, then answer questions related to the passage.","sentences, decisions, language","$0.40","Wed May 20 06:10:57 PDT 2020","352","BatchId:4045598;OriginalHitTemplateId:920937340;","7200","172800","Wed May 20 10:10:57 PDT 2020","","","374TNBHA8BVEZJ8BJST6R8K4J46QY8","A3OSR3YW4IQRG4","Submitted","Wed May 20 08:07:44 PDT 2020","Wed May 20 08:25:30 PDT 2020","Fri May 22 08:25:30 PDT 2020","","","","1066","0% (0/0)","0% (0/0)","0% (0/0)","leql5gqgzjn4p807ehvt"
"3D5G8J4N5A481L745JVG1UVFIN0VTX","32KI9HN0SH8Q5EEER27HJI3DITGU1K","Reading a passage and responding to questions","You will read a short passage about a person, then answer questions related to the passage.","sentences, decisions, language","$0.40","Wed May 20 06:10:57 PDT 2020","352","BatchId:4045598;OriginalHitTemplateId:920937340;","7200","172800","Wed May 20 10:10:57 PDT 2020","","","37TRT2X24QR10OBNEAVDMWAHK00JBZ","A69ENIG1AVMFA","Submitted","Wed May 20 08:38:26 PDT 2020","Wed May 20 08:53:23 PDT 2020","Fri May 22 08:53:23 PDT 2020","","","","897","0% (0/0)","0% (0/0)","0% (0/0)","3v036f3bmonk23h1fobt"
"3D5G8J4N5A481L745JVG1UVFIN0VTX","32KI9HN0SH8Q5EEER27HJI3DITGU1K","Reading a passage and responding to questions","You will read a short passage about a person, then answer questions related to the passage.","sentences, decisions, language","$0.40","Wed May 20 06:10:57 PDT 2020","352","BatchId:4045598;OriginalHitTemplateId:920937340;","7200","172800","Wed May 20 10:10:57 PDT 2020","","","37UEWGM5HT8HLEC8KIBXIBJZ852R1F","AP37QQ9AABSY9","Submitted","Wed May 20 08:30:27 PDT 2020","Wed May 20 08:41:45 PDT 2020","Fri May 22 08:41:45 PDT 2020","","","","678","0% (0/0)","0% (0/0)","0% (0/0)","u3fkjl4g7preuuod68v7"
"3D5G8J4N5A481L745JVG1UVFIN0VTX","32KI9HN0SH8Q5EEER27HJI3DITGU1K","Reading a passage and responding to questions","You will read a short passage about a person, then answer questions related to the passage.","sentences, decisions, language","$0.40","Wed May 20 06:10:57 PDT 2020","352","BatchId:4045598;OriginalHitTemplateId:920937340;","7200","172800","Wed May 20 10:10:57 PDT 2020","","","37UQDCYH6XVNP78RIIXGKIZFWX17V7","A29IDVL9EX3U7S","Submitted","Wed May 20 06:19:41 PDT 2020","Wed May 20 06:22:57 PDT 2020","Fri May 22 06:22:57 PDT 2020","","","","196","0% (0/0)","0% (0/0)","0% (0/0)","2bcv8v4lb4hb7wmxzq0y"
"3D5G8J4N5A481L745JVG1UVFIN0VTX","32KI9HN0SH8Q5EEER27HJI3DITGU1K","Reading a passage and responding to questions","You will read a short passage about a person, then answer questions related to the passage.","sentences, decisions, language","$0.40","Wed May 20 06:10:57 PDT 2020","352","BatchId:4045598;OriginalHitTemplateId:920937340;","7200","172800","Wed May 20 10:10:57 PDT 2020","","","3907X2AHF053YMEPQU7MIZTPZT02PN","A19HYTPC3U2UCX","Submitted","Wed May 20 09:36:27 PDT 2020","Wed May 20 09:39:34 PDT 2020","Fri May 22 09:39:34 PDT 2020","","","","187","0% (0/0)","0% (0/0)","0% (0/0)","ngveexyj8z1tcmltma5r"
"3D5G8J4N5A481L745JVG1UVFIN0VTX","32KI9HN0SH8Q5EEER27HJI3DITGU1K","Reading a passage and responding to questions","You will read a short passage about a person, then answer questions related to the passage.","sentences, decisions, language","$0.40","Wed May 20 06:10:57 PDT 2020","352","BatchId:4045598;OriginalHitTemplateId:920937340;","7200","172800","Wed May 20 10:10:57 PDT 2020","","","392CY0QWG1RLKE68HD0Q2HPBXTH4IP","A3CMOHJ8HNNDPL","Submitted","Wed May 20 06:30:59 PDT 2020","Wed May 20 06:40:20 PDT 2020","Fri May 22 06:40:20 PDT 2020","","","","561","0% (0/0)","0% (0/0)","0% (0/0)","fauucl6tr4rmnz81g9el"
"3D5G8J4N5A481L745JVG1UVFIN0VTX","32KI9HN0SH8Q5EEER27HJI3DITGU1K","Reading a passage and responding to questions","You will read a short passage about a person, then answer questions related to the passage.","sentences, decisions, language","$0.40","Wed May 20 06:10:57 PDT 2020","352","BatchId:4045598;OriginalHitTemplateId:920937340;","7200","172800","Wed May 20 10:10:57 PDT 2020","","","39GHHAVOMFRHFPQEZVLQEI4BA85J4F","A2MPOAEQ25ZJAD","Submitted","Wed May 20 06:27:11 PDT 2020","Wed May 20 06:33:08 PDT 2020","Fri May 22 06:33:08 PDT 2020","","","","357","0% (0/0)","0% (0/0)","0% (0/0)","xh3r7ck3pn7qxrp3bgqr"
"3D5G8J4N5A481L745JVG1UVFIN0VTX","32KI9HN0SH8Q5EEER27HJI3DITGU1K","Reading a passage and responding to questions","You will read a short passage about a person, then answer questions related to the passage.","sentences, decisions, language","$0.40","Wed May 20 06:10:57 PDT 2020","352","BatchId:4045598;OriginalHitTemplateId:920937340;","7200","172800","Wed May 20 10:10:57 PDT 2020","","","39JEC7537U1T1O3N9Z5R04RTX8SCV5","A1A0WJZLXF7NSB","Submitted","Wed May 20 06:19:03 PDT 2020","Wed May 20 06:23:17 PDT 2020","Fri May 22 06:23:17 PDT 2020","","","","254","0% (0/0)","0% (0/0)","0% (0/0)","jho4otndpqkgqd8f0ts6"
"3D5G8J4N5A481L745JVG1UVFIN0VTX","32KI9HN0SH8Q5EEER27HJI3DITGU1K","Reading a passage and responding to questions","You will read a short passage about a person, then answer questions related to the passage.","sentences, decisions, language","$0.40","Wed May 20 06:10:57 PDT 2020","352","BatchId:4045598;OriginalHitTemplateId:920937340;","7200","172800","Wed May 20 10:10:57 PDT 2020","","","39U1BHVTDLRQBW3FBBUB6JZEUA8T3H","AL0VYWO0G12QQ","Submitted","Wed May 20 07:51:55 PDT 2020","Wed May 20 07:58:47 PDT 2020","Fri May 22 07:58:47 PDT 2020","","","","412","0% (0/0)","0% (0/0)","0% (0/0)","41bwjqul0k2ctykqjcbn"
"3D5G8J4N5A481L745JVG1UVFIN0VTX","32KI9HN0SH8Q5EEER27HJI3DITGU1K","Reading a passage and responding to questions","You will read a short passage about a person, then answer questions related to the passage.","sentences, decisions, language","$0.40","Wed May 20 06:10:57 PDT 2020","352","BatchId:4045598;OriginalHitTemplateId:920937340;","7200","172800","Wed May 20 10:10:57 PDT 2020","","","3A4TN5196KIOJN834AONL30KPTKCHI","AOWY4TEB0UCMX","Submitted","Wed May 20 06:37:10 PDT 2020","Wed May 20 06:50:17 PDT 2020","Fri May 22 06:50:17 PDT 2020","","","","787","0% (0/0)","0% (0/0)","0% (0/0)","ac0uvc7mfvvc76hwdlck"
"3D5G8J4N5A481L745JVG1UVFIN0VTX","32KI9HN0SH8Q5EEER27HJI3DITGU1K","Reading a passage and responding to questions","You will read a short passage about a person, then answer questions related to the passage.","sentences, decisions, language","$0.40","Wed May 20 06:10:57 PDT 2020","352","BatchId:4045598;OriginalHitTemplateId:920937340;","7200","172800","Wed May 20 10:10:57 PDT 2020","","","3AAJC4I4FGSXIME3KOBG8EHKB38ZJ7","AH3W6E7W1EU0D","Submitted","Wed May 20 06:29:11 PDT 2020","Wed May 20 06:32:14 PDT 2020","Fri May 22 06:32:14 PDT 2020","","","","183","0% (0/0)","0% (0/0)","0% (0/0)","10zh1szzfyu37ok2e4f3"
"3D5G8J4N5A481L745JVG1UVFIN0VTX","32KI9HN0SH8Q5EEER27HJI3DITGU1K","Reading a passage and responding to questions","You will read a short passage about a person, then answer questions related to the passage.","sentences, decisions, language","$0.40","Wed May 20 06:10:57 PDT 2020","352","BatchId:4045598;OriginalHitTemplateId:920937340;","7200","172800","Wed May 20 10:10:57 PDT 2020","","","3ATTHHXXWAOCIGUI1O2VZSM9QOZIXV","A3I5Y5VHH6UUZE","Submitted","Wed May 20 08:37:32 PDT 2020","Wed May 20 08:42:20 PDT 2020","Fri May 22 08:42:20 PDT 2020","","","","288","0% (0/0)","0% (0/0)","0% (0/0)","3c84tljfnc8t4s1s3b7k"
"3D5G8J4N5A481L745JVG1UVFIN0VTX","32KI9HN0SH8Q5EEER27HJI3DITGU1K","Reading a passage and responding to questions","You will read a short passage about a person, then answer questions related to the passage.","sentences, decisions, language","$0.40","Wed May 20 06:10:57 PDT 2020","352","BatchId:4045598;OriginalHitTemplateId:920937340;","7200","172800","Wed May 20 10:10:57 PDT 2020","","","3AZHRG4CU4KPVN6OD961M8X9XZ4035","AZ7YG7SPXGZ5T","Submitted","Wed May 20 06:29:59 PDT 2020","Wed May 20 06:36:23 PDT 2020","Fri May 22 06:36:23 PDT 2020","","","","384","0% (0/0)","0% (0/0)","0% (0/0)","1l2a5o6db89d7m6t4yq6"
"3D5G8J4N5A481L745JVG1UVFIN0VTX","32KI9HN0SH8Q5EEER27HJI3DITGU1K","Reading a passage and responding to questions","You will read a short passage about a person, then answer questions related to the passage.","sentences, decisions, language","$0.40","Wed May 20 06:10:57 PDT 2020","352","BatchId:4045598;OriginalHitTemplateId:920937340;","7200","172800","Wed May 20 10:10:57 PDT 2020","","","3B1NLC6UGZWTDGMWP9SBK3NQ9CJGPY","AAOT6336BASFN","Submitted","Wed May 20 06:20:59 PDT 2020","Wed May 20 06:27:16 PDT 2020","Fri May 22 06:27:16 PDT 2020","","","","377","0% (0/0)","0% (0/0)","0% (0/0)","st0b5xpnclcc7e74opb7"
"3D5G8J4N5A481L745JVG1UVFIN0VTX","32KI9HN0SH8Q5EEER27HJI3DITGU1K","Reading a passage and responding to questions","You will read a short passage about a person, then answer questions related to the passage.","sentences, decisions, language","$0.40","Wed May 20 06:10:57 PDT 2020","352","BatchId:4045598;OriginalHitTemplateId:920937340;","7200","172800","Wed May 20 10:10:57 PDT 2020","","","3BV8HQ2ZZW1KTJROOD1SIHL6GCGA6A","A1NRH6XSR338XM","Submitted","Wed May 20 06:19:05 PDT 2020","Wed May 20 06:22:06 PDT 2020","Fri May 22 06:22:06 PDT 2020","","","","181","0% (0/0)","0% (0/0)","0% (0/0)","gv50l09crcfa50tolaff"
"3D5G8J4N5A481L745JVG1UVFIN0VTX","32KI9HN0SH8Q5EEER27HJI3DITGU1K","Reading a passage and responding to questions","You will read a short passage about a person, then answer questions related to the passage.","sentences, decisions, language","$0.40","Wed May 20 06:10:57 PDT 2020","352","BatchId:4045598;OriginalHitTemplateId:920937340;","7200","172800","Wed May 20 10:10:57 PDT 2020","","","3BV8HQ2ZZW1KTJROOD1SIHL6GCPA6J","A2ARL5MI5YR003","Submitted","Wed May 20 07:45:23 PDT 2020","Wed May 20 07:57:12 PDT 2020","Fri May 22 07:57:12 PDT 2020","","","","709","0% (0/0)","0% (0/0)","0% (0/0)","n2fn5ak9brppttcmkab0"
"3D5G8J4N5A481L745JVG1UVFIN0VTX","32KI9HN0SH8Q5EEER27HJI3DITGU1K","Reading a passage and responding to questions","You will read a short passage about a person, then answer questions related to the passage.","sentences, decisions, language","$0.40","Wed May 20 06:10:57 PDT 2020","352","BatchId:4045598;OriginalHitTemplateId:920937340;","7200","172800","Wed May 20 10:10:57 PDT 2020","","","3D8YOU6S9EK48S5MUIIJIIX0NF9U67","A2Y344XH3UDJ9B","Submitted","Wed May 20 06:29:24 PDT 2020","Wed May 20 06:41:06 PDT 2020","Fri May 22 06:41:06 PDT 2020","","","","702","0% (0/0)","0% (0/0)","0% (0/0)","omfm33m2n7kp9jdzp23c"
"3D5G8J4N5A481L745JVG1UVFIN0VTX","32KI9HN0SH8Q5EEER27HJI3DITGU1K","Reading a passage and responding to questions","You will read a short passage about a person, then answer questions related to the passage.","sentences, decisions, language","$0.40","Wed May 20 06:10:57 PDT 2020","352","BatchId:4045598;OriginalHitTemplateId:920937340;","7200","172800","Wed May 20 10:10:57 PDT 2020","","","3DR23U6WE5ETLUJC0VB7PA3BLZTETO","A1QSZCS97CMCF7","Submitted","Wed May 20 06:46:47 PDT 2020","Wed May 20 06:51:06 PDT 2020","Fri May 22 06:51:06 PDT 2020","","","","259","0% (0/0)","0% (0/0)","0% (0/0)","33tu5buevgvkyggvjwks"
"3D5G8J4N5A481L745JVG1UVFIN0VTX","32KI9HN0SH8Q5EEER27HJI3DITGU1K","Reading a passage and responding to questions","You will read a short passage about a person, then answer questions related to the passage.","sentences, decisions, language","$0.40","Wed May 20 06:10:57 PDT 2020","352","BatchId:4045598;OriginalHitTemplateId:920937340;","7200","172800","Wed May 20 10:10:57 PDT 2020","","","3DUZQ9U6SMO985SJ6LVRF9VBJBDVSH","A3N378BMJAT3IF","Submitted","Wed May 20 06:13:44 PDT 2020","Wed May 20 07:32:03 PDT 2020","Fri May 22 07:32:03 PDT 2020","","","","4699","0% (0/0)","0% (0/0)","0% (0/0)","rkg8fnyjdw7tveknozpv"
"3D5G8J4N5A481L745JVG1UVFIN0VTX","32KI9HN0SH8Q5EEER27HJI3DITGU1K","Reading a passage and responding to questions","You will read a short passage about a person, then answer questions related to the passage.","sentences, decisions, language","$0.40","Wed May 20 06:10:57 PDT 2020","352","BatchId:4045598;OriginalHitTemplateId:920937340;","7200","172800","Wed May 20 10:10:57 PDT 2020","","","3E1QT0TDFP9M3FTATGQ3JT5GZFKI8H","A1B3PSUM06E8FX","Submitted","Wed May 20 07:46:19 PDT 2020","Wed May 20 07:50:47 PDT 2020","Fri May 22 07:50:47 PDT 2020","","","","268","0% (0/0)","0% (0/0)","0% (0/0)","dlz83h7b0j6y6va4q23z"
"3D5G8J4N5A481L745JVG1UVFIN0VTX","32KI9HN0SH8Q5EEER27HJI3DITGU1K","Reading a passage and responding to questions","You will read a short passage about a person, then answer questions related to the passage.","sentences, decisions, language","$0.40","Wed May 20 06:10:57 PDT 2020","352","BatchId:4045598;OriginalHitTemplateId:920937340;","7200","172800","Wed May 20 10:10:57 PDT 2020","","","3EICBYG644WKAT3TSAR8XGGZ2L2JC8","AZ4NVW69W0R2","Submitted","Wed May 20 08:53:21 PDT 2020","Wed May 20 08:58:01 PDT 2020","Fri May 22 08:58:01 PDT 2020","","","","280","0% (0/0)","0% (0/0)","0% (0/0)","r9lhy47jw50u7wptnfjr"
"3D5G8J4N5A481L745JVG1UVFIN0VTX","32KI9HN0SH8Q5EEER27HJI3DITGU1K","Reading a passage and responding to questions","You will read a short passage about a person, then answer questions related to the passage.","sentences, decisions, language","$0.40","Wed May 20 06:10:57 PDT 2020","352","BatchId:4045598;OriginalHitTemplateId:920937340;","7200","172800","Wed May 20 10:10:57 PDT 2020","","","3EICBYG644WKAT3TSAR8XGGZ2LLJCR","A3AOE3JLHSHEC9","Submitted","Wed May 20 06:21:39 PDT 2020","Wed May 20 06:34:28 PDT 2020","Fri May 22 06:34:28 PDT 2020","","","","769","0% (0/0)","0% (0/0)","0% (0/0)","kaf7r67sdur3j4l54e06"
"3D5G8J4N5A481L745JVG1UVFIN0VTX","32KI9HN0SH8Q5EEER27HJI3DITGU1K","Reading a passage and responding to questions","You will read a short passage about a person, then answer questions related to the passage.","sentences, decisions, language","$0.40","Wed May 20 06:10:57 PDT 2020","352","BatchId:4045598;OriginalHitTemplateId:920937340;","7200","172800","Wed May 20 10:10:57 PDT 2020","","","3EJJQNKU9R5SPPXMM7EIAYZ6PUJHRP","A1EQN91S6T820I","Submitted","Wed May 20 06:12:42 PDT 2020","Wed May 20 06:15:15 PDT 2020","Fri May 22 06:15:15 PDT 2020","","","","153","0% (0/0)","0% (0/0)","0% (0/0)","e8mqm1h2ppycoo5kzfa4"
"3D5G8J4N5A481L745JVG1UVFIN0VTX","32KI9HN0SH8Q5EEER27HJI3DITGU1K","Reading a passage and responding to questions","You will read a short passage about a person, then answer questions related to the passage.","sentences, decisions, language","$0.40","Wed May 20 06:10:57 PDT 2020","352","BatchId:4045598;OriginalHitTemplateId:920937340;","7200","172800","Wed May 20 10:10:57 PDT 2020","","","3EJJQNKU9R5SPPXMM7EIAYZ6PUYHR4","A11OGIKK5UL6QP","Submitted","Wed May 20 08:31:26 PDT 2020","Wed May 20 09:37:01 PDT 2020","Fri May 22 09:37:01 PDT 2020","","","","3935","0% (0/0)","0% (0/0)","0% (0/0)","sjbuefsyyugumal4711c"
"3D5G8J4N5A481L745JVG1UVFIN0VTX","32KI9HN0SH8Q5EEER27HJI3DITGU1K","Reading a passage and responding to questions","You will read a short passage about a person, then answer questions related to the passage.","sentences, decisions, language","$0.40","Wed May 20 06:10:57 PDT 2020","352","BatchId:4045598;OriginalHitTemplateId:920937340;","7200","172800","Wed May 20 10:10:57 PDT 2020","","","3FIJLY1B6U4NZGQ1EPMT2INE8X4FPJ","AOAUMYUD83OLF","Submitted","Wed May 20 09:28:19 PDT 2020","Wed May 20 09:33:38 PDT 2020","Fri May 22 09:33:38 PDT 2020","","","","319","0% (0/0)","0% (0/0)","0% (0/0)","n0mh69gtxo69uru1hxz4"
"3D5G8J4N5A481L745JVG1UVFIN0VTX","32KI9HN0SH8Q5EEER27HJI3DITGU1K","Reading a passage and responding to questions","You will read a short passage about a person, then answer questions related to the passage.","sentences, decisions, language","$0.40","Wed May 20 06:10:57 PDT 2020","352","BatchId:4045598;OriginalHitTemplateId:920937340;","7200","172800","Wed May 20 10:10:57 PDT 2020","","","3GM6G9ZBKNXRXIBPHTZQ2I8KU1LMTM","AQADVA9BM7FYB","Submitted","Wed May 20 07:07:27 PDT 2020","Wed May 20 08:13:08 PDT 2020","Fri May 22 08:13:08 PDT 2020","","","","3941","0% (0/0)","0% (0/0)","0% (0/0)","7ydbfjtf3yrjqglvrkes"
"3D5G8J4N5A481L745JVG1UVFIN0VTX","32KI9HN0SH8Q5EEER27HJI3DITGU1K","Reading a passage and responding to questions","You will read a short passage about a person, then answer questions related to the passage.","sentences, decisions, language","$0.40","Wed May 20 06:10:57 PDT 2020","352","BatchId:4045598;OriginalHitTemplateId:920937340;","7200","172800","Wed May 20 10:10:57 PDT 2020","","","3GS6S824SQXP7H0JOZJ12H4J3L7WNG","A2J5SITMVZVC2B","Submitted","Wed May 20 06:17:06 PDT 2020","Wed May 20 06:24:16 PDT 2020","Fri May 22 06:24:16 PDT 2020","","","","430","0% (0/0)","0% (0/0)","0% (0/0)","le7wmvpj5s3m47cg2ety"
"3D5G8J4N5A481L745JVG1UVFIN0VTX","32KI9HN0SH8Q5EEER27HJI3DITGU1K","Reading a passage and responding to questions","You will read a short passage about a person, then answer questions related to the passage.","sentences, decisions, language","$0.40","Wed May 20 06:10:57 PDT 2020","352","BatchId:4045598;OriginalHitTemplateId:920937340;","7200","172800","Wed May 20 10:10:57 PDT 2020","","","3HFNH7HEMHEEDSNBPM70K8D0E84GQO","ABYYI2135XRX","Submitted","Wed May 20 06:14:19 PDT 2020","Wed May 20 06:27:41 PDT 2020","Fri May 22 06:27:41 PDT 2020","","","","802","0% (0/0)","0% (0/0)","0% (0/0)","qp65t2og9pkdmp0qto22"
"3D5G8J4N5A481L745JVG1UVFIN0VTX","32KI9HN0SH8Q5EEER27HJI3DITGU1K","Reading a passage and responding to questions","You will read a short passage about a person, then answer questions related to the passage.","sentences, decisions, language","$0.40","Wed May 20 06:10:57 PDT 2020","352","BatchId:4045598;OriginalHitTemplateId:920937340;","7200","172800","Wed May 20 10:10:57 PDT 2020","","","3HPZF4IVNMTA5IYSEASB73VNFP0CYK","A3P19SG7220T7G","Submitted","Wed May 20 07:13:36 PDT 2020","Wed May 20 07:15:11 PDT 2020","Fri May 22 07:15:11 PDT 2020","","","","95","0% (0/0)","0% (0/0)","0% (0/0)","0uxdht0pq9hwo6d5noa7"
"3D5G8J4N5A481L745JVG1UVFIN0VTX","32KI9HN0SH8Q5EEER27HJI3DITGU1K","Reading a passage and responding to questions","You will read a short passage about a person, then answer questions related to the passage.","sentences, decisions, language","$0.40","Wed May 20 06:10:57 PDT 2020","352","BatchId:4045598;OriginalHitTemplateId:920937340;","7200","172800","Wed May 20 10:10:57 PDT 2020","","","3HSYG7LRBJYX4BLZ288IMETKMJ5KKF","A2RNV5O4FHGRMA","Submitted","Wed May 20 08:08:30 PDT 2020","Wed May 20 10:07:53 PDT 2020","Fri May 22 10:07:53 PDT 2020","","","","7163","0% (0/0)","0% (0/0)","0% (0/0)","b2qgnzgulufh7mdjhcsn"
"3D5G8J4N5A481L745JVG1UVFIN0VTX","32KI9HN0SH8Q5EEER27HJI3DITGU1K","Reading a passage and responding to questions","You will read a short passage about a person, then answer questions related to the passage.","sentences, decisions, language","$0.40","Wed May 20 06:10:57 PDT 2020","352","BatchId:4045598;OriginalHitTemplateId:920937340;","7200","172800","Wed May 20 10:10:57 PDT 2020","","","3IHR8NYAM71D10TCU8QABEQNJ7AP4K","A3CQS21O3DUAZK","Submitted","Wed May 20 06:22:14 PDT 2020","Wed May 20 07:03:00 PDT 2020","Fri May 22 07:03:00 PDT 2020","","","","2446","0% (0/0)","0% (0/0)","0% (0/0)","wvuh8fn66tljncvy1cwq"
"3D5G8J4N5A481L745JVG1UVFIN0VTX","32KI9HN0SH8Q5EEER27HJI3DITGU1K","Reading a passage and responding to questions","You will read a short passage about a person, then answer questions related to the passage.","sentences, decisions, language","$0.40","Wed May 20 06:10:57 PDT 2020","352","BatchId:4045598;OriginalHitTemplateId:920937340;","7200","172800","Wed May 20 10:10:57 PDT 2020","","","3JAOYWH7VI4O7LKQJBTUB5SJ0PTL9K","A3MM6ZLDOFYK75","Submitted","Wed May 20 07:15:21 PDT 2020","Wed May 20 07:26:25 PDT 2020","Fri May 22 07:26:25 PDT 2020","","","","664","0% (0/0)","0% (0/0)","0% (0/0)","q3o40lod6av1bs56z7gw"
"3D5G8J4N5A481L745JVG1UVFIN0VTX","32KI9HN0SH8Q5EEER27HJI3DITGU1K","Reading a passage and responding to questions","You will read a short passage about a person, then answer questions related to the passage.","sentences, decisions, language","$0.40","Wed May 20 06:10:57 PDT 2020","352","BatchId:4045598;OriginalHitTemplateId:920937340;","7200","172800","Wed May 20 10:10:57 PDT 2020","","","3LOZAJ85YDD87VGGCLH3CCFS1ST2XV","AESEZX8S7Z3IC","Submitted","Wed May 20 07:10:55 PDT 2020","Wed May 20 07:14:30 PDT 2020","Fri May 22 07:14:30 PDT 2020","","","","215","0% (0/0)","0% (0/0)","0% (0/0)","ubxf0z987eruewakw1s2"
"3D5G8J4N5A481L745JVG1UVFIN0VTX","32KI9HN0SH8Q5EEER27HJI3DITGU1K","Reading a passage and responding to questions","You will read a short passage about a person, then answer questions related to the passage.","sentences, decisions, language","$0.40","Wed May 20 06:10:57 PDT 2020","352","BatchId:4045598;OriginalHitTemplateId:920937340;","7200","172800","Wed May 20 10:10:57 PDT 2020","","","3LPW2N6LKT28PO58PZ8EQCJ0RKIU5B","A21STU4Z97J2Z6","Submitted","Wed May 20 09:34:10 PDT 2020","Wed May 20 09:47:38 PDT 2020","Fri May 22 09:47:38 PDT 2020","","","","808","0% (0/0)","0% (0/0)","0% (0/0)","dnejwrvmonq62vsbrsnc"
"3D5G8J4N5A481L745JVG1UVFIN0VTX","32KI9HN0SH8Q5EEER27HJI3DITGU1K","Reading a passage and responding to questions","You will read a short passage about a person, then answer questions related to the passage.","sentences, decisions, language","$0.40","Wed May 20 06:10:57 PDT 2020","352","BatchId:4045598;OriginalHitTemplateId:920937340;","7200","172800","Wed May 20 10:10:57 PDT 2020","","","3LPW2N6LKT28PO58PZ8EQCJ0RLN5UT","AYSX5GNO640MZ","Submitted","Wed May 20 10:07:40 PDT 2020","Wed May 20 11:45:08 PDT 2020","Fri May 22 11:45:08 PDT 2020","","","","5848","0% (0/0)","0% (0/0)","0% (0/0)","n2kz52k79urwc590x72f"
"3D5G8J4N5A481L745JVG1UVFIN0VTX","32KI9HN0SH8Q5EEER27HJI3DITGU1K","Reading a passage and responding to questions","You will read a short passage about a person, then answer questions related to the passage.","sentences, decisions, language","$0.40","Wed May 20 06:10:57 PDT 2020","352","BatchId:4045598;OriginalHitTemplateId:920937340;","7200","172800","Wed May 20 10:10:57 PDT 2020","","","3LRLIPTPEQ9RSYCDQHVTS0QOH7MKAB","A3F5H622NEZZN","Submitted","Wed May 20 09:38:59 PDT 2020","Wed May 20 09:47:02 PDT 2020","Fri May 22 09:47:02 PDT 2020","","","","483","0% (0/0)","0% (0/0)","0% (0/0)","r5dlh0zsqdmvvmespxeh"
"3D5G8J4N5A481L745JVG1UVFIN0VTX","32KI9HN0SH8Q5EEER27HJI3DITGU1K","Reading a passage and responding to questions","You will read a short passage about a person, then answer questions related to the passage.","sentences, decisions, language","$0.40","Wed May 20 06:10:57 PDT 2020","352","BatchId:4045598;OriginalHitTemplateId:920937340;","7200","172800","Wed May 20 10:10:57 PDT 2020","","","3LYA37P8IQNWB8H5WVVPNBAUZPTBKJ","A3T1459FQDTICY","Submitted","Wed May 20 07:38:32 PDT 2020","Wed May 20 07:44:05 PDT 2020","Fri May 22 07:44:05 PDT 2020","","","","333","0% (0/0)","0% (0/0)","0% (0/0)","9uujbdj3ftedow8jndg3"
"3D5G8J4N5A481L745JVG1UVFIN0VTX","32KI9HN0SH8Q5EEER27HJI3DITGU1K","Reading a passage and responding to questions","You will read a short passage about a person, then answer questions related to the passage.","sentences, decisions, language","$0.40","Wed May 20 06:10:57 PDT 2020","352","BatchId:4045598;OriginalHitTemplateId:920937340;","7200","172800","Wed May 20 10:10:57 PDT 2020","","","3M81GAB8A0JIMBF090FMJXM3YV0QB5","A140XJFZFAVMRB","Submitted","Wed May 20 09:47:04 PDT 2020","Wed May 20 09:47:26 PDT 2020","Fri May 22 09:47:26 PDT 2020","","","","22","0% (0/0)","0% (0/0)","0% (0/0)","A140XJFZFAVMRB"
"3D5G8J4N5A481L745JVG1UVFIN0VTX","32KI9HN0SH8Q5EEER27HJI3DITGU1K","Reading a passage and responding to questions","You will read a short passage about a person, then answer questions related to the passage.","sentences, decisions, language","$0.40","Wed May 20 06:10:57 PDT 2020","352","BatchId:4045598;OriginalHitTemplateId:920937340;","7200","172800","Wed May 20 10:10:57 PDT 2020","","","3MH9DQ757WC65LUS6VR5U9APHTWUGT","A396ID9XREGQA","Submitted","Wed May 20 09:35:29 PDT 2020","Wed May 20 09:43:55 PDT 2020","Fri May 22 09:43:55 PDT 2020","","","","506","0% (0/0)","0% (0/0)","0% (0/0)","y6q2qz5k8jx9xy0hxq8p"
"3D5G8J4N5A481L745JVG1UVFIN0VTX","32KI9HN0SH8Q5EEER27HJI3DITGU1K","Reading a passage and responding to questions","You will read a short passage about a person, then answer questions related to the passage.","sentences, decisions, language","$0.40","Wed May 20 06:10:57 PDT 2020","352","BatchId:4045598;OriginalHitTemplateId:920937340;","7200","172800","Wed May 20 10:10:57 PDT 2020","","","3N4BPTXIO8SB77QBWMCKS12IOA2UKL","A2TC8H3RNEC14E","Submitted","Wed May 20 07:58:42 PDT 2020","Wed May 20 08:05:59 PDT 2020","Fri May 22 08:05:59 PDT 2020","","","","437","0% (0/0)","0% (0/0)","0% (0/0)","aaegyj32j23lvwngfo4n"
"3D5G8J4N5A481L745JVG1UVFIN0VTX","32KI9HN0SH8Q5EEER27HJI3DITGU1K","Reading a passage and responding to questions","You will read a short passage about a person, then answer questions related to the passage.","sentences, decisions, language","$0.40","Wed May 20 06:10:57 PDT 2020","352","BatchId:4045598;OriginalHitTemplateId:920937340;","7200","172800","Wed May 20 10:10:57 PDT 2020","","","3NAPMVF0ZWFESGAPU8D5ID24ZZA27W","A3PK3Z1LPKK4KV","Submitted","Wed May 20 06:30:05 PDT 2020","Wed May 20 06:32:26 PDT 2020","Fri May 22 06:32:26 PDT 2020","","","","141","0% (0/0)","0% (0/0)","0% (0/0)","zekmcb6p0xpm59go8xxm"
"3D5G8J4N5A481L745JVG1UVFIN0VTX","32KI9HN0SH8Q5EEER27HJI3DITGU1K","Reading a passage and responding to questions","You will read a short passage about a person, then answer questions related to the passage.","sentences, decisions, language","$0.40","Wed May 20 06:10:57 PDT 2020","352","BatchId:4045598;OriginalHitTemplateId:920937340;","7200","172800","Wed May 20 10:10:57 PDT 2020","","","3NGI5ARFTT5W91WT7Q78DGJK7N31PM","A1VMPZVVVZUCS4","Submitted","Wed May 20 06:35:58 PDT 2020","Wed May 20 06:40:35 PDT 2020","Fri May 22 06:40:35 PDT 2020","","","","277","0% (0/0)","0% (0/0)","0% (0/0)","1qbcjbjgd5kfafmo2vtb"
"3D5G8J4N5A481L745JVG1UVFIN0VTX","32KI9HN0SH8Q5EEER27HJI3DITGU1K","Reading a passage and responding to questions","You will read a short passage about a person, then answer questions related to the passage.","sentences, decisions, language","$0.40","Wed May 20 06:10:57 PDT 2020","352","BatchId:4045598;OriginalHitTemplateId:920937340;","7200","172800","Wed May 20 10:10:57 PDT 2020","","","3NQL1CS15R864R4S5RNGXVJC0WMYVB","AGX171Q54YXPI","Submitted","Wed May 20 08:18:47 PDT 2020","Wed May 20 08:35:27 PDT 2020","Fri May 22 08:35:27 PDT 2020","","","","1000","0% (0/0)","0% (0/0)","0% (0/0)","toboh4kc96rr91h0dy05"
"3D5G8J4N5A481L745JVG1UVFIN0VTX","32KI9HN0SH8Q5EEER27HJI3DITGU1K","Reading a passage and responding to questions","You will read a short passage about a person, then answer questions related to the passage.","sentences, decisions, language","$0.40","Wed May 20 06:10:57 PDT 2020","352","BatchId:4045598;OriginalHitTemplateId:920937340;","7200","172800","Wed May 20 10:10:57 PDT 2020","","","3OE22WJIGIOXIAO69RWHONERNGQUQ9","A3KUGXG2Y6X7BD","Submitted","Wed May 20 07:22:43 PDT 2020","Wed May 20 07:31:24 PDT 2020","Fri May 22 07:31:24 PDT 2020","","","","521","100% (1/1)","0% (0/0)","0% (0/0)","0h05cerru4yne3p603x2"
"3D5G8J4N5A481L745JVG1UVFIN0VTX","32KI9HN0SH8Q5EEER27HJI3DITGU1K","Reading a passage and responding to questions","You will read a short passage about a person, then answer questions related to the passage.","sentences, decisions, language","$0.40","Wed May 20 06:10:57 PDT 2020","352","BatchId:4045598;OriginalHitTemplateId:920937340;","7200","172800","Wed May 20 10:10:57 PDT 2020","","","3OE22WJIGIOXIAO69RWHONERNGTQU8","A20SOQX9LVMKA9","Submitted","Wed May 20 07:47:58 PDT 2020","Wed May 20 07:54:15 PDT 2020","Fri May 22 07:54:15 PDT 2020","","","","377","0% (0/0)","0% (0/0)","0% (0/0)","gz1j4tc9uek4qxa2d8vh"
"3D5G8J4N5A481L745JVG1UVFIN0VTX","32KI9HN0SH8Q5EEER27HJI3DITGU1K","Reading a passage and responding to questions","You will read a short passage about a person, then answer questions related to the passage.","sentences, decisions, language","$0.40","Wed May 20 06:10:57 PDT 2020","352","BatchId:4045598;OriginalHitTemplateId:920937340;","7200","172800","Wed May 20 10:10:57 PDT 2020","","","3OHYZ19UGC5AIPXSO9NMZH7X1CGAO5","A2H4SM7PEAK10H","Submitted","Wed May 20 07:13:36 PDT 2020","Wed May 20 07:18:54 PDT 2020","Fri May 22 07:18:54 PDT 2020","","","","318","0% (0/0)","0% (0/0)","0% (0/0)","u7w0qrj9qpg056zgzvna"
"3D5G8J4N5A481L745JVG1UVFIN0VTX","32KI9HN0SH8Q5EEER27HJI3DITGU1K","Reading a passage and responding to questions","You will read a short passage about a person, then answer questions related to the passage.","sentences, decisions, language","$0.40","Wed May 20 06:10:57 PDT 2020","352","BatchId:4045598;OriginalHitTemplateId:920937340;","7200","172800","Wed May 20 10:10:57 PDT 2020","","","3OHYZ19UGC5AIPXSO9NMZH7X1CTAOI","A2ET1M9UUKJ9KB","Submitted","Wed May 20 09:12:41 PDT 2020","Wed May 20 09:16:12 PDT 2020","Fri May 22 09:16:12 PDT 2020","","","","211","0% (0/0)","0% (0/0)","0% (0/0)","uatp7x0w9f6n54awztd8"
"3D5G8J4N5A481L745JVG1UVFIN0VTX","32KI9HN0SH8Q5EEER27HJI3DITGU1K","Reading a passage and responding to questions","You will read a short passage about a person, then answer questions related to the passage.","sentences, decisions, language","$0.40","Wed May 20 06:10:57 PDT 2020","352","BatchId:4045598;OriginalHitTemplateId:920937340;","7200","172800","Wed May 20 10:10:57 PDT 2020","","","3PB5A5BD0V647AIWTNYUKHW59IKG7Y","A1OKNQ2JEXW34Q","Submitted","Wed May 20 07:27:29 PDT 2020","Wed May 20 08:29:14 PDT 2020","Fri May 22 08:29:14 PDT 2020","","","","3705","0% (0/0)","0% (0/0)","0% (0/0)","we5qfrcljhaf2vhpbfar"
"3D5G8J4N5A481L745JVG1UVFIN0VTX","32KI9HN0SH8Q5EEER27HJI3DITGU1K","Reading a passage and responding to questions","You will read a short passage about a person, then answer questions related to the passage.","sentences, decisions, language","$0.40","Wed May 20 06:10:57 PDT 2020","352","BatchId:4045598;OriginalHitTemplateId:920937340;","7200","172800","Wed May 20 10:10:57 PDT 2020","","","3PXX5PX6LXYQZV8JK4I0TX7YUDSBAX","A2G1SXKD16BYGQ","Submitted","Wed May 20 06:25:58 PDT 2020","Wed May 20 06:34:21 PDT 2020","Fri May 22 06:34:21 PDT 2020","","","","503","0% (0/0)","0% (0/0)","0% (0/0)","0onakn60afnyl5z853j6"
"3D5G8J4N5A481L745JVG1UVFIN0VTX","32KI9HN0SH8Q5EEER27HJI3DITGU1K","Reading a passage and responding to questions","You will read a short passage about a person, then answer questions related to the passage.","sentences, decisions, language","$0.40","Wed May 20 06:10:57 PDT 2020","352","BatchId:4045598;OriginalHitTemplateId:920937340;","7200","172800","Wed May 20 10:10:57 PDT 2020","","","3Q8GYXHFEP2C3UO838NEW6XUKKDC5L","A2J2SUYN1P96HB","Submitted","Wed May 20 09:45:30 PDT 2020","Wed May 20 09:51:21 PDT 2020","Fri May 22 09:51:21 PDT 2020","","","","351","0% (0/0)","0% (0/0)","0% (0/0)","ebq3bdjcsv7ff9xrh3ps"
"3D5G8J4N5A481L745JVG1UVFIN0VTX","32KI9HN0SH8Q5EEER27HJI3DITGU1K","Reading a passage and responding to questions","You will read a short passage about a person, then answer questions related to the passage.","sentences, decisions, language","$0.40","Wed May 20 06:10:57 PDT 2020","352","BatchId:4045598;OriginalHitTemplateId:920937340;","7200","172800","Wed May 20 10:10:57 PDT 2020","","","3Q8GYXHFEP2C3UO838NEW6XUKKQC5Y","A34JA5NM0M79TL","Submitted","Wed May 20 06:17:32 PDT 2020","Wed May 20 06:27:16 PDT 2020","Fri May 22 06:27:16 PDT 2020","","","","584","0% (0/0)","0% (0/0)","0% (0/0)","joe96vwc205t9lk9av87"
"3D5G8J4N5A481L745JVG1UVFIN0VTX","32KI9HN0SH8Q5EEER27HJI3DITGU1K","Reading a passage and responding to questions","You will read a short passage about a person, then answer questions related to the passage.","sentences, decisions, language","$0.40","Wed May 20 06:10:57 PDT 2020","352","BatchId:4045598;OriginalHitTemplateId:920937340;","7200","172800","Wed May 20 10:10:57 PDT 2020","","","3R2UR8A0IAGME25LZJF0JPIV2XHOXF","A2U5DWGXEAIWYE","Submitted","Wed May 20 06:11:21 PDT 2020","Wed May 20 06:44:06 PDT 2020","Fri May 22 06:44:06 PDT 2020","","","","1965","0% (0/0)","0% (0/0)","0% (0/0)","pe1wwz1bjs7nyo47ntb2"
"3D5G8J4N5A481L745JVG1UVFIN0VTX","32KI9HN0SH8Q5EEER27HJI3DITGU1K","Reading a passage and responding to questions","You will read a short passage about a person, then answer questions related to the passage.","sentences, decisions, language","$0.40","Wed May 20 06:10:57 PDT 2020","352","BatchId:4045598;OriginalHitTemplateId:920937340;","7200","172800","Wed May 20 10:10:57 PDT 2020","","","3RJSC4XJ10US92TSRSUU15VTBVS50X","AIEV6RXQCN88T","Submitted","Wed May 20 06:13:22 PDT 2020","Wed May 20 06:19:56 PDT 2020","Fri May 22 06:19:56 PDT 2020","","","","394","0% (0/0)","0% (0/0)","0% (0/0)","qscfro037rss6e5engcw"
"3D5G8J4N5A481L745JVG1UVFIN0VTX","32KI9HN0SH8Q5EEER27HJI3DITGU1K","Reading a passage and responding to questions","You will read a short passage about a person, then answer questions related to the passage.","sentences, decisions, language","$0.40","Wed May 20 06:10:57 PDT 2020","352","BatchId:4045598;OriginalHitTemplateId:920937340;","7200","172800","Wed May 20 10:10:57 PDT 2020","","","3RKNTXVS3MY6EWNA5P8DLJ1SKLA4AJ","A1XAFKMXBSEZK7","Submitted","Wed May 20 06:17:10 PDT 2020","Wed May 20 06:32:19 PDT 2020","Fri May 22 06:32:19 PDT 2020","","","","909","0% (0/0)","0% (0/0)","0% (0/0)","ok615a7hc6huh9wwyu61"
"3D5G8J4N5A481L745JVG1UVFIN0VTX","32KI9HN0SH8Q5EEER27HJI3DITGU1K","Reading a passage and responding to questions","You will read a short passage about a person, then answer questions related to the passage.","sentences, decisions, language","$0.40","Wed May 20 06:10:57 PDT 2020","352","BatchId:4045598;OriginalHitTemplateId:920937340;","7200","172800","Wed May 20 10:10:57 PDT 2020","","","3RU7GD8VPOTW3LVNK9MS9H6TXNISPZ","AJ4B5W7LPJEQO","Submitted","Wed May 20 07:11:14 PDT 2020","Wed May 20 07:16:33 PDT 2020","Fri May 22 07:16:33 PDT 2020","","","","319","0% (0/0)","0% (0/0)","0% (0/0)","6zdp23l3dq45tv9k81em"
"3D5G8J4N5A481L745JVG1UVFIN0VTX","32KI9HN0SH8Q5EEER27HJI3DITGU1K","Reading a passage and responding to questions","You will read a short passage about a person, then answer questions related to the passage.","sentences, decisions, language","$0.40","Wed May 20 06:10:57 PDT 2020","352","BatchId:4045598;OriginalHitTemplateId:920937340;","7200","172800","Wed May 20 10:10:57 PDT 2020","","","3SKEMFQBZ35D9AJYTJBFW9KTRJ3K8O","A23JA6ICO4BPQ5","Submitted","Wed May 20 06:44:36 PDT 2020","Wed May 20 06:47:34 PDT 2020","Fri May 22 06:47:34 PDT 2020","","","","178","0% (0/0)","0% (0/0)","0% (0/0)","qmez7o5z8zb5n4kg1wqu"
"3D5G8J4N5A481L745JVG1UVFIN0VTX","32KI9HN0SH8Q5EEER27HJI3DITGU1K","Reading a passage and responding to questions","You will read a short passage about a person, then answer questions related to the passage.","sentences, decisions, language","$0.40","Wed May 20 06:10:57 PDT 2020","352","BatchId:4045598;OriginalHitTemplateId:920937340;","7200","172800","Wed May 20 10:10:57 PDT 2020","","","3SNLUL3WO4NMRD8THMOL71FXDAVULC","A2F6BOAYWPPXFK","Submitted","Wed May 20 06:11:16 PDT 2020","Wed May 20 07:42:17 PDT 2020","Fri May 22 07:42:17 PDT 2020","","","","5461","0% (0/0)","0% (0/0)","0% (0/0)","2g8d1sfaebh60gjf6p2m"
"3D5G8J4N5A481L745JVG1UVFIN0VTX","32KI9HN0SH8Q5EEER27HJI3DITGU1K","Reading a passage and responding to questions","You will read a short passage about a person, then answer questions related to the passage.","sentences, decisions, language","$0.40","Wed May 20 06:10:57 PDT 2020","352","BatchId:4045598;OriginalHitTemplateId:920937340;","7200","172800","Wed May 20 10:10:57 PDT 2020","","","3TE3O857308OAZU43MBBNUT40BNR23","AZM6GQLVBPNFF","Submitted","Wed May 20 09:32:13 PDT 2020","Wed May 20 09:38:31 PDT 2020","Fri May 22 09:38:31 PDT 2020","","","","378","0% (0/0)","0% (0/0)","0% (0/0)","umw0z01ktv77ynjxuy4g"
"3D5G8J4N5A481L745JVG1UVFIN0VTX","32KI9HN0SH8Q5EEER27HJI3DITGU1K","Reading a passage and responding to questions","You will read a short passage about a person, then answer questions related to the passage.","sentences, decisions, language","$0.40","Wed May 20 06:10:57 PDT 2020","352","BatchId:4045598;OriginalHitTemplateId:920937340;","7200","172800","Wed May 20 10:10:57 PDT 2020","","","3TGOYF991XMPA3VNQ0GMYOBGQ1RUU9","A33CG4QZ8YXOBV","Submitted","Wed May 20 06:30:36 PDT 2020","Wed May 20 06:49:13 PDT 2020","Fri May 22 06:49:13 PDT 2020","","","","1117","0% (0/0)","0% (0/0)","0% (0/0)","0fdjwy3cgz63zjt9ch2t"
"3D5G8J4N5A481L745JVG1UVFIN0VTX","32KI9HN0SH8Q5EEER27HJI3DITGU1K","Reading a passage and responding to questions","You will read a short passage about a person, then answer questions related to the passage.","sentences, decisions, language","$0.40","Wed May 20 06:10:57 PDT 2020","352","BatchId:4045598;OriginalHitTemplateId:920937340;","7200","172800","Wed May 20 10:10:57 PDT 2020","","","3TMSXRD2X60MTATUJCL35ARG0LSW10","A1W0XGRO9W9LXR","Submitted","Wed May 20 10:04:41 PDT 2020","Wed May 20 10:08:39 PDT 2020","Fri May 22 10:08:39 PDT 2020","","","","238","0% (0/0)","0% (0/0)","0% (0/0)","hy96y2h5gnaby89zsul7"
"3D5G8J4N5A481L745JVG1UVFIN0VTX","32KI9HN0SH8Q5EEER27HJI3DITGU1K","Reading a passage and responding to questions","You will read a short passage about a person, then answer questions related to the passage.","sentences, decisions, language","$0.40","Wed May 20 06:10:57 PDT 2020","352","BatchId:4045598;OriginalHitTemplateId:920937340;","7200","172800","Wed May 20 10:10:57 PDT 2020","","","3TXD01ZLD4HQT518BUP4LKDMRO14UU","A4SF9AZDTVKQ5","Submitted","Wed May 20 06:11:27 PDT 2020","Wed May 20 07:26:53 PDT 2020","Fri May 22 07:26:53 PDT 2020","","","","4526","0% (0/0)","0% (0/0)","0% (0/0)","b9wc5w0q258exgkvgect"
"3D5G8J4N5A481L745JVG1UVFIN0VTX","32KI9HN0SH8Q5EEER27HJI3DITGU1K","Reading a passage and responding to questions","You will read a short passage about a person, then answer questions related to the passage.","sentences, decisions, language","$0.40","Wed May 20 06:10:57 PDT 2020","352","BatchId:4045598;OriginalHitTemplateId:920937340;","7200","172800","Wed May 20 10:10:57 PDT 2020","","","3U0SRXB7CD5KZLJXP59VFIW2B6CNRO","A1ZGLO0466I754","Submitted","Wed May 20 09:13:58 PDT 2020","Wed May 20 09:58:45 PDT 2020","Fri May 22 09:58:45 PDT 2020","","","","2687","0% (0/0)","0% (0/0)","0% (0/0)","5azx6kd6q64rk2q8zd7j"
"3D5G8J4N5A481L745JVG1UVFIN0VTX","32KI9HN0SH8Q5EEER27HJI3DITGU1K","Reading a passage and responding to questions","You will read a short passage about a person, then answer questions related to the passage.","sentences, decisions, language","$0.40","Wed May 20 06:10:57 PDT 2020","352","BatchId:4045598;OriginalHitTemplateId:920937340;","7200","172800","Wed May 20 10:10:57 PDT 2020","","","3U84XHCDICD7F4VIHHOC2CS1T6R4ZU","A3TYITGZ7LBO54","Submitted","Wed May 20 07:51:05 PDT 2020","Wed May 20 07:54:28 PDT 2020","Fri May 22 07:54:28 PDT 2020","","","","203","0% (0/0)","0% (0/0)","0% (0/0)","868ar1fsq9dj15jjbkqk"
"3D5G8J4N5A481L745JVG1UVFIN0VTX","32KI9HN0SH8Q5EEER27HJI3DITGU1K","Reading a passage and responding to questions","You will read a short passage about a person, then answer questions related to the passage.","sentences, decisions, language","$0.40","Wed May 20 06:10:57 PDT 2020","352","BatchId:4045598;OriginalHitTemplateId:920937340;","7200","172800","Wed May 20 10:10:57 PDT 2020","","","3UOUJI6MTDEHR7PIV5R9IVAKKJAXU6","A1BVCHJZ7WC4RM","Submitted","Wed May 20 06:46:25 PDT 2020","Wed May 20 06:50:30 PDT 2020","Fri May 22 06:50:30 PDT 2020","","","","245","0% (0/0)","0% (0/0)","0% (0/0)","jszgqbkoqem9zudt608g"
"3D5G8J4N5A481L745JVG1UVFIN0VTX","32KI9HN0SH8Q5EEER27HJI3DITGU1K","Reading a passage and responding to questions","You will read a short passage about a person, then answer questions related to the passage.","sentences, decisions, language","$0.40","Wed May 20 06:10:57 PDT 2020","352","BatchId:4045598;OriginalHitTemplateId:920937340;","7200","172800","Wed May 20 10:10:57 PDT 2020","","","3URFVVM165I6W2PXWNFUFGQVSJ4UZW","A210LEIYCBS9TW","Submitted","Wed May 20 06:12:46 PDT 2020","Wed May 20 07:50:01 PDT 2020","Fri May 22 07:50:01 PDT 2020","","","","5835","0% (0/0)","0% (0/0)","0% (0/0)","w0uon9ebjy5lf728atv4"
"3D5G8J4N5A481L745JVG1UVFIN0VTX","32KI9HN0SH8Q5EEER27HJI3DITGU1K","Reading a passage and responding to questions","You will read a short passage about a person, then answer questions related to the passage.","sentences, decisions, language","$0.40","Wed May 20 06:10:57 PDT 2020","352","BatchId:4045598;OriginalHitTemplateId:920937340;","7200","172800","Wed May 20 10:10:57 PDT 2020","","","3V0Z7YWSIY0G36BLC6GLORI7LHT2V0","A38SU3KXM2O1B0","Submitted","Wed May 20 08:26:07 PDT 2020","Wed May 20 08:35:08 PDT 2020","Fri May 22 08:35:08 PDT 2020","","","","541","0% (0/0)","0% (0/0)","0% (0/0)","qvt5bc9c8a3wlg5qsorz"
"3D5G8J4N5A481L745JVG1UVFIN0VTX","32KI9HN0SH8Q5EEER27HJI3DITGU1K","Reading a passage and responding to questions","You will read a short passage about a person, then answer questions related to the passage.","sentences, decisions, language","$0.40","Wed May 20 06:10:57 PDT 2020","352","BatchId:4045598;OriginalHitTemplateId:920937340;","7200","172800","Wed May 20 10:10:57 PDT 2020","","","3V5Q80FXIXRWRX92SWAF5WQOUXN32R","A243EPKB9EW005","Submitted","Wed May 20 06:24:35 PDT 2020","Wed May 20 06:29:10 PDT 2020","Fri May 22 06:29:10 PDT 2020","","","","275","0% (0/0)","0% (0/0)","0% (0/0)","tydvkxt8xv1nkl4l7spw"
"3D5G8J4N5A481L745JVG1UVFIN0VTX","32KI9HN0SH8Q5EEER27HJI3DITGU1K","Reading a passage and responding to questions","You will read a short passage about a person, then answer questions related to the passage.","sentences, decisions, language","$0.40","Wed May 20 06:10:57 PDT 2020","352","BatchId:4045598;OriginalHitTemplateId:920937340;","7200","172800","Wed May 20 10:10:57 PDT 2020","","","3VE8AYVF8MX2TORKS8KIGWSOJNLF8G","A14B1M34356U2J","Submitted","Wed May 20 06:31:41 PDT 2020","Wed May 20 06:52:40 PDT 2020","Fri May 22 06:52:40 PDT 2020","","","","1259","0% (0/0)","0% (0/0)","0% (0/0)","9vsa7zbryufq9fxvyaqp"
"3D5G8J4N5A481L745JVG1UVFIN0VTX","32KI9HN0SH8Q5EEER27HJI3DITGU1K","Reading a passage and responding to questions","You will read a short passage about a person, then answer questions related to the passage.","sentences, decisions, language","$0.40","Wed May 20 06:10:57 PDT 2020","352","BatchId:4045598;OriginalHitTemplateId:920937340;","7200","172800","Wed May 20 10:10:57 PDT 2020","","","3WJEQKOXA82PMXQRI7PBNLUP8141A7","ASI6KXF2GAUTQ","Submitted","Wed May 20 06:42:44 PDT 2020","Wed May 20 06:45:00 PDT 2020","Fri May 22 06:45:00 PDT 2020","","","","136","0% (0/0)","0% (0/0)","0% (0/0)","6z5zhc3jlnklvrdbzn3c"
"3D5G8J4N5A481L745JVG1UVFIN0VTX","32KI9HN0SH8Q5EEER27HJI3DITGU1K","Reading a passage and responding to questions","You will read a short passage about a person, then answer questions related to the passage.","sentences, decisions, language","$0.40","Wed May 20 06:10:57 PDT 2020","352","BatchId:4045598;OriginalHitTemplateId:920937340;","7200","172800","Wed May 20 10:10:57 PDT 2020","","","3X0H8UUIT1OMNUSOWV0N1BEPQKHSWQ","AZY4GZDGRDDG9","Submitted","Wed May 20 06:31:02 PDT 2020","Wed May 20 06:39:30 PDT 2020","Fri May 22 06:39:30 PDT 2020","","","","508","0% (0/0)","0% (0/0)","0% (0/0)","8bt77nyd50mer69yoxps"
"3D5G8J4N5A481L745JVG1UVFIN0VTX","32KI9HN0SH8Q5EEER27HJI3DITGU1K","Reading a passage and responding to questions","You will read a short passage about a person, then answer questions related to the passage.","sentences, decisions, language","$0.40","Wed May 20 06:10:57 PDT 2020","352","BatchId:4045598;OriginalHitTemplateId:920937340;","7200","172800","Wed May 20 10:10:57 PDT 2020","","","3X65QVEQI0NQ5JRTVV3LDVTR6AXLC2","A25K2YA4BZW2K7","Submitted","Wed May 20 07:27:15 PDT 2020","Wed May 20 07:32:48 PDT 2020","Fri May 22 07:32:48 PDT 2020","","","","333","0% (0/0)","0% (0/0)","0% (0/0)","qqywly4ul33kdtus0528"
"3D5G8J4N5A481L745JVG1UVFIN0VTX","32KI9HN0SH8Q5EEER27HJI3DITGU1K","Reading a passage and responding to questions","You will read a short passage about a person, then answer questions related to the passage.","sentences, decisions, language","$0.40","Wed May 20 06:10:57 PDT 2020","352","BatchId:4045598;OriginalHitTemplateId:920937340;","7200","172800","Wed May 20 10:10:57 PDT 2020","","","3XCC1ODXDLB52IWP5X1CJCR7GHPQR4","A2ATXOR5WL2S0Q","Submitted","Wed May 20 07:47:41 PDT 2020","Wed May 20 08:17:18 PDT 2020","Fri May 22 08:17:18 PDT 2020","","","","1777","0% (0/0)","0% (0/0)","0% (0/0)","qjdgtmmoxzpkqcyf1l11"
"3D5G8J4N5A481L745JVG1UVFIN0VTX","32KI9HN0SH8Q5EEER27HJI3DITGU1K","Reading a passage and responding to questions","You will read a short passage about a person, then answer questions related to the passage.","sentences, decisions, language","$0.40","Wed May 20 06:10:57 PDT 2020","352","BatchId:4045598;OriginalHitTemplateId:920937340;","7200","172800","Wed May 20 10:10:57 PDT 2020","","","3YDGXNSEOZUSV8UV8ROZPSVXUXA48F","A1GOT0DXTYCM4E","Submitted","Wed May 20 06:17:03 PDT 2020","Wed May 20 06:21:29 PDT 2020","Fri May 22 06:21:29 PDT 2020","","","","266","0% (0/0)","0% (0/0)","0% (0/0)","98tcoxymbb00dl5uadmt"
"3D5G8J4N5A481L745JVG1UVFIN0VTX","32KI9HN0SH8Q5EEER27HJI3DITGU1K","Reading a passage and responding to questions","You will read a short passage about a person, then answer questions related to the passage.","sentences, decisions, language","$0.40","Wed May 20 06:10:57 PDT 2020","352","BatchId:4045598;OriginalHitTemplateId:920937340;","7200","172800","Wed May 20 10:10:57 PDT 2020","","","3YGXWBAF70HU7BK8P344RERGKO0C4Y","A2K2E17MDN6LGZ","Submitted","Wed May 20 07:05:02 PDT 2020","Wed May 20 08:18:44 PDT 2020","Fri May 22 08:18:44 PDT 2020","","","","4422","0% (0/0)","0% (0/0)","0% (0/0)","v7gzp71sw8znlnyujtzq"
"3D5G8J4N5A481L745JVG1UVFIN0VTX","32KI9HN0SH8Q5EEER27HJI3DITGU1K","Reading a passage and responding to questions","You will read a short passage about a person, then answer questions related to the passage.","sentences, decisions, language","$0.40","Wed May 20 06:10:57 PDT 2020","352","BatchId:4045598;OriginalHitTemplateId:920937340;","7200","172800","Wed May 20 10:10:57 PDT 2020","","","3YW4XOSQKQL9164POC62NM6JF45U1L","A2DAY2I2858IGJ","Submitted","Wed May 20 08:22:40 PDT 2020","Wed May 20 08:37:28 PDT 2020","Fri May 22 08:37:28 PDT 2020","","","","888","0% (0/0)","0% (0/0)","0% (0/0)","mn2haphd4qqqykzhwqye"
"3D5G8J4N5A481L745JVG1UVFIN0VTX","32KI9HN0SH8Q5EEER27HJI3DITGU1K","Reading a passage and responding to questions","You will read a short passage about a person, then answer questions related to the passage.","sentences, decisions, language","$0.40","Wed May 20 06:10:57 PDT 2020","352","BatchId:4045598;OriginalHitTemplateId:920937340;","7200","172800","Wed May 20 10:10:57 PDT 2020","","","3Z2R0DQ0JHEZ1VPZHGRBONULLMB2EF","A2CEU4T9M1RFFC","Submitted","Wed May 20 06:11:21 PDT 2020","Wed May 20 06:15:14 PDT 2020","Fri May 22 06:15:14 PDT 2020","","","","233","0% (0/0)","0% (0/0)","0% (0/0)","3albb6hy7hrycuwpj7a9"
"3D5G8J4N5A481L745JVG1UVFIN0VTX","32KI9HN0SH8Q5EEER27HJI3DITGU1K","Reading a passage and responding to questions","You will read a short passage about a person, then answer questions related to the passage.","sentences, decisions, language","$0.40","Wed May 20 06:10:57 PDT 2020","352","BatchId:4045598;OriginalHitTemplateId:920937340;","7200","172800","Wed May 20 10:10:57 PDT 2020","","","3Z3ZLGNNSIUDJGBNU70G1EORA3AQ31","A1GTK51EOSCJOV","Submitted","Wed May 20 08:00:22 PDT 2020","Wed May 20 08:07:53 PDT 2020","Fri May 22 08:07:53 PDT 2020","","","","451","0% (0/0)","0% (0/0)","0% (0/0)","wqlbhmdtq25xu43dvm55"
"3D5G8J4N5A481L745JVG1UVFIN0VTX","32KI9HN0SH8Q5EEER27HJI3DITGU1K","Reading a passage and responding to questions","You will read a short passage about a person, then answer questions related to the passage.","sentences, decisions, language","$0.40","Wed May 20 06:10:57 PDT 2020","352","BatchId:4045598;OriginalHitTemplateId:920937340;","7200","172800","Wed May 20 10:10:57 PDT 2020","","","3ZAK8W07I4E9UHJ7ST229HN9ACLU04","AGZ0KJNGENZ1J","Submitted","Wed May 20 06:15:21 PDT 2020","Wed May 20 06:20:55 PDT 2020","Fri May 22 06:20:55 PDT 2020","","","","334","0% (0/0)","0% (0/0)","0% (0/0)","q3nralu3o0yeqg4dllsu"
"3D5G8J4N5A481L745JVG1UVFIN0VTX","32KI9HN0SH8Q5EEER27HJI3DITGU1K","Reading a passage and responding to questions","You will read a short passage about a person, then answer questions related to the passage.","sentences, decisions, language","$0.40","Wed May 20 06:10:57 PDT 2020","352","BatchId:4045598;OriginalHitTemplateId:920937340;","7200","172800","Wed May 20 10:10:57 PDT 2020","","","3ZAK8W07I4E9UHJ7ST229HN9ACO0UD","A28PJNLAJHZP3D","Submitted","Wed May 20 06:26:55 PDT 2020","Wed May 20 07:52:36 PDT 2020","Fri May 22 07:52:36 PDT 2020","","","","5141","0% (0/0)","0% (0/0)","0% (0/0)","t0poahqbpr3fheqz1jah"
"3D5G8J4N5A481L745JVG1UVFIN0VTX","32KI9HN0SH8Q5EEER27HJI3DITGU1K","Reading a passage and responding to questions","You will read a short passage about a person, then answer questions related to the passage.","sentences, decisions, language","$0.40","Wed May 20 06:10:57 PDT 2020","352","BatchId:4045598;OriginalHitTemplateId:920937340;","7200","172800","Wed May 20 10:10:57 PDT 2020","","","3ZPBJO59KP1YOFEH46JY59I2ATCDHZ","A273QGE46SSQPE","Submitted","Wed May 20 09:12:48 PDT 2020","Wed May 20 09:17:28 PDT 2020","Fri May 22 09:17:28 PDT 2020","","","","280","0% (0/0)","0% (0/0)","0% (0/0)","qdhb5rxd3xx856aza033"
"3D5G8J4N5A481L745JVG1UVFIN0VTX","32KI9HN0SH8Q5EEER27HJI3DITGU1K","Reading a passage and responding to questions","You will read a short passage about a person, then answer questions related to the passage.","sentences, decisions, language","$0.40","Wed May 20 06:10:57 PDT 2020","352","BatchId:4045598;OriginalHitTemplateId:920937340;","7200","172800","Wed May 20 10:10:57 PDT 2020","","","3ZSANO2JCF7KC86T66QNXNSPVHPFSD","A3S0IC3M8RZ54U","Submitted","Wed May 20 06:13:14 PDT 2020","Wed May 20 06:22:00 PDT 2020","Fri May 22 06:22:00 PDT 2020","","","","526","0% (0/0)","0% (0/0)","0% (0/0)","cuprku04wjgny807qrj1"