"HITId","HITTypeId","Title","Description","Keywords","Reward","CreationTime","MaxAssignments","RequesterAnnotation","AssignmentDurationInSeconds","AutoApprovalDelayInSeconds","Expiration","NumberOfSimilarHITs","LifetimeInSeconds","AssignmentId","WorkerId","AssignmentStatus","AcceptTime","SubmitTime","AutoApprovalTime","ApprovalTime","RejectionTime","RequesterFeedback","WorkTimeInSeconds","LifetimeApprovalRate","Last30DaysApprovalRate","Last7DaysApprovalRate","Answer.surveycode","Approve","Reject"
"3MD8CKRQZZNMUBUIK5C2YRJ30G8RJA","34NBII25NZIOGJLGY73HHZ47TJY2JF","Reading a passage and responding to questions","You will read a short passage about a person, then answer questions related to the passage.","sentences, decisions, language","$0.40","Fri Jun 19 15:49:49 PDT 2020","352","BatchId:4086211;OriginalHitTemplateId:920937340;","7200","259200","Fri Jun 19 19:49:49 PDT 2020","","","304SM51WA34UZRUD144REX14I16SBJ","A2OLZ01XT7EFIZ","Submitted","Fri Jun 19 16:47:48 PDT 2020","Fri Jun 19 18:05:46 PDT 2020","Mon Jun 22 18:05:46 PDT 2020","","","","4678","0% (0/0)","0% (0/0)","0% (0/0)","aams1toj2980n0c2ey06"
"3MD8CKRQZZNMUBUIK5C2YRJ30G8RJA","34NBII25NZIOGJLGY73HHZ47TJY2JF","Reading a passage and responding to questions","You will read a short passage about a person, then answer questions related to the passage.","sentences, decisions, language","$0.40","Fri Jun 19 15:49:49 PDT 2020","352","BatchId:4086211;OriginalHitTemplateId:920937340;","7200","259200","Fri Jun 19 19:49:49 PDT 2020","","","30H4UDGLT2IT5QII0CQ6X87N7G4MPN","AZ5USSNKZI3Y1","Submitted","Fri Jun 19 16:56:31 PDT 2020","Fri Jun 19 17:07:58 PDT 2020","Mon Jun 22 17:07:58 PDT 2020","","","","687","0% (0/0)","0% (0/0)","0% (0/0)","2rtft44lxp4wnbaz9mfa"
"3MD8CKRQZZNMUBUIK5C2YRJ30G8RJA","34NBII25NZIOGJLGY73HHZ47TJY2JF","Reading a passage and responding to questions","You will read a short passage about a person, then answer questions related to the passage.","sentences, decisions, language","$0.40","Fri Jun 19 15:49:49 PDT 2020","352","BatchId:4086211;OriginalHitTemplateId:920937340;","7200","259200","Fri Jun 19 19:49:49 PDT 2020","","","31JLPPHS2UUAY4Y7FU8CC9TRXK33OJ","A3IGFK1YNA4H9O","Submitted","Fri Jun 19 19:04:12 PDT 2020","Fri Jun 19 19:07:33 PDT 2020","Mon Jun 22 19:07:33 PDT 2020","","","","201","0% (0/0)","0% (0/0)","0% (0/0)","6jrfbocnq3n56kgzlywl"
"3MD8CKRQZZNMUBUIK5C2YRJ30G8RJA","34NBII25NZIOGJLGY73HHZ47TJY2JF","Reading a passage and responding to questions","You will read a short passage about a person, then answer questions related to the passage.","sentences, decisions, language","$0.40","Fri Jun 19 15:49:49 PDT 2020","352","BatchId:4086211;OriginalHitTemplateId:920937340;","7200","259200","Fri Jun 19 19:49:49 PDT 2020","","","31Z0PCVWUKF8CF42DNX1J0BU1UUT7O","A10MSB9X1UFLJ5","Submitted","Fri Jun 19 17:01:14 PDT 2020","Fri Jun 19 17:09:58 PDT 2020","Mon Jun 22 17:09:58 PDT 2020","","","","524","0% (0/0)","0% (0/0)","0% (0/0)","wo6a0n2z98x3c73s3xgj"
"3MD8CKRQZZNMUBUIK5C2YRJ30G8RJA","34NBII25NZIOGJLGY73HHZ47TJY2JF","Reading a passage and responding to questions","You will read a short passage about a person, then answer questions related to the passage.","sentences, decisions, language","$0.40","Fri Jun 19 15:49:49 PDT 2020","352","BatchId:4086211;OriginalHitTemplateId:920937340;","7200","259200","Fri Jun 19 19:49:49 PDT 2020","","","320DUZ38G7MXR5JYUWNRN71E2VGGJ3","A1B6T16MJV5LOU","Submitted","Fri Jun 19 15:54:36 PDT 2020","Fri Jun 19 16:04:32 PDT 2020","Mon Jun 22 16:04:32 PDT 2020","","","","596","0% (0/0)","0% (0/0)","0% (0/0)","9ougcfhtv1u4dtshcp2e"
"3MD8CKRQZZNMUBUIK5C2YRJ30G8RJA","34NBII25NZIOGJLGY73HHZ47TJY2JF","Reading a passage and responding to questions","You will read a short passage about a person, then answer questions related to the passage.","sentences, decisions, language","$0.40","Fri Jun 19 15:49:49 PDT 2020","352","BatchId:4086211;OriginalHitTemplateId:920937340;","7200","259200","Fri Jun 19 19:49:49 PDT 2020","","","326O153BMIYM45NFE5BSK6LPKVIDEJ","AKTWA4NBCUQMV","Submitted","Fri Jun 19 18:16:55 PDT 2020","Fri Jun 19 18:51:15 PDT 2020","Mon Jun 22 18:51:15 PDT 2020","","","","2060","0% (0/0)","0% (0/0)","0% (0/0)","s5pg2lwunhu5g83wrron"
"3MD8CKRQZZNMUBUIK5C2YRJ30G8RJA","34NBII25NZIOGJLGY73HHZ47TJY2JF","Reading a passage and responding to questions","You will read a short passage about a person, then answer questions related to the passage.","sentences, decisions, language","$0.40","Fri Jun 19 15:49:49 PDT 2020","352","BatchId:4086211;OriginalHitTemplateId:920937340;","7200","259200","Fri Jun 19 19:49:49 PDT 2020","","","32AT8R96GL99VQ3J1VLMJNTS7MASUX","A134K8O4EOZ45W","Submitted","Fri Jun 19 16:16:22 PDT 2020","Fri Jun 19 16:23:30 PDT 2020","Mon Jun 22 16:23:30 PDT 2020","","","","428","0% (0/0)","0% (0/0)","0% (0/0)","ugpgy8pbx2s5c8z2mnud"
"3MD8CKRQZZNMUBUIK5C2YRJ30G8RJA","34NBII25NZIOGJLGY73HHZ47TJY2JF","Reading a passage and responding to questions","You will read a short passage about a person, then answer questions related to the passage.","sentences, decisions, language","$0.40","Fri Jun 19 15:49:49 PDT 2020","352","BatchId:4086211;OriginalHitTemplateId:920937340;","7200","259200","Fri Jun 19 19:49:49 PDT 2020","","","32UTUBMZ7GWARJBHVZ9WPKLBH59BVG","A1DHIZR17EFANG","Submitted","Fri Jun 19 18:19:03 PDT 2020","Fri Jun 19 18:22:51 PDT 2020","Mon Jun 22 18:22:51 PDT 2020","","","","228","0% (0/0)","0% (0/0)","0% (0/0)","s995eth29ozkj34csaqw"
"3MD8CKRQZZNMUBUIK5C2YRJ30G8RJA","34NBII25NZIOGJLGY73HHZ47TJY2JF","Reading a passage and responding to questions","You will read a short passage about a person, then answer questions related to the passage.","sentences, decisions, language","$0.40","Fri Jun 19 15:49:49 PDT 2020","352","BatchId:4086211;OriginalHitTemplateId:920937340;","7200","259200","Fri Jun 19 19:49:49 PDT 2020","","","33IZTU6J8111CUXE60W93USW145SX3","A3KJHBYLVDBQVF","Submitted","Fri Jun 19 18:49:41 PDT 2020","Fri Jun 19 19:29:40 PDT 2020","Mon Jun 22 19:29:40 PDT 2020","","","","2399","0% (0/0)","0% (0/0)","0% (0/0)","cckyuv13ze4r83tqaot6"
"3MD8CKRQZZNMUBUIK5C2YRJ30G8RJA","34NBII25NZIOGJLGY73HHZ47TJY2JF","Reading a passage and responding to questions","You will read a short passage about a person, then answer questions related to the passage.","sentences, decisions, language","$0.40","Fri Jun 19 15:49:49 PDT 2020","352","BatchId:4086211;OriginalHitTemplateId:920937340;","7200","259200","Fri Jun 19 19:49:49 PDT 2020","","","33LK57MYLT5QHPXT7IKU0F8794ZSZW","A35DZ5AAKNOKQ8","Submitted","Fri Jun 19 17:58:48 PDT 2020","Fri Jun 19 18:02:06 PDT 2020","Mon Jun 22 18:02:06 PDT 2020","","","","198","0% (0/0)","0% (0/0)","0% (0/0)","qwl4z8b306smk6cmcgp6"
"3MD8CKRQZZNMUBUIK5C2YRJ30G8RJA","34NBII25NZIOGJLGY73HHZ47TJY2JF","Reading a passage and responding to questions","You will read a short passage about a person, then answer questions related to the passage.","sentences, decisions, language","$0.40","Fri Jun 19 15:49:49 PDT 2020","352","BatchId:4086211;OriginalHitTemplateId:920937340;","7200","259200","Fri Jun 19 19:49:49 PDT 2020","","","33NF62TLXJ22TRFHKN86LZT79C6JKI","A1IB0GHKNZHVNE","Submitted","Fri Jun 19 17:30:55 PDT 2020","Fri Jun 19 17:38:24 PDT 2020","Mon Jun 22 17:38:24 PDT 2020","","","","449","0% (0/0)","0% (0/0)","0% (0/0)","hpxkg1wlf5km1bx967yu"
"3MD8CKRQZZNMUBUIK5C2YRJ30G8RJA","34NBII25NZIOGJLGY73HHZ47TJY2JF","Reading a passage and responding to questions","You will read a short passage about a person, then answer questions related to the passage.","sentences, decisions, language","$0.40","Fri Jun 19 15:49:49 PDT 2020","352","BatchId:4086211;OriginalHitTemplateId:920937340;","7200","259200","Fri Jun 19 19:49:49 PDT 2020","","","33TIN5LC04A87KRP2QIK5DUFBM29Y7","ASC3Q74XYVYMF","Submitted","Fri Jun 19 17:14:06 PDT 2020","Fri Jun 19 17:29:01 PDT 2020","Mon Jun 22 17:29:01 PDT 2020","","","","895","0% (0/0)","0% (0/0)","0% (0/0)","aswa9555ov1rldb7rr4e"
"3MD8CKRQZZNMUBUIK5C2YRJ30G8RJA","34NBII25NZIOGJLGY73HHZ47TJY2JF","Reading a passage and responding to questions","You will read a short passage about a person, then answer questions related to the passage.","sentences, decisions, language","$0.40","Fri Jun 19 15:49:49 PDT 2020","352","BatchId:4086211;OriginalHitTemplateId:920937340;","7200","259200","Fri Jun 19 19:49:49 PDT 2020","","","34QN5IT0TZRBWKCUPQ1XDP5KF3C80N","A1JL8ZJI4LNERB","Submitted","Fri Jun 19 18:26:53 PDT 2020","Fri Jun 19 18:29:56 PDT 2020","Mon Jun 22 18:29:56 PDT 2020","","","","183","0% (0/0)","0% (0/0)","0% (0/0)","tqw282pg0u9fmqjh7s7z"
"3MD8CKRQZZNMUBUIK5C2YRJ30G8RJA","34NBII25NZIOGJLGY73HHZ47TJY2JF","Reading a passage and responding to questions","You will read a short passage about a person, then answer questions related to the passage.","sentences, decisions, language","$0.40","Fri Jun 19 15:49:49 PDT 2020","352","BatchId:4086211;OriginalHitTemplateId:920937340;","7200","259200","Fri Jun 19 19:49:49 PDT 2020","","","358UUM7WRZ3VW0RA9YS6JLACD9S7RK","A22DBMKS4YPINK","Submitted","Fri Jun 19 16:06:24 PDT 2020","Fri Jun 19 16:13:32 PDT 2020","Mon Jun 22 16:13:32 PDT 2020","","","","428","0% (0/0)","0% (0/0)","0% (0/0)","ydqxjhozatosdu59n3ae"
"3MD8CKRQZZNMUBUIK5C2YRJ30G8RJA","34NBII25NZIOGJLGY73HHZ47TJY2JF","Reading a passage and responding to questions","You will read a short passage about a person, then answer questions related to the passage.","sentences, decisions, language","$0.40","Fri Jun 19 15:49:49 PDT 2020","352","BatchId:4086211;OriginalHitTemplateId:920937340;","7200","259200","Fri Jun 19 19:49:49 PDT 2020","","","35BLDD71I6X69HEX1DPZB2SE881VZC","A27SP6XIT9FWOB","Submitted","Fri Jun 19 19:43:18 PDT 2020","Fri Jun 19 19:45:56 PDT 2020","Mon Jun 22 19:45:56 PDT 2020","","","","158","0% (0/0)","0% (0/0)","0% (0/0)","qe70jjzcf1ez6gttmh3r"
"3MD8CKRQZZNMUBUIK5C2YRJ30G8RJA","34NBII25NZIOGJLGY73HHZ47TJY2JF","Reading a passage and responding to questions","You will read a short passage about a person, then answer questions related to the passage.","sentences, decisions, language","$0.40","Fri Jun 19 15:49:49 PDT 2020","352","BatchId:4086211;OriginalHitTemplateId:920937340;","7200","259200","Fri Jun 19 19:49:49 PDT 2020","","","35GMH2SV3EHD82E44EP8V0XOO9TEOL","A2U8STC1WIOYWI","Submitted","Fri Jun 19 19:09:02 PDT 2020","Fri Jun 19 19:12:31 PDT 2020","Mon Jun 22 19:12:31 PDT 2020","","","","209","0% (0/0)","0% (0/0)","0% (0/0)","unqspr5jn46gb5s8goab"
"3MD8CKRQZZNMUBUIK5C2YRJ30G8RJA","34NBII25NZIOGJLGY73HHZ47TJY2JF","Reading a passage and responding to questions","You will read a short passage about a person, then answer questions related to the passage.","sentences, decisions, language","$0.40","Fri Jun 19 15:49:49 PDT 2020","352","BatchId:4086211;OriginalHitTemplateId:920937340;","7200","259200","Fri Jun 19 19:49:49 PDT 2020","","","35H6S234SA0NNDF7THABA65KQGP56B","AQPNHBHYWM8YU","Submitted","Fri Jun 19 17:06:07 PDT 2020","Fri Jun 19 17:10:40 PDT 2020","Mon Jun 22 17:10:40 PDT 2020","","","","273","0% (0/0)","0% (0/0)","0% (0/0)","p8oyeqfr7qb869lv2kgn"
"3MD8CKRQZZNMUBUIK5C2YRJ30G8RJA","34NBII25NZIOGJLGY73HHZ47TJY2JF","Reading a passage and responding to questions","You will read a short passage about a person, then answer questions related to the passage.","sentences, decisions, language","$0.40","Fri Jun 19 15:49:49 PDT 2020","352","BatchId:4086211;OriginalHitTemplateId:920937340;","7200","259200","Fri Jun 19 19:49:49 PDT 2020","","","36U2A8VAG1ZSOGAG6N99VM8VMGFYKR","A2VOGYNO2CK8D5","Submitted","Fri Jun 19 17:29:24 PDT 2020","Fri Jun 19 17:34:09 PDT 2020","Mon Jun 22 17:34:09 PDT 2020","","","","285","0% (0/0)","0% (0/0)","0% (0/0)","ux3lure7grv5apdj99vl"
"3MD8CKRQZZNMUBUIK5C2YRJ30G8RJA","34NBII25NZIOGJLGY73HHZ47TJY2JF","Reading a passage and responding to questions","You will read a short passage about a person, then answer questions related to the passage.","sentences, decisions, language","$0.40","Fri Jun 19 15:49:49 PDT 2020","352","BatchId:4086211;OriginalHitTemplateId:920937340;","7200","259200","Fri Jun 19 19:49:49 PDT 2020","","","386PBUZZXFXDDXXZ5NK70Z6MYCCJLM","AW1QY7Q83DYCJ","Submitted","Fri Jun 19 17:41:51 PDT 2020","Fri Jun 19 19:13:08 PDT 2020","Mon Jun 22 19:13:08 PDT 2020","","","","5477","0% (0/0)","0% (0/0)","0% (0/0)","m3ygqx00w8tbr6ct7u2x"
"3MD8CKRQZZNMUBUIK5C2YRJ30G8RJA","34NBII25NZIOGJLGY73HHZ47TJY2JF","Reading a passage and responding to questions","You will read a short passage about a person, then answer questions related to the passage.","sentences, decisions, language","$0.40","Fri Jun 19 15:49:49 PDT 2020","352","BatchId:4086211;OriginalHitTemplateId:920937340;","7200","259200","Fri Jun 19 19:49:49 PDT 2020","","","38BQUHLA9W0BKQ6HLCDR882XXBMMOK","A10TDSSVO87SXA","Submitted","Fri Jun 19 19:37:56 PDT 2020","Fri Jun 19 20:31:56 PDT 2020","Mon Jun 22 20:31:56 PDT 2020","","","","3240","0% (0/0)","0% (0/0)","0% (0/0)","1l1mveq7k3f2s77wg3k0"
"3MD8CKRQZZNMUBUIK5C2YRJ30G8RJA","34NBII25NZIOGJLGY73HHZ47TJY2JF","Reading a passage and responding to questions","You will read a short passage about a person, then answer questions related to the passage.","sentences, decisions, language","$0.40","Fri Jun 19 15:49:49 PDT 2020","352","BatchId:4086211;OriginalHitTemplateId:920937340;","7200","259200","Fri Jun 19 19:49:49 PDT 2020","","","38JBBYETQOA9494MLUAZH2RJ7ICE4U","AXOG4VXOM18W5","Submitted","Fri Jun 19 16:00:13 PDT 2020","Fri Jun 19 16:10:44 PDT 2020","Mon Jun 22 16:10:44 PDT 2020","","","","631","0% (0/0)","0% (0/0)","0% (0/0)","5j974wzseevh482f2flm"
"3MD8CKRQZZNMUBUIK5C2YRJ30G8RJA","34NBII25NZIOGJLGY73HHZ47TJY2JF","Reading a passage and responding to questions","You will read a short passage about a person, then answer questions related to the passage.","sentences, decisions, language","$0.40","Fri Jun 19 15:49:49 PDT 2020","352","BatchId:4086211;OriginalHitTemplateId:920937340;","7200","259200","Fri Jun 19 19:49:49 PDT 2020","","","39N5ACM9HENEY6ZOB3M1SM137H3P9X","A237O646ZJ1SFW","Submitted","Fri Jun 19 18:02:09 PDT 2020","Fri Jun 19 18:22:31 PDT 2020","Mon Jun 22 18:22:31 PDT 2020","","","","1222","0% (0/0)","0% (0/0)","0% (0/0)","20lg501yk0ygzq28aqt5"
"3MD8CKRQZZNMUBUIK5C2YRJ30G8RJA","34NBII25NZIOGJLGY73HHZ47TJY2JF","Reading a passage and responding to questions","You will read a short passage about a person, then answer questions related to the passage.","sentences, decisions, language","$0.40","Fri Jun 19 15:49:49 PDT 2020","352","BatchId:4086211;OriginalHitTemplateId:920937340;","7200","259200","Fri Jun 19 19:49:49 PDT 2020","","","39RP059MEHTR1WH8H7852O2YQCKBMM","AQUSJFUP9QPF8","Submitted","Fri Jun 19 16:00:54 PDT 2020","Fri Jun 19 16:10:59 PDT 2020","Mon Jun 22 16:10:59 PDT 2020","","","","605","0% (0/0)","0% (0/0)","0% (0/0)","vt2xvzudewr20r9a9f5n"
"3MD8CKRQZZNMUBUIK5C2YRJ30G8RJA","34NBII25NZIOGJLGY73HHZ47TJY2JF","Reading a passage and responding to questions","You will read a short passage about a person, then answer questions related to the passage.","sentences, decisions, language","$0.40","Fri Jun 19 15:49:49 PDT 2020","352","BatchId:4086211;OriginalHitTemplateId:920937340;","7200","259200","Fri Jun 19 19:49:49 PDT 2020","","","3A0EX8ZRN8ORVD6M0AWGWJP5ZNIBYY","A2764JXUVOEI1S","Submitted","Fri Jun 19 19:48:51 PDT 2020","Fri Jun 19 19:53:05 PDT 2020","Mon Jun 22 19:53:05 PDT 2020","","","","254","0% (0/0)","0% (0/0)","0% (0/0)","ms1ovtf4wmnfc2eo3rdf"
"3MD8CKRQZZNMUBUIK5C2YRJ30G8RJA","34NBII25NZIOGJLGY73HHZ47TJY2JF","Reading a passage and responding to questions","You will read a short passage about a person, then answer questions related to the passage.","sentences, decisions, language","$0.40","Fri Jun 19 15:49:49 PDT 2020","352","BatchId:4086211;OriginalHitTemplateId:920937340;","7200","259200","Fri Jun 19 19:49:49 PDT 2020","","","3A4TN5196KIOJN834AONL30KRBNHCS","A1BAEFJ2OG7NJ0","Submitted","Fri Jun 19 16:22:13 PDT 2020","Fri Jun 19 16:27:27 PDT 2020","Mon Jun 22 16:27:27 PDT 2020","","","","314","100% (1/1)","0% (0/0)","0% (0/0)","cs8fpuqug1p9vpgj2z8m"
"3MD8CKRQZZNMUBUIK5C2YRJ30G8RJA","34NBII25NZIOGJLGY73HHZ47TJY2JF","Reading a passage and responding to questions","You will read a short passage about a person, then answer questions related to the passage.","sentences, decisions, language","$0.40","Fri Jun 19 15:49:49 PDT 2020","352","BatchId:4086211;OriginalHitTemplateId:920937340;","7200","259200","Fri Jun 19 19:49:49 PDT 2020","","","3AQF3RZ558IFPA8WZTNKWIWXFAWF6X","A20YGFCRNDTD6","Submitted","Fri Jun 19 15:57:06 PDT 2020","Fri Jun 19 16:01:42 PDT 2020","Mon Jun 22 16:01:42 PDT 2020","","","","276","0% (0/0)","0% (0/0)","0% (0/0)","0hnj9b7v81rdkhm6a6y0"
"3MD8CKRQZZNMUBUIK5C2YRJ30G8RJA","34NBII25NZIOGJLGY73HHZ47TJY2JF","Reading a passage and responding to questions","You will read a short passage about a person, then answer questions related to the passage.","sentences, decisions, language","$0.40","Fri Jun 19 15:49:49 PDT 2020","352","BatchId:4086211;OriginalHitTemplateId:920937340;","7200","259200","Fri Jun 19 19:49:49 PDT 2020","","","3AZHRG4CU4KPVN6OD961M8X9ZHE03H","A2RZL46A5M4C5D","Submitted","Fri Jun 19 17:23:56 PDT 2020","Fri Jun 19 17:29:48 PDT 2020","Mon Jun 22 17:29:48 PDT 2020","","","","352","0% (0/0)","0% (0/0)","0% (0/0)","ps5j259x196qaabn5atj"
"3MD8CKRQZZNMUBUIK5C2YRJ30G8RJA","34NBII25NZIOGJLGY73HHZ47TJY2JF","Reading a passage and responding to questions","You will read a short passage about a person, then answer questions related to the passage.","sentences, decisions, language","$0.40","Fri Jun 19 15:49:49 PDT 2020","352","BatchId:4086211;OriginalHitTemplateId:920937340;","7200","259200","Fri Jun 19 19:49:49 PDT 2020","","","3BEFOD78W6T7GXWZ2SYIUAWSGKEM42","A1ZA7U1HG82F4S","Submitted","Fri Jun 19 18:01:52 PDT 2020","Fri Jun 19 18:38:13 PDT 2020","Mon Jun 22 18:38:13 PDT 2020","","","","2181","0% (0/0)","0% (0/0)","0% (0/0)","6285hnr7lj1g7ld5s2wz"
"3MD8CKRQZZNMUBUIK5C2YRJ30G8RJA","34NBII25NZIOGJLGY73HHZ47TJY2JF","Reading a passage and responding to questions","You will read a short passage about a person, then answer questions related to the passage.","sentences, decisions, language","$0.40","Fri Jun 19 15:49:49 PDT 2020","352","BatchId:4086211;OriginalHitTemplateId:920937340;","7200","259200","Fri Jun 19 19:49:49 PDT 2020","","","3BF51CHDTVA4PVDNSUV3Q2YJIMOH0X","A2TXUNEHPTW3Z3","Submitted","Fri Jun 19 16:02:32 PDT 2020","Fri Jun 19 16:08:02 PDT 2020","Mon Jun 22 16:08:02 PDT 2020","","","","330","0% (0/0)","0% (0/0)","0% (0/0)","3yzh56qcn0pk7goppj1h"
"3MD8CKRQZZNMUBUIK5C2YRJ30G8RJA","34NBII25NZIOGJLGY73HHZ47TJY2JF","Reading a passage and responding to questions","You will read a short passage about a person, then answer questions related to the passage.","sentences, decisions, language","$0.40","Fri Jun 19 15:49:49 PDT 2020","352","BatchId:4086211;OriginalHitTemplateId:920937340;","7200","259200","Fri Jun 19 19:49:49 PDT 2020","","","3BV8HQ2ZZW1KTJROOD1SIHL6IUK6AC","AJ57ZTC9H1IW9","Submitted","Fri Jun 19 16:02:51 PDT 2020","Fri Jun 19 16:08:27 PDT 2020","Mon Jun 22 16:08:27 PDT 2020","","","","336","0% (0/0)","0% (0/0)","0% (0/0)","4mzffv01zk0de5dvw44l"
"3MD8CKRQZZNMUBUIK5C2YRJ30G8RJA","34NBII25NZIOGJLGY73HHZ47TJY2JF","Reading a passage and responding to questions","You will read a short passage about a person, then answer questions related to the passage.","sentences, decisions, language","$0.40","Fri Jun 19 15:49:49 PDT 2020","352","BatchId:4086211;OriginalHitTemplateId:920937340;","7200","259200","Fri Jun 19 19:49:49 PDT 2020","","","3BWI6RSP7G96NWM5NS86KEBTYKCE7O","A31J5K3XD4F39K","Submitted","Fri Jun 19 17:47:09 PDT 2020","Fri Jun 19 17:58:23 PDT 2020","Mon Jun 22 17:58:23 PDT 2020","","","","674","0% (0/0)","0% (0/0)","0% (0/0)","o3hh1aob4204eo98efvf"
"3MD8CKRQZZNMUBUIK5C2YRJ30G8RJA","34NBII25NZIOGJLGY73HHZ47TJY2JF","Reading a passage and responding to questions","You will read a short passage about a person, then answer questions related to the passage.","sentences, decisions, language","$0.40","Fri Jun 19 15:49:49 PDT 2020","352","BatchId:4086211;OriginalHitTemplateId:920937340;","7200","259200","Fri Jun 19 19:49:49 PDT 2020","","","3COPXFW7XBCYF2IFF0DQIVFJIBAPKM","AU6A0BDN0C5VG","Submitted","Fri Jun 19 17:08:02 PDT 2020","Fri Jun 19 17:12:35 PDT 2020","Mon Jun 22 17:12:35 PDT 2020","","","","273","0% (0/0)","0% (0/0)","0% (0/0)","j0ca5t69e5xoq76z9560"
"3MD8CKRQZZNMUBUIK5C2YRJ30G8RJA","34NBII25NZIOGJLGY73HHZ47TJY2JF","Reading a passage and responding to questions","You will read a short passage about a person, then answer questions related to the passage.","sentences, decisions, language","$0.40","Fri Jun 19 15:49:49 PDT 2020","352","BatchId:4086211;OriginalHitTemplateId:920937340;","7200","259200","Fri Jun 19 19:49:49 PDT 2020","","","3D8YOU6S9EK48S5MUIIJIIX0PXU6U6","A3E68WU72U0IYT","Submitted","Fri Jun 19 19:20:28 PDT 2020","Fri Jun 19 19:30:40 PDT 2020","Mon Jun 22 19:30:40 PDT 2020","","","","612","0% (0/0)","0% (0/0)","0% (0/0)","7d2qyweush8teumc67nn"
"3MD8CKRQZZNMUBUIK5C2YRJ30G8RJA","34NBII25NZIOGJLGY73HHZ47TJY2JF","Reading a passage and responding to questions","You will read a short passage about a person, then answer questions related to the passage.","sentences, decisions, language","$0.40","Fri Jun 19 15:49:49 PDT 2020","352","BatchId:4086211;OriginalHitTemplateId:920937340;","7200","259200","Fri Jun 19 19:49:49 PDT 2020","","","3DR23U6WE5ETLUJC0VB7PA3BNHCET9","A2ND0T6C7O2PDF","Submitted","Fri Jun 19 19:36:33 PDT 2020","Fri Jun 19 19:42:17 PDT 2020","Mon Jun 22 19:42:17 PDT 2020","","","","344","0% (0/0)","0% (0/0)","0% (0/0)","gr9kw1gxyxem372pb16y"
"3MD8CKRQZZNMUBUIK5C2YRJ30G8RJA","34NBII25NZIOGJLGY73HHZ47TJY2JF","Reading a passage and responding to questions","You will read a short passage about a person, then answer questions related to the passage.","sentences, decisions, language","$0.40","Fri Jun 19 15:49:49 PDT 2020","352","BatchId:4086211;OriginalHitTemplateId:920937340;","7200","259200","Fri Jun 19 19:49:49 PDT 2020","","","3DUZQ9U6SMO985SJ6LVRF9VBLTGSVJ","A33QI63NVR8CUO","Submitted","Fri Jun 19 15:51:31 PDT 2020","Fri Jun 19 15:54:14 PDT 2020","Mon Jun 22 15:54:14 PDT 2020","","","","163","0% (0/0)","0% (0/0)","0% (0/0)","v9x6n32w8f6h33cncxyh"
"3MD8CKRQZZNMUBUIK5C2YRJ30G8RJA","34NBII25NZIOGJLGY73HHZ47TJY2JF","Reading a passage and responding to questions","You will read a short passage about a person, then answer questions related to the passage.","sentences, decisions, language","$0.40","Fri Jun 19 15:49:49 PDT 2020","352","BatchId:4086211;OriginalHitTemplateId:920937340;","7200","259200","Fri Jun 19 19:49:49 PDT 2020","","","3EJPLAJKEMGLURZW05HRZACFRFTZ68","A322PGCN3OW0D0","Submitted","Fri Jun 19 16:30:49 PDT 2020","Fri Jun 19 16:35:20 PDT 2020","Mon Jun 22 16:35:20 PDT 2020","","","","271","0% (0/0)","0% (0/0)","0% (0/0)","fjdrdl4vs8kpx3xjoutj"
"3MD8CKRQZZNMUBUIK5C2YRJ30G8RJA","34NBII25NZIOGJLGY73HHZ47TJY2JF","Reading a passage and responding to questions","You will read a short passage about a person, then answer questions related to the passage.","sentences, decisions, language","$0.40","Fri Jun 19 15:49:49 PDT 2020","352","BatchId:4086211;OriginalHitTemplateId:920937340;","7200","259200","Fri Jun 19 19:49:49 PDT 2020","","","3EJPLAJKEMGLURZW05HRZACFRFWZ6B","A28AE5FWD4MUUV","Submitted","Fri Jun 19 17:03:49 PDT 2020","Fri Jun 19 17:46:16 PDT 2020","Mon Jun 22 17:46:16 PDT 2020","","","","2547","0% (0/0)","0% (0/0)","0% (0/0)","eg517q6ww3dqpdxcywx1"
"3MD8CKRQZZNMUBUIK5C2YRJ30G8RJA","34NBII25NZIOGJLGY73HHZ47TJY2JF","Reading a passage and responding to questions","You will read a short passage about a person, then answer questions related to the passage.","sentences, decisions, language","$0.40","Fri Jun 19 15:49:49 PDT 2020","352","BatchId:4086211;OriginalHitTemplateId:920937340;","7200","259200","Fri Jun 19 19:49:49 PDT 2020","","","3GM6G9ZBKNXRXIBPHTZQ2I8KWJJTMT","A1T05OU2YMZZ6N","Submitted","Fri Jun 19 15:59:21 PDT 2020","Fri Jun 19 16:04:47 PDT 2020","Mon Jun 22 16:04:47 PDT 2020","","","","326","0% (0/0)","0% (0/0)","0% (0/0)","30pe4xzt8h2k9h0dfqtr"
"3MD8CKRQZZNMUBUIK5C2YRJ30G8RJA","34NBII25NZIOGJLGY73HHZ47TJY2JF","Reading a passage and responding to questions","You will read a short passage about a person, then answer questions related to the passage.","sentences, decisions, language","$0.40","Fri Jun 19 15:49:49 PDT 2020","352","BatchId:4086211;OriginalHitTemplateId:920937340;","7200","259200","Fri Jun 19 19:49:49 PDT 2020","","","3H7XDTSHKCRJXPJX1V66CXVM4R4GWD","A1QIR3JFR56TKL","Submitted","Fri Jun 19 18:29:39 PDT 2020","Fri Jun 19 18:45:42 PDT 2020","Mon Jun 22 18:45:42 PDT 2020","","","","963","0% (0/0)","0% (0/0)","0% (0/0)","e7pdl2d7jxno7coo7zsx"
"3MD8CKRQZZNMUBUIK5C2YRJ30G8RJA","34NBII25NZIOGJLGY73HHZ47TJY2JF","Reading a passage and responding to questions","You will read a short passage about a person, then answer questions related to the passage.","sentences, decisions, language","$0.40","Fri Jun 19 15:49:49 PDT 2020","352","BatchId:4086211;OriginalHitTemplateId:920937340;","7200","259200","Fri Jun 19 19:49:49 PDT 2020","","","3H8DHMCCW9BPQ5FPARMVI1YU4SDDK2","A10000SYXL7WDP","Submitted","Fri Jun 19 18:08:37 PDT 2020","Fri Jun 19 18:18:05 PDT 2020","Mon Jun 22 18:18:05 PDT 2020","","","","568","0% (0/0)","0% (0/0)","0% (0/0)","2jed2um0t0gapt15rc2r"
"3MD8CKRQZZNMUBUIK5C2YRJ30G8RJA","34NBII25NZIOGJLGY73HHZ47TJY2JF","Reading a passage and responding to questions","You will read a short passage about a person, then answer questions related to the passage.","sentences, decisions, language","$0.40","Fri Jun 19 15:49:49 PDT 2020","352","BatchId:4086211;OriginalHitTemplateId:920937340;","7200","259200","Fri Jun 19 19:49:49 PDT 2020","","","3HL8HNGX45127TAUX0QWGSNZ5B4F98","A6KNVMWAKGU0Q","Submitted","Fri Jun 19 15:57:03 PDT 2020","Fri Jun 19 16:06:07 PDT 2020","Mon Jun 22 16:06:07 PDT 2020","","","","544","0% (0/0)","0% (0/0)","0% (0/0)","7rdslyttqolndbyll0mx"
"3MD8CKRQZZNMUBUIK5C2YRJ30G8RJA","34NBII25NZIOGJLGY73HHZ47TJY2JF","Reading a passage and responding to questions","You will read a short passage about a person, then answer questions related to the passage.","sentences, decisions, language","$0.40","Fri Jun 19 15:49:49 PDT 2020","352","BatchId:4086211;OriginalHitTemplateId:920937340;","7200","259200","Fri Jun 19 19:49:49 PDT 2020","","","3HRMW88U16QQH9EYJRBGI76FZ8M0MO","AOB6ZJTDB416G","Submitted","Fri Jun 19 15:50:05 PDT 2020","Fri Jun 19 15:56:29 PDT 2020","Mon Jun 22 15:56:29 PDT 2020","","","","384","0% (0/0)","0% (0/0)","0% (0/0)","lb9k2615okr97xyept8m"
"3MD8CKRQZZNMUBUIK5C2YRJ30G8RJA","34NBII25NZIOGJLGY73HHZ47TJY2JF","Reading a passage and responding to questions","You will read a short passage about a person, then answer questions related to the passage.","sentences, decisions, language","$0.40","Fri Jun 19 15:49:49 PDT 2020","352","BatchId:4086211;OriginalHitTemplateId:920937340;","7200","259200","Fri Jun 19 19:49:49 PDT 2020","","","3HRMW88U16QQH9EYJRBGI76FZ8O0MQ","AI5C0GAB46GX4","Submitted","Fri Jun 19 16:08:08 PDT 2020","Fri Jun 19 16:13:30 PDT 2020","Mon Jun 22 16:13:30 PDT 2020","","","","322","0% (0/0)","0% (0/0)","0% (0/0)","c0e0gljpwmf4qmzo6wqx"
"3MD8CKRQZZNMUBUIK5C2YRJ30G8RJA","34NBII25NZIOGJLGY73HHZ47TJY2JF","Reading a passage and responding to questions","You will read a short passage about a person, then answer questions related to the passage.","sentences, decisions, language","$0.40","Fri Jun 19 15:49:49 PDT 2020","352","BatchId:4086211;OriginalHitTemplateId:920937340;","7200","259200","Fri Jun 19 19:49:49 PDT 2020","","","3I02618YA06CIYNR9EHSOIOHK2JPUU","ALNHREKKAO4OD","Submitted","Fri Jun 19 19:13:35 PDT 2020","Fri Jun 19 19:26:12 PDT 2020","Mon Jun 22 19:26:12 PDT 2020","","","","757","0% (0/0)","0% (0/0)","0% (0/0)","zr6tfpzp9zy95zpf0mfh"
"3MD8CKRQZZNMUBUIK5C2YRJ30G8RJA","34NBII25NZIOGJLGY73HHZ47TJY2JF","Reading a passage and responding to questions","You will read a short passage about a person, then answer questions related to the passage.","sentences, decisions, language","$0.40","Fri Jun 19 15:49:49 PDT 2020","352","BatchId:4086211;OriginalHitTemplateId:920937340;","7200","259200","Fri Jun 19 19:49:49 PDT 2020","","","3I0BTBYZAXLQBQ3C2UZRC2TM8I4Y0G","A3O5LLFSTYLA8M","Submitted","Fri Jun 19 16:39:12 PDT 2020","Fri Jun 19 16:43:10 PDT 2020","Mon Jun 22 16:43:10 PDT 2020","","","","238","0% (0/0)","0% (0/0)","0% (0/0)","1mdosjlplwu0w6do87dp"
"3MD8CKRQZZNMUBUIK5C2YRJ30G8RJA","34NBII25NZIOGJLGY73HHZ47TJY2JF","Reading a passage and responding to questions","You will read a short passage about a person, then answer questions related to the passage.","sentences, decisions, language","$0.40","Fri Jun 19 15:49:49 PDT 2020","352","BatchId:4086211;OriginalHitTemplateId:920937340;","7200","259200","Fri Jun 19 19:49:49 PDT 2020","","","3I0BTBYZAXLQBQ3C2UZRC2TM8IIY0U","AFWONF12T4R33","Submitted","Fri Jun 19 19:17:22 PDT 2020","Fri Jun 19 20:48:34 PDT 2020","Mon Jun 22 20:48:34 PDT 2020","","","","5472","0% (0/0)","0% (0/0)","0% (0/0)","0rbuqmo99ymn2orgp6pq"
"3MD8CKRQZZNMUBUIK5C2YRJ30G8RJA","34NBII25NZIOGJLGY73HHZ47TJY2JF","Reading a passage and responding to questions","You will read a short passage about a person, then answer questions related to the passage.","sentences, decisions, language","$0.40","Fri Jun 19 15:49:49 PDT 2020","352","BatchId:4086211;OriginalHitTemplateId:920937340;","7200","259200","Fri Jun 19 19:49:49 PDT 2020","","","3I2PTA7R3TUJFEJUFDSFI05TN7PKQ1","A20VKIM5HSIHN4","Submitted","Fri Jun 19 15:56:10 PDT 2020","Fri Jun 19 16:01:07 PDT 2020","Mon Jun 22 16:01:07 PDT 2020","","","","297","100% (1/1)","0% (0/0)","0% (0/0)","wjt535wxbdemphb4lb1j"
"3MD8CKRQZZNMUBUIK5C2YRJ30G8RJA","34NBII25NZIOGJLGY73HHZ47TJY2JF","Reading a passage and responding to questions","You will read a short passage about a person, then answer questions related to the passage.","sentences, decisions, language","$0.40","Fri Jun 19 15:49:49 PDT 2020","352","BatchId:4086211;OriginalHitTemplateId:920937340;","7200","259200","Fri Jun 19 19:49:49 PDT 2020","","","3I33IC7ZWF2WBI8N1BPPS44U2PJA20","A2N1WFVUYXM1F8","Submitted","Fri Jun 19 16:16:54 PDT 2020","Fri Jun 19 16:39:38 PDT 2020","Mon Jun 22 16:39:38 PDT 2020","","","","1364","0% (0/0)","0% (0/0)","0% (0/0)","3rm8pfj9kl5ls9lydwul"
"3MD8CKRQZZNMUBUIK5C2YRJ30G8RJA","34NBII25NZIOGJLGY73HHZ47TJY2JF","Reading a passage and responding to questions","You will read a short passage about a person, then answer questions related to the passage.","sentences, decisions, language","$0.40","Fri Jun 19 15:49:49 PDT 2020","352","BatchId:4086211;OriginalHitTemplateId:920937340;","7200","259200","Fri Jun 19 19:49:49 PDT 2020","","","3IUZPWIU1O7OZBFGRMRLAPNFB87KW6","A2VD64S66EUC9B","Submitted","Fri Jun 19 16:08:01 PDT 2020","Fri Jun 19 16:10:14 PDT 2020","Mon Jun 22 16:10:14 PDT 2020","","","","133","0% (0/0)","0% (0/0)","0% (0/0)","foxhu40sepxa7yd53gsg"
"3MD8CKRQZZNMUBUIK5C2YRJ30G8RJA","34NBII25NZIOGJLGY73HHZ47TJY2JF","Reading a passage and responding to questions","You will read a short passage about a person, then answer questions related to the passage.","sentences, decisions, language","$0.40","Fri Jun 19 15:49:49 PDT 2020","352","BatchId:4086211;OriginalHitTemplateId:920937340;","7200","259200","Fri Jun 19 19:49:49 PDT 2020","","","3IXEICO792JP8FQXUDS9DMBY6JMT61","A2GU664356BX7","Submitted","Fri Jun 19 19:16:59 PDT 2020","Fri Jun 19 19:25:29 PDT 2020","Mon Jun 22 19:25:29 PDT 2020","","","","510","0% (0/0)","0% (0/0)","0% (0/0)","udkprjz7undpff6616e9"
"3MD8CKRQZZNMUBUIK5C2YRJ30G8RJA","34NBII25NZIOGJLGY73HHZ47TJY2JF","Reading a passage and responding to questions","You will read a short passage about a person, then answer questions related to the passage.","sentences, decisions, language","$0.40","Fri Jun 19 15:49:49 PDT 2020","352","BatchId:4086211;OriginalHitTemplateId:920937340;","7200","259200","Fri Jun 19 19:49:49 PDT 2020","","","3JRJSWSMQHLOMDLILG5G7XZDTIY3EG","A1H8R5W4VMSWTS","Submitted","Fri Jun 19 19:18:23 PDT 2020","Fri Jun 19 20:15:45 PDT 2020","Mon Jun 22 20:15:45 PDT 2020","","","","3442","0% (0/0)","0% (0/0)","0% (0/0)","ctqeoldow5n4tw5mxlwp"
"3MD8CKRQZZNMUBUIK5C2YRJ30G8RJA","34NBII25NZIOGJLGY73HHZ47TJY2JF","Reading a passage and responding to questions","You will read a short passage about a person, then answer questions related to the passage.","sentences, decisions, language","$0.40","Fri Jun 19 15:49:49 PDT 2020","352","BatchId:4086211;OriginalHitTemplateId:920937340;","7200","259200","Fri Jun 19 19:49:49 PDT 2020","","","3K3R2QNK8B3RQB7KSPLV2SO2FYZ9UH","A1OW526V2AFRQL","Submitted","Fri Jun 19 18:35:19 PDT 2020","Fri Jun 19 18:37:43 PDT 2020","Mon Jun 22 18:37:43 PDT 2020","","","","144","0% (0/0)","0% (0/0)","0% (0/0)","56rbkgeyfx64kocx5o7o"
"3MD8CKRQZZNMUBUIK5C2YRJ30G8RJA","34NBII25NZIOGJLGY73HHZ47TJY2JF","Reading a passage and responding to questions","You will read a short passage about a person, then answer questions related to the passage.","sentences, decisions, language","$0.40","Fri Jun 19 15:49:49 PDT 2020","352","BatchId:4086211;OriginalHitTemplateId:920937340;","7200","259200","Fri Jun 19 19:49:49 PDT 2020","","","3KAKFY4PGU202IN4HZV7SCX5LBMI3L","A1APRJ3GP1SML6","Submitted","Fri Jun 19 15:57:09 PDT 2020","Fri Jun 19 16:00:44 PDT 2020","Mon Jun 22 16:00:44 PDT 2020","","","","215","0% (0/0)","0% (0/0)","0% (0/0)","bhdj8pmah337ohr7rnsu"
"3MD8CKRQZZNMUBUIK5C2YRJ30G8RJA","34NBII25NZIOGJLGY73HHZ47TJY2JF","Reading a passage and responding to questions","You will read a short passage about a person, then answer questions related to the passage.","sentences, decisions, language","$0.40","Fri Jun 19 15:49:49 PDT 2020","352","BatchId:4086211;OriginalHitTemplateId:920937340;","7200","259200","Fri Jun 19 19:49:49 PDT 2020","","","3KIBXJ1WD5UGU26E000BTVAT866OKW","A1XCA8568RG9RW","Submitted","Fri Jun 19 15:50:10 PDT 2020","Fri Jun 19 16:06:54 PDT 2020","Mon Jun 22 16:06:54 PDT 2020","","","","1004","0% (0/0)","0% (0/0)","0% (0/0)","gwyynax42az1d7k9uzof"
"3MD8CKRQZZNMUBUIK5C2YRJ30G8RJA","34NBII25NZIOGJLGY73HHZ47TJY2JF","Reading a passage and responding to questions","You will read a short passage about a person, then answer questions related to the passage.","sentences, decisions, language","$0.40","Fri Jun 19 15:49:49 PDT 2020","352","BatchId:4086211;OriginalHitTemplateId:920937340;","7200","259200","Fri Jun 19 19:49:49 PDT 2020","","","3KKG4CDWKIYS9DD5DJUDPOQ8GLW49A","A39QKB6I9QJ92Y","Submitted","Fri Jun 19 16:03:03 PDT 2020","Fri Jun 19 16:33:13 PDT 2020","Mon Jun 22 16:33:13 PDT 2020","","","","1810","0% (0/0)","0% (0/0)","0% (0/0)","nj6r81c9rah9v5fpzyrm"
"3MD8CKRQZZNMUBUIK5C2YRJ30G8RJA","34NBII25NZIOGJLGY73HHZ47TJY2JF","Reading a passage and responding to questions","You will read a short passage about a person, then answer questions related to the passage.","sentences, decisions, language","$0.40","Fri Jun 19 15:49:49 PDT 2020","352","BatchId:4086211;OriginalHitTemplateId:920937340;","7200","259200","Fri Jun 19 19:49:49 PDT 2020","","","3KYQYYSHYV78GW048JEOPIF3OXODON","A2EBJJ4YJ62KC4","Submitted","Fri Jun 19 18:17:34 PDT 2020","Fri Jun 19 18:27:11 PDT 2020","Mon Jun 22 18:27:11 PDT 2020","","","","577","0% (0/0)","0% (0/0)","0% (0/0)","w28vyurakv2dtqyhu11a"
"3MD8CKRQZZNMUBUIK5C2YRJ30G8RJA","34NBII25NZIOGJLGY73HHZ47TJY2JF","Reading a passage and responding to questions","You will read a short passage about a person, then answer questions related to the passage.","sentences, decisions, language","$0.40","Fri Jun 19 15:49:49 PDT 2020","352","BatchId:4086211;OriginalHitTemplateId:920937340;","7200","259200","Fri Jun 19 19:49:49 PDT 2020","","","3L4D84MILZSBR1E9E25987DFHV1HJB","A2OYUYH6ATMKHN","Submitted","Fri Jun 19 17:15:17 PDT 2020","Fri Jun 19 17:19:48 PDT 2020","Mon Jun 22 17:19:48 PDT 2020","","","","271","0% (0/0)","0% (0/0)","0% (0/0)","lqt4ofm5eecb2zjhneqc"
"3MD8CKRQZZNMUBUIK5C2YRJ30G8RJA","34NBII25NZIOGJLGY73HHZ47TJY2JF","Reading a passage and responding to questions","You will read a short passage about a person, then answer questions related to the passage.","sentences, decisions, language","$0.40","Fri Jun 19 15:49:49 PDT 2020","352","BatchId:4086211;OriginalHitTemplateId:920937340;","7200","259200","Fri Jun 19 19:49:49 PDT 2020","","","3LEIZ60CDJZ8CA1UYCK3JK3HHG5Z9N","A235SNWKN0D4XP","Submitted","Fri Jun 19 17:12:12 PDT 2020","Fri Jun 19 17:16:01 PDT 2020","Mon Jun 22 17:16:01 PDT 2020","","","","229","0% (0/0)","0% (0/0)","0% (0/0)","gqzhz8ru781b9xbosn7u"
"3MD8CKRQZZNMUBUIK5C2YRJ30G8RJA","34NBII25NZIOGJLGY73HHZ47TJY2JF","Reading a passage and responding to questions","You will read a short passage about a person, then answer questions related to the passage.","sentences, decisions, language","$0.40","Fri Jun 19 15:49:49 PDT 2020","352","BatchId:4086211;OriginalHitTemplateId:920937340;","7200","259200","Fri Jun 19 19:49:49 PDT 2020","","","3LKC68YZ3A37P20VPEJEH64OVDYWOJ","A1JBC4U3JH6MGN","Submitted","Fri Jun 19 19:12:57 PDT 2020","Fri Jun 19 19:17:44 PDT 2020","Mon Jun 22 19:17:44 PDT 2020","","","","287","0% (0/0)","0% (0/0)","0% (0/0)","rqedffkxmet8oasxjr61"
"3MD8CKRQZZNMUBUIK5C2YRJ30G8RJA","34NBII25NZIOGJLGY73HHZ47TJY2JF","Reading a passage and responding to questions","You will read a short passage about a person, then answer questions related to the passage.","sentences, decisions, language","$0.40","Fri Jun 19 15:49:49 PDT 2020","352","BatchId:4086211;OriginalHitTemplateId:920937340;","7200","259200","Fri Jun 19 19:49:49 PDT 2020","","","3LOTDFNYA7ZDJPN2QB0OUCVA3CZWFP","A21HK1XWMEL393","Submitted","Fri Jun 19 17:42:16 PDT 2020","Fri Jun 19 17:46:19 PDT 2020","Mon Jun 22 17:46:19 PDT 2020","","","","243","0% (0/0)","0% (0/0)","0% (0/0)","wwj788oh6b01k7agc9av"
"3MD8CKRQZZNMUBUIK5C2YRJ30G8RJA","34NBII25NZIOGJLGY73HHZ47TJY2JF","Reading a passage and responding to questions","You will read a short passage about a person, then answer questions related to the passage.","sentences, decisions, language","$0.40","Fri Jun 19 15:49:49 PDT 2020","352","BatchId:4086211;OriginalHitTemplateId:920937340;","7200","259200","Fri Jun 19 19:49:49 PDT 2020","","","3M23Y66PO27OTFDI5DNJ3HFC40U6SB","A2V65IDJEJS96L","Submitted","Fri Jun 19 16:31:08 PDT 2020","Fri Jun 19 16:35:41 PDT 2020","Mon Jun 22 16:35:41 PDT 2020","","","","273","0% (0/0)","0% (0/0)","0% (0/0)","09gl3ro01hqgdsgzhp1e"
"3MD8CKRQZZNMUBUIK5C2YRJ30G8RJA","34NBII25NZIOGJLGY73HHZ47TJY2JF","Reading a passage and responding to questions","You will read a short passage about a person, then answer questions related to the passage.","sentences, decisions, language","$0.40","Fri Jun 19 15:49:49 PDT 2020","352","BatchId:4086211;OriginalHitTemplateId:920937340;","7200","259200","Fri Jun 19 19:49:49 PDT 2020","","","3M68NM076H7CS0D5QONED7AGIY8R65","A38DXFI1TZA295","Submitted","Fri Jun 19 16:12:23 PDT 2020","Fri Jun 19 16:15:36 PDT 2020","Mon Jun 22 16:15:36 PDT 2020","","","","193","100% (1/1)","0% (0/0)","0% (0/0)","x6wtq9jo8609olf85jqu"
"3MD8CKRQZZNMUBUIK5C2YRJ30G8RJA","34NBII25NZIOGJLGY73HHZ47TJY2JF","Reading a passage and responding to questions","You will read a short passage about a person, then answer questions related to the passage.","sentences, decisions, language","$0.40","Fri Jun 19 15:49:49 PDT 2020","352","BatchId:4086211;OriginalHitTemplateId:920937340;","7200","259200","Fri Jun 19 19:49:49 PDT 2020","","","3MTMREQS4VIINY6UFVEWGBKJ6WBWA1","A2Z2MH6EOHSLMP","Submitted","Fri Jun 19 15:53:11 PDT 2020","Fri Jun 19 16:01:42 PDT 2020","Mon Jun 22 16:01:42 PDT 2020","","","","511","0% (0/0)","0% (0/0)","0% (0/0)","a58w4uldq9luzf4k46wy"
"3MD8CKRQZZNMUBUIK5C2YRJ30G8RJA","34NBII25NZIOGJLGY73HHZ47TJY2JF","Reading a passage and responding to questions","You will read a short passage about a person, then answer questions related to the passage.","sentences, decisions, language","$0.40","Fri Jun 19 15:49:49 PDT 2020","352","BatchId:4086211;OriginalHitTemplateId:920937340;","7200","259200","Fri Jun 19 19:49:49 PDT 2020","","","3NAPMVF0ZWFESGAPU8D5ID241HS27G","ASQW3O3FX8CL","Submitted","Fri Jun 19 18:47:30 PDT 2020","Fri Jun 19 18:49:30 PDT 2020","Mon Jun 22 18:49:30 PDT 2020","","","","120","0% (0/0)","0% (0/0)","0% (0/0)","cxcv67a4z8o59r4k1ee4"
"3MD8CKRQZZNMUBUIK5C2YRJ30G8RJA","34NBII25NZIOGJLGY73HHZ47TJY2JF","Reading a passage and responding to questions","You will read a short passage about a person, then answer questions related to the passage.","sentences, decisions, language","$0.40","Fri Jun 19 15:49:49 PDT 2020","352","BatchId:4086211;OriginalHitTemplateId:920937340;","7200","259200","Fri Jun 19 19:49:49 PDT 2020","","","3NL0RFNU0FNCQ9WWHGL2FX4ORFR4KN","A3HLXRFK6YXOBH","Submitted","Fri Jun 19 19:35:01 PDT 2020","Fri Jun 19 21:17:38 PDT 2020","Mon Jun 22 21:17:38 PDT 2020","","","","6157","0% (0/0)","0% (0/0)","0% (0/0)","b8yszwzndwnx4jurju4r"
"3MD8CKRQZZNMUBUIK5C2YRJ30G8RJA","34NBII25NZIOGJLGY73HHZ47TJY2JF","Reading a passage and responding to questions","You will read a short passage about a person, then answer questions related to the passage.","sentences, decisions, language","$0.40","Fri Jun 19 15:49:49 PDT 2020","352","BatchId:4086211;OriginalHitTemplateId:920937340;","7200","259200","Fri Jun 19 19:49:49 PDT 2020","","","3NPFYT4IZC4YMPONB02SEG9TDTWGXS","A1UTQKL7XZJ4X3","Submitted","Fri Jun 19 16:02:20 PDT 2020","Fri Jun 19 16:09:24 PDT 2020","Mon Jun 22 16:09:24 PDT 2020","","","","424","0% (0/0)","0% (0/0)","0% (0/0)","mlqt61p7w0y7fpo1jsa1"
"3MD8CKRQZZNMUBUIK5C2YRJ30G8RJA","34NBII25NZIOGJLGY73HHZ47TJY2JF","Reading a passage and responding to questions","You will read a short passage about a person, then answer questions related to the passage.","sentences, decisions, language","$0.40","Fri Jun 19 15:49:49 PDT 2020","352","BatchId:4086211;OriginalHitTemplateId:920937340;","7200","259200","Fri Jun 19 19:49:49 PDT 2020","","","3OB0CAO74HP1MQ98026CIUS3UZ1YHD","A30Z3CWKO1B6R7","Submitted","Fri Jun 19 15:51:00 PDT 2020","Fri Jun 19 15:57:01 PDT 2020","Mon Jun 22 15:57:01 PDT 2020","","","","361","0% (0/0)","0% (0/0)","0% (0/0)","82ge2ve8vqvvokx7slec"
"3MD8CKRQZZNMUBUIK5C2YRJ30G8RJA","34NBII25NZIOGJLGY73HHZ47TJY2JF","Reading a passage and responding to questions","You will read a short passage about a person, then answer questions related to the passage.","sentences, decisions, language","$0.40","Fri Jun 19 15:49:49 PDT 2020","352","BatchId:4086211;OriginalHitTemplateId:920937340;","7200","259200","Fri Jun 19 19:49:49 PDT 2020","","","3OB0CAO74HP1MQ98026CIUS3UZ9YHL","A3N2LHCNTHO8VQ","Submitted","Fri Jun 19 17:10:23 PDT 2020","Fri Jun 19 17:15:57 PDT 2020","Mon Jun 22 17:15:57 PDT 2020","","","","334","0% (0/0)","0% (0/0)","0% (0/0)","dybn309yq9kpmvs0c1ad"
"3MD8CKRQZZNMUBUIK5C2YRJ30G8RJA","34NBII25NZIOGJLGY73HHZ47TJY2JF","Reading a passage and responding to questions","You will read a short passage about a person, then answer questions related to the passage.","sentences, decisions, language","$0.40","Fri Jun 19 15:49:49 PDT 2020","352","BatchId:4086211;OriginalHitTemplateId:920937340;","7200","259200","Fri Jun 19 19:49:49 PDT 2020","","","3OF2M9AATGOST6KL29BS9THXSA9ZK9","ALDR1EUGILEI1","Submitted","Fri Jun 19 15:53:45 PDT 2020","Fri Jun 19 15:58:38 PDT 2020","Mon Jun 22 15:58:38 PDT 2020","","","","293","0% (0/0)","0% (0/0)","0% (0/0)","4qz7y1h009023ftzdm17"
"3MD8CKRQZZNMUBUIK5C2YRJ30G8RJA","34NBII25NZIOGJLGY73HHZ47TJY2JF","Reading a passage and responding to questions","You will read a short passage about a person, then answer questions related to the passage.","sentences, decisions, language","$0.40","Fri Jun 19 15:49:49 PDT 2020","352","BatchId:4086211;OriginalHitTemplateId:920937340;","7200","259200","Fri Jun 19 19:49:49 PDT 2020","","","3OSWBBLG1EXVA5EW9A1K8V6W01QXD9","A1MUU1KZEOL8QH","Submitted","Fri Jun 19 17:53:56 PDT 2020","Fri Jun 19 17:58:24 PDT 2020","Mon Jun 22 17:58:24 PDT 2020","","","","268","0% (0/0)","0% (0/0)","0% (0/0)","r077dhwlx92m8l2ngleh"
"3MD8CKRQZZNMUBUIK5C2YRJ30G8RJA","34NBII25NZIOGJLGY73HHZ47TJY2JF","Reading a passage and responding to questions","You will read a short passage about a person, then answer questions related to the passage.","sentences, decisions, language","$0.40","Fri Jun 19 15:49:49 PDT 2020","352","BatchId:4086211;OriginalHitTemplateId:920937340;","7200","259200","Fri Jun 19 19:49:49 PDT 2020","","","3OVHNO1VE61KF0EBASP55GM781IDZG","A11YEGD0RQ9AF9","Submitted","Fri Jun 19 16:48:18 PDT 2020","Fri Jun 19 17:16:29 PDT 2020","Mon Jun 22 17:16:29 PDT 2020","","","","1691","0% (0/0)","0% (0/0)","0% (0/0)","ubkxfn4p4o4h7mlfpd18"
"3MD8CKRQZZNMUBUIK5C2YRJ30G8RJA","34NBII25NZIOGJLGY73HHZ47TJY2JF","Reading a passage and responding to questions","You will read a short passage about a person, then answer questions related to the passage.","sentences, decisions, language","$0.40","Fri Jun 19 15:49:49 PDT 2020","352","BatchId:4086211;OriginalHitTemplateId:920937340;","7200","259200","Fri Jun 19 19:49:49 PDT 2020","","","3P4RDNWND56BNWPTKKNU8JEUH8RJIH","A1KMH9Q8NHKLXV","Submitted","Fri Jun 19 19:22:57 PDT 2020","Fri Jun 19 19:29:35 PDT 2020","Mon Jun 22 19:29:35 PDT 2020","","","","398","0% (0/0)","0% (0/0)","0% (0/0)","b80klxn9a8omkkhrzfo3"
"3MD8CKRQZZNMUBUIK5C2YRJ30G8RJA","34NBII25NZIOGJLGY73HHZ47TJY2JF","Reading a passage and responding to questions","You will read a short passage about a person, then answer questions related to the passage.","sentences, decisions, language","$0.40","Fri Jun 19 15:49:49 PDT 2020","352","BatchId:4086211;OriginalHitTemplateId:920937340;","7200","259200","Fri Jun 19 19:49:49 PDT 2020","","","3P59JYT76LK1QE7W7BG6N9UMQE72TG","A13BPP2NZDX513","Submitted","Fri Jun 19 16:46:05 PDT 2020","Fri Jun 19 16:56:53 PDT 2020","Mon Jun 22 16:56:53 PDT 2020","","","","648","0% (0/0)","0% (0/0)","0% (0/0)","ca2tw4s7wka5zasn5g3l"
"3MD8CKRQZZNMUBUIK5C2YRJ30G8RJA","34NBII25NZIOGJLGY73HHZ47TJY2JF","Reading a passage and responding to questions","You will read a short passage about a person, then answer questions related to the passage.","sentences, decisions, language","$0.40","Fri Jun 19 15:49:49 PDT 2020","352","BatchId:4086211;OriginalHitTemplateId:920937340;","7200","259200","Fri Jun 19 19:49:49 PDT 2020","","","3PM8NZGV8YGPZEI1EW748UDVJG9XQ8","A1FZCI6VHK3D8K","Submitted","Fri Jun 19 16:49:17 PDT 2020","Fri Jun 19 16:56:17 PDT 2020","Mon Jun 22 16:56:17 PDT 2020","","","","420","0% (0/0)","0% (0/0)","0% (0/0)","k85l4vosowhyn1e2amjt"
"3MD8CKRQZZNMUBUIK5C2YRJ30G8RJA","34NBII25NZIOGJLGY73HHZ47TJY2JF","Reading a passage and responding to questions","You will read a short passage about a person, then answer questions related to the passage.","sentences, decisions, language","$0.40","Fri Jun 19 15:49:49 PDT 2020","352","BatchId:4086211;OriginalHitTemplateId:920937340;","7200","259200","Fri Jun 19 19:49:49 PDT 2020","","","3PPTZCWALQKE49IGFEVP5FT6RGKQZB","A2RVY67K13OWU0","Submitted","Fri Jun 19 19:08:20 PDT 2020","Fri Jun 19 19:12:10 PDT 2020","Mon Jun 22 19:12:10 PDT 2020","","","","230","0% (0/0)","0% (0/0)","0% (0/0)","hem1ae5fg04muupnqzve"
"3MD8CKRQZZNMUBUIK5C2YRJ30G8RJA","34NBII25NZIOGJLGY73HHZ47TJY2JF","Reading a passage and responding to questions","You will read a short passage about a person, then answer questions related to the passage.","sentences, decisions, language","$0.40","Fri Jun 19 15:49:49 PDT 2020","352","BatchId:4086211;OriginalHitTemplateId:920937340;","7200","259200","Fri Jun 19 19:49:49 PDT 2020","","","3PW9OPU9PQK0HUVN5SWWH3BRYVK12A","A1ZUQJHZV8GJ1","Submitted","Fri Jun 19 17:20:57 PDT 2020","Fri Jun 19 17:33:10 PDT 2020","Mon Jun 22 17:33:10 PDT 2020","","","","733","0% (0/0)","0% (0/0)","0% (0/0)","0e3mofcaun31l7671fnb"
"3MD8CKRQZZNMUBUIK5C2YRJ30G8RJA","34NBII25NZIOGJLGY73HHZ47TJY2JF","Reading a passage and responding to questions","You will read a short passage about a person, then answer questions related to the passage.","sentences, decisions, language","$0.40","Fri Jun 19 15:49:49 PDT 2020","352","BatchId:4086211;OriginalHitTemplateId:920937340;","7200","259200","Fri Jun 19 19:49:49 PDT 2020","","","3Q5C1WP23M1SGREANBYUFAE3I5K15K","AF64E0H7J2FAS","Submitted","Fri Jun 19 19:04:58 PDT 2020","Fri Jun 19 19:13:07 PDT 2020","Mon Jun 22 19:13:07 PDT 2020","","","","489","0% (0/0)","0% (0/0)","0% (0/0)","nuzok6v1a32vw24rv0ml"
"3MD8CKRQZZNMUBUIK5C2YRJ30G8RJA","34NBII25NZIOGJLGY73HHZ47TJY2JF","Reading a passage and responding to questions","You will read a short passage about a person, then answer questions related to the passage.","sentences, decisions, language","$0.40","Fri Jun 19 15:49:49 PDT 2020","352","BatchId:4086211;OriginalHitTemplateId:920937340;","7200","259200","Fri Jun 19 19:49:49 PDT 2020","","","3QAPZX2QN4D0A5A599SW3YSHT36200","A3FHJRZ44T4LU5","Submitted","Fri Jun 19 16:04:00 PDT 2020","Fri Jun 19 16:06:42 PDT 2020","Mon Jun 22 16:06:42 PDT 2020","","","","162","0% (0/0)","0% (0/0)","0% (0/0)","spb6etjhzsuack7l36jr"
"3MD8CKRQZZNMUBUIK5C2YRJ30G8RJA","34NBII25NZIOGJLGY73HHZ47TJY2JF","Reading a passage and responding to questions","You will read a short passage about a person, then answer questions related to the passage.","sentences, decisions, language","$0.40","Fri Jun 19 15:49:49 PDT 2020","352","BatchId:4086211;OriginalHitTemplateId:920937340;","7200","259200","Fri Jun 19 19:49:49 PDT 2020","","","3QAVNHZ3EM42C4UVBH7U70338PDLA3","A4I0BZDG8ZBTV","Submitted","Fri Jun 19 16:48:46 PDT 2020","Fri Jun 19 17:04:03 PDT 2020","Mon Jun 22 17:04:03 PDT 2020","","","","917","0% (0/0)","0% (0/0)","0% (0/0)","rl4lyhd0ot63nav5mx0t"
"3MD8CKRQZZNMUBUIK5C2YRJ30G8RJA","34NBII25NZIOGJLGY73HHZ47TJY2JF","Reading a passage and responding to questions","You will read a short passage about a person, then answer questions related to the passage.","sentences, decisions, language","$0.40","Fri Jun 19 15:49:49 PDT 2020","352","BatchId:4086211;OriginalHitTemplateId:920937340;","7200","259200","Fri Jun 19 19:49:49 PDT 2020","","","3QJOXOW4XJRP8ZTSRYAV3W8JT9WMEW","A1PS38MNV0X8QT","Submitted","Fri Jun 19 15:55:30 PDT 2020","Fri Jun 19 15:58:31 PDT 2020","Mon Jun 22 15:58:31 PDT 2020","","","","181","0% (0/0)","0% (0/0)","0% (0/0)","fc4vzfaq0qaz1y0hwx58"
"3MD8CKRQZZNMUBUIK5C2YRJ30G8RJA","34NBII25NZIOGJLGY73HHZ47TJY2JF","Reading a passage and responding to questions","You will read a short passage about a person, then answer questions related to the passage.","sentences, decisions, language","$0.40","Fri Jun 19 15:49:49 PDT 2020","352","BatchId:4086211;OriginalHitTemplateId:920937340;","7200","259200","Fri Jun 19 19:49:49 PDT 2020","","","3QY7M81QH7M99WEFJEJ9I9OYIHFK7L","A211PFB7AXZMPE","Submitted","Fri Jun 19 19:10:27 PDT 2020","Fri Jun 19 19:12:57 PDT 2020","Mon Jun 22 19:12:57 PDT 2020","","","","150","0% (0/0)","0% (0/0)","0% (0/0)","p3uuswnowvau3ovdqpr4"
"3MD8CKRQZZNMUBUIK5C2YRJ30G8RJA","34NBII25NZIOGJLGY73HHZ47TJY2JF","Reading a passage and responding to questions","You will read a short passage about a person, then answer questions related to the passage.","sentences, decisions, language","$0.40","Fri Jun 19 15:49:49 PDT 2020","352","BatchId:4086211;OriginalHitTemplateId:920937340;","7200","259200","Fri Jun 19 19:49:49 PDT 2020","","","3R2UR8A0IAGME25LZJF0JPIV4F5XOE","AU4WWV7MGUKHU","Submitted","Fri Jun 19 19:27:53 PDT 2020","Fri Jun 19 19:31:30 PDT 2020","Mon Jun 22 19:31:30 PDT 2020","","","","217","0% (0/0)","0% (0/0)","0% (0/0)","32nlm6o76jbhm1t68zo5"
"3MD8CKRQZZNMUBUIK5C2YRJ30G8RJA","34NBII25NZIOGJLGY73HHZ47TJY2JF","Reading a passage and responding to questions","You will read a short passage about a person, then answer questions related to the passage.","sentences, decisions, language","$0.40","Fri Jun 19 15:49:49 PDT 2020","352","BatchId:4086211;OriginalHitTemplateId:920937340;","7200","259200","Fri Jun 19 19:49:49 PDT 2020","","","3RRCEFRB7MCBX6S2B389GULY4LGB48","A224EAEEF6Q17H","Submitted","Fri Jun 19 19:06:42 PDT 2020","Fri Jun 19 19:12:31 PDT 2020","Mon Jun 22 19:12:31 PDT 2020","","","","349","0% (0/0)","0% (0/0)","0% (0/0)","lbeybgxdrrcv7g5tje0f"
"3MD8CKRQZZNMUBUIK5C2YRJ30G8RJA","34NBII25NZIOGJLGY73HHZ47TJY2JF","Reading a passage and responding to questions","You will read a short passage about a person, then answer questions related to the passage.","sentences, decisions, language","$0.40","Fri Jun 19 15:49:49 PDT 2020","352","BatchId:4086211;OriginalHitTemplateId:920937340;","7200","259200","Fri Jun 19 19:49:49 PDT 2020","","","3RRCEFRB7MCBX6S2B389GULY4MJ4B6","A2R7YCDDDYIFE","Submitted","Fri Jun 19 19:48:59 PDT 2020","Fri Jun 19 21:46:12 PDT 2020","Mon Jun 22 21:46:12 PDT 2020","","","","7033","0% (0/0)","0% (0/0)","0% (0/0)","hltvq64mhlw75snse6ll"
"3MD8CKRQZZNMUBUIK5C2YRJ30G8RJA","34NBII25NZIOGJLGY73HHZ47TJY2JF","Reading a passage and responding to questions","You will read a short passage about a person, then answer questions related to the passage.","sentences, decisions, language","$0.40","Fri Jun 19 15:49:49 PDT 2020","352","BatchId:4086211;OriginalHitTemplateId:920937340;","7200","259200","Fri Jun 19 19:49:49 PDT 2020","","","3RSDURM96AMP2GI6A1Y6XRVQ2JJEYN","A1KLVFDU73KN59","Submitted","Fri Jun 19 17:24:13 PDT 2020","Fri Jun 19 17:28:20 PDT 2020","Mon Jun 22 17:28:20 PDT 2020","","","","247","0% (0/0)","0% (0/0)","0% (0/0)","17xnf7nm010x3086vgkk"
"3MD8CKRQZZNMUBUIK5C2YRJ30G8RJA","34NBII25NZIOGJLGY73HHZ47TJY2JF","Reading a passage and responding to questions","You will read a short passage about a person, then answer questions related to the passage.","sentences, decisions, language","$0.40","Fri Jun 19 15:49:49 PDT 2020","352","BatchId:4086211;OriginalHitTemplateId:920937340;","7200","259200","Fri Jun 19 19:49:49 PDT 2020","","","3RXCAC0YIRP87ONF3SQ0YHS0MK1G8Y","A34OND2D195U9O","Submitted","Fri Jun 19 18:27:02 PDT 2020","Fri Jun 19 18:30:56 PDT 2020","Mon Jun 22 18:30:56 PDT 2020","","","","234","0% (0/0)","0% (0/0)","0% (0/0)","bd0oh9op2q49xy02vth9"
"3MD8CKRQZZNMUBUIK5C2YRJ30G8RJA","34NBII25NZIOGJLGY73HHZ47TJY2JF","Reading a passage and responding to questions","You will read a short passage about a person, then answer questions related to the passage.","sentences, decisions, language","$0.40","Fri Jun 19 15:49:49 PDT 2020","352","BatchId:4086211;OriginalHitTemplateId:920937340;","7200","259200","Fri Jun 19 19:49:49 PDT 2020","","","3S06PH7KSR4NK4T32HGDDM2VVM3D1P","A1VMGZU0GQJTVZ","Submitted","Fri Jun 19 16:25:07 PDT 2020","Fri Jun 19 16:41:29 PDT 2020","Mon Jun 22 16:41:29 PDT 2020","","","","982","0% (0/0)","0% (0/0)","0% (0/0)","spqswt6uuzkzju3e6s5o"
"3MD8CKRQZZNMUBUIK5C2YRJ30G8RJA","34NBII25NZIOGJLGY73HHZ47TJY2JF","Reading a passage and responding to questions","You will read a short passage about a person, then answer questions related to the passage.","sentences, decisions, language","$0.40","Fri Jun 19 15:49:49 PDT 2020","352","BatchId:4086211;OriginalHitTemplateId:920937340;","7200","259200","Fri Jun 19 19:49:49 PDT 2020","","","3S06PH7KSR4NK4T32HGDDM2VVMB1DL","A1198W1SPF1R4","Submitted","Fri Jun 19 17:43:06 PDT 2020","Fri Jun 19 17:56:09 PDT 2020","Mon Jun 22 17:56:09 PDT 2020","","","","783","0% (0/0)","0% (0/0)","0% (0/0)","9dk5sep09pzpsx20q3d6"
"3MD8CKRQZZNMUBUIK5C2YRJ30G8RJA","34NBII25NZIOGJLGY73HHZ47TJY2JF","Reading a passage and responding to questions","You will read a short passage about a person, then answer questions related to the passage.","sentences, decisions, language","$0.40","Fri Jun 19 15:49:49 PDT 2020","352","BatchId:4086211;OriginalHitTemplateId:920937340;","7200","259200","Fri Jun 19 19:49:49 PDT 2020","","","3SEPORI8WNZMHTBZQIY3FFE1NYKZAZ","A2OCOPGJ1X7FR4","Submitted","Fri Jun 19 16:43:35 PDT 2020","Fri Jun 19 16:47:44 PDT 2020","Mon Jun 22 16:47:44 PDT 2020","","","","249","0% (0/0)","0% (0/0)","0% (0/0)","0cgt3ltkyax1m6kht37g"
"3MD8CKRQZZNMUBUIK5C2YRJ30G8RJA","34NBII25NZIOGJLGY73HHZ47TJY2JF","Reading a passage and responding to questions","You will read a short passage about a person, then answer questions related to the passage.","sentences, decisions, language","$0.40","Fri Jun 19 15:49:49 PDT 2020","352","BatchId:4086211;OriginalHitTemplateId:920937340;","7200","259200","Fri Jun 19 19:49:49 PDT 2020","","","3SNVL38CI4SFLD9BAVRKYVGCJS6KCE","AHZW9LTL074XB","Submitted","Fri Jun 19 19:10:48 PDT 2020","Fri Jun 19 19:20:24 PDT 2020","Mon Jun 22 19:20:24 PDT 2020","","","","576","0% (0/0)","0% (0/0)","0% (0/0)","r7lthlnrw61keua64w95"
"3MD8CKRQZZNMUBUIK5C2YRJ30G8RJA","34NBII25NZIOGJLGY73HHZ47TJY2JF","Reading a passage and responding to questions","You will read a short passage about a person, then answer questions related to the passage.","sentences, decisions, language","$0.40","Fri Jun 19 15:49:49 PDT 2020","352","BatchId:4086211;OriginalHitTemplateId:920937340;","7200","259200","Fri Jun 19 19:49:49 PDT 2020","","","3SUWZRL0MYDNJW804I3EE0BX39K6E9","A2KSI0U1IE3FY2","Submitted","Fri Jun 19 16:21:38 PDT 2020","Fri Jun 19 16:32:58 PDT 2020","Mon Jun 22 16:32:58 PDT 2020","","","","680","0% (0/0)","0% (0/0)","0% (0/0)","xyc4xfop5zdjp8gfh210"
"3MD8CKRQZZNMUBUIK5C2YRJ30G8RJA","34NBII25NZIOGJLGY73HHZ47TJY2JF","Reading a passage and responding to questions","You will read a short passage about a person, then answer questions related to the passage.","sentences, decisions, language","$0.40","Fri Jun 19 15:49:49 PDT 2020","352","BatchId:4086211;OriginalHitTemplateId:920937340;","7200","259200","Fri Jun 19 19:49:49 PDT 2020","","","3TMFV4NEP8E44ADFIXUIKKEOG8BW8X","A1TGGYO4SU4I2B","Submitted","Fri Jun 19 15:52:53 PDT 2020","Fri Jun 19 15:56:31 PDT 2020","Mon Jun 22 15:56:31 PDT 2020","","","","218","0% (0/0)","0% (0/0)","0% (0/0)","xet6dcc1n0rlh6zkdxf5"
"3MD8CKRQZZNMUBUIK5C2YRJ30G8RJA","34NBII25NZIOGJLGY73HHZ47TJY2JF","Reading a passage and responding to questions","You will read a short passage about a person, then answer questions related to the passage.","sentences, decisions, language","$0.40","Fri Jun 19 15:49:49 PDT 2020","352","BatchId:4086211;OriginalHitTemplateId:920937340;","7200","259200","Fri Jun 19 19:49:49 PDT 2020","","","3TPZPLC3M0CSJ4A8UULR19YH7PH3PI","A2GV9WSNSPX53","Submitted","Fri Jun 19 15:50:07 PDT 2020","Fri Jun 19 15:54:28 PDT 2020","Mon Jun 22 15:54:28 PDT 2020","","","","261","0% (0/0)","0% (0/0)","0% (0/0)","eazwl4wn4v1neas6o564"
"3MD8CKRQZZNMUBUIK5C2YRJ30G8RJA","34NBII25NZIOGJLGY73HHZ47TJY2JF","Reading a passage and responding to questions","You will read a short passage about a person, then answer questions related to the passage.","sentences, decisions, language","$0.40","Fri Jun 19 15:49:49 PDT 2020","352","BatchId:4086211;OriginalHitTemplateId:920937340;","7200","259200","Fri Jun 19 19:49:49 PDT 2020","","","3TVSS0C0E10N2U53LV5DBGABULGTW3","A1G98YIYUDP5YS","Submitted","Fri Jun 19 19:24:35 PDT 2020","Fri Jun 19 19:31:33 PDT 2020","Mon Jun 22 19:31:33 PDT 2020","","","","418","0% (0/0)","0% (0/0)","0% (0/0)","0lowa8q38yhp5a4mnh9z"
"3MD8CKRQZZNMUBUIK5C2YRJ30G8RJA","34NBII25NZIOGJLGY73HHZ47TJY2JF","Reading a passage and responding to questions","You will read a short passage about a person, then answer questions related to the passage.","sentences, decisions, language","$0.40","Fri Jun 19 15:49:49 PDT 2020","352","BatchId:4086211;OriginalHitTemplateId:920937340;","7200","259200","Fri Jun 19 19:49:49 PDT 2020","","","3U088ZLJVKTMML8CNTH3R586XA0W0B","A3PY3QP70PKXW8","Submitted","Fri Jun 19 15:59:56 PDT 2020","Fri Jun 19 16:05:30 PDT 2020","Mon Jun 22 16:05:30 PDT 2020","","","","334","0% (0/0)","0% (0/0)","0% (0/0)","ymtyvykxlhtp8bg8x2qs"
"3MD8CKRQZZNMUBUIK5C2YRJ30G8RJA","34NBII25NZIOGJLGY73HHZ47TJY2JF","Reading a passage and responding to questions","You will read a short passage about a person, then answer questions related to the passage.","sentences, decisions, language","$0.40","Fri Jun 19 15:49:49 PDT 2020","352","BatchId:4086211;OriginalHitTemplateId:920937340;","7200","259200","Fri Jun 19 19:49:49 PDT 2020","","","3U4J9857OEB8GTALD16GJ658VNPB7B","A3NNBKMR1WMS7R","Submitted","Fri Jun 19 16:00:06 PDT 2020","Fri Jun 19 16:05:03 PDT 2020","Mon Jun 22 16:05:03 PDT 2020","","","","297","0% (0/0)","0% (0/0)","0% (0/0)","osjrn810bml62n9zfc02"
"3MD8CKRQZZNMUBUIK5C2YRJ30G8RJA","34NBII25NZIOGJLGY73HHZ47TJY2JF","Reading a passage and responding to questions","You will read a short passage about a person, then answer questions related to the passage.","sentences, decisions, language","$0.40","Fri Jun 19 15:49:49 PDT 2020","352","BatchId:4086211;OriginalHitTemplateId:920937340;","7200","259200","Fri Jun 19 19:49:49 PDT 2020","","","3UJ1CZ6IZHPSABD40UDEBB1C85F5SQ","A3J11O7T63HFBG","Submitted","Fri Jun 19 15:50:27 PDT 2020","Fri Jun 19 16:22:44 PDT 2020","Mon Jun 22 16:22:44 PDT 2020","","","","1937","0% (0/0)","0% (0/0)","0% (0/0)","q3cr6aq038bhk8f4ty8k"
"3MD8CKRQZZNMUBUIK5C2YRJ30G8RJA","34NBII25NZIOGJLGY73HHZ47TJY2JF","Reading a passage and responding to questions","You will read a short passage about a person, then answer questions related to the passage.","sentences, decisions, language","$0.40","Fri Jun 19 15:49:49 PDT 2020","352","BatchId:4086211;OriginalHitTemplateId:920937340;","7200","259200","Fri Jun 19 19:49:49 PDT 2020","","","3UNH76FOCS5NE4AJRZMPAZ0ZBLFYM1","A7I6H4NQAYTAB","Submitted","Fri Jun 19 18:20:11 PDT 2020","Fri Jun 19 18:24:33 PDT 2020","Mon Jun 22 18:24:33 PDT 2020","","","","262","0% (0/0)","0% (0/0)","0% (0/0)","k6jjmgjrkjhuhrhfx4do"
"3MD8CKRQZZNMUBUIK5C2YRJ30G8RJA","34NBII25NZIOGJLGY73HHZ47TJY2JF","Reading a passage and responding to questions","You will read a short passage about a person, then answer questions related to the passage.","sentences, decisions, language","$0.40","Fri Jun 19 15:49:49 PDT 2020","352","BatchId:4086211;OriginalHitTemplateId:920937340;","7200","259200","Fri Jun 19 19:49:49 PDT 2020","","","3VD82FOHKQOYB4UQ8NJD5CXL3XECOO","AKUKGG6UBRCBS","Submitted","Fri Jun 19 18:35:43 PDT 2020","Fri Jun 19 19:30:07 PDT 2020","Mon Jun 22 19:30:07 PDT 2020","","","","3264","0% (0/0)","0% (0/0)","0% (0/0)","bu4aq3wolxo70hjhr635"
"3MD8CKRQZZNMUBUIK5C2YRJ30G8RJA","34NBII25NZIOGJLGY73HHZ47TJY2JF","Reading a passage and responding to questions","You will read a short passage about a person, then answer questions related to the passage.","sentences, decisions, language","$0.40","Fri Jun 19 15:49:49 PDT 2020","352","BatchId:4086211;OriginalHitTemplateId:920937340;","7200","259200","Fri Jun 19 19:49:49 PDT 2020","","","3VHP9MDGRNK45RHX9K0NIIO7BWGCFV","A354M37F4Y6JOX","Submitted","Fri Jun 19 17:23:07 PDT 2020","Fri Jun 19 17:28:15 PDT 2020","Mon Jun 22 17:28:15 PDT 2020","","","","308","0% (0/0)","0% (0/0)","0% (0/0)","mcurjr58dtozqeowr9vy"
"3MD8CKRQZZNMUBUIK5C2YRJ30G8RJA","34NBII25NZIOGJLGY73HHZ47TJY2JF","Reading a passage and responding to questions","You will read a short passage about a person, then answer questions related to the passage.","sentences, decisions, language","$0.40","Fri Jun 19 15:49:49 PDT 2020","352","BatchId:4086211;OriginalHitTemplateId:920937340;","7200","259200","Fri Jun 19 19:49:49 PDT 2020","","","3VJ40NV2QINFXLW1U9E3UMXPRJDTON","A2STG331R3P3FK","Submitted","Fri Jun 19 18:31:30 PDT 2020","Fri Jun 19 18:39:47 PDT 2020","Mon Jun 22 18:39:47 PDT 2020","","","","497","0% (0/0)","0% (0/0)","0% (0/0)","j2lx0rmfcd9p9ctsd9et"
"3MD8CKRQZZNMUBUIK5C2YRJ30G8RJA","34NBII25NZIOGJLGY73HHZ47TJY2JF","Reading a passage and responding to questions","You will read a short passage about a person, then answer questions related to the passage.","sentences, decisions, language","$0.40","Fri Jun 19 15:49:49 PDT 2020","352","BatchId:4086211;OriginalHitTemplateId:920937340;","7200","259200","Fri Jun 19 19:49:49 PDT 2020","","","3VNXK88KKCIR3QWKXFV0YEQLT5AV9U","A1OW05NHCOP643","Submitted","Fri Jun 19 19:17:08 PDT 2020","Fri Jun 19 20:44:10 PDT 2020","Mon Jun 22 20:44:10 PDT 2020","","","","5222","0% (0/0)","0% (0/0)","0% (0/0)","lkmjlc53vgoxvgvmyheh"
"3MD8CKRQZZNMUBUIK5C2YRJ30G8RJA","34NBII25NZIOGJLGY73HHZ47TJY2JF","Reading a passage and responding to questions","You will read a short passage about a person, then answer questions related to the passage.","sentences, decisions, language","$0.40","Fri Jun 19 15:49:49 PDT 2020","352","BatchId:4086211;OriginalHitTemplateId:920937340;","7200","259200","Fri Jun 19 19:49:49 PDT 2020","","","3WI0P0II61SBD9SK0BVSJDK8ZKCRDE","AB32VAORO0RD0","Submitted","Fri Jun 19 19:10:23 PDT 2020","Fri Jun 19 19:14:35 PDT 2020","Mon Jun 22 19:14:35 PDT 2020","","","","252","0% (0/0)","0% (0/0)","0% (0/0)","eye3djww378r6xhpnnpb"
"3MD8CKRQZZNMUBUIK5C2YRJ30G8RJA","34NBII25NZIOGJLGY73HHZ47TJY2JF","Reading a passage and responding to questions","You will read a short passage about a person, then answer questions related to the passage.","sentences, decisions, language","$0.40","Fri Jun 19 15:49:49 PDT 2020","352","BatchId:4086211;OriginalHitTemplateId:920937340;","7200","259200","Fri Jun 19 19:49:49 PDT 2020","","","3WLEIWSYHOHBL5G17HZH9QRYFKRH20","ABV49Z3JEYB39","Submitted","Fri Jun 19 19:35:18 PDT 2020","Fri Jun 19 19:36:52 PDT 2020","Mon Jun 22 19:36:52 PDT 2020","","","","94","0% (0/0)","0% (0/0)","0% (0/0)","ycu9k1xf7y62kfxsgz6b"
"3MD8CKRQZZNMUBUIK5C2YRJ30G8RJA","34NBII25NZIOGJLGY73HHZ47TJY2JF","Reading a passage and responding to questions","You will read a short passage about a person, then answer questions related to the passage.","sentences, decisions, language","$0.40","Fri Jun 19 15:49:49 PDT 2020","352","BatchId:4086211;OriginalHitTemplateId:920937340;","7200","259200","Fri Jun 19 19:49:49 PDT 2020","","","3WLEIWSYHOHBL5G17HZH9QRYFLSH23","APEAAB0D4VJKS","Submitted","Fri Jun 19 19:49:29 PDT 2020","Fri Jun 19 19:57:10 PDT 2020","Mon Jun 22 19:57:10 PDT 2020","","","","461","0% (0/0)","0% (0/0)","0% (0/0)","e9bc9t9vsva1swlyzkam"
"3MD8CKRQZZNMUBUIK5C2YRJ30G8RJA","34NBII25NZIOGJLGY73HHZ47TJY2JF","Reading a passage and responding to questions","You will read a short passage about a person, then answer questions related to the passage.","sentences, decisions, language","$0.40","Fri Jun 19 15:49:49 PDT 2020","352","BatchId:4086211;OriginalHitTemplateId:920937340;","7200","259200","Fri Jun 19 19:49:49 PDT 2020","","","3WMOAN2SRBXCSS0EYPE5GFL5YURNVL","A31KYCI27P8OBX","Submitted","Fri Jun 19 19:17:33 PDT 2020","Fri Jun 19 20:37:42 PDT 2020","Mon Jun 22 20:37:42 PDT 2020","","","","4809","0% (0/0)","0% (0/0)","0% (0/0)","yk4jj7amfy61s234tqwo"
"3MD8CKRQZZNMUBUIK5C2YRJ30G8RJA","34NBII25NZIOGJLGY73HHZ47TJY2JF","Reading a passage and responding to questions","You will read a short passage about a person, then answer questions related to the passage.","sentences, decisions, language","$0.40","Fri Jun 19 15:49:49 PDT 2020","352","BatchId:4086211;OriginalHitTemplateId:920937340;","7200","259200","Fri Jun 19 19:49:49 PDT 2020","","","3WOKGM4L71GEHCZAW7QTABVKU820O4","A2KRWSCXNUNMAJ","Submitted","Fri Jun 19 16:00:02 PDT 2020","Fri Jun 19 16:05:52 PDT 2020","Mon Jun 22 16:05:52 PDT 2020","","","","350","0% (0/0)","0% (0/0)","0% (0/0)","oyyuh3vf2mk567lbo4ym"
"3MD8CKRQZZNMUBUIK5C2YRJ30G8RJA","34NBII25NZIOGJLGY73HHZ47TJY2JF","Reading a passage and responding to questions","You will read a short passage about a person, then answer questions related to the passage.","sentences, decisions, language","$0.40","Fri Jun 19 15:49:49 PDT 2020","352","BatchId:4086211;OriginalHitTemplateId:920937340;","7200","259200","Fri Jun 19 19:49:49 PDT 2020","","","3WOKGM4L71GEHCZAW7QTABVKU8L0ON","A2PM9J8MEN5BHH","Submitted","Fri Jun 19 19:29:21 PDT 2020","Fri Jun 19 21:20:20 PDT 2020","Mon Jun 22 21:20:20 PDT 2020","","","","6659","0% (0/0)","0% (0/0)","0% (0/0)","r1qh5pg5agamca8bqoc8"
"3MD8CKRQZZNMUBUIK5C2YRJ30G8RJA","34NBII25NZIOGJLGY73HHZ47TJY2JF","Reading a passage and responding to questions","You will read a short passage about a person, then answer questions related to the passage.","sentences, decisions, language","$0.40","Fri Jun 19 15:49:49 PDT 2020","352","BatchId:4086211;OriginalHitTemplateId:920937340;","7200","259200","Fri Jun 19 19:49:49 PDT 2020","","","3WT783CTPBHESA5H4IERZSXMWYLCBA","A1XJDTO4Z909S8","Submitted","Fri Jun 19 16:55:49 PDT 2020","Fri Jun 19 17:00:52 PDT 2020","Mon Jun 22 17:00:52 PDT 2020","","","","303","0% (0/0)","0% (0/0)","0% (0/0)","rbxtycvsygxph0t2ktw5"
"3MD8CKRQZZNMUBUIK5C2YRJ30G8RJA","34NBII25NZIOGJLGY73HHZ47TJY2JF","Reading a passage and responding to questions","You will read a short passage about a person, then answer questions related to the passage.","sentences, decisions, language","$0.40","Fri Jun 19 15:49:49 PDT 2020","352","BatchId:4086211;OriginalHitTemplateId:920937340;","7200","259200","Fri Jun 19 19:49:49 PDT 2020","","","3X1FV8S5JXR6I0JSBL1AQVC8XIMVG2","A37NNFVJ0S94M3","Submitted","Fri Jun 19 15:51:01 PDT 2020","Fri Jun 19 15:59:23 PDT 2020","Mon Jun 22 15:59:23 PDT 2020","","","","502","0% (0/0)","0% (0/0)","0% (0/0)","0cdw81k3eylod6pjhhwv"
"3MD8CKRQZZNMUBUIK5C2YRJ30G8RJA","34NBII25NZIOGJLGY73HHZ47TJY2JF","Reading a passage and responding to questions","You will read a short passage about a person, then answer questions related to the passage.","sentences, decisions, language","$0.40","Fri Jun 19 15:49:49 PDT 2020","352","BatchId:4086211;OriginalHitTemplateId:920937340;","7200","259200","Fri Jun 19 19:49:49 PDT 2020","","","3XM0HYN6NKZVT2Q5JE2NK02EYEIEPV","A26A00JF7ZGR2N","Submitted","Fri Jun 19 17:47:37 PDT 2020","Fri Jun 19 17:55:25 PDT 2020","Mon Jun 22 17:55:25 PDT 2020","","","","468","0% (0/0)","0% (0/0)","0% (0/0)","6x6jovw47j0f8qjzma5k"
"3MD8CKRQZZNMUBUIK5C2YRJ30G8RJA","34NBII25NZIOGJLGY73HHZ47TJY2JF","Reading a passage and responding to questions","You will read a short passage about a person, then answer questions related to the passage.","sentences, decisions, language","$0.40","Fri Jun 19 15:49:49 PDT 2020","352","BatchId:4086211;OriginalHitTemplateId:920937340;","7200","259200","Fri Jun 19 19:49:49 PDT 2020","","","3Y54SXRO1LLAAQGYQVQCTSPE95MUTM","A25PQTWHOMESAT","Submitted","Fri Jun 19 15:56:59 PDT 2020","Fri Jun 19 16:16:51 PDT 2020","Mon Jun 22 16:16:51 PDT 2020","","","","1192","0% (0/0)","0% (0/0)","0% (0/0)","5ax6avnyllg77a5g5fkc"
"3MD8CKRQZZNMUBUIK5C2YRJ30G8RJA","34NBII25NZIOGJLGY73HHZ47TJY2JF","Reading a passage and responding to questions","You will read a short passage about a person, then answer questions related to the passage.","sentences, decisions, language","$0.40","Fri Jun 19 15:49:49 PDT 2020","352","BatchId:4086211;OriginalHitTemplateId:920937340;","7200","259200","Fri Jun 19 19:49:49 PDT 2020","","","3Z4XG4ZF48RJTAI5S2Q4M3SVPAI8X3","A5FNCSRZFUWUW","Submitted","Fri Jun 19 15:52:03 PDT 2020","Fri Jun 19 16:07:05 PDT 2020","Mon Jun 22 16:07:05 PDT 2020","","","","902","0% (0/0)","0% (0/0)","0% (0/0)","k4yye2524z5zl9jfn1v7"
"3MD8CKRQZZNMUBUIK5C2YRJ30G8RJA","34NBII25NZIOGJLGY73HHZ47TJY2JF","Reading a passage and responding to questions","You will read a short passage about a person, then answer questions related to the passage.","sentences, decisions, language","$0.40","Fri Jun 19 15:49:49 PDT 2020","352","BatchId:4086211;OriginalHitTemplateId:920937340;","7200","259200","Fri Jun 19 19:49:49 PDT 2020","","","3Z4XG4ZF48RJTAI5S2Q4M3SVPAO8X9","ANN8ZRJ8V6A1","Submitted","Fri Jun 19 16:51:58 PDT 2020","Fri Jun 19 16:54:27 PDT 2020","Mon Jun 22 16:54:27 PDT 2020","","","","149","0% (0/0)","0% (0/0)","0% (0/0)","vnuubv17gjzslj4w2c2k"
"3MD8CKRQZZNMUBUIK5C2YRJ30G8RJA","34NBII25NZIOGJLGY73HHZ47TJY2JF","Reading a passage and responding to questions","You will read a short passage about a person, then answer questions related to the passage.","sentences, decisions, language","$0.40","Fri Jun 19 15:49:49 PDT 2020","352","BatchId:4086211;OriginalHitTemplateId:920937340;","7200","259200","Fri Jun 19 19:49:49 PDT 2020","","","3Z7VU45IPYHQN5YZUZ5A4ELYJ4S1ZR","A3DDYGSM8CLJW","Submitted","Fri Jun 19 18:58:53 PDT 2020","Fri Jun 19 19:07:14 PDT 2020","Mon Jun 22 19:07:14 PDT 2020","","","","501","0% (0/0)","0% (0/0)","0% (0/0)","45wpgwkx82dbbvm1awyr"
"3MD8CKRQZZNMUBUIK5C2YRJ30G8RJA","34NBII25NZIOGJLGY73HHZ47TJY2JF","Reading a passage and responding to questions","You will read a short passage about a person, then answer questions related to the passage.","sentences, decisions, language","$0.40","Fri Jun 19 15:49:49 PDT 2020","352","BatchId:4086211;OriginalHitTemplateId:920937340;","7200","259200","Fri Jun 19 19:49:49 PDT 2020","","","3Z7VU45IPYHQN5YZUZ5A4ELYJ4TZ1Q","AJD7KTPTWFN9Q","Submitted","Fri Jun 19 19:31:49 PDT 2020","Fri Jun 19 19:39:07 PDT 2020","Mon Jun 22 19:39:07 PDT 2020","","","","438","0% (0/0)","0% (0/0)","0% (0/0)","z7bqatbz8xkb9k0skgq1"
"3MD8CKRQZZNMUBUIK5C2YRJ30G8RJA","34NBII25NZIOGJLGY73HHZ47TJY2JF","Reading a passage and responding to questions","You will read a short passage about a person, then answer questions related to the passage.","sentences, decisions, language","$0.40","Fri Jun 19 15:49:49 PDT 2020","352","BatchId:4086211;OriginalHitTemplateId:920937340;","7200","259200","Fri Jun 19 19:49:49 PDT 2020","","","3ZAK8W07I4E9UHJ7ST229HN9CUSU0D","A8KNIW6QRE6VD","Submitted","Fri Jun 19 16:30:14 PDT 2020","Fri Jun 19 16:36:18 PDT 2020","Mon Jun 22 16:36:18 PDT 2020","","","","364","0% (0/0)","0% (0/0)","0% (0/0)","az3a5nj2j1jrgtsuqvs9"
"3MD8CKRQZZNMUBUIK5C2YRJ30G8RJA","34NBII25NZIOGJLGY73HHZ47TJY2JF","Reading a passage and responding to questions","You will read a short passage about a person, then answer questions related to the passage.","sentences, decisions, language","$0.40","Fri Jun 19 15:49:49 PDT 2020","352","BatchId:4086211;OriginalHitTemplateId:920937340;","7200","259200","Fri Jun 19 19:49:49 PDT 2020","","","3ZAZR5XV01IAA88XAWUULA4PN13ZCZ","AMR9MJJTCIMIF","Submitted","Fri Jun 19 16:23:14 PDT 2020","Fri Jun 19 16:30:12 PDT 2020","Mon Jun 22 16:30:12 PDT 2020","","","","418","0% (0/0)","0% (0/0)","0% (0/0)","jw7vl4dromequr31tl76"
"3MD8CKRQZZNMUBUIK5C2YRJ30G8RJA","34NBII25NZIOGJLGY73HHZ47TJY2JF","Reading a passage and responding to questions","You will read a short passage about a person, then answer questions related to the passage.","sentences, decisions, language","$0.40","Fri Jun 19 15:49:49 PDT 2020","352","BatchId:4086211;OriginalHitTemplateId:920937340;","7200","259200","Fri Jun 19 19:49:49 PDT 2020","","","3ZAZR5XV01IAA88XAWUULA4PN1GCZP","A3ME31M5JRW9NW","Submitted","Fri Jun 19 18:25:58 PDT 2020","Fri Jun 19 18:30:04 PDT 2020","Mon Jun 22 18:30:04 PDT 2020","","","","246","0% (0/0)","0% (0/0)","0% (0/0)","nestywpr382wozfedat8"
"3MD8CKRQZZNMUBUIK5C2YRJ30G8RJA","34NBII25NZIOGJLGY73HHZ47TJY2JF","Reading a passage and responding to questions","You will read a short passage about a person, then answer questions related to the passage.","sentences, decisions, language","$0.40","Fri Jun 19 15:49:49 PDT 2020","352","BatchId:4086211;OriginalHitTemplateId:920937340;","7200","259200","Fri Jun 19 19:49:49 PDT 2020","","","3ZGVPD4G6THRWPA8WIPKAK4TBN0TZ9","A3SGVDAK6UOLVM","Submitted","Fri Jun 19 15:54:40 PDT 2020","Fri Jun 19 15:58:49 PDT 2020","Mon Jun 22 15:58:49 PDT 2020","","","","249","0% (0/0)","0% (0/0)","0% (0/0)","f08d4a8xf52h91mxff4u"
"3MD8CKRQZZNMUBUIK5C2YRJ30G8RJA","34NBII25NZIOGJLGY73HHZ47TJY2JF","Reading a passage and responding to questions","You will read a short passage about a person, then answer questions related to the passage.","sentences, decisions, language","$0.40","Fri Jun 19 15:49:49 PDT 2020","352","BatchId:4086211;OriginalHitTemplateId:920937340;","7200","259200","Fri Jun 19 19:49:49 PDT 2020","","","3ZY8KE4ISJ3XVPD6EH6MK9GA358VQA","A395W57ZJI6BE3","Submitted","Fri Jun 19 17:59:04 PDT 2020","Fri Jun 19 18:04:37 PDT 2020","Mon Jun 22 18:04:37 PDT 2020","","","","333","0% (0/0)","0% (0/0)","0% (0/0)","wze38zp9vx39jjhc97pr"