"HITId","HITTypeId","Title","Description","Keywords","Reward","CreationTime","MaxAssignments","RequesterAnnotation","AssignmentDurationInSeconds","AutoApprovalDelayInSeconds","Expiration","NumberOfSimilarHITs","LifetimeInSeconds","AssignmentId","WorkerId","AssignmentStatus","AcceptTime","SubmitTime","AutoApprovalTime","ApprovalTime","RejectionTime","RequesterFeedback","WorkTimeInSeconds","LifetimeApprovalRate","Last30DaysApprovalRate","Last7DaysApprovalRate","Answer.surveycode","Approve","Reject"
"3NI0WFPPI9GM6MVC69ZY5RDB5ZO068","34NBII25NZIOGJLGY73HHZ47TJY2JF","Reading a passage and responding to questions","You will read a short passage about a person, then answer questions related to the passage.","sentences, decisions, language","$0.40","Mon Jun 01 14:03:12 PDT 2020","352","BatchId:4062820;OriginalHitTemplateId:920937340;","7200","259200","Mon Jun 01 18:03:12 PDT 2020","","","30H4UDGLT2IT5QII0CQ6X87N62KPMD","AKNUBT0RBFIEN","Submitted","Mon Jun 01 14:11:13 PDT 2020","Mon Jun 01 14:17:41 PDT 2020","Thu Jun 04 14:17:41 PDT 2020","","","","388","0% (0/0)","0% (0/0)","0% (0/0)","l23hv2hpm1b3htp19gx3"
"3NI0WFPPI9GM6MVC69ZY5RDB5ZO068","34NBII25NZIOGJLGY73HHZ47TJY2JF","Reading a passage and responding to questions","You will read a short passage about a person, then answer questions related to the passage.","sentences, decisions, language","$0.40","Mon Jun 01 14:03:12 PDT 2020","352","BatchId:4062820;OriginalHitTemplateId:920937340;","7200","259200","Mon Jun 01 18:03:12 PDT 2020","","","30H4UDGLT2IT5QII0CQ6X87N62UMPK","A2NLH5D74PHONM","Submitted","Mon Jun 01 16:46:55 PDT 2020","Mon Jun 01 16:52:47 PDT 2020","Thu Jun 04 16:52:47 PDT 2020","","","","352","0% (0/0)","0% (0/0)","0% (0/0)","txgnvvdayqzznvh82sg9"
"3NI0WFPPI9GM6MVC69ZY5RDB5ZO068","34NBII25NZIOGJLGY73HHZ47TJY2JF","Reading a passage and responding to questions","You will read a short passage about a person, then answer questions related to the passage.","sentences, decisions, language","$0.40","Mon Jun 01 14:03:12 PDT 2020","352","BatchId:4062820;OriginalHitTemplateId:920937340;","7200","259200","Mon Jun 01 18:03:12 PDT 2020","","","30H4UDGLT2IT5QII0CQ6X87N62XMPN","AI3IQWGLJ9FLH","Submitted","Mon Jun 01 17:46:22 PDT 2020","Mon Jun 01 17:52:23 PDT 2020","Thu Jun 04 17:52:23 PDT 2020","","","","361","0% (0/0)","0% (0/0)","0% (0/0)","wheul0712ozk5cmovau3"
"3NI0WFPPI9GM6MVC69ZY5RDB5ZO068","34NBII25NZIOGJLGY73HHZ47TJY2JF","Reading a passage and responding to questions","You will read a short passage about a person, then answer questions related to the passage.","sentences, decisions, language","$0.40","Mon Jun 01 14:03:12 PDT 2020","352","BatchId:4062820;OriginalHitTemplateId:920937340;","7200","259200","Mon Jun 01 18:03:12 PDT 2020","","","30X31N5D63QPGHPLVQ4VJMHYZ54SAE","A2193VMX1QMXPV","Submitted","Mon Jun 01 14:45:22 PDT 2020","Mon Jun 01 14:50:57 PDT 2020","Thu Jun 04 14:50:57 PDT 2020","","","","335","0% (0/0)","0% (0/0)","0% (0/0)","mlh2sdxk6rqjsy14mo1k"
"3NI0WFPPI9GM6MVC69ZY5RDB5ZO068","34NBII25NZIOGJLGY73HHZ47TJY2JF","Reading a passage and responding to questions","You will read a short passage about a person, then answer questions related to the passage.","sentences, decisions, language","$0.40","Mon Jun 01 14:03:12 PDT 2020","352","BatchId:4062820;OriginalHitTemplateId:920937340;","7200","259200","Mon Jun 01 18:03:12 PDT 2020","","","320DUZ38G7MXR5JYUWNRN71E1H2JGZ","AKC9H6IX5YCG4","Submitted","Mon Jun 01 14:05:03 PDT 2020","Mon Jun 01 14:09:21 PDT 2020","Thu Jun 04 14:09:21 PDT 2020","","","","258","0% (0/0)","0% (0/0)","0% (0/0)","05mvapf313zwun249lf0"
"3NI0WFPPI9GM6MVC69ZY5RDB5ZO068","34NBII25NZIOGJLGY73HHZ47TJY2JF","Reading a passage and responding to questions","You will read a short passage about a person, then answer questions related to the passage.","sentences, decisions, language","$0.40","Mon Jun 01 14:03:12 PDT 2020","352","BatchId:4062820;OriginalHitTemplateId:920937340;","7200","259200","Mon Jun 01 18:03:12 PDT 2020","","","337RC3OW052M4SXTMCYQ3NHGSL2LVZ","A37EYHPXPZ9LU","Submitted","Mon Jun 01 16:02:22 PDT 2020","Mon Jun 01 16:06:12 PDT 2020","Thu Jun 04 16:06:12 PDT 2020","","","","230","0% (0/0)","0% (0/0)","0% (0/0)","cnw379uk69hvr0vmq8zp"
"3NI0WFPPI9GM6MVC69ZY5RDB5ZO068","34NBII25NZIOGJLGY73HHZ47TJY2JF","Reading a passage and responding to questions","You will read a short passage about a person, then answer questions related to the passage.","sentences, decisions, language","$0.40","Mon Jun 01 14:03:12 PDT 2020","352","BatchId:4062820;OriginalHitTemplateId:920937340;","7200","259200","Mon Jun 01 18:03:12 PDT 2020","","","34BBWHLWHABXTGPSRJ69X982IQ3WIZ","A3TMVAECAVF9X5","Submitted","Mon Jun 01 14:06:52 PDT 2020","Mon Jun 01 14:22:22 PDT 2020","Thu Jun 04 14:22:22 PDT 2020","","","","930","0% (0/0)","0% (0/0)","0% (0/0)","zdtze8n38ko9a3x6m67q"
"3NI0WFPPI9GM6MVC69ZY5RDB5ZO068","34NBII25NZIOGJLGY73HHZ47TJY2JF","Reading a passage and responding to questions","You will read a short passage about a person, then answer questions related to the passage.","sentences, decisions, language","$0.40","Mon Jun 01 14:03:12 PDT 2020","352","BatchId:4062820;OriginalHitTemplateId:920937340;","7200","259200","Mon Jun 01 18:03:12 PDT 2020","","","35L9RVQFCOIK5HP3Q19NF9MQXXEHUT","A1ZGDSX71O5IVF","Submitted","Mon Jun 01 14:13:17 PDT 2020","Mon Jun 01 14:42:34 PDT 2020","Thu Jun 04 14:42:34 PDT 2020","","","","1757","0% (0/0)","0% (0/0)","0% (0/0)","hpreofsdjw7j5o3dvfo5"
"3NI0WFPPI9GM6MVC69ZY5RDB5ZO068","34NBII25NZIOGJLGY73HHZ47TJY2JF","Reading a passage and responding to questions","You will read a short passage about a person, then answer questions related to the passage.","sentences, decisions, language","$0.40","Mon Jun 01 14:03:12 PDT 2020","352","BatchId:4062820;OriginalHitTemplateId:920937340;","7200","259200","Mon Jun 01 18:03:12 PDT 2020","","","36U2A8VAG1ZSOGAG6N99VM8VL2TKYY","AJIG00GE4L8NE","Submitted","Mon Jun 01 14:16:54 PDT 2020","Mon Jun 01 14:33:00 PDT 2020","Thu Jun 04 14:33:00 PDT 2020","","","","966","0% (0/0)","0% (0/0)","0% (0/0)","r5hd4vbwecrl042y6t65"
"3NI0WFPPI9GM6MVC69ZY5RDB5ZO068","34NBII25NZIOGJLGY73HHZ47TJY2JF","Reading a passage and responding to questions","You will read a short passage about a person, then answer questions related to the passage.","sentences, decisions, language","$0.40","Mon Jun 01 14:03:12 PDT 2020","352","BatchId:4062820;OriginalHitTemplateId:920937340;","7200","259200","Mon Jun 01 18:03:12 PDT 2020","","","379J5II41OG52HB7RM9G3JTUSQUELH","A2X0JBXKOGVVTC","Submitted","Mon Jun 01 14:37:55 PDT 2020","Mon Jun 01 14:42:23 PDT 2020","Thu Jun 04 14:42:23 PDT 2020","","","","268","0% (0/0)","0% (0/0)","0% (0/0)","rrtmcpg3xs0dztwe3l1q"
"3NI0WFPPI9GM6MVC69ZY5RDB5ZO068","34NBII25NZIOGJLGY73HHZ47TJY2JF","Reading a passage and responding to questions","You will read a short passage about a person, then answer questions related to the passage.","sentences, decisions, language","$0.40","Mon Jun 01 14:03:12 PDT 2020","352","BatchId:4062820;OriginalHitTemplateId:920937340;","7200","259200","Mon Jun 01 18:03:12 PDT 2020","","","37KGEN7NJ3QZQTFVSSIYEC1IB78PPM","A2GCNSW7Q5OZ9Z","Submitted","Mon Jun 01 17:49:40 PDT 2020","Mon Jun 01 17:53:20 PDT 2020","Thu Jun 04 17:53:20 PDT 2020","","","","220","0% (0/0)","0% (0/0)","0% (0/0)","tqq4aqpotseuxn3hvh6e"
"3NI0WFPPI9GM6MVC69ZY5RDB5ZO068","34NBII25NZIOGJLGY73HHZ47TJY2JF","Reading a passage and responding to questions","You will read a short passage about a person, then answer questions related to the passage.","sentences, decisions, language","$0.40","Mon Jun 01 14:03:12 PDT 2020","352","BatchId:4062820;OriginalHitTemplateId:920937340;","7200","259200","Mon Jun 01 18:03:12 PDT 2020","","","37UEWGM5HT8HLEC8KIBXIBJZ99G1RC","A2N9Q1IHLP4LGI","Submitted","Mon Jun 01 14:42:05 PDT 2020","Mon Jun 01 15:16:20 PDT 2020","Thu Jun 04 15:16:20 PDT 2020","","","","2055","0% (0/0)","0% (0/0)","0% (0/0)","r3c88lkm5onrm4g44s81"
"3NI0WFPPI9GM6MVC69ZY5RDB5ZO068","34NBII25NZIOGJLGY73HHZ47TJY2JF","Reading a passage and responding to questions","You will read a short passage about a person, then answer questions related to the passage.","sentences, decisions, language","$0.40","Mon Jun 01 14:03:12 PDT 2020","352","BatchId:4062820;OriginalHitTemplateId:920937340;","7200","259200","Mon Jun 01 18:03:12 PDT 2020","","","37UQDCYH6XVNP78RIIXGKIZFX1QV7T","AVRIM8OI638FT","Submitted","Mon Jun 01 14:09:24 PDT 2020","Mon Jun 01 14:14:43 PDT 2020","Thu Jun 04 14:14:43 PDT 2020","","","","319","0% (0/0)","0% (0/0)","0% (0/0)","v6d46huqtoyssbrf60hd"
"3NI0WFPPI9GM6MVC69ZY5RDB5ZO068","34NBII25NZIOGJLGY73HHZ47TJY2JF","Reading a passage and responding to questions","You will read a short passage about a person, then answer questions related to the passage.","sentences, decisions, language","$0.40","Mon Jun 01 14:03:12 PDT 2020","352","BatchId:4062820;OriginalHitTemplateId:920937340;","7200","259200","Mon Jun 01 18:03:12 PDT 2020","","","37WLF8U1WPQQ5W0A04EHCVO2MSZK6X","A2O74G1ORH037I","Submitted","Mon Jun 01 14:08:46 PDT 2020","Mon Jun 01 14:14:25 PDT 2020","Thu Jun 04 14:14:25 PDT 2020","","","","339","0% (0/0)","0% (0/0)","0% (0/0)","ylfs995v2k3l9ngx9q0y"
"3NI0WFPPI9GM6MVC69ZY5RDB5ZO068","34NBII25NZIOGJLGY73HHZ47TJY2JF","Reading a passage and responding to questions","You will read a short passage about a person, then answer questions related to the passage.","sentences, decisions, language","$0.40","Mon Jun 01 14:03:12 PDT 2020","352","BatchId:4062820;OriginalHitTemplateId:920937340;","7200","259200","Mon Jun 01 18:03:12 PDT 2020","","","38BQUHLA9W0BKQ6HLCDR882XWXOOMV","AVKE4WTQZAZCH","Submitted","Mon Jun 01 14:05:08 PDT 2020","Mon Jun 01 14:07:35 PDT 2020","Thu Jun 04 14:07:35 PDT 2020","","","","147","0% (0/0)","0% (0/0)","0% (0/0)","pygch4n16hosh4ol3h1k"
"3NI0WFPPI9GM6MVC69ZY5RDB5ZO068","34NBII25NZIOGJLGY73HHZ47TJY2JF","Reading a passage and responding to questions","You will read a short passage about a person, then answer questions related to the passage.","sentences, decisions, language","$0.40","Mon Jun 01 14:03:12 PDT 2020","352","BatchId:4062820;OriginalHitTemplateId:920937340;","7200","259200","Mon Jun 01 18:03:12 PDT 2020","","","38F71OA9GTWHEDTOM9U1LETJ4W9FMC","ATR4ADC201Y3N","Submitted","Mon Jun 01 17:29:31 PDT 2020","Mon Jun 01 17:36:43 PDT 2020","Thu Jun 04 17:36:43 PDT 2020","","","","432","0% (0/0)","0% (0/0)","0% (0/0)","uckpdrf1e7y9ecv2q0rs"
"3NI0WFPPI9GM6MVC69ZY5RDB5ZO068","34NBII25NZIOGJLGY73HHZ47TJY2JF","Reading a passage and responding to questions","You will read a short passage about a person, then answer questions related to the passage.","sentences, decisions, language","$0.40","Mon Jun 01 14:03:12 PDT 2020","352","BatchId:4062820;OriginalHitTemplateId:920937340;","7200","259200","Mon Jun 01 18:03:12 PDT 2020","","","39LNWE0K4UWK1C0NWJR8FLN5XATUIZ","A1XKF67DMQQ0JE","Submitted","Mon Jun 01 14:26:36 PDT 2020","Mon Jun 01 14:32:24 PDT 2020","Thu Jun 04 14:32:24 PDT 2020","","","","348","0% (0/0)","0% (0/0)","0% (0/0)","sl7aqcqcsna1d87x35f3"
"3NI0WFPPI9GM6MVC69ZY5RDB5ZO068","34NBII25NZIOGJLGY73HHZ47TJY2JF","Reading a passage and responding to questions","You will read a short passage about a person, then answer questions related to the passage.","sentences, decisions, language","$0.40","Mon Jun 01 14:03:12 PDT 2020","352","BatchId:4062820;OriginalHitTemplateId:920937340;","7200","259200","Mon Jun 01 18:03:12 PDT 2020","","","39OWYR0EPKRH8UI25CICF9GQD6DYFB","A6FDO4NJS24RK","Submitted","Mon Jun 01 14:51:05 PDT 2020","Mon Jun 01 14:58:22 PDT 2020","Thu Jun 04 14:58:22 PDT 2020","","","","437","0% (0/0)","0% (0/0)","0% (0/0)","mv37d76hvbnnxjsmhzlr"
"3NI0WFPPI9GM6MVC69ZY5RDB5ZO068","34NBII25NZIOGJLGY73HHZ47TJY2JF","Reading a passage and responding to questions","You will read a short passage about a person, then answer questions related to the passage.","sentences, decisions, language","$0.40","Mon Jun 01 14:03:12 PDT 2020","352","BatchId:4062820;OriginalHitTemplateId:920937340;","7200","259200","Mon Jun 01 18:03:12 PDT 2020","","","3A7Y0R2P2OO8DREOJ6NVBT19473XJA","A11Q6NYTOG82MU","Submitted","Mon Jun 01 15:35:28 PDT 2020","Mon Jun 01 15:48:15 PDT 2020","Thu Jun 04 15:48:15 PDT 2020","","","","767","0% (0/0)","0% (0/0)","0% (0/0)","bpudewvr8kpwfloscjvk"
"3NI0WFPPI9GM6MVC69ZY5RDB5ZO068","34NBII25NZIOGJLGY73HHZ47TJY2JF","Reading a passage and responding to questions","You will read a short passage about a person, then answer questions related to the passage.","sentences, decisions, language","$0.40","Mon Jun 01 14:03:12 PDT 2020","352","BatchId:4062820;OriginalHitTemplateId:920937340;","7200","259200","Mon Jun 01 18:03:12 PDT 2020","","","3ATTHHXXWAOCIGUI1O2VZSM9RSKIXP","A28KS0R114Q6PF","Submitted","Mon Jun 01 17:03:31 PDT 2020","Mon Jun 01 17:08:26 PDT 2020","Thu Jun 04 17:08:26 PDT 2020","","","","295","0% (0/0)","0% (0/0)","0% (0/0)","4fpbp0dbu0ao0mp1g6kf"
"3NI0WFPPI9GM6MVC69ZY5RDB5ZO068","34NBII25NZIOGJLGY73HHZ47TJY2JF","Reading a passage and responding to questions","You will read a short passage about a person, then answer questions related to the passage.","sentences, decisions, language","$0.40","Mon Jun 01 14:03:12 PDT 2020","352","BatchId:4062820;OriginalHitTemplateId:920937340;","7200","259200","Mon Jun 01 18:03:12 PDT 2020","","","3B837J3LDOWHFYB2X1QHEC68Z92RSV","A30XJHY5V549VC","Submitted","Mon Jun 01 17:27:51 PDT 2020","Mon Jun 01 17:30:25 PDT 2020","Thu Jun 04 17:30:25 PDT 2020","","","","154","0% (0/0)","0% (0/0)","0% (0/0)","9ruks2g7az288uw71dft"
"3NI0WFPPI9GM6MVC69ZY5RDB5ZO068","34NBII25NZIOGJLGY73HHZ47TJY2JF","Reading a passage and responding to questions","You will read a short passage about a person, then answer questions related to the passage.","sentences, decisions, language","$0.40","Mon Jun 01 14:03:12 PDT 2020","352","BatchId:4062820;OriginalHitTemplateId:920937340;","7200","259200","Mon Jun 01 18:03:12 PDT 2020","","","3CFVK00FWLL1P2ISL4QIRV1HBS56LN","A1KDLWEGWA26JI","Submitted","Mon Jun 01 14:09:05 PDT 2020","Mon Jun 01 14:14:09 PDT 2020","Thu Jun 04 14:14:09 PDT 2020","","","","304","0% (0/0)","0% (0/0)","0% (0/0)","ohalzht0rmy0y33t0sl2"
"3NI0WFPPI9GM6MVC69ZY5RDB5ZO068","34NBII25NZIOGJLGY73HHZ47TJY2JF","Reading a passage and responding to questions","You will read a short passage about a person, then answer questions related to the passage.","sentences, decisions, language","$0.40","Mon Jun 01 14:03:12 PDT 2020","352","BatchId:4062820;OriginalHitTemplateId:920937340;","7200","259200","Mon Jun 01 18:03:12 PDT 2020","","","3CTOC39K37QEYC8X1TJXHUOL2EJJ7W","A3SVLFFP57XH0W","Submitted","Mon Jun 01 14:04:02 PDT 2020","Mon Jun 01 14:10:48 PDT 2020","Thu Jun 04 14:10:48 PDT 2020","","","","406","0% (0/0)","0% (0/0)","0% (0/0)","37fvn6dkf40q6x7jug63"
"3NI0WFPPI9GM6MVC69ZY5RDB5ZO068","34NBII25NZIOGJLGY73HHZ47TJY2JF","Reading a passage and responding to questions","You will read a short passage about a person, then answer questions related to the passage.","sentences, decisions, language","$0.40","Mon Jun 01 14:03:12 PDT 2020","352","BatchId:4062820;OriginalHitTemplateId:920937340;","7200","259200","Mon Jun 01 18:03:12 PDT 2020","","","3EKVH9QMEY4U9PBZLLGRI5C0ME32DO","A23D936C6QLI2D","Submitted","Mon Jun 01 14:44:55 PDT 2020","Mon Jun 01 14:49:27 PDT 2020","Thu Jun 04 14:49:27 PDT 2020","","","","272","100% (1/1)","0% (0/0)","0% (0/0)","47zbzx6w7ju4g3tmlljm"
"3NI0WFPPI9GM6MVC69ZY5RDB5ZO068","34NBII25NZIOGJLGY73HHZ47TJY2JF","Reading a passage and responding to questions","You will read a short passage about a person, then answer questions related to the passage.","sentences, decisions, language","$0.40","Mon Jun 01 14:03:12 PDT 2020","352","BatchId:4062820;OriginalHitTemplateId:920937340;","7200","259200","Mon Jun 01 18:03:12 PDT 2020","","","3EO896NRAWV1WA54EWMYMQG3RBBTJJ","A394921ZKEFJNU","Submitted","Mon Jun 01 14:22:56 PDT 2020","Mon Jun 01 14:27:44 PDT 2020","Thu Jun 04 14:27:44 PDT 2020","","","","288","0% (0/0)","0% (0/0)","0% (0/0)","xll4tajx9jeum1fkpljt"
"3NI0WFPPI9GM6MVC69ZY5RDB5ZO068","34NBII25NZIOGJLGY73HHZ47TJY2JF","Reading a passage and responding to questions","You will read a short passage about a person, then answer questions related to the passage.","sentences, decisions, language","$0.40","Mon Jun 01 14:03:12 PDT 2020","352","BatchId:4062820;OriginalHitTemplateId:920937340;","7200","259200","Mon Jun 01 18:03:12 PDT 2020","","","3GNCZX450INS3P9T3901OHCNCL4APN","A3JFA92R3MSXSF","Submitted","Mon Jun 01 16:24:04 PDT 2020","Mon Jun 01 16:35:27 PDT 2020","Thu Jun 04 16:35:27 PDT 2020","","","","683","0% (0/0)","0% (0/0)","0% (0/0)","kf8b648rfsf1zx7jafle"
"3NI0WFPPI9GM6MVC69ZY5RDB5ZO068","34NBII25NZIOGJLGY73HHZ47TJY2JF","Reading a passage and responding to questions","You will read a short passage about a person, then answer questions related to the passage.","sentences, decisions, language","$0.40","Mon Jun 01 14:03:12 PDT 2020","352","BatchId:4062820;OriginalHitTemplateId:920937340;","7200","259200","Mon Jun 01 18:03:12 PDT 2020","","","3H0W84IWBK2G5F6KW66CPV2TYIIREJ","A2C5D5AU2D77HZ","Submitted","Mon Jun 01 14:23:04 PDT 2020","Mon Jun 01 14:23:07 PDT 2020","Thu Jun 04 14:23:07 PDT 2020","","","","3","0% (0/0)","0% (0/0)","0% (0/0)","dbyzfvozf4tbbrakmb96"
"3NI0WFPPI9GM6MVC69ZY5RDB5ZO068","34NBII25NZIOGJLGY73HHZ47TJY2JF","Reading a passage and responding to questions","You will read a short passage about a person, then answer questions related to the passage.","sentences, decisions, language","$0.40","Mon Jun 01 14:03:12 PDT 2020","352","BatchId:4062820;OriginalHitTemplateId:920937340;","7200","259200","Mon Jun 01 18:03:12 PDT 2020","","","3IJXV6UZ1XJSLK86SPW3AA0LQBORIR","A1CB2A9NEL2D7E","Submitted","Mon Jun 01 14:06:04 PDT 2020","Mon Jun 01 14:10:47 PDT 2020","Thu Jun 04 14:10:47 PDT 2020","","","","283","0% (0/0)","0% (0/0)","0% (0/0)","ce05syp7mam01flbd0dj"
"3NI0WFPPI9GM6MVC69ZY5RDB5ZO068","34NBII25NZIOGJLGY73HHZ47TJY2JF","Reading a passage and responding to questions","You will read a short passage about a person, then answer questions related to the passage.","sentences, decisions, language","$0.40","Mon Jun 01 14:03:12 PDT 2020","352","BatchId:4062820;OriginalHitTemplateId:920937340;","7200","259200","Mon Jun 01 18:03:12 PDT 2020","","","3IOEN3P9S7JOZVEOSU8Z7GS3DM516H","A1AIMKA54UBYIQ","Submitted","Mon Jun 01 15:40:38 PDT 2020","Mon Jun 01 15:48:47 PDT 2020","Thu Jun 04 15:48:47 PDT 2020","","","","489","0% (0/0)","0% (0/0)","0% (0/0)","1rp1bwuu3sy6vbcg434s"
"3NI0WFPPI9GM6MVC69ZY5RDB5ZO068","34NBII25NZIOGJLGY73HHZ47TJY2JF","Reading a passage and responding to questions","You will read a short passage about a person, then answer questions related to the passage.","sentences, decisions, language","$0.40","Mon Jun 01 14:03:12 PDT 2020","352","BatchId:4062820;OriginalHitTemplateId:920937340;","7200","259200","Mon Jun 01 18:03:12 PDT 2020","","","3JNQLM5FT4MD71ZRY2EF1IK5VN32L2","A30G8DHVOX7UI7","Submitted","Mon Jun 01 14:09:48 PDT 2020","Mon Jun 01 14:12:14 PDT 2020","Thu Jun 04 14:12:14 PDT 2020","","","","146","0% (0/0)","0% (0/0)","0% (0/0)","gvsee9h9tj08y9531jpu"
"3NI0WFPPI9GM6MVC69ZY5RDB5ZO068","34NBII25NZIOGJLGY73HHZ47TJY2JF","Reading a passage and responding to questions","You will read a short passage about a person, then answer questions related to the passage.","sentences, decisions, language","$0.40","Mon Jun 01 14:03:12 PDT 2020","352","BatchId:4062820;OriginalHitTemplateId:920937340;","7200","259200","Mon Jun 01 18:03:12 PDT 2020","","","3K2755HG5S3EAJNB9GVY2O6PVI6DFH","AQ7K7JKQ8QG84","Submitted","Mon Jun 01 14:18:46 PDT 2020","Mon Jun 01 14:24:49 PDT 2020","Thu Jun 04 14:24:49 PDT 2020","","","","363","0% (0/0)","0% (0/0)","0% (0/0)","h7tp5dr3zxs6fo4ryk3v"
"3NI0WFPPI9GM6MVC69ZY5RDB5ZO068","34NBII25NZIOGJLGY73HHZ47TJY2JF","Reading a passage and responding to questions","You will read a short passage about a person, then answer questions related to the passage.","sentences, decisions, language","$0.40","Mon Jun 01 14:03:12 PDT 2020","352","BatchId:4062820;OriginalHitTemplateId:920937340;","7200","259200","Mon Jun 01 18:03:12 PDT 2020","","","3KOPY89HM82WXT7AZHG74DC5XCXJ3R","AY832D29HUURG","Submitted","Mon Jun 01 14:03:28 PDT 2020","Mon Jun 01 14:07:37 PDT 2020","Thu Jun 04 14:07:37 PDT 2020","","","","249","0% (0/0)","0% (0/0)","0% (0/0)","29v2vv9jdb8ybflj1l82"
"3NI0WFPPI9GM6MVC69ZY5RDB5ZO068","34NBII25NZIOGJLGY73HHZ47TJY2JF","Reading a passage and responding to questions","You will read a short passage about a person, then answer questions related to the passage.","sentences, decisions, language","$0.40","Mon Jun 01 14:03:12 PDT 2020","352","BatchId:4062820;OriginalHitTemplateId:920937340;","7200","259200","Mon Jun 01 18:03:12 PDT 2020","","","3L6L49WXW0X98QBTATHWD8L6TBZ45C","A3E159NSD6WYR5","Submitted","Mon Jun 01 14:06:29 PDT 2020","Mon Jun 01 14:10:27 PDT 2020","Thu Jun 04 14:10:27 PDT 2020","","","","238","0% (0/0)","0% (0/0)","0% (0/0)","ltjgkten88e4mx90za6g"
"3NI0WFPPI9GM6MVC69ZY5RDB5ZO068","34NBII25NZIOGJLGY73HHZ47TJY2JF","Reading a passage and responding to questions","You will read a short passage about a person, then answer questions related to the passage.","sentences, decisions, language","$0.40","Mon Jun 01 14:03:12 PDT 2020","352","BatchId:4062820;OriginalHitTemplateId:920937340;","7200","259200","Mon Jun 01 18:03:12 PDT 2020","","","3LEIZ60CDJZ8CA1UYCK3JK3HG2L9ZK","A2K5IE30J8ITLF","Submitted","Mon Jun 01 14:16:11 PDT 2020","Mon Jun 01 14:21:19 PDT 2020","Thu Jun 04 14:21:19 PDT 2020","","","","308","0% (0/0)","0% (0/0)","0% (0/0)","prjlgauxvydx3yb9o5a8"
"3NI0WFPPI9GM6MVC69ZY5RDB5ZO068","34NBII25NZIOGJLGY73HHZ47TJY2JF","Reading a passage and responding to questions","You will read a short passage about a person, then answer questions related to the passage.","sentences, decisions, language","$0.40","Mon Jun 01 14:03:12 PDT 2020","352","BatchId:4062820;OriginalHitTemplateId:920937340;","7200","259200","Mon Jun 01 18:03:12 PDT 2020","","","3LEIZ60CDJZ8CA1UYCK3JK3HG2O9ZN","A3T59D2H22JG7E","Submitted","Mon Jun 01 15:02:31 PDT 2020","Mon Jun 01 15:14:26 PDT 2020","Thu Jun 04 15:14:26 PDT 2020","","","","715","0% (0/0)","0% (0/0)","0% (0/0)","nnrzszgkl1lg5hxz7sfg"
"3NI0WFPPI9GM6MVC69ZY5RDB5ZO068","34NBII25NZIOGJLGY73HHZ47TJY2JF","Reading a passage and responding to questions","You will read a short passage about a person, then answer questions related to the passage.","sentences, decisions, language","$0.40","Mon Jun 01 14:03:12 PDT 2020","352","BatchId:4062820;OriginalHitTemplateId:920937340;","7200","259200","Mon Jun 01 18:03:12 PDT 2020","","","3NG53N1RLVJEK1GE6BGNSQ6SMXY8PB","ABSK9TAZ0NNRD","Submitted","Mon Jun 01 14:51:32 PDT 2020","Mon Jun 01 14:55:44 PDT 2020","Thu Jun 04 14:55:44 PDT 2020","","","","252","0% (0/0)","0% (0/0)","0% (0/0)","85g9z2ebdb9zoo63w6u4"
"3NI0WFPPI9GM6MVC69ZY5RDB5ZO068","34NBII25NZIOGJLGY73HHZ47TJY2JF","Reading a passage and responding to questions","You will read a short passage about a person, then answer questions related to the passage.","sentences, decisions, language","$0.40","Mon Jun 01 14:03:12 PDT 2020","352","BatchId:4062820;OriginalHitTemplateId:920937340;","7200","259200","Mon Jun 01 18:03:12 PDT 2020","","","3NQL1CS15R864R4S5RNGXVJC100VYV","AY9F1A1ITPF2O","Submitted","Mon Jun 01 14:24:58 PDT 2020","Mon Jun 01 14:30:42 PDT 2020","Thu Jun 04 14:30:42 PDT 2020","","","","344","0% (0/0)","0% (0/0)","0% (0/0)","wz1oyg5so09pztnuwfth"
"3NI0WFPPI9GM6MVC69ZY5RDB5ZO068","34NBII25NZIOGJLGY73HHZ47TJY2JF","Reading a passage and responding to questions","You will read a short passage about a person, then answer questions related to the passage.","sentences, decisions, language","$0.40","Mon Jun 01 14:03:12 PDT 2020","352","BatchId:4062820;OriginalHitTemplateId:920937340;","7200","259200","Mon Jun 01 18:03:12 PDT 2020","","","3OLF68YTN91GCCKZP64WCNYJAFAFAI","AZG3ZFBPSL91I","Submitted","Mon Jun 01 14:31:29 PDT 2020","Mon Jun 01 14:34:25 PDT 2020","Thu Jun 04 14:34:25 PDT 2020","","","","176","0% (0/0)","0% (0/0)","0% (0/0)","0vlgdqk6ylac4ats5xho"
"3NI0WFPPI9GM6MVC69ZY5RDB5ZO068","34NBII25NZIOGJLGY73HHZ47TJY2JF","Reading a passage and responding to questions","You will read a short passage about a person, then answer questions related to the passage.","sentences, decisions, language","$0.40","Mon Jun 01 14:03:12 PDT 2020","352","BatchId:4062820;OriginalHitTemplateId:920937340;","7200","259200","Mon Jun 01 18:03:12 PDT 2020","","","3OS46CRSLFZ4L7UMZ8SOE4ZJ2Q6V6U","AF481991DLGRT","Submitted","Mon Jun 01 14:09:19 PDT 2020","Mon Jun 01 14:14:00 PDT 2020","Thu Jun 04 14:14:00 PDT 2020","","","","281","0% (0/0)","0% (0/0)","0% (0/0)","tx7nswjxncqo1l6westp"
"3NI0WFPPI9GM6MVC69ZY5RDB5ZO068","34NBII25NZIOGJLGY73HHZ47TJY2JF","Reading a passage and responding to questions","You will read a short passage about a person, then answer questions related to the passage.","sentences, decisions, language","$0.40","Mon Jun 01 14:03:12 PDT 2020","352","BatchId:4062820;OriginalHitTemplateId:920937340;","7200","259200","Mon Jun 01 18:03:12 PDT 2020","","","3OUYGIZWR7YW2CBBB738ZB0A3ZJP02","AUWSVIXYX0LF3","Submitted","Mon Jun 01 14:07:02 PDT 2020","Mon Jun 01 14:11:50 PDT 2020","Thu Jun 04 14:11:50 PDT 2020","","","","288","0% (0/0)","0% (0/0)","0% (0/0)","fy640mvd1c6wwr9f95k6"
"3NI0WFPPI9GM6MVC69ZY5RDB5ZO068","34NBII25NZIOGJLGY73HHZ47TJY2JF","Reading a passage and responding to questions","You will read a short passage about a person, then answer questions related to the passage.","sentences, decisions, language","$0.40","Mon Jun 01 14:03:12 PDT 2020","352","BatchId:4062820;OriginalHitTemplateId:920937340;","7200","259200","Mon Jun 01 18:03:12 PDT 2020","","","3OVHNO1VE61KF0EBASP55GM77N3ZDU","A2AAX2B92ZW79","Submitted","Mon Jun 01 15:17:29 PDT 2020","Mon Jun 01 15:32:00 PDT 2020","Thu Jun 04 15:32:00 PDT 2020","","","","871","0% (0/0)","0% (0/0)","0% (0/0)","2flflc0s292xz8r6s4o6"
"3NI0WFPPI9GM6MVC69ZY5RDB5ZO068","34NBII25NZIOGJLGY73HHZ47TJY2JF","Reading a passage and responding to questions","You will read a short passage about a person, then answer questions related to the passage.","sentences, decisions, language","$0.40","Mon Jun 01 14:03:12 PDT 2020","352","BatchId:4062820;OriginalHitTemplateId:920937340;","7200","259200","Mon Jun 01 18:03:12 PDT 2020","","","3PB5A5BD0V647AIWTNYUKHW5AM37GH","A3I5P7QF8N9LPW","Submitted","Mon Jun 01 14:14:29 PDT 2020","Mon Jun 01 14:22:09 PDT 2020","Thu Jun 04 14:22:09 PDT 2020","","","","460","0% (0/0)","0% (0/0)","0% (0/0)","kr5x0kvb3fr1agmkynr7"
"3NI0WFPPI9GM6MVC69ZY5RDB5ZO068","34NBII25NZIOGJLGY73HHZ47TJY2JF","Reading a passage and responding to questions","You will read a short passage about a person, then answer questions related to the passage.","sentences, decisions, language","$0.40","Mon Jun 01 14:03:12 PDT 2020","352","BatchId:4062820;OriginalHitTemplateId:920937340;","7200","259200","Mon Jun 01 18:03:12 PDT 2020","","","3PDJHANYK5GZ36Z2UJBKZ38AUBYH6T","A5XXW8G711WTP","Submitted","Mon Jun 01 14:57:35 PDT 2020","Mon Jun 01 15:02:07 PDT 2020","Thu Jun 04 15:02:07 PDT 2020","","","","272","0% (0/0)","0% (0/0)","0% (0/0)","tun0cpu1bok1ucp646sp"
"3NI0WFPPI9GM6MVC69ZY5RDB5ZO068","34NBII25NZIOGJLGY73HHZ47TJY2JF","Reading a passage and responding to questions","You will read a short passage about a person, then answer questions related to the passage.","sentences, decisions, language","$0.40","Mon Jun 01 14:03:12 PDT 2020","352","BatchId:4062820;OriginalHitTemplateId:920937340;","7200","259200","Mon Jun 01 18:03:12 PDT 2020","","","3PJ71Z61R42BHEGMQ1BBRQJ53N819N","A1ODA3Q5H6HTDQ","Submitted","Mon Jun 01 14:03:34 PDT 2020","Mon Jun 01 14:12:51 PDT 2020","Thu Jun 04 14:12:51 PDT 2020","","","","557","100% (1/1)","0% (0/0)","0% (0/0)","p4dg6ruegr2tc102zvkr"
"3NI0WFPPI9GM6MVC69ZY5RDB5ZO068","34NBII25NZIOGJLGY73HHZ47TJY2JF","Reading a passage and responding to questions","You will read a short passage about a person, then answer questions related to the passage.","sentences, decisions, language","$0.40","Mon Jun 01 14:03:12 PDT 2020","352","BatchId:4062820;OriginalHitTemplateId:920937340;","7200","259200","Mon Jun 01 18:03:12 PDT 2020","","","3PM8NZGV8YGPZEI1EW748UDVI22XQ8","A1IA962G6K4C6E","Submitted","Mon Jun 01 17:35:45 PDT 2020","Mon Jun 01 17:39:36 PDT 2020","Thu Jun 04 17:39:36 PDT 2020","","","","231","0% (0/0)","0% (0/0)","0% (0/0)","462kpcl4olr1qf4rn275"
"3NI0WFPPI9GM6MVC69ZY5RDB5ZO068","34NBII25NZIOGJLGY73HHZ47TJY2JF","Reading a passage and responding to questions","You will read a short passage about a person, then answer questions related to the passage.","sentences, decisions, language","$0.40","Mon Jun 01 14:03:12 PDT 2020","352","BatchId:4062820;OriginalHitTemplateId:920937340;","7200","259200","Mon Jun 01 18:03:12 PDT 2020","","","3QBD8R3Z21JVG0HBF8DVMELXA6F4OS","AEZSDZ4PS9CAC","Submitted","Mon Jun 01 17:22:43 PDT 2020","Mon Jun 01 17:45:19 PDT 2020","Thu Jun 04 17:45:19 PDT 2020","","","","1356","0% (0/0)","0% (0/0)","0% (0/0)","03yye09nuggsjmrze3dm"
"3NI0WFPPI9GM6MVC69ZY5RDB5ZO068","34NBII25NZIOGJLGY73HHZ47TJY2JF","Reading a passage and responding to questions","You will read a short passage about a person, then answer questions related to the passage.","sentences, decisions, language","$0.40","Mon Jun 01 14:03:12 PDT 2020","352","BatchId:4062820;OriginalHitTemplateId:920937340;","7200","259200","Mon Jun 01 18:03:12 PDT 2020","","","3R2UR8A0IAGME25LZJF0JPIV31GXOW","AB6V68T3BCOCR","Submitted","Mon Jun 01 16:23:40 PDT 2020","Mon Jun 01 16:27:18 PDT 2020","Thu Jun 04 16:27:18 PDT 2020","","","","218","0% (0/0)","0% (0/0)","0% (0/0)","am95kxgp9rlasjsyr55u"
"3NI0WFPPI9GM6MVC69ZY5RDB5ZO068","34NBII25NZIOGJLGY73HHZ47TJY2JF","Reading a passage and responding to questions","You will read a short passage about a person, then answer questions related to the passage.","sentences, decisions, language","$0.40","Mon Jun 01 14:03:12 PDT 2020","352","BatchId:4062820;OriginalHitTemplateId:920937340;","7200","259200","Mon Jun 01 18:03:12 PDT 2020","","","3R6P78PK7KBR58F36Q1VPDONZJUTGF","AAW7K3KWEL2HD","Submitted","Mon Jun 01 14:22:00 PDT 2020","Mon Jun 01 15:08:44 PDT 2020","Thu Jun 04 15:08:44 PDT 2020","","","","2804","0% (0/0)","0% (0/0)","0% (0/0)","l42tx7lcahfrqvz9wl4a"
"3NI0WFPPI9GM6MVC69ZY5RDB5ZO068","34NBII25NZIOGJLGY73HHZ47TJY2JF","Reading a passage and responding to questions","You will read a short passage about a person, then answer questions related to the passage.","sentences, decisions, language","$0.40","Mon Jun 01 14:03:12 PDT 2020","352","BatchId:4062820;OriginalHitTemplateId:920937340;","7200","259200","Mon Jun 01 18:03:12 PDT 2020","","","3RYC5T2D73TK26VA5KMNJ71XCPORP8","A2O0EQZNH8R9XH","Submitted","Mon Jun 01 17:33:08 PDT 2020","Mon Jun 01 17:36:17 PDT 2020","Thu Jun 04 17:36:17 PDT 2020","","","","189","0% (0/0)","0% (0/0)","0% (0/0)","unnzsb05fvgc5b2a2604"
"3NI0WFPPI9GM6MVC69ZY5RDB5ZO068","34NBII25NZIOGJLGY73HHZ47TJY2JF","Reading a passage and responding to questions","You will read a short passage about a person, then answer questions related to the passage.","sentences, decisions, language","$0.40","Mon Jun 01 14:03:12 PDT 2020","352","BatchId:4062820;OriginalHitTemplateId:920937340;","7200","259200","Mon Jun 01 18:03:12 PDT 2020","","","3S3AMIZX3U577731IE5XUILMY5KCDB","A2615YW1YERQBO","Submitted","Mon Jun 01 16:08:38 PDT 2020","Mon Jun 01 16:14:03 PDT 2020","Thu Jun 04 16:14:03 PDT 2020","","","","325","0% (0/0)","0% (0/0)","0% (0/0)","uckfxwdj4mzqklrd1kx9"
"3NI0WFPPI9GM6MVC69ZY5RDB5ZO068","34NBII25NZIOGJLGY73HHZ47TJY2JF","Reading a passage and responding to questions","You will read a short passage about a person, then answer questions related to the passage.","sentences, decisions, language","$0.40","Mon Jun 01 14:03:12 PDT 2020","352","BatchId:4062820;OriginalHitTemplateId:920937340;","7200","259200","Mon Jun 01 18:03:12 PDT 2020","","","3S4AW7T80BINAFEE2GX3UXH3F1Z4L0","A1EX84S0ORK5VC","Submitted","Mon Jun 01 14:08:30 PDT 2020","Mon Jun 01 14:16:29 PDT 2020","Thu Jun 04 14:16:29 PDT 2020","","","","479","0% (0/0)","0% (0/0)","0% (0/0)","y7j4dvhzjnhtwqkk0xxy"
"3NI0WFPPI9GM6MVC69ZY5RDB5ZO068","34NBII25NZIOGJLGY73HHZ47TJY2JF","Reading a passage and responding to questions","You will read a short passage about a person, then answer questions related to the passage.","sentences, decisions, language","$0.40","Mon Jun 01 14:03:12 PDT 2020","352","BatchId:4062820;OriginalHitTemplateId:920937340;","7200","259200","Mon Jun 01 18:03:12 PDT 2020","","","3S96KQ6I9M4OTO5C400NJSLQMRJDTU","AOJKU77Q4PURX","Submitted","Mon Jun 01 15:46:02 PDT 2020","Mon Jun 01 15:51:05 PDT 2020","Thu Jun 04 15:51:05 PDT 2020","","","","303","0% (0/0)","0% (0/0)","0% (0/0)","4m963ywxrfyt2avnp6fq"
"3NI0WFPPI9GM6MVC69ZY5RDB5ZO068","34NBII25NZIOGJLGY73HHZ47TJY2JF","Reading a passage and responding to questions","You will read a short passage about a person, then answer questions related to the passage.","sentences, decisions, language","$0.40","Mon Jun 01 14:03:12 PDT 2020","352","BatchId:4062820;OriginalHitTemplateId:920937340;","7200","259200","Mon Jun 01 18:03:12 PDT 2020","","","3TDXMTX3CBUZZ1AM01T5ZF9PUOJ6IH","A28H09756FE42Y","Submitted","Mon Jun 01 16:26:03 PDT 2020","Mon Jun 01 16:31:39 PDT 2020","Thu Jun 04 16:31:39 PDT 2020","","","","336","0% (0/0)","0% (0/0)","0% (0/0)","lad7m5j4rvhm4m6sm52e"
"3NI0WFPPI9GM6MVC69ZY5RDB5ZO068","34NBII25NZIOGJLGY73HHZ47TJY2JF","Reading a passage and responding to questions","You will read a short passage about a person, then answer questions related to the passage.","sentences, decisions, language","$0.40","Mon Jun 01 14:03:12 PDT 2020","352","BatchId:4062820;OriginalHitTemplateId:920937340;","7200","259200","Mon Jun 01 18:03:12 PDT 2020","","","3TVRFO09GKFE8H2OMRZ8R8E18W3XL7","A1DGOAX060WVES","Submitted","Mon Jun 01 14:11:58 PDT 2020","Mon Jun 01 14:19:50 PDT 2020","Thu Jun 04 14:19:50 PDT 2020","","","","472","0% (0/0)","0% (0/0)","0% (0/0)","37c74cp48ojhrnx7466x"
"3NI0WFPPI9GM6MVC69ZY5RDB5ZO068","34NBII25NZIOGJLGY73HHZ47TJY2JF","Reading a passage and responding to questions","You will read a short passage about a person, then answer questions related to the passage.","sentences, decisions, language","$0.40","Mon Jun 01 14:03:12 PDT 2020","352","BatchId:4062820;OriginalHitTemplateId:920937340;","7200","259200","Mon Jun 01 18:03:12 PDT 2020","","","3VFJCI1K4ZZEPT2B21W0PYN5BYWRGZ","A3Y6YDB86QI5C","Submitted","Mon Jun 01 14:06:04 PDT 2020","Mon Jun 01 14:13:40 PDT 2020","Thu Jun 04 14:13:40 PDT 2020","","","","456","0% (0/0)","0% (0/0)","0% (0/0)","51q5qjb7tn5pft8wwd8r"
"3NI0WFPPI9GM6MVC69ZY5RDB5ZO068","34NBII25NZIOGJLGY73HHZ47TJY2JF","Reading a passage and responding to questions","You will read a short passage about a person, then answer questions related to the passage.","sentences, decisions, language","$0.40","Mon Jun 01 14:03:12 PDT 2020","352","BatchId:4062820;OriginalHitTemplateId:920937340;","7200","259200","Mon Jun 01 18:03:12 PDT 2020","","","3WJ1OXY92AG7XXACHSYQ2VHXNBWA8V","AETIZKQNUSBLB","Submitted","Mon Jun 01 14:16:10 PDT 2020","Mon Jun 01 14:40:29 PDT 2020","Thu Jun 04 14:40:29 PDT 2020","","","","1459","0% (0/0)","0% (0/0)","0% (0/0)","wh5q0nys22b1fe2c6wjt"
"3NI0WFPPI9GM6MVC69ZY5RDB5ZO068","34NBII25NZIOGJLGY73HHZ47TJY2JF","Reading a passage and responding to questions","You will read a short passage about a person, then answer questions related to the passage.","sentences, decisions, language","$0.40","Mon Jun 01 14:03:12 PDT 2020","352","BatchId:4062820;OriginalHitTemplateId:920937340;","7200","259200","Mon Jun 01 18:03:12 PDT 2020","","","3WMOAN2SRBXCSS0EYPE5GFL5XGWNVX","AK07N9AFX9LPA","Submitted","Mon Jun 01 14:19:30 PDT 2020","Mon Jun 01 15:04:17 PDT 2020","Thu Jun 04 15:04:17 PDT 2020","","","","2687","0% (0/0)","0% (0/0)","0% (0/0)","ac8l3td17zypokrc5k8v"
"3NI0WFPPI9GM6MVC69ZY5RDB5ZO068","34NBII25NZIOGJLGY73HHZ47TJY2JF","Reading a passage and responding to questions","You will read a short passage about a person, then answer questions related to the passage.","sentences, decisions, language","$0.40","Mon Jun 01 14:03:12 PDT 2020","352","BatchId:4062820;OriginalHitTemplateId:920937340;","7200","259200","Mon Jun 01 18:03:12 PDT 2020","","","3WSELTNVR32QVH20KQ9LTRDK1OMATP","A37JSP3MSBY2ZA","Submitted","Mon Jun 01 15:44:18 PDT 2020","Mon Jun 01 15:53:34 PDT 2020","Thu Jun 04 15:53:34 PDT 2020","","","","556","0% (0/0)","0% (0/0)","0% (0/0)","k4a6zlhhmb3b2pbu9jkr"
"3NI0WFPPI9GM6MVC69ZY5RDB5ZO068","34NBII25NZIOGJLGY73HHZ47TJY2JF","Reading a passage and responding to questions","You will read a short passage about a person, then answer questions related to the passage.","sentences, decisions, language","$0.40","Mon Jun 01 14:03:12 PDT 2020","352","BatchId:4062820;OriginalHitTemplateId:920937340;","7200","259200","Mon Jun 01 18:03:12 PDT 2020","","","3X0H8UUIT1OMNUSOWV0N1BEPRO6WSS","ALK8GA6GSXQMQ","Submitted","Mon Jun 01 14:30:20 PDT 2020","Mon Jun 01 14:37:58 PDT 2020","Thu Jun 04 14:37:58 PDT 2020","","","","458","0% (0/0)","0% (0/0)","0% (0/0)","hfmruaxwzp4l7xje9sta"
"3NI0WFPPI9GM6MVC69ZY5RDB5ZO068","34NBII25NZIOGJLGY73HHZ47TJY2JF","Reading a passage and responding to questions","You will read a short passage about a person, then answer questions related to the passage.","sentences, decisions, language","$0.40","Mon Jun 01 14:03:12 PDT 2020","352","BatchId:4062820;OriginalHitTemplateId:920937340;","7200","259200","Mon Jun 01 18:03:12 PDT 2020","","","3X4JMASXCM9UYIA1S2L74RVLMV60BU","ATJVY9O4CY5EX","Submitted","Mon Jun 01 14:35:19 PDT 2020","Mon Jun 01 14:38:10 PDT 2020","Thu Jun 04 14:38:10 PDT 2020","","","","171","0% (0/0)","0% (0/0)","0% (0/0)","a82hgxvzeaco774q5blj"
"3NI0WFPPI9GM6MVC69ZY5RDB5ZO068","34NBII25NZIOGJLGY73HHZ47TJY2JF","Reading a passage and responding to questions","You will read a short passage about a person, then answer questions related to the passage.","sentences, decisions, language","$0.40","Mon Jun 01 14:03:12 PDT 2020","352","BatchId:4062820;OriginalHitTemplateId:920937340;","7200","259200","Mon Jun 01 18:03:12 PDT 2020","","","3X66WABAJWIM6RH9RBV470KP5KJ3GA","A2TYHZOH74XB4Z","Submitted","Mon Jun 01 14:53:56 PDT 2020","Mon Jun 01 15:00:47 PDT 2020","Thu Jun 04 15:00:47 PDT 2020","","","","411","0% (0/0)","0% (0/0)","0% (0/0)","jj6lj5buslx5a3qu2ey8"
"3NI0WFPPI9GM6MVC69ZY5RDB5ZO068","34NBII25NZIOGJLGY73HHZ47TJY2JF","Reading a passage and responding to questions","You will read a short passage about a person, then answer questions related to the passage.","sentences, decisions, language","$0.40","Mon Jun 01 14:03:12 PDT 2020","352","BatchId:4062820;OriginalHitTemplateId:920937340;","7200","259200","Mon Jun 01 18:03:12 PDT 2020","","","3XM0HYN6NKZVT2Q5JE2NK02EX0UPEP","A1DQPM5CVDL4Q5","Submitted","Mon Jun 01 14:24:58 PDT 2020","Mon Jun 01 14:28:54 PDT 2020","Thu Jun 04 14:28:54 PDT 2020","","","","236","0% (0/0)","0% (0/0)","0% (0/0)","h4moh86qpluc1qooj4y4"
"3NI0WFPPI9GM6MVC69ZY5RDB5ZO068","34NBII25NZIOGJLGY73HHZ47TJY2JF","Reading a passage and responding to questions","You will read a short passage about a person, then answer questions related to the passage.","sentences, decisions, language","$0.40","Mon Jun 01 14:03:12 PDT 2020","352","BatchId:4062820;OriginalHitTemplateId:920937340;","7200","259200","Mon Jun 01 18:03:12 PDT 2020","","","3XXU1SWE8MVPF859MOLB9GBF4DK0AY","A1EWA8X6KNU30M","Submitted","Mon Jun 01 14:12:10 PDT 2020","Mon Jun 01 14:38:08 PDT 2020","Thu Jun 04 14:38:08 PDT 2020","","","","1558","0% (0/0)","0% (0/0)","0% (0/0)","ebk71s5tk3egj7k6hscm"
"3NI0WFPPI9GM6MVC69ZY5RDB5ZO068","34NBII25NZIOGJLGY73HHZ47TJY2JF","Reading a passage and responding to questions","You will read a short passage about a person, then answer questions related to the passage.","sentences, decisions, language","$0.40","Mon Jun 01 14:03:12 PDT 2020","352","BatchId:4062820;OriginalHitTemplateId:920937340;","7200","259200","Mon Jun 01 18:03:12 PDT 2020","","","3XXU1SWE8MVPF859MOLB9GBF4DLA09","A1OXMMKQV14L13","Submitted","Mon Jun 01 14:29:55 PDT 2020","Mon Jun 01 14:33:02 PDT 2020","Thu Jun 04 14:33:02 PDT 2020","","","","187","0% (0/0)","0% (0/0)","0% (0/0)","65jr8gyx5xtf9tbkaq6l"
"3NI0WFPPI9GM6MVC69ZY5RDB5ZO068","34NBII25NZIOGJLGY73HHZ47TJY2JF","Reading a passage and responding to questions","You will read a short passage about a person, then answer questions related to the passage.","sentences, decisions, language","$0.40","Mon Jun 01 14:03:12 PDT 2020","352","BatchId:4062820;OriginalHitTemplateId:920937340;","7200","259200","Mon Jun 01 18:03:12 PDT 2020","","","3YJ6NA41JBG34ICXXFDEHGF6281JPF","AJYNSLXVVYCZU","Submitted","Mon Jun 01 17:25:22 PDT 2020","Mon Jun 01 17:33:41 PDT 2020","Thu Jun 04 17:33:41 PDT 2020","","","","499","0% (0/0)","0% (0/0)","0% (0/0)","mnh9upeu3fu2nn2ubpd5"
"3NI0WFPPI9GM6MVC69ZY5RDB5ZO068","34NBII25NZIOGJLGY73HHZ47TJY2JF","Reading a passage and responding to questions","You will read a short passage about a person, then answer questions related to the passage.","sentences, decisions, language","$0.40","Mon Jun 01 14:03:12 PDT 2020","352","BatchId:4062820;OriginalHitTemplateId:920937340;","7200","259200","Mon Jun 01 18:03:12 PDT 2020","","","3YZ8UPK3VTMTO9EN49VM4IPAK5JUC7","AT1SRCAAHPZHR","Submitted","Mon Jun 01 17:09:39 PDT 2020","Mon Jun 01 17:13:19 PDT 2020","Thu Jun 04 17:13:19 PDT 2020","","","","220","0% (0/0)","0% (0/0)","0% (0/0)","5ztsafjpmlxpxuw0mvuq"