"HITId","HITTypeId","Title","Description","Keywords","Reward","CreationTime","MaxAssignments","RequesterAnnotation","AssignmentDurationInSeconds","AutoApprovalDelayInSeconds","Expiration","NumberOfSimilarHITs","LifetimeInSeconds","AssignmentId","WorkerId","AssignmentStatus","AcceptTime","SubmitTime","AutoApprovalTime","ApprovalTime","RejectionTime","RequesterFeedback","WorkTimeInSeconds","LifetimeApprovalRate","Last30DaysApprovalRate","Last7DaysApprovalRate","Answer.surveycode","Approve","Reject"
"3Y3N5A7N4G9LSKCP1XHOMF4H6TUMYE","32KI9HN0SH8Q5EEER27HJI3DITGU1K","Reading a passage and responding to questions","You will read a short passage about a person, then answer questions related to the passage.","sentences, decisions, language","$0.40","Sun May 17 05:54:43 PDT 2020","352","BatchId:4040950;OriginalHitTemplateId:920937340;","7200","172800","Sun May 17 09:54:43 PDT 2020","","","308Q0PEVB8DMHKCKY8WHJP0RIDS9I6","A2PK69DIS6766T","Submitted","Sun May 17 07:19:40 PDT 2020","Sun May 17 07:24:54 PDT 2020","Tue May 19 07:24:54 PDT 2020","","","","314","0% (0/0)","0% (0/0)","0% (0/0)","ey4r35t8lrbbzce839xu"
"3Y3N5A7N4G9LSKCP1XHOMF4H6TUMYE","32KI9HN0SH8Q5EEER27HJI3DITGU1K","Reading a passage and responding to questions","You will read a short passage about a person, then answer questions related to the passage.","sentences, decisions, language","$0.40","Sun May 17 05:54:43 PDT 2020","352","BatchId:4040950;OriginalHitTemplateId:920937340;","7200","172800","Sun May 17 09:54:43 PDT 2020","","","308XBLVESI4IYCU0MF4MONW8T9BBRJ","A253CZ1PYVQW84","Submitted","Sun May 17 06:15:25 PDT 2020","Sun May 17 06:21:59 PDT 2020","Tue May 19 06:21:59 PDT 2020","","","","394","0% (0/0)","0% (0/0)","0% (0/0)","rq9jo2tmp572940julml"
"3Y3N5A7N4G9LSKCP1XHOMF4H6TUMYE","32KI9HN0SH8Q5EEER27HJI3DITGU1K","Reading a passage and responding to questions","You will read a short passage about a person, then answer questions related to the passage.","sentences, decisions, language","$0.40","Sun May 17 05:54:43 PDT 2020","352","BatchId:4040950;OriginalHitTemplateId:920937340;","7200","172800","Sun May 17 09:54:43 PDT 2020","","","30MVJZJNHMDICVWQGQHHVQFRVST9JU","A1021R8L5K9RIE","Submitted","Sun May 17 09:51:05 PDT 2020","Sun May 17 09:57:19 PDT 2020","Tue May 19 09:57:19 PDT 2020","","","","374","0% (0/0)","0% (0/0)","0% (0/0)","qfcpw6x5fn4x0smrjpn9"
"3Y3N5A7N4G9LSKCP1XHOMF4H6TUMYE","32KI9HN0SH8Q5EEER27HJI3DITGU1K","Reading a passage and responding to questions","You will read a short passage about a person, then answer questions related to the passage.","sentences, decisions, language","$0.40","Sun May 17 05:54:43 PDT 2020","352","BatchId:4040950;OriginalHitTemplateId:920937340;","7200","172800","Sun May 17 09:54:43 PDT 2020","","","3180JW2OT4CZB8UED040JAAP9WX5JM","ANP9ERRNEXGXU","Submitted","Sun May 17 06:56:43 PDT 2020","Sun May 17 07:00:19 PDT 2020","Tue May 19 07:00:19 PDT 2020","","","","216","0% (0/0)","0% (0/0)","0% (0/0)","sg0nfw04pq0sft0mcg5o"
"3Y3N5A7N4G9LSKCP1XHOMF4H6TUMYE","32KI9HN0SH8Q5EEER27HJI3DITGU1K","Reading a passage and responding to questions","You will read a short passage about a person, then answer questions related to the passage.","sentences, decisions, language","$0.40","Sun May 17 05:54:43 PDT 2020","352","BatchId:4040950;OriginalHitTemplateId:920937340;","7200","172800","Sun May 17 09:54:43 PDT 2020","","","31HQ4X3T3SA6C0GPSHTLS0X9R5ALS6","A3O4AUN9P2R6A3","Submitted","Sun May 17 07:03:42 PDT 2020","Sun May 17 07:12:04 PDT 2020","Tue May 19 07:12:04 PDT 2020","","","","502","0% (0/0)","0% (0/0)","0% (0/0)","2q73hp7da67v8ys4hb7o"
"3Y3N5A7N4G9LSKCP1XHOMF4H6TUMYE","32KI9HN0SH8Q5EEER27HJI3DITGU1K","Reading a passage and responding to questions","You will read a short passage about a person, then answer questions related to the passage.","sentences, decisions, language","$0.40","Sun May 17 05:54:43 PDT 2020","352","BatchId:4040950;OriginalHitTemplateId:920937340;","7200","172800","Sun May 17 09:54:43 PDT 2020","","","31LM9EDVOLS31X0KH00MDRAB0H2JNV","ASC6RHT8Z5ZK3","Submitted","Sun May 17 08:17:58 PDT 2020","Sun May 17 08:20:40 PDT 2020","Tue May 19 08:20:40 PDT 2020","","","","162","0% (0/0)","0% (0/0)","0% (0/0)","993mtewbue9379642fz9"
"3Y3N5A7N4G9LSKCP1XHOMF4H6TUMYE","32KI9HN0SH8Q5EEER27HJI3DITGU1K","Reading a passage and responding to questions","You will read a short passage about a person, then answer questions related to the passage.","sentences, decisions, language","$0.40","Sun May 17 05:54:43 PDT 2020","352","BatchId:4040950;OriginalHitTemplateId:920937340;","7200","172800","Sun May 17 09:54:43 PDT 2020","","","32KTQ2V7RDF8D32BJNU9BI78ZMMM99","A1DSC84U47ML5D","Submitted","Sun May 17 09:31:45 PDT 2020","Sun May 17 09:38:28 PDT 2020","Tue May 19 09:38:28 PDT 2020","","","","403","0% (0/0)","0% (0/0)","0% (0/0)","0afgzp178qednu3bq8as"
"3Y3N5A7N4G9LSKCP1XHOMF4H6TUMYE","32KI9HN0SH8Q5EEER27HJI3DITGU1K","Reading a passage and responding to questions","You will read a short passage about a person, then answer questions related to the passage.","sentences, decisions, language","$0.40","Sun May 17 05:54:43 PDT 2020","352","BatchId:4040950;OriginalHitTemplateId:920937340;","7200","172800","Sun May 17 09:54:43 PDT 2020","","","32N49TQG3GI5896PPL90U915WX3VA1","A1OPNXBF2N5Q2K","Submitted","Sun May 17 06:30:20 PDT 2020","Sun May 17 06:39:56 PDT 2020","Tue May 19 06:39:56 PDT 2020","","","","576","0% (0/0)","0% (0/0)","0% (0/0)","1dj947x3sc3yy2wuvvya"
"3Y3N5A7N4G9LSKCP1XHOMF4H6TUMYE","32KI9HN0SH8Q5EEER27HJI3DITGU1K","Reading a passage and responding to questions","You will read a short passage about a person, then answer questions related to the passage.","sentences, decisions, language","$0.40","Sun May 17 05:54:43 PDT 2020","352","BatchId:4040950;OriginalHitTemplateId:920937340;","7200","172800","Sun May 17 09:54:43 PDT 2020","","","32RIADZISS4AES94MPU46JVY5JES4J","A3LCCLF3NG0YW7","Submitted","Sun May 17 06:53:32 PDT 2020","Sun May 17 06:58:00 PDT 2020","Tue May 19 06:58:00 PDT 2020","","","","268","0% (0/0)","0% (0/0)","0% (0/0)","g7t2c525qx1col0jgrk"
"3Y3N5A7N4G9LSKCP1XHOMF4H6TUMYE","32KI9HN0SH8Q5EEER27HJI3DITGU1K","Reading a passage and responding to questions","You will read a short passage about a person, then answer questions related to the passage.","sentences, decisions, language","$0.40","Sun May 17 05:54:43 PDT 2020","352","BatchId:4040950;OriginalHitTemplateId:920937340;","7200","172800","Sun May 17 09:54:43 PDT 2020","","","336YQZE83VEPCG0ZGXHSZ226DQY5MW","ADISOBTWNN613","Submitted","Sun May 17 08:25:17 PDT 2020","Sun May 17 08:36:20 PDT 2020","Tue May 19 08:36:20 PDT 2020","","","","663","0% (0/0)","0% (0/0)","0% (0/0)","ep5sqappqdz73xdp84ww"
"3Y3N5A7N4G9LSKCP1XHOMF4H6TUMYE","32KI9HN0SH8Q5EEER27HJI3DITGU1K","Reading a passage and responding to questions","You will read a short passage about a person, then answer questions related to the passage.","sentences, decisions, language","$0.40","Sun May 17 05:54:43 PDT 2020","352","BatchId:4040950;OriginalHitTemplateId:920937340;","7200","172800","Sun May 17 09:54:43 PDT 2020","","","33CID57104T2SJVA22SKKSPXZPBL3E","AJQ71YIGY01HZ","Submitted","Sun May 17 07:00:42 PDT 2020","Sun May 17 07:37:51 PDT 2020","Tue May 19 07:37:51 PDT 2020","","","","2229","0% (0/0)","0% (0/0)","0% (0/0)","mqz33k0oo4u61r28fc9o"
"3Y3N5A7N4G9LSKCP1XHOMF4H6TUMYE","32KI9HN0SH8Q5EEER27HJI3DITGU1K","Reading a passage and responding to questions","You will read a short passage about a person, then answer questions related to the passage.","sentences, decisions, language","$0.40","Sun May 17 05:54:43 PDT 2020","352","BatchId:4040950;OriginalHitTemplateId:920937340;","7200","172800","Sun May 17 09:54:43 PDT 2020","","","33LK57MYLT5QHPXT7IKU0F876EFZS0","A3T2YQZO30R03H","Submitted","Sun May 17 06:02:23 PDT 2020","Sun May 17 06:17:12 PDT 2020","Tue May 19 06:17:12 PDT 2020","","","","889","0% (0/0)","0% (0/0)","0% (0/0)","7zaj9cca89skq6awbrcy"
"3Y3N5A7N4G9LSKCP1XHOMF4H6TUMYE","32KI9HN0SH8Q5EEER27HJI3DITGU1K","Reading a passage and responding to questions","You will read a short passage about a person, then answer questions related to the passage.","sentences, decisions, language","$0.40","Sun May 17 05:54:43 PDT 2020","352","BatchId:4040950;OriginalHitTemplateId:920937340;","7200","172800","Sun May 17 09:54:43 PDT 2020","","","33TIN5LC04A87KRP2QIK5DUF8WPY90","A3O0EZG0VNIE1J","Submitted","Sun May 17 07:12:17 PDT 2020","Sun May 17 07:51:57 PDT 2020","Tue May 19 07:51:57 PDT 2020","","","","2380","0% (0/0)","0% (0/0)","0% (0/0)","bbm0xj3tjqbml393te98"
"3Y3N5A7N4G9LSKCP1XHOMF4H6TUMYE","32KI9HN0SH8Q5EEER27HJI3DITGU1K","Reading a passage and responding to questions","You will read a short passage about a person, then answer questions related to the passage.","sentences, decisions, language","$0.40","Sun May 17 05:54:43 PDT 2020","352","BatchId:4040950;OriginalHitTemplateId:920937340;","7200","172800","Sun May 17 09:54:43 PDT 2020","","","34BBWHLWHABXTGPSRJ69X982GEAWIG","A2C1VP44JA0A6O","Submitted","Sun May 17 06:22:04 PDT 2020","Sun May 17 06:27:06 PDT 2020","Tue May 19 06:27:06 PDT 2020","","","","302","0% (0/0)","0% (0/0)","0% (0/0)","zpe6sgl1l81lkwox4q5j"
"3Y3N5A7N4G9LSKCP1XHOMF4H6TUMYE","32KI9HN0SH8Q5EEER27HJI3DITGU1K","Reading a passage and responding to questions","You will read a short passage about a person, then answer questions related to the passage.","sentences, decisions, language","$0.40","Sun May 17 05:54:43 PDT 2020","352","BatchId:4040950;OriginalHitTemplateId:920937340;","7200","172800","Sun May 17 09:54:43 PDT 2020","","","34HJIJKLP5WQ6KQ8GKZ9H6F54N9V4S","A2YJRH4PC884NX","Submitted","Sun May 17 07:12:11 PDT 2020","Sun May 17 07:14:04 PDT 2020","Tue May 19 07:14:04 PDT 2020","","","","113","0% (0/0)","0% (0/0)","0% (0/0)","0ndrux9h2xqetd4n7pex"
"3Y3N5A7N4G9LSKCP1XHOMF4H6TUMYE","32KI9HN0SH8Q5EEER27HJI3DITGU1K","Reading a passage and responding to questions","You will read a short passage about a person, then answer questions related to the passage.","sentences, decisions, language","$0.40","Sun May 17 05:54:43 PDT 2020","352","BatchId:4040950;OriginalHitTemplateId:920937340;","7200","172800","Sun May 17 09:54:43 PDT 2020","","","34S9DKFK73PTWMVJ301PNEPZDL8YN1","A1ADAWW4IHPCQ7","Submitted","Sun May 17 07:47:35 PDT 2020","Sun May 17 07:52:11 PDT 2020","Tue May 19 07:52:11 PDT 2020","","","","276","0% (0/0)","0% (0/0)","0% (0/0)","ojoafmwz60au96uxjs5o"
"3Y3N5A7N4G9LSKCP1XHOMF4H6TUMYE","32KI9HN0SH8Q5EEER27HJI3DITGU1K","Reading a passage and responding to questions","You will read a short passage about a person, then answer questions related to the passage.","sentences, decisions, language","$0.40","Sun May 17 05:54:43 PDT 2020","352","BatchId:4040950;OriginalHitTemplateId:920937340;","7200","172800","Sun May 17 09:54:43 PDT 2020","","","351SEKWQS0HKGTFSV3ZBXEQYQ72MDR","A169WH54HMYS5Z","Submitted","Sun May 17 09:40:35 PDT 2020","Sun May 17 09:50:36 PDT 2020","Tue May 19 09:50:36 PDT 2020","","","","601","0% (0/0)","0% (0/0)","0% (0/0)","6tcjtx9db0pm2bt1omec"
"3Y3N5A7N4G9LSKCP1XHOMF4H6TUMYE","32KI9HN0SH8Q5EEER27HJI3DITGU1K","Reading a passage and responding to questions","You will read a short passage about a person, then answer questions related to the passage.","sentences, decisions, language","$0.40","Sun May 17 05:54:43 PDT 2020","352","BatchId:4040950;OriginalHitTemplateId:920937340;","7200","172800","Sun May 17 09:54:43 PDT 2020","","","3570Y55XZPJNMUEXGWOUXUG2C9HYGO","A2I9O5BORM2U7","Submitted","Sun May 17 06:11:43 PDT 2020","Sun May 17 06:15:47 PDT 2020","Tue May 19 06:15:47 PDT 2020","","","","244","0% (0/0)","0% (0/0)","0% (0/0)","39zen66wql9fj6r0ekp1"
"3Y3N5A7N4G9LSKCP1XHOMF4H6TUMYE","32KI9HN0SH8Q5EEER27HJI3DITGU1K","Reading a passage and responding to questions","You will read a short passage about a person, then answer questions related to the passage.","sentences, decisions, language","$0.40","Sun May 17 05:54:43 PDT 2020","352","BatchId:4040950;OriginalHitTemplateId:920937340;","7200","172800","Sun May 17 09:54:43 PDT 2020","","","35H6S234SA0NNDF7THABA65KNQD56G","A3US4UBW01DT3O","Submitted","Sun May 17 06:54:50 PDT 2020","Sun May 17 07:28:12 PDT 2020","Tue May 19 07:28:12 PDT 2020","","","","2002","0% (0/0)","0% (0/0)","0% (0/0)","43d5g9vcbrxpk5llmcj9"
"3Y3N5A7N4G9LSKCP1XHOMF4H6TUMYE","32KI9HN0SH8Q5EEER27HJI3DITGU1K","Reading a passage and responding to questions","You will read a short passage about a person, then answer questions related to the passage.","sentences, decisions, language","$0.40","Sun May 17 05:54:43 PDT 2020","352","BatchId:4040950;OriginalHitTemplateId:920937340;","7200","172800","Sun May 17 09:54:43 PDT 2020","","","35K3O9HUABDJ2P1B5B6I86OATIEEFS","A19MNFI7HFHDP3","Submitted","Sun May 17 06:41:09 PDT 2020","Sun May 17 06:45:07 PDT 2020","Tue May 19 06:45:07 PDT 2020","","","","238","0% (0/0)","0% (0/0)","0% (0/0)","qp8svb1kky9h4g43yzjl"
"3Y3N5A7N4G9LSKCP1XHOMF4H6TUMYE","32KI9HN0SH8Q5EEER27HJI3DITGU1K","Reading a passage and responding to questions","You will read a short passage about a person, then answer questions related to the passage.","sentences, decisions, language","$0.40","Sun May 17 05:54:43 PDT 2020","352","BatchId:4040950;OriginalHitTemplateId:920937340;","7200","172800","Sun May 17 09:54:43 PDT 2020","","","35L9RVQFCOIK5HP3Q19NF9MQVLLHUA","A12D6RE5LHCB4P","Submitted","Sun May 17 06:46:29 PDT 2020","Sun May 17 06:51:30 PDT 2020","Tue May 19 06:51:30 PDT 2020","","","","301","0% (0/0)","0% (0/0)","0% (0/0)","tvzrpl2znvvmxzpfwn0n"
"3Y3N5A7N4G9LSKCP1XHOMF4H6TUMYE","32KI9HN0SH8Q5EEER27HJI3DITGU1K","Reading a passage and responding to questions","You will read a short passage about a person, then answer questions related to the passage.","sentences, decisions, language","$0.40","Sun May 17 05:54:43 PDT 2020","352","BatchId:4040950;OriginalHitTemplateId:920937340;","7200","172800","Sun May 17 09:54:43 PDT 2020","","","36NEMU28XFDJPZFJCY41P2FJXNTWMV","AR5QVMHIITZSZ","Submitted","Sun May 17 05:56:22 PDT 2020","Sun May 17 06:06:44 PDT 2020","Tue May 19 06:06:44 PDT 2020","","","","622","0% (0/0)","0% (0/0)","0% (0/0)","22q4br6b8xg1mwws6vt6"
"3Y3N5A7N4G9LSKCP1XHOMF4H6TUMYE","32KI9HN0SH8Q5EEER27HJI3DITGU1K","Reading a passage and responding to questions","You will read a short passage about a person, then answer questions related to the passage.","sentences, decisions, language","$0.40","Sun May 17 05:54:43 PDT 2020","352","BatchId:4040950;OriginalHitTemplateId:920937340;","7200","172800","Sun May 17 09:54:43 PDT 2020","","","36W0OB37HWE1RGJDWO8VW115X3YZHF","A3OPVSDRBGKWQA","Submitted","Sun May 17 05:59:18 PDT 2020","Sun May 17 06:07:20 PDT 2020","Tue May 19 06:07:20 PDT 2020","","","","482","0% (0/0)","0% (0/0)","0% (0/0)","bs07u78cocr3lvdmvk0c"
"3Y3N5A7N4G9LSKCP1XHOMF4H6TUMYE","32KI9HN0SH8Q5EEER27HJI3DITGU1K","Reading a passage and responding to questions","You will read a short passage about a person, then answer questions related to the passage.","sentences, decisions, language","$0.40","Sun May 17 05:54:43 PDT 2020","352","BatchId:4040950;OriginalHitTemplateId:920937340;","7200","172800","Sun May 17 09:54:43 PDT 2020","","","37TD41K0AH9D9WMJF40MPH7MXW0SC1","A3RD9MJUPEMYCY","Submitted","Sun May 17 08:09:56 PDT 2020","Sun May 17 08:21:26 PDT 2020","Tue May 19 08:21:26 PDT 2020","","","","690","0% (0/0)","0% (0/0)","0% (0/0)","9yz18v2dv0gofaf2cegy"
"3Y3N5A7N4G9LSKCP1XHOMF4H6TUMYE","32KI9HN0SH8Q5EEER27HJI3DITGU1K","Reading a passage and responding to questions","You will read a short passage about a person, then answer questions related to the passage.","sentences, decisions, language","$0.40","Sun May 17 05:54:43 PDT 2020","352","BatchId:4040950;OriginalHitTemplateId:920937340;","7200","172800","Sun May 17 09:54:43 PDT 2020","","","37TD41K0AH9D9WMJF40MPH7MXWUCSF","A1H1TKK54YG94Q","Submitted","Sun May 17 06:01:18 PDT 2020","Sun May 17 06:09:13 PDT 2020","Tue May 19 06:09:13 PDT 2020","","","","475","0% (0/0)","0% (0/0)","0% (0/0)","leg3sz76q31mkqfhzgk7"
"3Y3N5A7N4G9LSKCP1XHOMF4H6TUMYE","32KI9HN0SH8Q5EEER27HJI3DITGU1K","Reading a passage and responding to questions","You will read a short passage about a person, then answer questions related to the passage.","sentences, decisions, language","$0.40","Sun May 17 05:54:43 PDT 2020","352","BatchId:4040950;OriginalHitTemplateId:920937340;","7200","172800","Sun May 17 09:54:43 PDT 2020","","","37U1UTWH9VMZWEWTJ3KCXL67L3RR81","A1WI0GEZ1X0HJW","Submitted","Sun May 17 06:47:20 PDT 2020","Sun May 17 06:52:01 PDT 2020","Tue May 19 06:52:01 PDT 2020","","","","281","0% (0/0)","0% (0/0)","0% (0/0)","y5yvd258gtsfumpyd6u8"
"3Y3N5A7N4G9LSKCP1XHOMF4H6TUMYE","32KI9HN0SH8Q5EEER27HJI3DITGU1K","Reading a passage and responding to questions","You will read a short passage about a person, then answer questions related to the passage.","sentences, decisions, language","$0.40","Sun May 17 05:54:43 PDT 2020","352","BatchId:4040950;OriginalHitTemplateId:920937340;","7200","172800","Sun May 17 09:54:43 PDT 2020","","","382M9COHEHF8L7Y1001HU6PD35SEUQ","A2X4VVIXBI0HFP","Submitted","Sun May 17 06:21:34 PDT 2020","Sun May 17 06:27:26 PDT 2020","Tue May 19 06:27:26 PDT 2020","","","","352","0% (0/0)","0% (0/0)","0% (0/0)","beq6l01g8gu6v18sdrtu"
"3Y3N5A7N4G9LSKCP1XHOMF4H6TUMYE","32KI9HN0SH8Q5EEER27HJI3DITGU1K","Reading a passage and responding to questions","You will read a short passage about a person, then answer questions related to the passage.","sentences, decisions, language","$0.40","Sun May 17 05:54:43 PDT 2020","352","BatchId:4040950;OriginalHitTemplateId:920937340;","7200","172800","Sun May 17 09:54:43 PDT 2020","","","384PI804XS1TF4R33O72UG5LO760SJ","A31YH28X2104DS","Submitted","Sun May 17 08:37:06 PDT 2020","Sun May 17 08:40:34 PDT 2020","Tue May 19 08:40:34 PDT 2020","","","","208","0% (0/0)","0% (0/0)","0% (0/0)","sqdma9zrn39c75bvaphp"
"3Y3N5A7N4G9LSKCP1XHOMF4H6TUMYE","32KI9HN0SH8Q5EEER27HJI3DITGU1K","Reading a passage and responding to questions","You will read a short passage about a person, then answer questions related to the passage.","sentences, decisions, language","$0.40","Sun May 17 05:54:43 PDT 2020","352","BatchId:4040950;OriginalHitTemplateId:920937340;","7200","172800","Sun May 17 09:54:43 PDT 2020","","","386PBUZZXFXDDXXZ5NK70Z6MVM7LJ0","A2N10QFJ8OCU2T","Submitted","Sun May 17 09:23:04 PDT 2020","Sun May 17 09:27:57 PDT 2020","Tue May 19 09:27:57 PDT 2020","","","","293","0% (0/0)","0% (0/0)","0% (0/0)","ta9l1vh22n18en1z3zqm"
"3Y3N5A7N4G9LSKCP1XHOMF4H6TUMYE","32KI9HN0SH8Q5EEER27HJI3DITGU1K","Reading a passage and responding to questions","You will read a short passage about a person, then answer questions related to the passage.","sentences, decisions, language","$0.40","Sun May 17 05:54:43 PDT 2020","352","BatchId:4040950;OriginalHitTemplateId:920937340;","7200","172800","Sun May 17 09:54:43 PDT 2020","","","38F71OA9GTWHEDTOM9U1LETJ2K4FMH","A14E0Y5HPALKZN","Submitted","Sun May 17 06:09:20 PDT 2020","Sun May 17 06:12:19 PDT 2020","Tue May 19 06:12:19 PDT 2020","","","","179","0% (0/0)","0% (0/0)","0% (0/0)","77vsb7ho3pxp39f1aclc"
"3Y3N5A7N4G9LSKCP1XHOMF4H6TUMYE","32KI9HN0SH8Q5EEER27HJI3DITGU1K","Reading a passage and responding to questions","You will read a short passage about a person, then answer questions related to the passage.","sentences, decisions, language","$0.40","Sun May 17 05:54:43 PDT 2020","352","BatchId:4040950;OriginalHitTemplateId:920937340;","7200","172800","Sun May 17 09:54:43 PDT 2020","","","39DD6S19JPBP76SB6N0PBY4S5N6ZEZ","A37XJVQF62ZYC","Submitted","Sun May 17 05:58:11 PDT 2020","Sun May 17 06:02:15 PDT 2020","Tue May 19 06:02:15 PDT 2020","","","","244","0% (0/0)","0% (0/0)","0% (0/0)","1m8vr7p3x5aa645crmrb"
"3Y3N5A7N4G9LSKCP1XHOMF4H6TUMYE","32KI9HN0SH8Q5EEER27HJI3DITGU1K","Reading a passage and responding to questions","You will read a short passage about a person, then answer questions related to the passage.","sentences, decisions, language","$0.40","Sun May 17 05:54:43 PDT 2020","352","BatchId:4040950;OriginalHitTemplateId:920937340;","7200","172800","Sun May 17 09:54:43 PDT 2020","","","39JEC7537U1T1O3N9Z5R04RTW0UVC9","A3R71HP45TBQ7O","Submitted","Sun May 17 08:11:07 PDT 2020","Sun May 17 08:16:09 PDT 2020","Tue May 19 08:16:09 PDT 2020","","","","302","0% (0/0)","0% (0/0)","0% (0/0)","r9rxxmmvjjob3y6153og"
"3Y3N5A7N4G9LSKCP1XHOMF4H6TUMYE","32KI9HN0SH8Q5EEER27HJI3DITGU1K","Reading a passage and responding to questions","You will read a short passage about a person, then answer questions related to the passage.","sentences, decisions, language","$0.40","Sun May 17 05:54:43 PDT 2020","352","BatchId:4040950;OriginalHitTemplateId:920937340;","7200","172800","Sun May 17 09:54:43 PDT 2020","","","39LNWE0K4UWK1C0NWJR8FLN5VYDUIT","A3N8AVZ8TEPCOY","Submitted","Sun May 17 09:47:21 PDT 2020","Sun May 17 10:58:50 PDT 2020","Tue May 19 10:58:50 PDT 2020","","","","4289","0% (0/0)","0% (0/0)","0% (0/0)","dmm0a6w2wfpopeunozpe"
"3Y3N5A7N4G9LSKCP1XHOMF4H6TUMYE","32KI9HN0SH8Q5EEER27HJI3DITGU1K","Reading a passage and responding to questions","You will read a short passage about a person, then answer questions related to the passage.","sentences, decisions, language","$0.40","Sun May 17 05:54:43 PDT 2020","352","BatchId:4040950;OriginalHitTemplateId:920937340;","7200","172800","Sun May 17 09:54:43 PDT 2020","","","39LNWE0K4UWK1C0NWJR8FLN5VYYUIE","A2DH56FQ0H2SP4","Submitted","Sun May 17 05:58:51 PDT 2020","Sun May 17 06:04:38 PDT 2020","Tue May 19 06:04:38 PDT 2020","","","","347","0% (0/0)","0% (0/0)","0% (0/0)","oe4ykh0sy1t4y79l9tpl"
"3Y3N5A7N4G9LSKCP1XHOMF4H6TUMYE","32KI9HN0SH8Q5EEER27HJI3DITGU1K","Reading a passage and responding to questions","You will read a short passage about a person, then answer questions related to the passage.","sentences, decisions, language","$0.40","Sun May 17 05:54:43 PDT 2020","352","BatchId:4040950;OriginalHitTemplateId:920937340;","7200","172800","Sun May 17 09:54:43 PDT 2020","","","3A1COHJ8NJVM7KIQNY8IJH41YU7H88","A3PIVSSF1BR9II","Submitted","Sun May 17 09:49:42 PDT 2020","Sun May 17 10:00:30 PDT 2020","Tue May 19 10:00:30 PDT 2020","","","","648","0% (0/0)","0% (0/0)","0% (0/0)","91rolnmppnkjn4gbcuxt"
"3Y3N5A7N4G9LSKCP1XHOMF4H6TUMYE","32KI9HN0SH8Q5EEER27HJI3DITGU1K","Reading a passage and responding to questions","You will read a short passage about a person, then answer questions related to the passage.","sentences, decisions, language","$0.40","Sun May 17 05:54:43 PDT 2020","352","BatchId:4040950;OriginalHitTemplateId:920937340;","7200","172800","Sun May 17 09:54:43 PDT 2020","","","3A7Y0R2P2OO8DREOJ6NVBT192V6JX9","A16OM48LQWOBKP","Submitted","Sun May 17 06:45:54 PDT 2020","Sun May 17 07:05:51 PDT 2020","Tue May 19 07:05:51 PDT 2020","","","","1197","0% (0/0)","0% (0/0)","0% (0/0)","m7kwyh3cjt3gkljzcq7h"
"3Y3N5A7N4G9LSKCP1XHOMF4H6TUMYE","32KI9HN0SH8Q5EEER27HJI3DITGU1K","Reading a passage and responding to questions","You will read a short passage about a person, then answer questions related to the passage.","sentences, decisions, language","$0.40","Sun May 17 05:54:43 PDT 2020","352","BatchId:4040950;OriginalHitTemplateId:920937340;","7200","172800","Sun May 17 09:54:43 PDT 2020","","","3CPLWGV3MOZEVLNBVO99OXW84CLN9Z","A3IV0WT9R9F2HV","Submitted","Sun May 17 07:11:31 PDT 2020","Sun May 17 07:22:20 PDT 2020","Tue May 19 07:22:20 PDT 2020","","","","649","0% (0/0)","0% (0/0)","0% (0/0)","rk3n7ybrpccbxcpv1cxw"
"3Y3N5A7N4G9LSKCP1XHOMF4H6TUMYE","32KI9HN0SH8Q5EEER27HJI3DITGU1K","Reading a passage and responding to questions","You will read a short passage about a person, then answer questions related to the passage.","sentences, decisions, language","$0.40","Sun May 17 05:54:43 PDT 2020","352","BatchId:4040950;OriginalHitTemplateId:920937340;","7200","172800","Sun May 17 09:54:43 PDT 2020","","","3D4CH1LGEAT8LT6P8KWEYDNB3099GN","A2J1T2WW04YAWU","Submitted","Sun May 17 09:19:18 PDT 2020","Sun May 17 09:25:27 PDT 2020","Tue May 19 09:25:27 PDT 2020","","","","369","0% (0/0)","0% (0/0)","0% (0/0)","x7uj5sj9oga4npq2oyyg"
"3Y3N5A7N4G9LSKCP1XHOMF4H6TUMYE","32KI9HN0SH8Q5EEER27HJI3DITGU1K","Reading a passage and responding to questions","You will read a short passage about a person, then answer questions related to the passage.","sentences, decisions, language","$0.40","Sun May 17 05:54:43 PDT 2020","352","BatchId:4040950;OriginalHitTemplateId:920937340;","7200","172800","Sun May 17 09:54:43 PDT 2020","","","3DHE4R9OCWBXL9LQNBHZOQFXXUYG21","A3B8R76PXTFKFD","Submitted","Sun May 17 09:09:02 PDT 2020","Sun May 17 09:12:54 PDT 2020","Tue May 19 09:12:54 PDT 2020","","","","232","0% (0/0)","0% (0/0)","0% (0/0)","33do8rtxaej6u6xa9j5h"
"3Y3N5A7N4G9LSKCP1XHOMF4H6TUMYE","32KI9HN0SH8Q5EEER27HJI3DITGU1K","Reading a passage and responding to questions","You will read a short passage about a person, then answer questions related to the passage.","sentences, decisions, language","$0.40","Sun May 17 05:54:43 PDT 2020","352","BatchId:4040950;OriginalHitTemplateId:920937340;","7200","172800","Sun May 17 09:54:43 PDT 2020","","","3DYGAII7PL8KQ5GAS5XNEHRSERNPQG","A3QOMMIZTW0XF1","Submitted","Sun May 17 05:55:18 PDT 2020","Sun May 17 06:45:12 PDT 2020","Tue May 19 06:45:12 PDT 2020","","","","2994","0% (0/0)","0% (0/0)","0% (0/0)","0nhpdz0n3rlh36n40hf0"
"3Y3N5A7N4G9LSKCP1XHOMF4H6TUMYE","32KI9HN0SH8Q5EEER27HJI3DITGU1K","Reading a passage and responding to questions","You will read a short passage about a person, then answer questions related to the passage.","sentences, decisions, language","$0.40","Sun May 17 05:54:43 PDT 2020","352","BatchId:4040950;OriginalHitTemplateId:920937340;","7200","172800","Sun May 17 09:54:43 PDT 2020","","","3EKVH9QMEY4U9PBZLLGRI5C0K2BD2H","A1DMXEJGJY02E1","Submitted","Sun May 17 07:30:43 PDT 2020","Sun May 17 07:38:40 PDT 2020","Tue May 19 07:38:40 PDT 2020","","","","477","0% (0/0)","0% (0/0)","0% (0/0)","d4dx5zlzxn2myd1fusfb"
"3Y3N5A7N4G9LSKCP1XHOMF4H6TUMYE","32KI9HN0SH8Q5EEER27HJI3DITGU1K","Reading a passage and responding to questions","You will read a short passage about a person, then answer questions related to the passage.","sentences, decisions, language","$0.40","Sun May 17 05:54:43 PDT 2020","352","BatchId:4040950;OriginalHitTemplateId:920937340;","7200","172800","Sun May 17 09:54:43 PDT 2020","","","3ERET4BTVM9DNF28YBHTW5F4AHEK9P","A1SWPSZVH0AS6G","Submitted","Sun May 17 06:26:27 PDT 2020","Sun May 17 06:45:23 PDT 2020","Tue May 19 06:45:23 PDT 2020","","","","1136","0% (0/0)","0% (0/0)","0% (0/0)","0gwslkbmos5qhsjpy0rr"
"3Y3N5A7N4G9LSKCP1XHOMF4H6TUMYE","32KI9HN0SH8Q5EEER27HJI3DITGU1K","Reading a passage and responding to questions","You will read a short passage about a person, then answer questions related to the passage.","sentences, decisions, language","$0.40","Sun May 17 05:54:43 PDT 2020","352","BatchId:4040950;OriginalHitTemplateId:920937340;","7200","172800","Sun May 17 09:54:43 PDT 2020","","","3FE7TXL1LINOYYF4Q7MBI4JZ3HAQ29","A98QFUWNFJUS3","Submitted","Sun May 17 09:43:05 PDT 2020","Sun May 17 09:59:04 PDT 2020","Tue May 19 09:59:04 PDT 2020","","","","959","0% (0/0)","0% (0/0)","0% (0/0)","rpxaarkfqx7e06cnxrzq"
"3Y3N5A7N4G9LSKCP1XHOMF4H6TUMYE","32KI9HN0SH8Q5EEER27HJI3DITGU1K","Reading a passage and responding to questions","You will read a short passage about a person, then answer questions related to the passage.","sentences, decisions, language","$0.40","Sun May 17 05:54:43 PDT 2020","352","BatchId:4040950;OriginalHitTemplateId:920937340;","7200","172800","Sun May 17 09:54:43 PDT 2020","","","3FIJLY1B6U4NZGQ1EPMT2INE7PKFPI","AU0HOXVD4JC0L","Submitted","Sun May 17 07:54:51 PDT 2020","Sun May 17 08:12:02 PDT 2020","Tue May 19 08:12:02 PDT 2020","","","","1031","0% (0/0)","0% (0/0)","0% (0/0)","5bo3pl6a1hr1gyxe7d52"
"3Y3N5A7N4G9LSKCP1XHOMF4H6TUMYE","32KI9HN0SH8Q5EEER27HJI3DITGU1K","Reading a passage and responding to questions","You will read a short passage about a person, then answer questions related to the passage.","sentences, decisions, language","$0.40","Sun May 17 05:54:43 PDT 2020","352","BatchId:4040950;OriginalHitTemplateId:920937340;","7200","172800","Sun May 17 09:54:43 PDT 2020","","","3G2UL9A02DE2AHTQHAP88QJGEWL76A","A2SB1L86EEZH1T","Submitted","Sun May 17 09:52:59 PDT 2020","Sun May 17 09:57:17 PDT 2020","Tue May 19 09:57:17 PDT 2020","","","","258","0% (0/0)","0% (0/0)","0% (0/0)","40okuf8r2sr07woxg1tn"
"3Y3N5A7N4G9LSKCP1XHOMF4H6TUMYE","32KI9HN0SH8Q5EEER27HJI3DITGU1K","Reading a passage and responding to questions","You will read a short passage about a person, then answer questions related to the passage.","sentences, decisions, language","$0.40","Sun May 17 05:54:43 PDT 2020","352","BatchId:4040950;OriginalHitTemplateId:920937340;","7200","172800","Sun May 17 09:54:43 PDT 2020","","","3GD6L00D3SXQOYZGFAFGWCPP1AY1MF","A7WVKWZKY0IRD","Submitted","Sun May 17 09:29:17 PDT 2020","Sun May 17 10:12:07 PDT 2020","Tue May 19 10:12:07 PDT 2020","","","","2570","0% (0/0)","0% (0/0)","0% (0/0)","3myzlolpykx6rg5gk0b5"
"3Y3N5A7N4G9LSKCP1XHOMF4H6TUMYE","32KI9HN0SH8Q5EEER27HJI3DITGU1K","Reading a passage and responding to questions","You will read a short passage about a person, then answer questions related to the passage.","sentences, decisions, language","$0.40","Sun May 17 05:54:43 PDT 2020","352","BatchId:4040950;OriginalHitTemplateId:920937340;","7200","172800","Sun May 17 09:54:43 PDT 2020","","","3HL8HNGX45127TAUX0QWGSNZ2LZF9K","A3G2DJV9GBI257","Submitted","Sun May 17 07:02:54 PDT 2020","Sun May 17 07:24:30 PDT 2020","Tue May 19 07:24:30 PDT 2020","","","","1296","0% (0/0)","0% (0/0)","0% (0/0)","n2olnnojtyputv9jyy04"
"3Y3N5A7N4G9LSKCP1XHOMF4H6TUMYE","32KI9HN0SH8Q5EEER27HJI3DITGU1K","Reading a passage and responding to questions","You will read a short passage about a person, then answer questions related to the passage.","sentences, decisions, language","$0.40","Sun May 17 05:54:43 PDT 2020","352","BatchId:4040950;OriginalHitTemplateId:920937340;","7200","172800","Sun May 17 09:54:43 PDT 2020","","","3HMVI3QICJSQIFOUYD3RQ7CWAK7Y1X","A3ASK7MW6P4RZQ","Submitted","Sun May 17 08:36:20 PDT 2020","Sun May 17 08:47:53 PDT 2020","Tue May 19 08:47:53 PDT 2020","","","","693","0% (0/0)","0% (0/0)","0% (0/0)","dl21nrhym188mdq50m0s"
"3Y3N5A7N4G9LSKCP1XHOMF4H6TUMYE","32KI9HN0SH8Q5EEER27HJI3DITGU1K","Reading a passage and responding to questions","You will read a short passage about a person, then answer questions related to the passage.","sentences, decisions, language","$0.40","Sun May 17 05:54:43 PDT 2020","352","BatchId:4040950;OriginalHitTemplateId:920937340;","7200","172800","Sun May 17 09:54:43 PDT 2020","","","3HYA4D452RJR79PVCRBH65FLWFO2FE","AAU6NF964VINK","Submitted","Sun May 17 06:30:15 PDT 2020","Sun May 17 06:38:13 PDT 2020","Tue May 19 06:38:13 PDT 2020","","","","478","0% (0/0)","0% (0/0)","0% (0/0)","wyglbl3ksumvekq7bx56"
"3Y3N5A7N4G9LSKCP1XHOMF4H6TUMYE","32KI9HN0SH8Q5EEER27HJI3DITGU1K","Reading a passage and responding to questions","You will read a short passage about a person, then answer questions related to the passage.","sentences, decisions, language","$0.40","Sun May 17 05:54:43 PDT 2020","352","BatchId:4040950;OriginalHitTemplateId:920937340;","7200","172800","Sun May 17 09:54:43 PDT 2020","","","3I7DHKZYGN0J668IUADF4CIXGPE5FH","A389GJDJ0ARZTO","Submitted","Sun May 17 06:04:26 PDT 2020","Sun May 17 06:07:21 PDT 2020","Tue May 19 06:07:21 PDT 2020","","","","175","0% (0/0)","0% (0/0)","0% (0/0)","em82lnra9w9s38llc91g"
"3Y3N5A7N4G9LSKCP1XHOMF4H6TUMYE","32KI9HN0SH8Q5EEER27HJI3DITGU1K","Reading a passage and responding to questions","You will read a short passage about a person, then answer questions related to the passage.","sentences, decisions, language","$0.40","Sun May 17 05:54:43 PDT 2020","352","BatchId:4040950;OriginalHitTemplateId:920937340;","7200","172800","Sun May 17 09:54:43 PDT 2020","","","3IFS6Q0HJIJ4MZ8J7EW80K5HA1DSIW","A2HMMAYQ3SDKTH","Submitted","Sun May 17 06:03:34 PDT 2020","Sun May 17 06:07:56 PDT 2020","Tue May 19 06:07:56 PDT 2020","","","","262","100% (1/1)","0% (0/0)","0% (0/0)","zaz2g1nypvu5pb0lwhk0"
"3Y3N5A7N4G9LSKCP1XHOMF4H6TUMYE","32KI9HN0SH8Q5EEER27HJI3DITGU1K","Reading a passage and responding to questions","You will read a short passage about a person, then answer questions related to the passage.","sentences, decisions, language","$0.40","Sun May 17 05:54:43 PDT 2020","352","BatchId:4040950;OriginalHitTemplateId:920937340;","7200","172800","Sun May 17 09:54:43 PDT 2020","","","3ITXP059PWJ0HASPPWH8CLKHNG3SJ9","A3FOZW3TFS6KMN","Submitted","Sun May 17 06:30:58 PDT 2020","Sun May 17 06:38:35 PDT 2020","Tue May 19 06:38:35 PDT 2020","","","","457","0% (0/0)","0% (0/0)","0% (0/0)","5bjn9gx387zgfrth3m78"
"3Y3N5A7N4G9LSKCP1XHOMF4H6TUMYE","32KI9HN0SH8Q5EEER27HJI3DITGU1K","Reading a passage and responding to questions","You will read a short passage about a person, then answer questions related to the passage.","sentences, decisions, language","$0.40","Sun May 17 05:54:43 PDT 2020","352","BatchId:4040950;OriginalHitTemplateId:920937340;","7200","172800","Sun May 17 09:54:43 PDT 2020","","","3ITXP059PWJ0HASPPWH8CLKHNG6SJC","A1MLVSREFEIA40","Submitted","Sun May 17 07:27:09 PDT 2020","Sun May 17 08:57:37 PDT 2020","Tue May 19 08:57:37 PDT 2020","","","","5428","0% (0/0)","0% (0/0)","0% (0/0)","yufw04qrgd5goq9u3djy"
"3Y3N5A7N4G9LSKCP1XHOMF4H6TUMYE","32KI9HN0SH8Q5EEER27HJI3DITGU1K","Reading a passage and responding to questions","You will read a short passage about a person, then answer questions related to the passage.","sentences, decisions, language","$0.40","Sun May 17 05:54:43 PDT 2020","352","BatchId:4040950;OriginalHitTemplateId:920937340;","7200","172800","Sun May 17 09:54:43 PDT 2020","","","3JNQLM5FT4MD71ZRY2EF1IK5TBM2LV","A12EOJ67CR7Q8U","Submitted","Sun May 17 09:31:11 PDT 2020","Sun May 17 09:34:49 PDT 2020","Tue May 19 09:34:49 PDT 2020","","","","218","0% (0/0)","0% (0/0)","0% (0/0)","hwn93lqqr147tu5p2qdp"
"3Y3N5A7N4G9LSKCP1XHOMF4H6TUMYE","32KI9HN0SH8Q5EEER27HJI3DITGU1K","Reading a passage and responding to questions","You will read a short passage about a person, then answer questions related to the passage.","sentences, decisions, language","$0.40","Sun May 17 05:54:43 PDT 2020","352","BatchId:4040950;OriginalHitTemplateId:920937340;","7200","172800","Sun May 17 09:54:43 PDT 2020","","","3JW0YLFXRTGFUB9XG0AOY0HAVP8WWN","A249EWKM1EOARK","Submitted","Sun May 17 06:23:54 PDT 2020","Sun May 17 06:47:25 PDT 2020","Tue May 19 06:47:25 PDT 2020","","","","1411","0% (0/0)","0% (0/0)","0% (0/0)","35b5ltqsj93ko721hsu4"
"3Y3N5A7N4G9LSKCP1XHOMF4H6TUMYE","32KI9HN0SH8Q5EEER27HJI3DITGU1K","Reading a passage and responding to questions","You will read a short passage about a person, then answer questions related to the passage.","sentences, decisions, language","$0.40","Sun May 17 05:54:43 PDT 2020","352","BatchId:4040950;OriginalHitTemplateId:920937340;","7200","172800","Sun May 17 09:54:43 PDT 2020","","","3KOPY89HM82WXT7AZHG74DC5V06J3A","ALUKD738FTTZW","Submitted","Sun May 17 07:01:35 PDT 2020","Sun May 17 07:07:02 PDT 2020","Tue May 19 07:07:02 PDT 2020","","","","327","0% (0/0)","0% (0/0)","0% (0/0)","savmxgrhc22qw6fwfvut"
"3Y3N5A7N4G9LSKCP1XHOMF4H6TUMYE","32KI9HN0SH8Q5EEER27HJI3DITGU1K","Reading a passage and responding to questions","You will read a short passage about a person, then answer questions related to the passage.","sentences, decisions, language","$0.40","Sun May 17 05:54:43 PDT 2020","352","BatchId:4040950;OriginalHitTemplateId:920937340;","7200","172800","Sun May 17 09:54:43 PDT 2020","","","3L2IS5HSFAICFDBETZ40KTJMHXUNUP","A3R0QO6884CV1P","Submitted","Sun May 17 06:36:43 PDT 2020","Sun May 17 06:40:10 PDT 2020","Tue May 19 06:40:10 PDT 2020","","","","207","0% (0/0)","0% (0/0)","0% (0/0)","lpt4qsn8ujftl9hh8moj"
"3Y3N5A7N4G9LSKCP1XHOMF4H6TUMYE","32KI9HN0SH8Q5EEER27HJI3DITGU1K","Reading a passage and responding to questions","You will read a short passage about a person, then answer questions related to the passage.","sentences, decisions, language","$0.40","Sun May 17 05:54:43 PDT 2020","352","BatchId:4040950;OriginalHitTemplateId:920937340;","7200","172800","Sun May 17 09:54:43 PDT 2020","","","3LQ8PUHQFLSFWQU3WKK9W6YF1QBIHG","A2R5TYZOY2L1J4","Submitted","Sun May 17 09:44:56 PDT 2020","Sun May 17 09:51:06 PDT 2020","Tue May 19 09:51:06 PDT 2020","","","","370","0% (0/0)","0% (0/0)","0% (0/0)","889foboua7ojvpf4rlg4"
"3Y3N5A7N4G9LSKCP1XHOMF4H6TUMYE","32KI9HN0SH8Q5EEER27HJI3DITGU1K","Reading a passage and responding to questions","You will read a short passage about a person, then answer questions related to the passage.","sentences, decisions, language","$0.40","Sun May 17 05:54:43 PDT 2020","352","BatchId:4040950;OriginalHitTemplateId:920937340;","7200","172800","Sun May 17 09:54:43 PDT 2020","","","3LWJHTCVCCM8ZSRGE21I2NDOCL5QFJ","A3R9TNVJVROP5H","Submitted","Sun May 17 07:44:16 PDT 2020","Sun May 17 07:49:37 PDT 2020","Tue May 19 07:49:37 PDT 2020","","","","321","0% (0/0)","0% (0/0)","0% (0/0)","f7lyfeeees9yjfb9k5n3"
"3Y3N5A7N4G9LSKCP1XHOMF4H6TUMYE","32KI9HN0SH8Q5EEER27HJI3DITGU1K","Reading a passage and responding to questions","You will read a short passage about a person, then answer questions related to the passage.","sentences, decisions, language","$0.40","Sun May 17 05:54:43 PDT 2020","352","BatchId:4040950;OriginalHitTemplateId:920937340;","7200","172800","Sun May 17 09:54:43 PDT 2020","","","3LWJHTCVCCM8ZSRGE21I2NDOCL7QFL","A1TQBVHU3U1A0T","Submitted","Sun May 17 08:11:08 PDT 2020","Sun May 17 08:15:29 PDT 2020","Tue May 19 08:15:29 PDT 2020","","","","261","0% (0/0)","0% (0/0)","0% (0/0)","yn4bxcy4kwrzqo94qjcu"
"3Y3N5A7N4G9LSKCP1XHOMF4H6TUMYE","32KI9HN0SH8Q5EEER27HJI3DITGU1K","Reading a passage and responding to questions","You will read a short passage about a person, then answer questions related to the passage.","sentences, decisions, language","$0.40","Sun May 17 05:54:43 PDT 2020","352","BatchId:4040950;OriginalHitTemplateId:920937340;","7200","172800","Sun May 17 09:54:43 PDT 2020","","","3LYA37P8IQNWB8H5WVVPNBAUYHHKBZ","A358ZPW1U2FBE","Submitted","Sun May 17 06:26:38 PDT 2020","Sun May 17 06:56:24 PDT 2020","Tue May 19 06:56:24 PDT 2020","","","","1786","0% (0/0)","0% (0/0)","0% (0/0)","5nc6r25xevqj5hj0zwdo"
"3Y3N5A7N4G9LSKCP1XHOMF4H6TUMYE","32KI9HN0SH8Q5EEER27HJI3DITGU1K","Reading a passage and responding to questions","You will read a short passage about a person, then answer questions related to the passage.","sentences, decisions, language","$0.40","Sun May 17 05:54:43 PDT 2020","352","BatchId:4040950;OriginalHitTemplateId:920937340;","7200","172800","Sun May 17 09:54:43 PDT 2020","","","3M1CVSFP605D31A83MFQOM2XF5QAQO","A34CTVADEFOCO0","Submitted","Sun May 17 06:55:27 PDT 2020","Sun May 17 07:13:29 PDT 2020","Tue May 19 07:13:29 PDT 2020","","","","1082","0% (0/0)","0% (0/0)","0% (0/0)","dtsr6qjd8by2496wy1on"
"3Y3N5A7N4G9LSKCP1XHOMF4H6TUMYE","32KI9HN0SH8Q5EEER27HJI3DITGU1K","Reading a passage and responding to questions","You will read a short passage about a person, then answer questions related to the passage.","sentences, decisions, language","$0.40","Sun May 17 05:54:43 PDT 2020","352","BatchId:4040950;OriginalHitTemplateId:920937340;","7200","172800","Sun May 17 09:54:43 PDT 2020","","","3M81GAB8A0JIMBF090FMJXM3XNCQB0","A3GHYD28ZZ3IEN","Submitted","Sun May 17 07:28:48 PDT 2020","Sun May 17 07:36:17 PDT 2020","Tue May 19 07:36:17 PDT 2020","","","","449","0% (0/0)","0% (0/0)","0% (0/0)","3ayku9leoc8na1mk17v2"
"3Y3N5A7N4G9LSKCP1XHOMF4H6TUMYE","32KI9HN0SH8Q5EEER27HJI3DITGU1K","Reading a passage and responding to questions","You will read a short passage about a person, then answer questions related to the passage.","sentences, decisions, language","$0.40","Sun May 17 05:54:43 PDT 2020","352","BatchId:4040950;OriginalHitTemplateId:920937340;","7200","172800","Sun May 17 09:54:43 PDT 2020","","","3MD9PLUKKIET1C5OZM381LY1JFKNZP","A2TLQXGIO2LJ91","Submitted","Sun May 17 09:22:19 PDT 2020","Sun May 17 09:26:00 PDT 2020","Tue May 19 09:26:00 PDT 2020","","","","221","0% (0/0)","0% (0/0)","0% (0/0)","phtaalx2jaytqej2arxu"
"3Y3N5A7N4G9LSKCP1XHOMF4H6TUMYE","32KI9HN0SH8Q5EEER27HJI3DITGU1K","Reading a passage and responding to questions","You will read a short passage about a person, then answer questions related to the passage.","sentences, decisions, language","$0.40","Sun May 17 05:54:43 PDT 2020","352","BatchId:4040950;OriginalHitTemplateId:920937340;","7200","172800","Sun May 17 09:54:43 PDT 2020","","","3NL0RFNU0FNCQ9WWHGL2FX4OOP9K42","A1BFJF091QROT1","Submitted","Sun May 17 08:44:14 PDT 2020","Sun May 17 08:49:32 PDT 2020","Tue May 19 08:49:32 PDT 2020","","","","318","0% (0/0)","0% (0/0)","0% (0/0)","n2teo6f8eudoq9275mps"
"3Y3N5A7N4G9LSKCP1XHOMF4H6TUMYE","32KI9HN0SH8Q5EEER27HJI3DITGU1K","Reading a passage and responding to questions","You will read a short passage about a person, then answer questions related to the passage.","sentences, decisions, language","$0.40","Sun May 17 05:54:43 PDT 2020","352","BatchId:4040950;OriginalHitTemplateId:920937340;","7200","172800","Sun May 17 09:54:43 PDT 2020","","","3ON104KXQKW3L9QD6U4538YJBWFW47","A1VJXVT4P3GRS4","Submitted","Sun May 17 08:13:53 PDT 2020","Sun May 17 08:18:55 PDT 2020","Tue May 19 08:18:55 PDT 2020","","","","302","0% (0/0)","0% (0/0)","0% (0/0)","gu3oldrh3m8aynae32ev"
"3Y3N5A7N4G9LSKCP1XHOMF4H6TUMYE","32KI9HN0SH8Q5EEER27HJI3DITGU1K","Reading a passage and responding to questions","You will read a short passage about a person, then answer questions related to the passage.","sentences, decisions, language","$0.40","Sun May 17 05:54:43 PDT 2020","352","BatchId:4040950;OriginalHitTemplateId:920937340;","7200","172800","Sun May 17 09:54:43 PDT 2020","","","3OONKJ5DKCJF1Z2KUNNIUSR3IMRBOA","AMZSGREXACMY9","Submitted","Sun May 17 06:14:27 PDT 2020","Sun May 17 07:35:23 PDT 2020","Tue May 19 07:35:23 PDT 2020","","","","4856","0% (0/0)","0% (0/0)","0% (0/0)","f7ng0dhav0y6ra8z1njv"
"3Y3N5A7N4G9LSKCP1XHOMF4H6TUMYE","32KI9HN0SH8Q5EEER27HJI3DITGU1K","Reading a passage and responding to questions","You will read a short passage about a person, then answer questions related to the passage.","sentences, decisions, language","$0.40","Sun May 17 05:54:43 PDT 2020","352","BatchId:4040950;OriginalHitTemplateId:920937340;","7200","172800","Sun May 17 09:54:43 PDT 2020","","","3OSWBBLG1EXVA5EW9A1K8V6WXB7XD7","AHYQC0I8W1IMY","Submitted","Sun May 17 06:04:16 PDT 2020","Sun May 17 06:08:43 PDT 2020","Tue May 19 06:08:43 PDT 2020","","","","267","0% (0/0)","0% (0/0)","0% (0/0)","uk8assnxzaq8a0tg2cbv"
"3Y3N5A7N4G9LSKCP1XHOMF4H6TUMYE","32KI9HN0SH8Q5EEER27HJI3DITGU1K","Reading a passage and responding to questions","You will read a short passage about a person, then answer questions related to the passage.","sentences, decisions, language","$0.40","Sun May 17 05:54:43 PDT 2020","352","BatchId:4040950;OriginalHitTemplateId:920937340;","7200","172800","Sun May 17 09:54:43 PDT 2020","","","3OUYGIZWR7YW2CBBB738ZB0A1NT0PX","A3VBUIDJ6XE2Y5","Submitted","Sun May 17 07:12:13 PDT 2020","Sun May 17 07:15:43 PDT 2020","Tue May 19 07:15:43 PDT 2020","","","","210","0% (0/0)","0% (0/0)","0% (0/0)","7gkv72wlnq4eztgh3myu"
"3Y3N5A7N4G9LSKCP1XHOMF4H6TUMYE","32KI9HN0SH8Q5EEER27HJI3DITGU1K","Reading a passage and responding to questions","You will read a short passage about a person, then answer questions related to the passage.","sentences, decisions, language","$0.40","Sun May 17 05:54:43 PDT 2020","352","BatchId:4040950;OriginalHitTemplateId:920937340;","7200","172800","Sun May 17 09:54:43 PDT 2020","","","3OVHNO1VE61KF0EBASP55GM75B6DZL","ACKAGPAA6OIOE","Submitted","Sun May 17 06:12:57 PDT 2020","Sun May 17 06:21:21 PDT 2020","Tue May 19 06:21:21 PDT 2020","","","","504","0% (0/0)","0% (0/0)","0% (0/0)","s31q962mvqvnk8ooks52"
"3Y3N5A7N4G9LSKCP1XHOMF4H6TUMYE","32KI9HN0SH8Q5EEER27HJI3DITGU1K","Reading a passage and responding to questions","You will read a short passage about a person, then answer questions related to the passage.","sentences, decisions, language","$0.40","Sun May 17 05:54:43 PDT 2020","352","BatchId:4040950;OriginalHitTemplateId:920937340;","7200","172800","Sun May 17 09:54:43 PDT 2020","","","3OVHNO1VE61KF0EBASP55GM75B7ZD8","A2EXL15CWEKFP0","Submitted","Sun May 17 06:47:48 PDT 2020","Sun May 17 06:59:12 PDT 2020","Tue May 19 06:59:12 PDT 2020","","","","684","0% (0/0)","0% (0/0)","0% (0/0)","pub71hdfh866otu4l1m4"
"3Y3N5A7N4G9LSKCP1XHOMF4H6TUMYE","32KI9HN0SH8Q5EEER27HJI3DITGU1K","Reading a passage and responding to questions","You will read a short passage about a person, then answer questions related to the passage.","sentences, decisions, language","$0.40","Sun May 17 05:54:43 PDT 2020","352","BatchId:4040950;OriginalHitTemplateId:920937340;","7200","172800","Sun May 17 09:54:43 PDT 2020","","","3OVHNO1VE61KF0EBASP55GM75BCDZR","A3292UB6BZWMDB","Submitted","Sun May 17 08:01:13 PDT 2020","Sun May 17 08:02:38 PDT 2020","Tue May 19 08:02:38 PDT 2020","","","","85","0% (0/0)","0% (0/0)","0% (0/0)","9d3y9f66ugjr5lob589b"
"3Y3N5A7N4G9LSKCP1XHOMF4H6TUMYE","32KI9HN0SH8Q5EEER27HJI3DITGU1K","Reading a passage and responding to questions","You will read a short passage about a person, then answer questions related to the passage.","sentences, decisions, language","$0.40","Sun May 17 05:54:43 PDT 2020","352","BatchId:4040950;OriginalHitTemplateId:920937340;","7200","172800","Sun May 17 09:54:43 PDT 2020","","","3P4RDNWND56BNWPTKKNU8JEUEI7JIE","AVOF14300525D","Submitted","Sun May 17 08:04:05 PDT 2020","Sun May 17 08:10:23 PDT 2020","Tue May 19 08:10:23 PDT 2020","","","","378","0% (0/0)","0% (0/0)","0% (0/0)","ozobwarycm1w985hejso"
"3Y3N5A7N4G9LSKCP1XHOMF4H6TUMYE","32KI9HN0SH8Q5EEER27HJI3DITGU1K","Reading a passage and responding to questions","You will read a short passage about a person, then answer questions related to the passage.","sentences, decisions, language","$0.40","Sun May 17 05:54:43 PDT 2020","352","BatchId:4040950;OriginalHitTemplateId:920937340;","7200","172800","Sun May 17 09:54:43 PDT 2020","","","3P59JYT76LK1QE7W7BG6N9UMNO1T2I","ANIRTJBXLLWKY","Submitted","Sun May 17 08:12:17 PDT 2020","Sun May 17 08:17:43 PDT 2020","Tue May 19 08:17:43 PDT 2020","","","","326","0% (0/0)","0% (0/0)","0% (0/0)","1n9uwjxq42043gn3or0z"
"3Y3N5A7N4G9LSKCP1XHOMF4H6TUMYE","32KI9HN0SH8Q5EEER27HJI3DITGU1K","Reading a passage and responding to questions","You will read a short passage about a person, then answer questions related to the passage.","sentences, decisions, language","$0.40","Sun May 17 05:54:43 PDT 2020","352","BatchId:4040950;OriginalHitTemplateId:920937340;","7200","172800","Sun May 17 09:54:43 PDT 2020","","","3PJ71Z61R42BHEGMQ1BBRQJ51BG91D","A1D8O2LKWIBTD5","Submitted","Sun May 17 07:01:45 PDT 2020","Sun May 17 07:13:31 PDT 2020","Tue May 19 07:13:31 PDT 2020","","","","706","0% (0/0)","0% (0/0)","0% (0/0)","b2v8fyelvs8ratx6ywr3"
"3Y3N5A7N4G9LSKCP1XHOMF4H6TUMYE","32KI9HN0SH8Q5EEER27HJI3DITGU1K","Reading a passage and responding to questions","You will read a short passage about a person, then answer questions related to the passage.","sentences, decisions, language","$0.40","Sun May 17 05:54:43 PDT 2020","352","BatchId:4040950;OriginalHitTemplateId:920937340;","7200","172800","Sun May 17 09:54:43 PDT 2020","","","3QBD8R3Z21JVG0HBF8DVMELX8UB4OY","A10TYO0H3GLCH6","Submitted","Sun May 17 06:30:50 PDT 2020","Sun May 17 06:47:23 PDT 2020","Tue May 19 06:47:23 PDT 2020","","","","993","0% (0/0)","0% (0/0)","0% (0/0)","59dqn1kc1g23woqyfozo"
"3Y3N5A7N4G9LSKCP1XHOMF4H6TUMYE","32KI9HN0SH8Q5EEER27HJI3DITGU1K","Reading a passage and responding to questions","You will read a short passage about a person, then answer questions related to the passage.","sentences, decisions, language","$0.40","Sun May 17 05:54:43 PDT 2020","352","BatchId:4040950;OriginalHitTemplateId:920937340;","7200","172800","Sun May 17 09:54:43 PDT 2020","","","3QECW5O0KH1TPBQJPUI4LGXY7YU5TX","AB9UMPS8TMYAF","Submitted","Sun May 17 08:26:12 PDT 2020","Sun May 17 08:31:56 PDT 2020","Tue May 19 08:31:56 PDT 2020","","","","344","0% (0/0)","0% (0/0)","0% (0/0)","2vra5f391dg2j28y88mg"
"3Y3N5A7N4G9LSKCP1XHOMF4H6TUMYE","32KI9HN0SH8Q5EEER27HJI3DITGU1K","Reading a passage and responding to questions","You will read a short passage about a person, then answer questions related to the passage.","sentences, decisions, language","$0.40","Sun May 17 05:54:43 PDT 2020","352","BatchId:4040950;OriginalHitTemplateId:920937340;","7200","172800","Sun May 17 09:54:43 PDT 2020","","","3QHK8ZVMIMI7VEZNHV7Q2BN9NHXLBE","A3RGT27KMPPHGK","Submitted","Sun May 17 09:11:42 PDT 2020","Sun May 17 09:17:07 PDT 2020","Tue May 19 09:17:07 PDT 2020","","","","325","0% (0/0)","0% (0/0)","0% (0/0)","r0spfozzbuu1lky2gkq0"
"3Y3N5A7N4G9LSKCP1XHOMF4H6TUMYE","32KI9HN0SH8Q5EEER27HJI3DITGU1K","Reading a passage and responding to questions","You will read a short passage about a person, then answer questions related to the passage.","sentences, decisions, language","$0.40","Sun May 17 05:54:43 PDT 2020","352","BatchId:4040950;OriginalHitTemplateId:920937340;","7200","172800","Sun May 17 09:54:43 PDT 2020","","","3QXNC7EIPIVBAPV4UI7BDL0VWJ9909","A4QTROQJPURVE","Submitted","Sun May 17 06:48:28 PDT 2020","Sun May 17 07:02:31 PDT 2020","Tue May 19 07:02:31 PDT 2020","","","","843","0% (0/0)","0% (0/0)","0% (0/0)","9kmq0ocjzqq7hagle8g1"
"3Y3N5A7N4G9LSKCP1XHOMF4H6TUMYE","32KI9HN0SH8Q5EEER27HJI3DITGU1K","Reading a passage and responding to questions","You will read a short passage about a person, then answer questions related to the passage.","sentences, decisions, language","$0.40","Sun May 17 05:54:43 PDT 2020","352","BatchId:4040950;OriginalHitTemplateId:920937340;","7200","172800","Sun May 17 09:54:43 PDT 2020","","","3R0T90IZ1SCAJRDSK46503OJ9L7GC6","A1IBHJJ5P2PW3C","Submitted","Sun May 17 08:15:27 PDT 2020","Sun May 17 08:22:19 PDT 2020","Tue May 19 08:22:19 PDT 2020","","","","412","0% (0/0)","0% (0/0)","0% (0/0)","uxg7mulybwudtj0aaj8t"
"3Y3N5A7N4G9LSKCP1XHOMF4H6TUMYE","32KI9HN0SH8Q5EEER27HJI3DITGU1K","Reading a passage and responding to questions","You will read a short passage about a person, then answer questions related to the passage.","sentences, decisions, language","$0.40","Sun May 17 05:54:43 PDT 2020","352","BatchId:4040950;OriginalHitTemplateId:920937340;","7200","172800","Sun May 17 09:54:43 PDT 2020","","","3R5F3LQFV2KBJX50013LGAY69PEZO5","A2L0431B6MIFD3","Submitted","Sun May 17 06:49:48 PDT 2020","Sun May 17 07:17:12 PDT 2020","Tue May 19 07:17:12 PDT 2020","","","","1644","0% (0/0)","0% (0/0)","0% (0/0)","papcn8o0w3vxofq1po00"
"3Y3N5A7N4G9LSKCP1XHOMF4H6TUMYE","32KI9HN0SH8Q5EEER27HJI3DITGU1K","Reading a passage and responding to questions","You will read a short passage about a person, then answer questions related to the passage.","sentences, decisions, language","$0.40","Sun May 17 05:54:43 PDT 2020","352","BatchId:4040950;OriginalHitTemplateId:920937340;","7200","172800","Sun May 17 09:54:43 PDT 2020","","","3SUWZRL0MYDNJW804I3EE0BX0JAE6O","A1GY72KMTSVJWK","Submitted","Sun May 17 06:15:15 PDT 2020","Sun May 17 06:46:39 PDT 2020","Tue May 19 06:46:39 PDT 2020","","","","1884","0% (0/0)","0% (0/0)","0% (0/0)","yju3fpd5xg8c0gfa91a6"
"3Y3N5A7N4G9LSKCP1XHOMF4H6TUMYE","32KI9HN0SH8Q5EEER27HJI3DITGU1K","Reading a passage and responding to questions","You will read a short passage about a person, then answer questions related to the passage.","sentences, decisions, language","$0.40","Sun May 17 05:54:43 PDT 2020","352","BatchId:4040950;OriginalHitTemplateId:920937340;","7200","172800","Sun May 17 09:54:43 PDT 2020","","","3TAYZSBPLL80BEUHIBBGD4Y0L5GS2L","A3P7AZ2YH4ICQJ","Submitted","Sun May 17 05:58:18 PDT 2020","Sun May 17 06:02:45 PDT 2020","Tue May 19 06:02:45 PDT 2020","","","","267","0% (0/0)","0% (0/0)","0% (0/0)","4y458sjkcqk94u7ye1ho"
"3Y3N5A7N4G9LSKCP1XHOMF4H6TUMYE","32KI9HN0SH8Q5EEER27HJI3DITGU1K","Reading a passage and responding to questions","You will read a short passage about a person, then answer questions related to the passage.","sentences, decisions, language","$0.40","Sun May 17 05:54:43 PDT 2020","352","BatchId:4040950;OriginalHitTemplateId:920937340;","7200","172800","Sun May 17 09:54:43 PDT 2020","","","3TK8OJTYM1LCVDCRE4RXK4Q0VJ5VPJ","A874RX64UXXAC","Submitted","Sun May 17 07:14:23 PDT 2020","Sun May 17 07:36:39 PDT 2020","Tue May 19 07:36:39 PDT 2020","","","","1336","0% (0/0)","0% (0/0)","0% (0/0)","6l28l0vlst5kfygu0j1c"
"3Y3N5A7N4G9LSKCP1XHOMF4H6TUMYE","32KI9HN0SH8Q5EEER27HJI3DITGU1K","Reading a passage and responding to questions","You will read a short passage about a person, then answer questions related to the passage.","sentences, decisions, language","$0.40","Sun May 17 05:54:43 PDT 2020","352","BatchId:4040950;OriginalHitTemplateId:920937340;","7200","172800","Sun May 17 09:54:43 PDT 2020","","","3TUI152ZZBNH9DX873MXDL9UBBWQ1S","A3TBR9GIXU42DM","Submitted","Sun May 17 09:42:41 PDT 2020","Sun May 17 09:48:49 PDT 2020","Tue May 19 09:48:49 PDT 2020","","","","368","0% (0/0)","0% (0/0)","0% (0/0)","f0z4sbqmjqm5a9mhstdb"
"3Y3N5A7N4G9LSKCP1XHOMF4H6TUMYE","32KI9HN0SH8Q5EEER27HJI3DITGU1K","Reading a passage and responding to questions","You will read a short passage about a person, then answer questions related to the passage.","sentences, decisions, language","$0.40","Sun May 17 05:54:43 PDT 2020","352","BatchId:4040950;OriginalHitTemplateId:920937340;","7200","172800","Sun May 17 09:54:43 PDT 2020","","","3TXMY6UCAEO1WG76N0BHUHSLF89QC4","AZ8KL6F16ZS7G","Submitted","Sun May 17 06:31:31 PDT 2020","Sun May 17 06:37:00 PDT 2020","Tue May 19 06:37:00 PDT 2020","","","","329","0% (0/0)","0% (0/0)","0% (0/0)","ts1vcvgek6ptu7tqpnk5"
"3Y3N5A7N4G9LSKCP1XHOMF4H6TUMYE","32KI9HN0SH8Q5EEER27HJI3DITGU1K","Reading a passage and responding to questions","You will read a short passage about a person, then answer questions related to the passage.","sentences, decisions, language","$0.40","Sun May 17 05:54:43 PDT 2020","352","BatchId:4040950;OriginalHitTemplateId:920937340;","7200","172800","Sun May 17 09:54:43 PDT 2020","","","3TXMY6UCAEO1WG76N0BHUHSLF8DQC8","A1VWBIIM9VTHML","Submitted","Sun May 17 07:44:03 PDT 2020","Sun May 17 07:51:28 PDT 2020","Tue May 19 07:51:28 PDT 2020","","","","445","0% (0/0)","0% (0/0)","0% (0/0)","cbusc6werurznk0ubhvn"
"3Y3N5A7N4G9LSKCP1XHOMF4H6TUMYE","32KI9HN0SH8Q5EEER27HJI3DITGU1K","Reading a passage and responding to questions","You will read a short passage about a person, then answer questions related to the passage.","sentences, decisions, language","$0.40","Sun May 17 05:54:43 PDT 2020","352","BatchId:4040950;OriginalHitTemplateId:920937340;","7200","172800","Sun May 17 09:54:43 PDT 2020","","","3TY7ZAOG5FKVRLEVYFY03UEB7DZ0K8","A24IESUV2G6FYT","Submitted","Sun May 17 09:48:20 PDT 2020","Sun May 17 09:53:44 PDT 2020","Tue May 19 09:53:44 PDT 2020","","","","324","0% (0/0)","0% (0/0)","0% (0/0)","oy0mtmxr2llwwo6p8n9j"
"3Y3N5A7N4G9LSKCP1XHOMF4H6TUMYE","32KI9HN0SH8Q5EEER27HJI3DITGU1K","Reading a passage and responding to questions","You will read a short passage about a person, then answer questions related to the passage.","sentences, decisions, language","$0.40","Sun May 17 05:54:43 PDT 2020","352","BatchId:4040950;OriginalHitTemplateId:920937340;","7200","172800","Sun May 17 09:54:43 PDT 2020","","","3U4J9857OEB8GTALD16GJ658SXS7BR","AR95C0P53AFWJ","Submitted","Sun May 17 09:08:01 PDT 2020","Sun May 17 09:11:44 PDT 2020","Tue May 19 09:11:44 PDT 2020","","","","223","0% (0/0)","0% (0/0)","0% (0/0)","lx5s7hf491qke5z98syo"
"3Y3N5A7N4G9LSKCP1XHOMF4H6TUMYE","32KI9HN0SH8Q5EEER27HJI3DITGU1K","Reading a passage and responding to questions","You will read a short passage about a person, then answer questions related to the passage.","sentences, decisions, language","$0.40","Sun May 17 05:54:43 PDT 2020","352","BatchId:4040950;OriginalHitTemplateId:920937340;","7200","172800","Sun May 17 09:54:43 PDT 2020","","","3UN61F00HWPG9WDRL5D9L1WGJDQR5Z","AY9UWGHEE2P04","Submitted","Sun May 17 06:46:28 PDT 2020","Sun May 17 06:52:48 PDT 2020","Tue May 19 06:52:48 PDT 2020","","","","380","0% (0/0)","0% (0/0)","0% (0/0)","rpe99drewd1jj6su7soa"
"3Y3N5A7N4G9LSKCP1XHOMF4H6TUMYE","32KI9HN0SH8Q5EEER27HJI3DITGU1K","Reading a passage and responding to questions","You will read a short passage about a person, then answer questions related to the passage.","sentences, decisions, language","$0.40","Sun May 17 05:54:43 PDT 2020","352","BatchId:4040950;OriginalHitTemplateId:920937340;","7200","172800","Sun May 17 09:54:43 PDT 2020","","","3V5Q80FXIXRWRX92SWAF5WQOTPI234","A1H5Q9HRH4RPZU","Submitted","Sun May 17 05:56:18 PDT 2020","Sun May 17 06:45:52 PDT 2020","Tue May 19 06:45:52 PDT 2020","","","","2974","0% (0/0)","0% (0/0)","0% (0/0)","wzpn9lsygc2obahbzfec"
"3Y3N5A7N4G9LSKCP1XHOMF4H6TUMYE","32KI9HN0SH8Q5EEER27HJI3DITGU1K","Reading a passage and responding to questions","You will read a short passage about a person, then answer questions related to the passage.","sentences, decisions, language","$0.40","Sun May 17 05:54:43 PDT 2020","352","BatchId:4040950;OriginalHitTemplateId:920937340;","7200","172800","Sun May 17 09:54:43 PDT 2020","","","3WMOAN2SRBXCSS0EYPE5GFL5V47NVI","AJLDSGP50KH96","Submitted","Sun May 17 07:57:03 PDT 2020","Sun May 17 08:05:46 PDT 2020","Tue May 19 08:05:46 PDT 2020","","","","523","0% (0/0)","0% (0/0)","0% (0/0)","d2881xwon2l8sva6sx94"
"3Y3N5A7N4G9LSKCP1XHOMF4H6TUMYE","32KI9HN0SH8Q5EEER27HJI3DITGU1K","Reading a passage and responding to questions","You will read a short passage about a person, then answer questions related to the passage.","sentences, decisions, language","$0.40","Sun May 17 05:54:43 PDT 2020","352","BatchId:4040950;OriginalHitTemplateId:920937340;","7200","172800","Sun May 17 09:54:43 PDT 2020","","","3WMOAN2SRBXCSS0EYPE5GFL5V4BNVM","AE73DZ1B5ELB","Submitted","Sun May 17 08:47:20 PDT 2020","Sun May 17 08:52:29 PDT 2020","Tue May 19 08:52:29 PDT 2020","","","","309","0% (0/0)","0% (0/0)","0% (0/0)","0j7sd89q2za79djcr0c5"
"3Y3N5A7N4G9LSKCP1XHOMF4H6TUMYE","32KI9HN0SH8Q5EEER27HJI3DITGU1K","Reading a passage and responding to questions","You will read a short passage about a person, then answer questions related to the passage.","sentences, decisions, language","$0.40","Sun May 17 05:54:43 PDT 2020","352","BatchId:4040950;OriginalHitTemplateId:920937340;","7200","172800","Sun May 17 09:54:43 PDT 2020","","","3WOKGM4L71GEHCZAW7QTABVKRIXO04","A099071515BDT0JA0M33V","Submitted","Sun May 17 07:16:43 PDT 2020","Sun May 17 07:25:37 PDT 2020","Tue May 19 07:25:37 PDT 2020","","","","534","0% (0/0)","0% (0/0)","0% (0/0)","udu5dsbyd4sn9aagus0g"
"3Y3N5A7N4G9LSKCP1XHOMF4H6TUMYE","32KI9HN0SH8Q5EEER27HJI3DITGU1K","Reading a passage and responding to questions","You will read a short passage about a person, then answer questions related to the passage.","sentences, decisions, language","$0.40","Sun May 17 05:54:43 PDT 2020","352","BatchId:4040950;OriginalHitTemplateId:920937340;","7200","172800","Sun May 17 09:54:43 PDT 2020","","","3WQQ9FUS6AUCG7F4N6YMX6133HN8B4","A2D34R2A1L9JCH","Submitted","Sun May 17 06:07:43 PDT 2020","Sun May 17 06:17:44 PDT 2020","Tue May 19 06:17:44 PDT 2020","","","","601","0% (0/0)","0% (0/0)","0% (0/0)","cpdg15bjzdz0uykeso1l"
"3Y3N5A7N4G9LSKCP1XHOMF4H6TUMYE","32KI9HN0SH8Q5EEER27HJI3DITGU1K","Reading a passage and responding to questions","You will read a short passage about a person, then answer questions related to the passage.","sentences, decisions, language","$0.40","Sun May 17 05:54:43 PDT 2020","352","BatchId:4040950;OriginalHitTemplateId:920937340;","7200","172800","Sun May 17 09:54:43 PDT 2020","","","3X1FV8S5JXR6I0JSBL1AQVC8USMVGJ","ASTR3EPUOKEXV","Submitted","Sun May 17 08:11:34 PDT 2020","Sun May 17 08:52:11 PDT 2020","Tue May 19 08:52:11 PDT 2020","","","","2437","0% (0/0)","0% (0/0)","0% (0/0)","l1ghlzrr072n53mfuk96"
"3Y3N5A7N4G9LSKCP1XHOMF4H6TUMYE","32KI9HN0SH8Q5EEER27HJI3DITGU1K","Reading a passage and responding to questions","You will read a short passage about a person, then answer questions related to the passage.","sentences, decisions, language","$0.40","Sun May 17 05:54:43 PDT 2020","352","BatchId:4040950;OriginalHitTemplateId:920937340;","7200","172800","Sun May 17 09:54:43 PDT 2020","","","3XC1O3LBOSM7R0T4HHYB25TVTOVLT2","A8289AEOKHKV4","Submitted","Sun May 17 08:40:56 PDT 2020","Sun May 17 08:43:30 PDT 2020","Tue May 19 08:43:30 PDT 2020","","","","154","0% (0/0)","0% (0/0)","0% (0/0)","1lop148ozjuj9q95zzzg"
"3Y3N5A7N4G9LSKCP1XHOMF4H6TUMYE","32KI9HN0SH8Q5EEER27HJI3DITGU1K","Reading a passage and responding to questions","You will read a short passage about a person, then answer questions related to the passage.","sentences, decisions, language","$0.40","Sun May 17 05:54:43 PDT 2020","352","BatchId:4040950;OriginalHitTemplateId:920937340;","7200","172800","Sun May 17 09:54:43 PDT 2020","","","3XUHV3NRVKY3K2ZOP01F7XUAW4W5HK","A3PKFUV6UJO8GD","Submitted","Sun May 17 07:43:24 PDT 2020","Sun May 17 07:47:30 PDT 2020","Tue May 19 07:47:30 PDT 2020","","","","246","0% (0/0)","0% (0/0)","0% (0/0)","8clhygwufjdgo33muf3t"
"3Y3N5A7N4G9LSKCP1XHOMF4H6TUMYE","32KI9HN0SH8Q5EEER27HJI3DITGU1K","Reading a passage and responding to questions","You will read a short passage about a person, then answer questions related to the passage.","sentences, decisions, language","$0.40","Sun May 17 05:54:43 PDT 2020","352","BatchId:4040950;OriginalHitTemplateId:920937340;","7200","172800","Sun May 17 09:54:43 PDT 2020","","","3Y5140Z9DXG797SRFXSE5F06NH8PIF","A3I2PT6W0FP7BR","Submitted","Sun May 17 06:45:24 PDT 2020","Sun May 17 06:52:04 PDT 2020","Tue May 19 06:52:04 PDT 2020","","","","400","0% (0/0)","0% (0/0)","0% (0/0)","auzf3a8lnrajxt7y0sao"
"3Y3N5A7N4G9LSKCP1XHOMF4H6TUMYE","32KI9HN0SH8Q5EEER27HJI3DITGU1K","Reading a passage and responding to questions","You will read a short passage about a person, then answer questions related to the passage.","sentences, decisions, language","$0.40","Sun May 17 05:54:43 PDT 2020","352","BatchId:4040950;OriginalHitTemplateId:920937340;","7200","172800","Sun May 17 09:54:43 PDT 2020","","","3YDTZAI2WXGAK8AA96FKAI8PFJC41M","AV14XIF0SS1KA","Submitted","Sun May 17 09:13:16 PDT 2020","Sun May 17 09:15:41 PDT 2020","Tue May 19 09:15:41 PDT 2020","","","","145","0% (0/0)","0% (0/0)","0% (0/0)","538otqbgyv69rmgutza6"
"3Y3N5A7N4G9LSKCP1XHOMF4H6TUMYE","32KI9HN0SH8Q5EEER27HJI3DITGU1K","Reading a passage and responding to questions","You will read a short passage about a person, then answer questions related to the passage.","sentences, decisions, language","$0.40","Sun May 17 05:54:43 PDT 2020","352","BatchId:4040950;OriginalHitTemplateId:920937340;","7200","172800","Sun May 17 09:54:43 PDT 2020","","","3YGXWBAF70HU7BK8P344RERGJG64CF","AKJVOG76HA75W","Submitted","Sun May 17 09:52:37 PDT 2020","Sun May 17 10:01:12 PDT 2020","Tue May 19 10:01:12 PDT 2020","","","","515","0% (0/0)","0% (0/0)","0% (0/0)","nkt6z686d30aon5s9bn5"
"3Y3N5A7N4G9LSKCP1XHOMF4H6TUMYE","32KI9HN0SH8Q5EEER27HJI3DITGU1K","Reading a passage and responding to questions","You will read a short passage about a person, then answer questions related to the passage.","sentences, decisions, language","$0.40","Sun May 17 05:54:43 PDT 2020","352","BatchId:4040950;OriginalHitTemplateId:920937340;","7200","172800","Sun May 17 09:54:43 PDT 2020","","","3Z2R0DQ0JHEZ1VPZHGRBONULKEI2E5","A1UWDKJ9T1ZVMY","Submitted","Sun May 17 08:53:58 PDT 2020","Sun May 17 08:56:18 PDT 2020","Tue May 19 08:56:18 PDT 2020","","","","140","0% (0/0)","0% (0/0)","0% (0/0)","pcjuudol900kkad37199"
"3Y3N5A7N4G9LSKCP1XHOMF4H6TUMYE","32KI9HN0SH8Q5EEER27HJI3DITGU1K","Reading a passage and responding to questions","You will read a short passage about a person, then answer questions related to the passage.","sentences, decisions, language","$0.40","Sun May 17 05:54:43 PDT 2020","352","BatchId:4040950;OriginalHitTemplateId:920937340;","7200","172800","Sun May 17 09:54:43 PDT 2020","","","3Z4AIRP3C6D1IAYKTHHP7T5N8EJ1X0","A3BPTARPGHYU1N","Submitted","Sun May 17 09:38:01 PDT 2020","Sun May 17 09:43:18 PDT 2020","Tue May 19 09:43:18 PDT 2020","","","","317","0% (0/0)","0% (0/0)","0% (0/0)","3zq30oa0rr6u4f9ftxc1"
"3Y3N5A7N4G9LSKCP1XHOMF4H6TUMYE","32KI9HN0SH8Q5EEER27HJI3DITGU1K","Reading a passage and responding to questions","You will read a short passage about a person, then answer questions related to the passage.","sentences, decisions, language","$0.40","Sun May 17 05:54:43 PDT 2020","352","BatchId:4040950;OriginalHitTemplateId:920937340;","7200","172800","Sun May 17 09:54:43 PDT 2020","","","3Z4GS9HPNVALEH7V0KU0E4JC974778","A174GS4JXEOM6Y","Submitted","Sun May 17 09:39:43 PDT 2020","Sun May 17 09:43:31 PDT 2020","Tue May 19 09:43:31 PDT 2020","","","","228","0% (0/0)","0% (0/0)","0% (0/0)","hthjhakhx5p95wq7zkt5"
"3Y3N5A7N4G9LSKCP1XHOMF4H6TUMYE","32KI9HN0SH8Q5EEER27HJI3DITGU1K","Reading a passage and responding to questions","You will read a short passage about a person, then answer questions related to the passage.","sentences, decisions, language","$0.40","Sun May 17 05:54:43 PDT 2020","352","BatchId:4040950;OriginalHitTemplateId:920937340;","7200","172800","Sun May 17 09:54:43 PDT 2020","","","3ZDAD0O1T1D2RUATV01ZDZOI0XVXTQ","A2N2WDET0AZMEH","Submitted","Sun May 17 06:07:04 PDT 2020","Sun May 17 06:11:25 PDT 2020","Tue May 19 06:11:25 PDT 2020","","","","261","0% (0/0)","0% (0/0)","0% (0/0)","p9tralsgwqg66xpybt9j"
"3Y3N5A7N4G9LSKCP1XHOMF4H6TUMYE","32KI9HN0SH8Q5EEER27HJI3DITGU1K","Reading a passage and responding to questions","You will read a short passage about a person, then answer questions related to the passage.","sentences, decisions, language","$0.40","Sun May 17 05:54:43 PDT 2020","352","BatchId:4040950;OriginalHitTemplateId:920937340;","7200","172800","Sun May 17 09:54:43 PDT 2020","","","3ZSY5X72NXB2H6J9QK98U7W708WRO5","AKWI425VATYJM","Submitted","Sun May 17 07:07:28 PDT 2020","Sun May 17 07:11:50 PDT 2020","Tue May 19 07:11:50 PDT 2020","","","","262","0% (0/0)","0% (0/0)","0% (0/0)","aj15w3y2vxt2n28ogt1h"
"3Y3N5A7N4G9LSKCP1XHOMF4H6TUMYE","32KI9HN0SH8Q5EEER27HJI3DITGU1K","Reading a passage and responding to questions","You will read a short passage about a person, then answer questions related to the passage.","sentences, decisions, language","$0.40","Sun May 17 05:54:43 PDT 2020","352","BatchId:4040950;OriginalHitTemplateId:920937340;","7200","172800","Sun May 17 09:54:43 PDT 2020","","","3ZSY5X72NXB2H6J9QK98U7W708XRO6","A9AFZPH9ULXDM","Submitted","Sun May 17 07:23:26 PDT 2020","Sun May 17 07:34:54 PDT 2020","Tue May 19 07:34:54 PDT 2020","","","","688","0% (0/0)","0% (0/0)","0% (0/0)","9bfnzh1vhrg54nv3f71y"
"3Y3N5A7N4G9LSKCP1XHOMF4H6TUMYE","32KI9HN0SH8Q5EEER27HJI3DITGU1K","Reading a passage and responding to questions","You will read a short passage about a person, then answer questions related to the passage.","sentences, decisions, language","$0.40","Sun May 17 05:54:43 PDT 2020","352","BatchId:4040950;OriginalHitTemplateId:920937340;","7200","172800","Sun May 17 09:54:43 PDT 2020","","","3ZV9H2YQQD7I3D796GZMT36DXWFW3I","A2LV5432PV1S39","Submitted","Sun May 17 07:16:20 PDT 2020","Sun May 17 07:39:11 PDT 2020","Tue May 19 07:39:11 PDT 2020","","","","1371","100% (2/2)","0% (0/0)","0% (0/0)","swefcdpkapanorl6ewcv"