"HITId","HITTypeId","Title","Description","Keywords","Reward","CreationTime","MaxAssignments","RequesterAnnotation","AssignmentDurationInSeconds","AutoApprovalDelayInSeconds","Expiration","NumberOfSimilarHITs","LifetimeInSeconds","AssignmentId","WorkerId","AssignmentStatus","AcceptTime","SubmitTime","AutoApprovalTime","ApprovalTime","RejectionTime","RequesterFeedback","WorkTimeInSeconds","LifetimeApprovalRate","Last30DaysApprovalRate","Last7DaysApprovalRate","Answer.surveycode","Approve","Reject"
"30UZJB2POHCM4AUVKD7CFJXIC8753M","32KI9HN0SH8Q5EEER27HJI3DITGU1K","Reading a passage and responding to questions","You will read a short passage about a person, then answer questions related to the passage.","sentences, decisions, language","$0.40","Sun May 24 15:54:19 PDT 2020","352","BatchId:4051356;OriginalHitTemplateId:920937340;","7200","172800","Sun May 24 19:54:19 PDT 2020","","","3RRCEFRB7MCBX6S2B389GULY2KC4BT","A12NRUZCF3AM9D","Submitted","Sun May 24 16:42:54 PDT 2020","Sun May 24 16:48:20 PDT 2020","Tue May 26 16:48:20 PDT 2020","","","","326","0% (0/0)","0% (0/0)","0% (0/0)","ekao5frnxv2fnnmymhhq"
"30UZJB2POHCM4AUVKD7CFJXIC8753M","32KI9HN0SH8Q5EEER27HJI3DITGU1K","Reading a passage and responding to questions","You will read a short passage about a person, then answer questions related to the passage.","sentences, decisions, language","$0.40","Sun May 24 15:54:19 PDT 2020","352","BatchId:4051356;OriginalHitTemplateId:920937340;","7200","172800","Sun May 24 19:54:19 PDT 2020","","","33SA9F9TRXULDBN6V0GICUAAPAPWE8","A1653PUB2ZN3HH","Submitted","Sun May 24 17:07:56 PDT 2020","Sun May 24 17:12:31 PDT 2020","Tue May 26 17:12:31 PDT 2020","","","","275","0% (0/0)","0% (0/0)","0% (0/0)","7n7eb7sbffc0xft42pts"
"30UZJB2POHCM4AUVKD7CFJXIC8753M","32KI9HN0SH8Q5EEER27HJI3DITGU1K","Reading a passage and responding to questions","You will read a short passage about a person, then answer questions related to the passage.","sentences, decisions, language","$0.40","Sun May 24 15:54:19 PDT 2020","352","BatchId:4051356;OriginalHitTemplateId:920937340;","7200","172800","Sun May 24 19:54:19 PDT 2020","","","3M68NM076H7CS0D5QONED7AGGYWR6R","A165B3KWNDSHYS","Submitted","Sun May 24 19:08:40 PDT 2020","Sun May 24 19:19:51 PDT 2020","Tue May 26 19:19:51 PDT 2020","","","","671","0% (0/0)","0% (0/0)","0% (0/0)","zz93dlt6wqb0682efto1"
"30UZJB2POHCM4AUVKD7CFJXIC8753M","32KI9HN0SH8Q5EEER27HJI3DITGU1K","Reading a passage and responding to questions","You will read a short passage about a person, then answer questions related to the passage.","sentences, decisions, language","$0.40","Sun May 24 15:54:19 PDT 2020","352","BatchId:4051356;OriginalHitTemplateId:920937340;","7200","172800","Sun May 24 19:54:19 PDT 2020","","","3QILPRALQ5VEHG41QW3VO11XLWV8N4","A17D42WYI0ITRA","Submitted","Sun May 24 18:33:07 PDT 2020","Sun May 24 18:37:06 PDT 2020","Tue May 26 18:37:06 PDT 2020","","","","239","0% (0/0)","0% (0/0)","0% (0/0)","hm6y4swuv3g5ylqswsly"
"30UZJB2POHCM4AUVKD7CFJXIC8753M","32KI9HN0SH8Q5EEER27HJI3DITGU1K","Reading a passage and responding to questions","You will read a short passage about a person, then answer questions related to the passage.","sentences, decisions, language","$0.40","Sun May 24 15:54:19 PDT 2020","352","BatchId:4051356;OriginalHitTemplateId:920937340;","7200","172800","Sun May 24 19:54:19 PDT 2020","","","3R9WASFE2ZGHDKS71YKVTGPSID7ZFI","A1815TOQ1PZ7JH","Submitted","Sun May 24 16:58:08 PDT 2020","Sun May 24 17:02:43 PDT 2020","Tue May 26 17:02:43 PDT 2020","","","","275","0% (0/0)","0% (0/0)","0% (0/0)","77y8dxq93ay7nh4ynqsh"
"30UZJB2POHCM4AUVKD7CFJXIC8753M","32KI9HN0SH8Q5EEER27HJI3DITGU1K","Reading a passage and responding to questions","You will read a short passage about a person, then answer questions related to the passage.","sentences, decisions, language","$0.40","Sun May 24 15:54:19 PDT 2020","352","BatchId:4051356;OriginalHitTemplateId:920937340;","7200","172800","Sun May 24 19:54:19 PDT 2020","","","3DR23U6WE5ETLUJC0VB7PA3BLG2TEA","A186HIRCRBXP7C","Submitted","Sun May 24 15:54:25 PDT 2020","Sun May 24 15:56:34 PDT 2020","Tue May 26 15:56:34 PDT 2020","","","","129","0% (0/0)","0% (0/0)","0% (0/0)","e3nqgmkkgb2e3f804kpz"
"30UZJB2POHCM4AUVKD7CFJXIC8753M","32KI9HN0SH8Q5EEER27HJI3DITGU1K","Reading a passage and responding to questions","You will read a short passage about a person, then answer questions related to the passage.","sentences, decisions, language","$0.40","Sun May 24 15:54:19 PDT 2020","352","BatchId:4051356;OriginalHitTemplateId:920937340;","7200","172800","Sun May 24 19:54:19 PDT 2020","","","35GMH2SV3EHD82E44EP8V0XOM8REOF","A1BVQ0P9G0OQKF","Submitted","Sun May 24 17:20:35 PDT 2020","Sun May 24 17:24:50 PDT 2020","Tue May 26 17:24:50 PDT 2020","","","","255","0% (0/0)","0% (0/0)","0% (0/0)","c534tk72829xqtwh0gq9"
"30UZJB2POHCM4AUVKD7CFJXIC8753M","32KI9HN0SH8Q5EEER27HJI3DITGU1K","Reading a passage and responding to questions","You will read a short passage about a person, then answer questions related to the passage.","sentences, decisions, language","$0.40","Sun May 24 15:54:19 PDT 2020","352","BatchId:4051356;OriginalHitTemplateId:920937340;","7200","172800","Sun May 24 19:54:19 PDT 2020","","","3ZPPDN2SLVWA1FAY2P6QYA2ZR989EZ","A1F2MLAZ7AT982","Submitted","Sun May 24 17:58:12 PDT 2020","Sun May 24 18:03:20 PDT 2020","Tue May 26 18:03:20 PDT 2020","","","","308","0% (0/0)","0% (0/0)","0% (0/0)","40b1ajxdl8n7ndhzn9c8"
"30UZJB2POHCM4AUVKD7CFJXIC8753M","32KI9HN0SH8Q5EEER27HJI3DITGU1K","Reading a passage and responding to questions","You will read a short passage about a person, then answer questions related to the passage.","sentences, decisions, language","$0.40","Sun May 24 15:54:19 PDT 2020","352","BatchId:4051356;OriginalHitTemplateId:920937340;","7200","172800","Sun May 24 19:54:19 PDT 2020","","","3GGAI1SQEVYAB19EV740D88G6W1MCH","A1GBA6I9Z4J9YW","Submitted","Sun May 24 17:49:08 PDT 2020","Sun May 24 17:53:04 PDT 2020","Tue May 26 17:53:04 PDT 2020","","","","236","0% (0/0)","0% (0/0)","0% (0/0)","qzprn7wqnmqor1nkajyl"
"30UZJB2POHCM4AUVKD7CFJXIC8753M","32KI9HN0SH8Q5EEER27HJI3DITGU1K","Reading a passage and responding to questions","You will read a short passage about a person, then answer questions related to the passage.","sentences, decisions, language","$0.40","Sun May 24 15:54:19 PDT 2020","352","BatchId:4051356;OriginalHitTemplateId:920937340;","7200","172800","Sun May 24 19:54:19 PDT 2020","","","3BV8HQ2ZZW1KTJROOD1SIHL6GT3A6V","A1IJSF4ZZO3MEX","Submitted","Sun May 24 18:02:38 PDT 2020","Sun May 24 18:30:59 PDT 2020","Tue May 26 18:30:59 PDT 2020","","","","1701","0% (0/0)","0% (0/0)","0% (0/0)","vajlb4uwt4ghnv6a3a83"
"30UZJB2POHCM4AUVKD7CFJXIC8753M","32KI9HN0SH8Q5EEER27HJI3DITGU1K","Reading a passage and responding to questions","You will read a short passage about a person, then answer questions related to the passage.","sentences, decisions, language","$0.40","Sun May 24 15:54:19 PDT 2020","352","BatchId:4051356;OriginalHitTemplateId:920937340;","7200","172800","Sun May 24 19:54:19 PDT 2020","","","35GCEFQ6I5OMX8CEH3JTS70VFOG3ZT","A1KY0KOA9VWROL","Submitted","Sun May 24 19:52:29 PDT 2020","Sun May 24 19:57:46 PDT 2020","Tue May 26 19:57:46 PDT 2020","","","","317","0% (0/0)","0% (0/0)","0% (0/0)","nxm0nebeb3hj78j6kmfb"
"30UZJB2POHCM4AUVKD7CFJXIC8753M","32KI9HN0SH8Q5EEER27HJI3DITGU1K","Reading a passage and responding to questions","You will read a short passage about a person, then answer questions related to the passage.","sentences, decisions, language","$0.40","Sun May 24 15:54:19 PDT 2020","352","BatchId:4051356;OriginalHitTemplateId:920937340;","7200","172800","Sun May 24 19:54:19 PDT 2020","","","3K9FOBBF2HJ9WNOKKLCZT6N35VJLNQ","A1ON2W7RMF3X5O","Submitted","Sun May 24 16:20:42 PDT 2020","Sun May 24 16:23:58 PDT 2020","Tue May 26 16:23:58 PDT 2020","","","","196","0% (0/0)","0% (0/0)","0% (0/0)","q24ldh86wu6q34l578qj"
"30UZJB2POHCM4AUVKD7CFJXIC8753M","32KI9HN0SH8Q5EEER27HJI3DITGU1K","Reading a passage and responding to questions","You will read a short passage about a person, then answer questions related to the passage.","sentences, decisions, language","$0.40","Sun May 24 15:54:19 PDT 2020","352","BatchId:4051356;OriginalHitTemplateId:920937340;","7200","172800","Sun May 24 19:54:19 PDT 2020","","","3A4NIXBJ76Z3E53K8KXZGRY305HLMY","A1T8EFHGSEE3RD","Submitted","Sun May 24 18:06:12 PDT 2020","Sun May 24 18:32:50 PDT 2020","Tue May 26 18:32:50 PDT 2020","","","","1598","0% (0/0)","0% (0/0)","0% (0/0)","98kb43lago6dl51nyjnd"
"30UZJB2POHCM4AUVKD7CFJXIC8753M","32KI9HN0SH8Q5EEER27HJI3DITGU1K","Reading a passage and responding to questions","You will read a short passage about a person, then answer questions related to the passage.","sentences, decisions, language","$0.40","Sun May 24 15:54:19 PDT 2020","352","BatchId:4051356;OriginalHitTemplateId:920937340;","7200","172800","Sun May 24 19:54:19 PDT 2020","","","3WMINLGALB39900PY4EV4HDGCFCACL","A1TNHEKKAQWN1Q","Submitted","Sun May 24 17:39:14 PDT 2020","Sun May 24 17:46:20 PDT 2020","Tue May 26 17:46:20 PDT 2020","","","","426","0% (0/0)","0% (0/0)","0% (0/0)","xq36n3sxwqxvmvz44qvs"
"30UZJB2POHCM4AUVKD7CFJXIC8753M","32KI9HN0SH8Q5EEER27HJI3DITGU1K","Reading a passage and responding to questions","You will read a short passage about a person, then answer questions related to the passage.","sentences, decisions, language","$0.40","Sun May 24 15:54:19 PDT 2020","352","BatchId:4051356;OriginalHitTemplateId:920937340;","7200","172800","Sun May 24 19:54:19 PDT 2020","","","3PH3VY7DJLXJO6E2RNUVX4BSDGWZWF","A1UINZ8SRT69DB","Submitted","Sun May 24 16:43:11 PDT 2020","Sun May 24 16:54:45 PDT 2020","Tue May 26 16:54:45 PDT 2020","","","","694","0% (0/0)","0% (0/0)","0% (0/0)","losx0pv4blohbmabhrc1"
"30UZJB2POHCM4AUVKD7CFJXIC8753M","32KI9HN0SH8Q5EEER27HJI3DITGU1K","Reading a passage and responding to questions","You will read a short passage about a person, then answer questions related to the passage.","sentences, decisions, language","$0.40","Sun May 24 15:54:19 PDT 2020","352","BatchId:4051356;OriginalHitTemplateId:920937340;","7200","172800","Sun May 24 19:54:19 PDT 2020","","","3TESA3PJ31ANKNL58WYEG4DS0BDMM9","A1VQR8VJTO2WAO","Submitted","Sun May 24 19:24:27 PDT 2020","Sun May 24 19:30:14 PDT 2020","Tue May 26 19:30:14 PDT 2020","","","","347","0% (0/0)","0% (0/0)","0% (0/0)","hxxe0ywkucj13aztu7oz"
"30UZJB2POHCM4AUVKD7CFJXIC8753M","32KI9HN0SH8Q5EEER27HJI3DITGU1K","Reading a passage and responding to questions","You will read a short passage about a person, then answer questions related to the passage.","sentences, decisions, language","$0.40","Sun May 24 15:54:19 PDT 2020","352","BatchId:4051356;OriginalHitTemplateId:920937340;","7200","172800","Sun May 24 19:54:19 PDT 2020","","","3GLB5JMZFXVKOJJ6K01GK961VB5GD9","A1XBESAVY145F4","Submitted","Sun May 24 18:23:00 PDT 2020","Sun May 24 18:32:06 PDT 2020","Tue May 26 18:32:06 PDT 2020","","","","546","0% (0/0)","0% (0/0)","0% (0/0)","90eneta05qeedyuoy93k"
"30UZJB2POHCM4AUVKD7CFJXIC8753M","32KI9HN0SH8Q5EEER27HJI3DITGU1K","Reading a passage and responding to questions","You will read a short passage about a person, then answer questions related to the passage.","sentences, decisions, language","$0.40","Sun May 24 15:54:19 PDT 2020","352","BatchId:4051356;OriginalHitTemplateId:920937340;","7200","172800","Sun May 24 19:54:19 PDT 2020","","","345LHZDEDXS5B9I4BGKLBFLGD5NU3F","A1Y2HID85GGCDN","Submitted","Sun May 24 16:56:52 PDT 2020","Sun May 24 17:02:02 PDT 2020","Tue May 26 17:02:02 PDT 2020","","","","310","0% (0/0)","0% (0/0)","0% (0/0)","a88ctmco9lbxafkkm40f"
"30UZJB2POHCM4AUVKD7CFJXIC8753M","32KI9HN0SH8Q5EEER27HJI3DITGU1K","Reading a passage and responding to questions","You will read a short passage about a person, then answer questions related to the passage.","sentences, decisions, language","$0.40","Sun May 24 15:54:19 PDT 2020","352","BatchId:4051356;OriginalHitTemplateId:920937340;","7200","172800","Sun May 24 19:54:19 PDT 2020","","","34HJIJKLP5WQ6KQ8GKZ9H6F55CT4V0","A1Y7TYVUO3Q8U4","Submitted","Sun May 24 16:59:05 PDT 2020","Sun May 24 17:12:40 PDT 2020","Tue May 26 17:12:40 PDT 2020","","","","815","0% (0/0)","0% (0/0)","0% (0/0)","fgelv8f9ay36tnhudwmd"
"30UZJB2POHCM4AUVKD7CFJXIC8753M","32KI9HN0SH8Q5EEER27HJI3DITGU1K","Reading a passage and responding to questions","You will read a short passage about a person, then answer questions related to the passage.","sentences, decisions, language","$0.40","Sun May 24 15:54:19 PDT 2020","352","BatchId:4051356;OriginalHitTemplateId:920937340;","7200","172800","Sun May 24 19:54:19 PDT 2020","","","3TVSS0C0E10N2U53LV5DBGABSK9TWS","A1Z08W946P7WZJ","Submitted","Sun May 24 16:25:56 PDT 2020","Sun May 24 16:36:19 PDT 2020","Tue May 26 16:36:19 PDT 2020","","","","623","0% (0/0)","0% (0/0)","0% (0/0)","reqfg8cx246zoszmrnff"
"30UZJB2POHCM4AUVKD7CFJXIC8753M","32KI9HN0SH8Q5EEER27HJI3DITGU1K","Reading a passage and responding to questions","You will read a short passage about a person, then answer questions related to the passage.","sentences, decisions, language","$0.40","Sun May 24 15:54:19 PDT 2020","352","BatchId:4051356;OriginalHitTemplateId:920937340;","7200","172800","Sun May 24 19:54:19 PDT 2020","","","3SLE99ER0NDR03GRWWYZAQY73GTBZS","A20HLOH41YWP9O","Submitted","Sun May 24 19:51:03 PDT 2020","Sun May 24 20:03:39 PDT 2020","Tue May 26 20:03:39 PDT 2020","","","","756","0% (0/0)","0% (0/0)","0% (0/0)","ltopym6gqvymkzwqbmcs"
"30UZJB2POHCM4AUVKD7CFJXIC8753M","32KI9HN0SH8Q5EEER27HJI3DITGU1K","Reading a passage and responding to questions","You will read a short passage about a person, then answer questions related to the passage.","sentences, decisions, language","$0.40","Sun May 24 15:54:19 PDT 2020","352","BatchId:4051356;OriginalHitTemplateId:920937340;","7200","172800","Sun May 24 19:54:19 PDT 2020","","","3GFK2QRXX9HLHSUDKZNF804XCHM5WC","A20XDCBFKG4TEE","Submitted","Sun May 24 16:03:47 PDT 2020","Sun May 24 16:11:10 PDT 2020","Tue May 26 16:11:10 PDT 2020","","","","443","0% (0/0)","0% (0/0)","0% (0/0)","6kojam9z641k9pkjmwfl"
"30UZJB2POHCM4AUVKD7CFJXIC8753M","32KI9HN0SH8Q5EEER27HJI3DITGU1K","Reading a passage and responding to questions","You will read a short passage about a person, then answer questions related to the passage.","sentences, decisions, language","$0.40","Sun May 24 15:54:19 PDT 2020","352","BatchId:4051356;OriginalHitTemplateId:920937340;","7200","172800","Sun May 24 19:54:19 PDT 2020","","","37UQDCYH6XVNP78RIIXGKIZFWEF7VJ","A237TMG0AIG9PX","Submitted","Sun May 24 16:03:57 PDT 2020","Sun May 24 16:10:25 PDT 2020","Tue May 26 16:10:25 PDT 2020","","","","388","0% (0/0)","0% (0/0)","0% (0/0)","pbcshl7jd60c6j3uvpcv"
"30UZJB2POHCM4AUVKD7CFJXIC8753M","32KI9HN0SH8Q5EEER27HJI3DITGU1K","Reading a passage and responding to questions","You will read a short passage about a person, then answer questions related to the passage.","sentences, decisions, language","$0.40","Sun May 24 15:54:19 PDT 2020","352","BatchId:4051356;OriginalHitTemplateId:920937340;","7200","172800","Sun May 24 19:54:19 PDT 2020","","","3TXWC2NHNZQBBYFG3KQVNR6ES0E9SX","A249LDVPG27XCE","Submitted","Sun May 24 17:11:39 PDT 2020","Sun May 24 17:19:03 PDT 2020","Tue May 26 17:19:03 PDT 2020","","","","444","0% (0/0)","0% (0/0)","0% (0/0)","wh3ossmgdr8h056cu0cw"
"30UZJB2POHCM4AUVKD7CFJXIC8753M","32KI9HN0SH8Q5EEER27HJI3DITGU1K","Reading a passage and responding to questions","You will read a short passage about a person, then answer questions related to the passage.","sentences, decisions, language","$0.40","Sun May 24 15:54:19 PDT 2020","352","BatchId:4051356;OriginalHitTemplateId:920937340;","7200","172800","Sun May 24 19:54:19 PDT 2020","","","3CCZ6YKWR7JA5WH5RODNUGWMEHG593","A25263TCBNX8CW","Submitted","Sun May 24 19:13:28 PDT 2020","Sun May 24 19:46:05 PDT 2020","Tue May 26 19:46:05 PDT 2020","","","","1957","0% (0/0)","0% (0/0)","0% (0/0)","g4tkzx73ney2j1mt2jaf"
"30UZJB2POHCM4AUVKD7CFJXIC8753M","32KI9HN0SH8Q5EEER27HJI3DITGU1K","Reading a passage and responding to questions","You will read a short passage about a person, then answer questions related to the passage.","sentences, decisions, language","$0.40","Sun May 24 15:54:19 PDT 2020","352","BatchId:4051356;OriginalHitTemplateId:920937340;","7200","172800","Sun May 24 19:54:19 PDT 2020","","","3WT783CTPBHESA5H4IERZSXMUXQBCA","A27X63WE1OT1FN","Submitted","Sun May 24 16:06:56 PDT 2020","Sun May 24 16:32:02 PDT 2020","Tue May 26 16:32:02 PDT 2020","","","","1506","0% (0/0)","0% (0/0)","0% (0/0)","h6bup50meaw5nacm5lge"
"30UZJB2POHCM4AUVKD7CFJXIC8753M","32KI9HN0SH8Q5EEER27HJI3DITGU1K","Reading a passage and responding to questions","You will read a short passage about a person, then answer questions related to the passage.","sentences, decisions, language","$0.40","Sun May 24 15:54:19 PDT 2020","352","BatchId:4051356;OriginalHitTemplateId:920937340;","7200","172800","Sun May 24 19:54:19 PDT 2020","","","3UN61F00HWPG9WDRL5D9L1WGK2C5RE","A28B80AZD9HOWX","Submitted","Sun May 24 17:14:07 PDT 2020","Sun May 24 17:22:24 PDT 2020","Tue May 26 17:22:24 PDT 2020","","","","497","0% (0/0)","0% (0/0)","0% (0/0)","91tp1duqfsz4ebre3ad0"
"30UZJB2POHCM4AUVKD7CFJXIC8753M","32KI9HN0SH8Q5EEER27HJI3DITGU1K","Reading a passage and responding to questions","You will read a short passage about a person, then answer questions related to the passage.","sentences, decisions, language","$0.40","Sun May 24 15:54:19 PDT 2020","352","BatchId:4051356;OriginalHitTemplateId:920937340;","7200","172800","Sun May 24 19:54:19 PDT 2020","","","3NPFYT4IZC4YMPONB02SEG9TBS7XGG","A2AGM6DU1WMM5","Submitted","Sun May 24 16:28:00 PDT 2020","Sun May 24 16:30:50 PDT 2020","Tue May 26 16:30:50 PDT 2020","","","","170","0% (0/0)","0% (0/0)","0% (0/0)","zmurrtmzok8tv3cjbxgs"
"30UZJB2POHCM4AUVKD7CFJXIC8753M","32KI9HN0SH8Q5EEER27HJI3DITGU1K","Reading a passage and responding to questions","You will read a short passage about a person, then answer questions related to the passage.","sentences, decisions, language","$0.40","Sun May 24 15:54:19 PDT 2020","352","BatchId:4051356;OriginalHitTemplateId:920937340;","7200","172800","Sun May 24 19:54:19 PDT 2020","","","3483FV8BEEJVOGWKBY8DCZ2845726C","A2BN6V3CNFSVXS","Submitted","Sun May 24 17:10:41 PDT 2020","Sun May 24 17:17:25 PDT 2020","Tue May 26 17:17:25 PDT 2020","","","","404","0% (0/0)","0% (0/0)","0% (0/0)","2e45r65a00nbg8c7v7an"
"30UZJB2POHCM4AUVKD7CFJXIC8753M","32KI9HN0SH8Q5EEER27HJI3DITGU1K","Reading a passage and responding to questions","You will read a short passage about a person, then answer questions related to the passage.","sentences, decisions, language","$0.40","Sun May 24 15:54:19 PDT 2020","352","BatchId:4051356;OriginalHitTemplateId:920937340;","7200","172800","Sun May 24 19:54:19 PDT 2020","","","3FPRZHYEPY75OO74G6UQ71NZRD8V3J","A2BVHH40407LKI","Submitted","Sun May 24 19:27:08 PDT 2020","Sun May 24 20:19:35 PDT 2020","Tue May 26 20:19:35 PDT 2020","","","","3147","0% (0/0)","0% (0/0)","0% (0/0)","h7bft5oct5uyqew35v07"
"30UZJB2POHCM4AUVKD7CFJXIC8753M","32KI9HN0SH8Q5EEER27HJI3DITGU1K","Reading a passage and responding to questions","You will read a short passage about a person, then answer questions related to the passage.","sentences, decisions, language","$0.40","Sun May 24 15:54:19 PDT 2020","352","BatchId:4051356;OriginalHitTemplateId:920937340;","7200","172800","Sun May 24 19:54:19 PDT 2020","","","3P59JYT76LK1QE7W7BG6N9UMODGT2C","A2D3UGXX4UL4AF","Submitted","Sun May 24 16:52:16 PDT 2020","Sun May 24 16:57:19 PDT 2020","Tue May 26 16:57:19 PDT 2020","","","","303","0% (0/0)","0% (0/0)","0% (0/0)","ltanpd3ys2kn3zyww8d0"
"30UZJB2POHCM4AUVKD7CFJXIC8753M","32KI9HN0SH8Q5EEER27HJI3DITGU1K","Reading a passage and responding to questions","You will read a short passage about a person, then answer questions related to the passage.","sentences, decisions, language","$0.40","Sun May 24 15:54:19 PDT 2020","352","BatchId:4051356;OriginalHitTemplateId:920937340;","7200","172800","Sun May 24 19:54:19 PDT 2020","","","3EJPLAJKEMGLURZW05HRZACFPE0Z6B","A2DBNCUF4O3EMG","Submitted","Sun May 24 15:58:55 PDT 2020","Sun May 24 16:03:35 PDT 2020","Tue May 26 16:03:35 PDT 2020","","","","280","0% (0/0)","0% (0/0)","0% (0/0)","wkgna5xtbuu0v1l63bkx"
"30UZJB2POHCM4AUVKD7CFJXIC8753M","32KI9HN0SH8Q5EEER27HJI3DITGU1K","Reading a passage and responding to questions","You will read a short passage about a person, then answer questions related to the passage.","sentences, decisions, language","$0.40","Sun May 24 15:54:19 PDT 2020","352","BatchId:4051356;OriginalHitTemplateId:920937340;","7200","172800","Sun May 24 19:54:19 PDT 2020","","","340UGXU9DY1PNIKNVQQRUADZ4PCVU9","A2DLH5XGBNYXWS","Submitted","Sun May 24 15:55:22 PDT 2020","Sun May 24 16:02:26 PDT 2020","Tue May 26 16:02:26 PDT 2020","","","","424","100% (2/2)","0% (0/0)","0% (0/0)","a0z3bvo33v4bbpq2vd7c"
"30UZJB2POHCM4AUVKD7CFJXIC8753M","32KI9HN0SH8Q5EEER27HJI3DITGU1K","Reading a passage and responding to questions","You will read a short passage about a person, then answer questions related to the passage.","sentences, decisions, language","$0.40","Sun May 24 15:54:19 PDT 2020","352","BatchId:4051356;OriginalHitTemplateId:920937340;","7200","172800","Sun May 24 19:54:19 PDT 2020","","","3WZ36BJEV3GVER7SQ49HO2XQIJXBT0","A2DOMBSKO75VV7","Submitted","Sun May 24 17:46:03 PDT 2020","Sun May 24 17:54:15 PDT 2020","Tue May 26 17:54:15 PDT 2020","","","","492","0% (0/0)","0% (0/0)","0% (0/0)","0lmtfhkjvnjaee3jkzql"
"30UZJB2POHCM4AUVKD7CFJXIC8753M","32KI9HN0SH8Q5EEER27HJI3DITGU1K","Reading a passage and responding to questions","You will read a short passage about a person, then answer questions related to the passage.","sentences, decisions, language","$0.40","Sun May 24 15:54:19 PDT 2020","352","BatchId:4051356;OriginalHitTemplateId:920937340;","7200","172800","Sun May 24 19:54:19 PDT 2020","","","32Q90QCQ1SLUIBTP6MXFOJGF23HKE1","A2EH7IQCDH2Q5D","Submitted","Sun May 24 17:25:27 PDT 2020","Sun May 24 17:32:06 PDT 2020","Tue May 26 17:32:06 PDT 2020","","","","399","0% (0/0)","0% (0/0)","0% (0/0)","e3579st40b4eh61cxaud"
"30UZJB2POHCM4AUVKD7CFJXIC8753M","32KI9HN0SH8Q5EEER27HJI3DITGU1K","Reading a passage and responding to questions","You will read a short passage about a person, then answer questions related to the passage.","sentences, decisions, language","$0.40","Sun May 24 15:54:19 PDT 2020","352","BatchId:4051356;OriginalHitTemplateId:920937340;","7200","172800","Sun May 24 19:54:19 PDT 2020","","","3WJEQKOXA82PMXQRI7PBNLUP8IGA1Q","A2EI2KLQOYQPS4","Submitted","Sun May 24 16:28:34 PDT 2020","Sun May 24 16:34:20 PDT 2020","Tue May 26 16:34:20 PDT 2020","","","","346","0% (0/0)","0% (0/0)","0% (0/0)","ryaynd8fo303ae5ux3cu"
"30UZJB2POHCM4AUVKD7CFJXIC8753M","32KI9HN0SH8Q5EEER27HJI3DITGU1K","Reading a passage and responding to questions","You will read a short passage about a person, then answer questions related to the passage.","sentences, decisions, language","$0.40","Sun May 24 15:54:19 PDT 2020","352","BatchId:4051356;OriginalHitTemplateId:920937340;","7200","172800","Sun May 24 19:54:19 PDT 2020","","","3QL2OFSM96IGTJUE78J0QNXGBM6CN2","A2FIIKZ4IQX8D8","Submitted","Sun May 24 16:29:31 PDT 2020","Sun May 24 18:01:44 PDT 2020","Tue May 26 18:01:44 PDT 2020","","","","5533","0% (0/0)","0% (0/0)","0% (0/0)","cxsnlw59q9ynznne5rfp"
"30UZJB2POHCM4AUVKD7CFJXIC8753M","32KI9HN0SH8Q5EEER27HJI3DITGU1K","Reading a passage and responding to questions","You will read a short passage about a person, then answer questions related to the passage.","sentences, decisions, language","$0.40","Sun May 24 15:54:19 PDT 2020","352","BatchId:4051356;OriginalHitTemplateId:920937340;","7200","172800","Sun May 24 19:54:19 PDT 2020","","","3ZSY5X72NXB2H6J9QK98U7W71XDORY","A2FNVM104ZE4U4","Submitted","Sun May 24 16:23:28 PDT 2020","Sun May 24 16:28:53 PDT 2020","Tue May 26 16:28:53 PDT 2020","","","","325","0% (0/0)","0% (0/0)","0% (0/0)","qnllmby0o1g6lbtw1r62"
"30UZJB2POHCM4AUVKD7CFJXIC8753M","32KI9HN0SH8Q5EEER27HJI3DITGU1K","Reading a passage and responding to questions","You will read a short passage about a person, then answer questions related to the passage.","sentences, decisions, language","$0.40","Sun May 24 15:54:19 PDT 2020","352","BatchId:4051356;OriginalHitTemplateId:920937340;","7200","172800","Sun May 24 19:54:19 PDT 2020","","","31JLPPHS2UUAY4Y7FU8CC9TRVKA3OO","A2FT8LC14YWDQM","Submitted","Sun May 24 19:04:55 PDT 2020","Sun May 24 19:08:27 PDT 2020","Tue May 26 19:08:27 PDT 2020","","","","212","0% (0/0)","0% (0/0)","0% (0/0)","c419p55dbc1tdvgg0jdg"
"30UZJB2POHCM4AUVKD7CFJXIC8753M","32KI9HN0SH8Q5EEER27HJI3DITGU1K","Reading a passage and responding to questions","You will read a short passage about a person, then answer questions related to the passage.","sentences, decisions, language","$0.40","Sun May 24 15:54:19 PDT 2020","352","BatchId:4051356;OriginalHitTemplateId:920937340;","7200","172800","Sun May 24 19:54:19 PDT 2020","","","3Z7EFSHGN9EL5D8I9E69OPOED1UXCN","A2KFOOEQWGN0GK","Submitted","Sun May 24 19:44:59 PDT 2020","Sun May 24 19:50:21 PDT 2020","Tue May 26 19:50:21 PDT 2020","","","","322","100% (1/1)","0% (0/0)","0% (0/0)","2pvr0deqc3lb7x4604pj"
"30UZJB2POHCM4AUVKD7CFJXIC8753M","32KI9HN0SH8Q5EEER27HJI3DITGU1K","Reading a passage and responding to questions","You will read a short passage about a person, then answer questions related to the passage.","sentences, decisions, language","$0.40","Sun May 24 15:54:19 PDT 2020","352","BatchId:4051356;OriginalHitTemplateId:920937340;","7200","172800","Sun May 24 19:54:19 PDT 2020","","","3PS7W85Z8Z2CQYSVSKVLXW20UKZ9TV","A2KJNJHJTW43AO","Submitted","Sun May 24 18:37:12 PDT 2020","Sun May 24 19:31:22 PDT 2020","Tue May 26 19:31:22 PDT 2020","","","","3250","0% (0/0)","0% (0/0)","0% (0/0)","A2KJNJHJTW43AO"
"30UZJB2POHCM4AUVKD7CFJXIC8753M","32KI9HN0SH8Q5EEER27HJI3DITGU1K","Reading a passage and responding to questions","You will read a short passage about a person, then answer questions related to the passage.","sentences, decisions, language","$0.40","Sun May 24 15:54:19 PDT 2020","352","BatchId:4051356;OriginalHitTemplateId:920937340;","7200","172800","Sun May 24 19:54:19 PDT 2020","","","3V0Z7YWSIY0G36BLC6GLORI7LZ52VC","A2LE8VTSBGZ70X","Submitted","Sun May 24 18:30:52 PDT 2020","Sun May 24 18:42:04 PDT 2020","Tue May 26 18:42:04 PDT 2020","","","","672","0% (0/0)","0% (0/0)","0% (0/0)","4nwkxcuuoh2kdhbz68d9"
"30UZJB2POHCM4AUVKD7CFJXIC8753M","32KI9HN0SH8Q5EEER27HJI3DITGU1K","Reading a passage and responding to questions","You will read a short passage about a person, then answer questions related to the passage.","sentences, decisions, language","$0.40","Sun May 24 15:54:19 PDT 2020","352","BatchId:4051356;OriginalHitTemplateId:920937340;","7200","172800","Sun May 24 19:54:19 PDT 2020","","","3TYCR1GOTCJ3DC23N9NTOTUCF9SZLM","A2MI6AUNBXGL47","Submitted","Sun May 24 16:41:44 PDT 2020","Sun May 24 16:47:21 PDT 2020","Tue May 26 16:47:21 PDT 2020","","","","337","0% (0/0)","0% (0/0)","0% (0/0)","j3u807rcwj86b7nl2a7w"
"30UZJB2POHCM4AUVKD7CFJXIC8753M","32KI9HN0SH8Q5EEER27HJI3DITGU1K","Reading a passage and responding to questions","You will read a short passage about a person, then answer questions related to the passage.","sentences, decisions, language","$0.40","Sun May 24 15:54:19 PDT 2020","352","BatchId:4051356;OriginalHitTemplateId:920937340;","7200","172800","Sun May 24 19:54:19 PDT 2020","","","3QEMNNSB2XZ1VQ85RXXMEWT8W8P7D0","A2OPV173ISAT0D","Submitted","Sun May 24 19:09:44 PDT 2020","Sun May 24 19:16:35 PDT 2020","Tue May 26 19:16:35 PDT 2020","","","","411","0% (0/0)","0% (0/0)","0% (0/0)","xqa51zrhto6mxmx4vvpr"
"30UZJB2POHCM4AUVKD7CFJXIC8753M","32KI9HN0SH8Q5EEER27HJI3DITGU1K","Reading a passage and responding to questions","You will read a short passage about a person, then answer questions related to the passage.","sentences, decisions, language","$0.40","Sun May 24 15:54:19 PDT 2020","352","BatchId:4051356;OriginalHitTemplateId:920937340;","7200","172800","Sun May 24 19:54:19 PDT 2020","","","3H0W84IWBK2G5F6KW66CPV2TXWIERX","A2Q37MKHQS004T","Submitted","Sun May 24 18:36:51 PDT 2020","Sun May 24 18:41:41 PDT 2020","Tue May 26 18:41:41 PDT 2020","","","","290","0% (0/0)","0% (0/0)","0% (0/0)","c55mgzt7qfzd6rvf9wpk"
"30UZJB2POHCM4AUVKD7CFJXIC8753M","32KI9HN0SH8Q5EEER27HJI3DITGU1K","Reading a passage and responding to questions","You will read a short passage about a person, then answer questions related to the passage.","sentences, decisions, language","$0.40","Sun May 24 15:54:19 PDT 2020","352","BatchId:4051356;OriginalHitTemplateId:920937340;","7200","172800","Sun May 24 19:54:19 PDT 2020","","","3LKC68YZ3A37P20VPEJEH64OTD3OWE","A2Q7H6Z0YS2ICQ","Submitted","Sun May 24 18:41:32 PDT 2020","Sun May 24 18:46:53 PDT 2020","Tue May 26 18:46:53 PDT 2020","","","","321","0% (0/0)","0% (0/0)","0% (0/0)","otlqwx43jjmj6f9f1axd"
"30UZJB2POHCM4AUVKD7CFJXIC8753M","32KI9HN0SH8Q5EEER27HJI3DITGU1K","Reading a passage and responding to questions","You will read a short passage about a person, then answer questions related to the passage.","sentences, decisions, language","$0.40","Sun May 24 15:54:19 PDT 2020","352","BatchId:4051356;OriginalHitTemplateId:920937340;","7200","172800","Sun May 24 19:54:19 PDT 2020","","","3S3AMIZX3U577731IE5XUILMXJIDC1","A2SYDD8X94MWIQ","Submitted","Sun May 24 19:41:32 PDT 2020","Sun May 24 19:45:48 PDT 2020","Tue May 26 19:45:48 PDT 2020","","","","256","0% (0/0)","0% (0/0)","0% (0/0)","72vj31s684c1ywlosalv"
"30UZJB2POHCM4AUVKD7CFJXIC8753M","32KI9HN0SH8Q5EEER27HJI3DITGU1K","Reading a passage and responding to questions","You will read a short passage about a person, then answer questions related to the passage.","sentences, decisions, language","$0.40","Sun May 24 15:54:19 PDT 2020","352","BatchId:4051356;OriginalHitTemplateId:920937340;","7200","172800","Sun May 24 19:54:19 PDT 2020","","","3DH6GAKTYYPNDB926OCJI1W8OOVZYD","A2U3723LKNMHAI","Submitted","Sun May 24 16:27:34 PDT 2020","Sun May 24 16:34:52 PDT 2020","Tue May 26 16:34:52 PDT 2020","","","","438","0% (0/0)","0% (0/0)","0% (0/0)","qd5u8egth5a1bpr7t1x3"
"30UZJB2POHCM4AUVKD7CFJXIC8753M","32KI9HN0SH8Q5EEER27HJI3DITGU1K","Reading a passage and responding to questions","You will read a short passage about a person, then answer questions related to the passage.","sentences, decisions, language","$0.40","Sun May 24 15:54:19 PDT 2020","352","BatchId:4051356;OriginalHitTemplateId:920937340;","7200","172800","Sun May 24 19:54:19 PDT 2020","","","37TRT2X24QR10OBNEAVDMWAHKIABJ1","A2X2CN7XX6C96N","Submitted","Sun May 24 18:23:06 PDT 2020","Sun May 24 18:27:41 PDT 2020","Tue May 26 18:27:41 PDT 2020","","","","275","0% (0/0)","0% (0/0)","0% (0/0)","bme7qw55p7nhl62veee5"
"30UZJB2POHCM4AUVKD7CFJXIC8753M","32KI9HN0SH8Q5EEER27HJI3DITGU1K","Reading a passage and responding to questions","You will read a short passage about a person, then answer questions related to the passage.","sentences, decisions, language","$0.40","Sun May 24 15:54:19 PDT 2020","352","BatchId:4051356;OriginalHitTemplateId:920937340;","7200","172800","Sun May 24 19:54:19 PDT 2020","","","3KMS4QQVK2QMOPTL1XHL611FE56FKQ","A2XHWGD3XZ1I0D","Submitted","Sun May 24 19:23:24 PDT 2020","Sun May 24 19:27:58 PDT 2020","Tue May 26 19:27:58 PDT 2020","","","","274","0% (0/0)","0% (0/0)","0% (0/0)","c4hw391phy51jro89k0j"
"30UZJB2POHCM4AUVKD7CFJXIC8753M","32KI9HN0SH8Q5EEER27HJI3DITGU1K","Reading a passage and responding to questions","You will read a short passage about a person, then answer questions related to the passage.","sentences, decisions, language","$0.40","Sun May 24 15:54:19 PDT 2020","352","BatchId:4051356;OriginalHitTemplateId:920937340;","7200","172800","Sun May 24 19:54:19 PDT 2020","","","3NAPMVF0ZWFESGAPU8D5ID24ZHW27I","A2ZZA230PGACGX","Submitted","Sun May 24 18:10:05 PDT 2020","Sun May 24 18:13:46 PDT 2020","Tue May 26 18:13:46 PDT 2020","","","","221","0% (0/0)","0% (0/0)","0% (0/0)","jv2mzauwcflbdfhjq3vw"
"30UZJB2POHCM4AUVKD7CFJXIC8753M","32KI9HN0SH8Q5EEER27HJI3DITGU1K","Reading a passage and responding to questions","You will read a short passage about a person, then answer questions related to the passage.","sentences, decisions, language","$0.40","Sun May 24 15:54:19 PDT 2020","352","BatchId:4051356;OriginalHitTemplateId:920937340;","7200","172800","Sun May 24 19:54:19 PDT 2020","","","39OWYR0EPKRH8UI25CICF9GQCJZYFM","A30258S6U19AY2","Submitted","Sun May 24 15:56:19 PDT 2020","Sun May 24 16:03:57 PDT 2020","Tue May 26 16:03:57 PDT 2020","","","","458","0% (0/0)","0% (0/0)","0% (0/0)","h8d8b60xm4ptzzuczvpw"
"30UZJB2POHCM4AUVKD7CFJXIC8753M","32KI9HN0SH8Q5EEER27HJI3DITGU1K","Reading a passage and responding to questions","You will read a short passage about a person, then answer questions related to the passage.","sentences, decisions, language","$0.40","Sun May 24 15:54:19 PDT 2020","352","BatchId:4051356;OriginalHitTemplateId:920937340;","7200","172800","Sun May 24 19:54:19 PDT 2020","","","3R2UR8A0IAGME25LZJF0JPIV2EWOXS","A31Z5TPD8QKE26","Submitted","Sun May 24 15:56:41 PDT 2020","Sun May 24 16:02:33 PDT 2020","Tue May 26 16:02:33 PDT 2020","","","","352","0% (0/0)","0% (0/0)","0% (0/0)","gw4sbotsaqdap54x8rce"
"30UZJB2POHCM4AUVKD7CFJXIC8753M","32KI9HN0SH8Q5EEER27HJI3DITGU1K","Reading a passage and responding to questions","You will read a short passage about a person, then answer questions related to the passage.","sentences, decisions, language","$0.40","Sun May 24 15:54:19 PDT 2020","352","BatchId:4051356;OriginalHitTemplateId:920937340;","7200","172800","Sun May 24 19:54:19 PDT 2020","","","3YGXWBAF70HU7BK8P344RERGK6PC4N","A344LLSZXN3WL6","Submitted","Sun May 24 19:37:51 PDT 2020","Sun May 24 19:44:04 PDT 2020","Tue May 26 19:44:04 PDT 2020","","","","373","0% (0/0)","0% (0/0)","0% (0/0)","np7xcl57qvs8xotyw4x2"
"30UZJB2POHCM4AUVKD7CFJXIC8753M","32KI9HN0SH8Q5EEER27HJI3DITGU1K","Reading a passage and responding to questions","You will read a short passage about a person, then answer questions related to the passage.","sentences, decisions, language","$0.40","Sun May 24 15:54:19 PDT 2020","352","BatchId:4051356;OriginalHitTemplateId:920937340;","7200","172800","Sun May 24 19:54:19 PDT 2020","","","3RYC5T2D73TK26VA5KMNJ71XB28PRF","A34N2LQWZFRJIF","Submitted","Sun May 24 16:04:49 PDT 2020","Sun May 24 16:07:40 PDT 2020","Tue May 26 16:07:40 PDT 2020","","","","171","0% (0/0)","0% (0/0)","0% (0/0)","4xe1aagkvsojvlah356v"
"30UZJB2POHCM4AUVKD7CFJXIC8753M","32KI9HN0SH8Q5EEER27HJI3DITGU1K","Reading a passage and responding to questions","You will read a short passage about a person, then answer questions related to the passage.","sentences, decisions, language","$0.40","Sun May 24 15:54:19 PDT 2020","352","BatchId:4051356;OriginalHitTemplateId:920937340;","7200","172800","Sun May 24 19:54:19 PDT 2020","","","3UN61F00HWPG9WDRL5D9L1WGK26R5U","A35CRYBHUZZZHO","Submitted","Sun May 24 15:55:00 PDT 2020","Sun May 24 15:59:11 PDT 2020","Tue May 26 15:59:11 PDT 2020","","","","251","0% (0/0)","0% (0/0)","0% (0/0)","gjvq7dcou5px6a5hppgz"
"30UZJB2POHCM4AUVKD7CFJXIC8753M","32KI9HN0SH8Q5EEER27HJI3DITGU1K","Reading a passage and responding to questions","You will read a short passage about a person, then answer questions related to the passage.","sentences, decisions, language","$0.40","Sun May 24 15:54:19 PDT 2020","352","BatchId:4051356;OriginalHitTemplateId:920937340;","7200","172800","Sun May 24 19:54:19 PDT 2020","","","3RKNTXVS3MY6EWNA5P8DLJ1SK2T4A0","A36UZHVNGAP6R6","Submitted","Sun May 24 17:08:39 PDT 2020","Sun May 24 17:30:05 PDT 2020","Tue May 26 17:30:05 PDT 2020","","","","1286","0% (0/0)","0% (0/0)","0% (0/0)","p0j248lcnus1k6otej5t"
"30UZJB2POHCM4AUVKD7CFJXIC8753M","32KI9HN0SH8Q5EEER27HJI3DITGU1K","Reading a passage and responding to questions","You will read a short passage about a person, then answer questions related to the passage.","sentences, decisions, language","$0.40","Sun May 24 15:54:19 PDT 2020","352","BatchId:4051356;OriginalHitTemplateId:920937340;","7200","172800","Sun May 24 19:54:19 PDT 2020","","","3UJ1CZ6IZHPSABD40UDEBB1C64R5SY","A37WTESYAL8K84","Submitted","Sun May 24 16:16:32 PDT 2020","Sun May 24 16:20:12 PDT 2020","Tue May 26 16:20:12 PDT 2020","","","","220","0% (0/0)","0% (0/0)","0% (0/0)","nbyfbyk5ugrkl43jnmse"
"30UZJB2POHCM4AUVKD7CFJXIC8753M","32KI9HN0SH8Q5EEER27HJI3DITGU1K","Reading a passage and responding to questions","You will read a short passage about a person, then answer questions related to the passage.","sentences, decisions, language","$0.40","Sun May 24 15:54:19 PDT 2020","352","BatchId:4051356;OriginalHitTemplateId:920937340;","7200","172800","Sun May 24 19:54:19 PDT 2020","","","30OG32W0SUBVQHES3ZPVGBXJWZYENE","A38K45F4I17TKB","Submitted","Sun May 24 19:51:52 PDT 2020","Sun May 24 19:59:15 PDT 2020","Tue May 26 19:59:15 PDT 2020","","","","443","0% (0/0)","0% (0/0)","0% (0/0)","xlsufehb0zyhh6k5aypv"
"30UZJB2POHCM4AUVKD7CFJXIC8753M","32KI9HN0SH8Q5EEER27HJI3DITGU1K","Reading a passage and responding to questions","You will read a short passage about a person, then answer questions related to the passage.","sentences, decisions, language","$0.40","Sun May 24 15:54:19 PDT 2020","352","BatchId:4051356;OriginalHitTemplateId:920937340;","7200","172800","Sun May 24 19:54:19 PDT 2020","","","35DR22AR5DKXSDCZGLV8VMKK7N63XI","A392WXKX5TYZC2","Submitted","Sun May 24 17:06:51 PDT 2020","Sun May 24 17:09:51 PDT 2020","Tue May 26 17:09:51 PDT 2020","","","","180","0% (0/0)","0% (0/0)","0% (0/0)","v7ux98owslt4hk9x2dxn"
"30UZJB2POHCM4AUVKD7CFJXIC8753M","32KI9HN0SH8Q5EEER27HJI3DITGU1K","Reading a passage and responding to questions","You will read a short passage about a person, then answer questions related to the passage.","sentences, decisions, language","$0.40","Sun May 24 15:54:19 PDT 2020","352","BatchId:4051356;OriginalHitTemplateId:920937340;","7200","172800","Sun May 24 19:54:19 PDT 2020","","","37WLF8U1WPQQ5W0A04EHCVO2L5TK6G","A39QNHNOX4KX6Q","Submitted","Sun May 24 17:24:47 PDT 2020","Sun May 24 17:31:25 PDT 2020","Tue May 26 17:31:25 PDT 2020","","","","398","0% (0/0)","0% (0/0)","0% (0/0)","j48be7czn8x5sma3s9tl"
"30UZJB2POHCM4AUVKD7CFJXIC8753M","32KI9HN0SH8Q5EEER27HJI3DITGU1K","Reading a passage and responding to questions","You will read a short passage about a person, then answer questions related to the passage.","sentences, decisions, language","$0.40","Sun May 24 15:54:19 PDT 2020","352","BatchId:4051356;OriginalHitTemplateId:920937340;","7200","172800","Sun May 24 19:54:19 PDT 2020","","","3Z4AIRP3C6D1IAYKTHHP7T5N93OX1G","A3A6C8329VTSN7","Submitted","Sun May 24 16:27:08 PDT 2020","Sun May 24 16:32:17 PDT 2020","Tue May 26 16:32:17 PDT 2020","","","","309","0% (0/0)","0% (0/0)","0% (0/0)","5r0eqh0h064dguverv84"
"30UZJB2POHCM4AUVKD7CFJXIC8753M","32KI9HN0SH8Q5EEER27HJI3DITGU1K","Reading a passage and responding to questions","You will read a short passage about a person, then answer questions related to the passage.","sentences, decisions, language","$0.40","Sun May 24 15:54:19 PDT 2020","352","BatchId:4051356;OriginalHitTemplateId:920937340;","7200","172800","Sun May 24 19:54:19 PDT 2020","","","3R3YRB5GRF35VUHPKVZVYNZMJFJUAF","A3DAOQPWXEOZFL","Submitted","Sun May 24 17:50:42 PDT 2020","Sun May 24 17:53:40 PDT 2020","Tue May 26 17:53:40 PDT 2020","","","","178","0% (0/0)","0% (0/0)","0% (0/0)","3nthlcwf7t2pdj13jw13"
"30UZJB2POHCM4AUVKD7CFJXIC8753M","32KI9HN0SH8Q5EEER27HJI3DITGU1K","Reading a passage and responding to questions","You will read a short passage about a person, then answer questions related to the passage.","sentences, decisions, language","$0.40","Sun May 24 15:54:19 PDT 2020","352","BatchId:4051356;OriginalHitTemplateId:920937340;","7200","172800","Sun May 24 19:54:19 PDT 2020","","","3X87C8JFV6BH3XW2KM1H9MW320IQS0","A3EU2WTS8IDU0I","Submitted","Sun May 24 17:19:21 PDT 2020","Sun May 24 17:23:51 PDT 2020","Tue May 26 17:23:51 PDT 2020","","","","270","0% (0/0)","0% (0/0)","0% (0/0)","m7289g8vy2gns0zo1top"
"30UZJB2POHCM4AUVKD7CFJXIC8753M","32KI9HN0SH8Q5EEER27HJI3DITGU1K","Reading a passage and responding to questions","You will read a short passage about a person, then answer questions related to the passage.","sentences, decisions, language","$0.40","Sun May 24 15:54:19 PDT 2020","352","BatchId:4051356;OriginalHitTemplateId:920937340;","7200","172800","Sun May 24 19:54:19 PDT 2020","","","31QNSG6A5RTPEVCEAPM6S4F7LHU78W","A3HE8OAC0E81Z8","Submitted","Sun May 24 19:40:39 PDT 2020","Sun May 24 19:54:01 PDT 2020","Tue May 26 19:54:01 PDT 2020","","","","802","0% (0/0)","0% (0/0)","0% (0/0)","gaoslupu662yk6heduee"
"30UZJB2POHCM4AUVKD7CFJXIC8753M","32KI9HN0SH8Q5EEER27HJI3DITGU1K","Reading a passage and responding to questions","You will read a short passage about a person, then answer questions related to the passage.","sentences, decisions, language","$0.40","Sun May 24 15:54:19 PDT 2020","352","BatchId:4051356;OriginalHitTemplateId:920937340;","7200","172800","Sun May 24 19:54:19 PDT 2020","","","3IX2EGZR7BJOGVSCA7H3MBFL233RJI","A3HU10GAQWA5BG","Submitted","Sun May 24 16:24:27 PDT 2020","Sun May 24 16:32:06 PDT 2020","Tue May 26 16:32:06 PDT 2020","","","","459","0% (0/0)","0% (0/0)","0% (0/0)","j601lb0n4xhhsolhgaje"
"30UZJB2POHCM4AUVKD7CFJXIC8753M","32KI9HN0SH8Q5EEER27HJI3DITGU1K","Reading a passage and responding to questions","You will read a short passage about a person, then answer questions related to the passage.","sentences, decisions, language","$0.40","Sun May 24 15:54:19 PDT 2020","352","BatchId:4051356;OriginalHitTemplateId:920937340;","7200","172800","Sun May 24 19:54:19 PDT 2020","","","3VA45EW49NNEO1KSSQUTOGEUXZHO10","A3HZFB2JLF3JMY","Submitted","Sun May 24 15:54:39 PDT 2020","Sun May 24 16:10:35 PDT 2020","Tue May 26 16:10:35 PDT 2020","","","","956","100% (1/1)","0% (0/0)","0% (0/0)","ll69xf4z2rwsn2dwejjy"
"30UZJB2POHCM4AUVKD7CFJXIC8753M","32KI9HN0SH8Q5EEER27HJI3DITGU1K","Reading a passage and responding to questions","You will read a short passage about a person, then answer questions related to the passage.","sentences, decisions, language","$0.40","Sun May 24 15:54:19 PDT 2020","352","BatchId:4051356;OriginalHitTemplateId:920937340;","7200","172800","Sun May 24 19:54:19 PDT 2020","","","3M0BCWMB8VWN68BML9ESBM4PMD8BWJ","A3JCE26B4UHBCH","Submitted","Sun May 24 15:59:37 PDT 2020","Sun May 24 16:11:08 PDT 2020","Tue May 26 16:11:08 PDT 2020","","","","691","0% (0/0)","0% (0/0)","0% (0/0)","6mqyn6ct1m9k6luswd61"
"30UZJB2POHCM4AUVKD7CFJXIC8753M","32KI9HN0SH8Q5EEER27HJI3DITGU1K","Reading a passage and responding to questions","You will read a short passage about a person, then answer questions related to the passage.","sentences, decisions, language","$0.40","Sun May 24 15:54:19 PDT 2020","352","BatchId:4051356;OriginalHitTemplateId:920937340;","7200","172800","Sun May 24 19:54:19 PDT 2020","","","3T111IHZ5EQZAJF3OVQQXH1I6YPR9L","A3K52OBIGIW3R5","Submitted","Sun May 24 15:55:31 PDT 2020","Sun May 24 16:07:40 PDT 2020","Tue May 26 16:07:40 PDT 2020","","","","729","0% (0/0)","0% (0/0)","0% (0/0)","anl3krhlbmjpmk0sr52t"
"30UZJB2POHCM4AUVKD7CFJXIC8753M","32KI9HN0SH8Q5EEER27HJI3DITGU1K","Reading a passage and responding to questions","You will read a short passage about a person, then answer questions related to the passage.","sentences, decisions, language","$0.40","Sun May 24 15:54:19 PDT 2020","352","BatchId:4051356;OriginalHitTemplateId:920937340;","7200","172800","Sun May 24 19:54:19 PDT 2020","","","3X4JMASXCM9UYIA1S2L74RVLL93B0T","A3KT7OAT214P4I","Submitted","Sun May 24 18:12:23 PDT 2020","Sun May 24 18:16:57 PDT 2020","Tue May 26 18:16:57 PDT 2020","","","","274","0% (0/0)","0% (0/0)","0% (0/0)","lzopagq8hs3wn3l55lkx"
"30UZJB2POHCM4AUVKD7CFJXIC8753M","32KI9HN0SH8Q5EEER27HJI3DITGU1K","Reading a passage and responding to questions","You will read a short passage about a person, then answer questions related to the passage.","sentences, decisions, language","$0.40","Sun May 24 15:54:19 PDT 2020","352","BatchId:4051356;OriginalHitTemplateId:920937340;","7200","172800","Sun May 24 19:54:19 PDT 2020","","","3XM0HYN6NKZVT2Q5JE2NK02EWEXPEJ","A3LMGSA908L3TY","Submitted","Sun May 24 19:24:46 PDT 2020","Sun May 24 20:43:14 PDT 2020","Tue May 26 20:43:14 PDT 2020","","","","4708","0% (0/0)","0% (0/0)","0% (0/0)","zdcyouctts28lzf7o1q2"
"30UZJB2POHCM4AUVKD7CFJXIC8753M","32KI9HN0SH8Q5EEER27HJI3DITGU1K","Reading a passage and responding to questions","You will read a short passage about a person, then answer questions related to the passage.","sentences, decisions, language","$0.40","Sun May 24 15:54:19 PDT 2020","352","BatchId:4051356;OriginalHitTemplateId:920937340;","7200","172800","Sun May 24 19:54:19 PDT 2020","","","36NEMU28XFDJPZFJCY41P2FJYDRMW0","A3NAEEY1J3T56D","Submitted","Sun May 24 19:24:18 PDT 2020","Sun May 24 19:42:01 PDT 2020","Tue May 26 19:42:01 PDT 2020","","","","1063","0% (0/0)","0% (0/0)","0% (0/0)","5afkgv63ujc5ygdz12ga"
"30UZJB2POHCM4AUVKD7CFJXIC8753M","32KI9HN0SH8Q5EEER27HJI3DITGU1K","Reading a passage and responding to questions","You will read a short passage about a person, then answer questions related to the passage.","sentences, decisions, language","$0.40","Sun May 24 15:54:19 PDT 2020","352","BatchId:4051356;OriginalHitTemplateId:920937340;","7200","172800","Sun May 24 19:54:19 PDT 2020","","","3BDCF01OGXU38MSYRNLAAMLA9GWLYR","A3NKNOE5HIXXL","Submitted","Sun May 24 18:15:25 PDT 2020","Sun May 24 18:20:14 PDT 2020","Tue May 26 18:20:14 PDT 2020","","","","289","0% (0/0)","0% (0/0)","0% (0/0)","zdcmtvq6nmkk84a1w1ho"
"30UZJB2POHCM4AUVKD7CFJXIC8753M","32KI9HN0SH8Q5EEER27HJI3DITGU1K","Reading a passage and responding to questions","You will read a short passage about a person, then answer questions related to the passage.","sentences, decisions, language","$0.40","Sun May 24 15:54:19 PDT 2020","352","BatchId:4051356;OriginalHitTemplateId:920937340;","7200","172800","Sun May 24 19:54:19 PDT 2020","","","34HJIJKLP5WQ6KQ8GKZ9H6F55CP4VW","A3OY0POKX8NCF5","Submitted","Sun May 24 16:01:07 PDT 2020","Sun May 24 16:04:06 PDT 2020","Tue May 26 16:04:06 PDT 2020","","","","179","0% (0/0)","0% (0/0)","0% (0/0)","07axuo5ofrtbjhypqna3"
"30UZJB2POHCM4AUVKD7CFJXIC8753M","32KI9HN0SH8Q5EEER27HJI3DITGU1K","Reading a passage and responding to questions","You will read a short passage about a person, then answer questions related to the passage.","sentences, decisions, language","$0.40","Sun May 24 15:54:19 PDT 2020","352","BatchId:4051356;OriginalHitTemplateId:920937340;","7200","172800","Sun May 24 19:54:19 PDT 2020","","","3LWJHTCVCCM8ZSRGE21I2NDODBVQFQ","A3PZ5UNL6UK8BX","Submitted","Sun May 24 18:49:11 PDT 2020","Sun May 24 19:09:26 PDT 2020","Tue May 26 19:09:26 PDT 2020","","","","1215","0% (0/0)","0% (0/0)","0% (0/0)","klptvzepam38wyyya64y"
"30UZJB2POHCM4AUVKD7CFJXIC8753M","32KI9HN0SH8Q5EEER27HJI3DITGU1K","Reading a passage and responding to questions","You will read a short passage about a person, then answer questions related to the passage.","sentences, decisions, language","$0.40","Sun May 24 15:54:19 PDT 2020","352","BatchId:4051356;OriginalHitTemplateId:920937340;","7200","172800","Sun May 24 19:54:19 PDT 2020","","","3WYGZ5XF3WFVSUY77HHKD0KU3ULKSX","A3QA5SN0MS74BQ","Submitted","Sun May 24 16:04:55 PDT 2020","Sun May 24 16:13:04 PDT 2020","Tue May 26 16:13:04 PDT 2020","","","","489","0% (0/0)","0% (0/0)","0% (0/0)","c1wwasc43rgczujcfr7v"
"30UZJB2POHCM4AUVKD7CFJXIC8753M","32KI9HN0SH8Q5EEER27HJI3DITGU1K","Reading a passage and responding to questions","You will read a short passage about a person, then answer questions related to the passage.","sentences, decisions, language","$0.40","Sun May 24 15:54:19 PDT 2020","352","BatchId:4051356;OriginalHitTemplateId:920937340;","7200","172800","Sun May 24 19:54:19 PDT 2020","","","31T4R4OBOSGRQY2RR12BUQBQB7ZC7P","A3T4W347Z2MNUX","Submitted","Sun May 24 16:00:10 PDT 2020","Sun May 24 16:06:00 PDT 2020","Tue May 26 16:06:00 PDT 2020","","","","350","0% (0/0)","0% (0/0)","0% (0/0)","80l0ygeenk769mofbehf"
"30UZJB2POHCM4AUVKD7CFJXIC8753M","32KI9HN0SH8Q5EEER27HJI3DITGU1K","Reading a passage and responding to questions","You will read a short passage about a person, then answer questions related to the passage.","sentences, decisions, language","$0.40","Sun May 24 15:54:19 PDT 2020","352","BatchId:4051356;OriginalHitTemplateId:920937340;","7200","172800","Sun May 24 19:54:19 PDT 2020","","","30BXRYBRP4XXXLE8L1OOXX7NHQCWHJ","A6RNZ5DABFI8A","Submitted","Sun May 24 15:57:03 PDT 2020","Sun May 24 16:01:48 PDT 2020","Tue May 26 16:01:48 PDT 2020","","","","285","0% (0/0)","0% (0/0)","0% (0/0)","6wp66segv4v4gq072vzq"
"30UZJB2POHCM4AUVKD7CFJXIC8753M","32KI9HN0SH8Q5EEER27HJI3DITGU1K","Reading a passage and responding to questions","You will read a short passage about a person, then answer questions related to the passage.","sentences, decisions, language","$0.40","Sun May 24 15:54:19 PDT 2020","352","BatchId:4051356;OriginalHitTemplateId:920937340;","7200","172800","Sun May 24 19:54:19 PDT 2020","","","3C5W7UE9CFQYEZK9M30NRLTQ7FSXMZ","A6UMRB600WFC3","Submitted","Sun May 24 18:18:58 PDT 2020","Sun May 24 18:21:22 PDT 2020","Tue May 26 18:21:22 PDT 2020","","","","144","0% (0/0)","0% (0/0)","0% (0/0)","a4av64mht16a4z3hsppd"
"30UZJB2POHCM4AUVKD7CFJXIC8753M","32KI9HN0SH8Q5EEER27HJI3DITGU1K","Reading a passage and responding to questions","You will read a short passage about a person, then answer questions related to the passage.","sentences, decisions, language","$0.40","Sun May 24 15:54:19 PDT 2020","352","BatchId:4051356;OriginalHitTemplateId:920937340;","7200","172800","Sun May 24 19:54:19 PDT 2020","","","3IQ1VMJRYTK7B2TMMK442RC86VIA9F","A7GVNWSCFN20T","Submitted","Sun May 24 19:45:06 PDT 2020","Sun May 24 21:11:47 PDT 2020","Tue May 26 21:11:47 PDT 2020","","","","5201","0% (0/0)","0% (0/0)","0% (0/0)","xepolxtaxwm76q27c6lc"
"30UZJB2POHCM4AUVKD7CFJXIC8753M","32KI9HN0SH8Q5EEER27HJI3DITGU1K","Reading a passage and responding to questions","You will read a short passage about a person, then answer questions related to the passage.","sentences, decisions, language","$0.40","Sun May 24 15:54:19 PDT 2020","352","BatchId:4051356;OriginalHitTemplateId:920937340;","7200","172800","Sun May 24 19:54:19 PDT 2020","","","3KXIR214I4GH9TS6SAFYF1IU8FD427","A9DEGNR0707LR","Submitted","Sun May 24 19:52:36 PDT 2020","Sun May 24 20:04:04 PDT 2020","Tue May 26 20:04:04 PDT 2020","","","","688","0% (0/0)","0% (0/0)","0% (0/0)","zlrdnbq0vxvnfbkzge1x"
"30UZJB2POHCM4AUVKD7CFJXIC8753M","32KI9HN0SH8Q5EEER27HJI3DITGU1K","Reading a passage and responding to questions","You will read a short passage about a person, then answer questions related to the passage.","sentences, decisions, language","$0.40","Sun May 24 15:54:19 PDT 2020","352","BatchId:4051356;OriginalHitTemplateId:920937340;","7200","172800","Sun May 24 19:54:19 PDT 2020","","","3ERMJ6L4DYS4ZKEI4QWPXMG25MIM7Y","AA402T4YY1S7N","Submitted","Sun May 24 19:22:44 PDT 2020","Sun May 24 20:28:12 PDT 2020","Tue May 26 20:28:12 PDT 2020","","","","3928","0% (0/0)","0% (0/0)","0% (0/0)","9mujwec2hh65p9r17prz"
"30UZJB2POHCM4AUVKD7CFJXIC8753M","32KI9HN0SH8Q5EEER27HJI3DITGU1K","Reading a passage and responding to questions","You will read a short passage about a person, then answer questions related to the passage.","sentences, decisions, language","$0.40","Sun May 24 15:54:19 PDT 2020","352","BatchId:4051356;OriginalHitTemplateId:920937340;","7200","172800","Sun May 24 19:54:19 PDT 2020","","","3NPFYT4IZC4YMPONB02SEG9TBTJGXD","AC5TD6HUVACEE","Submitted","Sun May 24 18:53:12 PDT 2020","Sun May 24 19:03:46 PDT 2020","Tue May 26 19:03:46 PDT 2020","","","","634","0% (0/0)","0% (0/0)","0% (0/0)","z1g541wbyjogm6pnn6kb"
"30UZJB2POHCM4AUVKD7CFJXIC8753M","32KI9HN0SH8Q5EEER27HJI3DITGU1K","Reading a passage and responding to questions","You will read a short passage about a person, then answer questions related to the passage.","sentences, decisions, language","$0.40","Sun May 24 15:54:19 PDT 2020","352","BatchId:4051356;OriginalHitTemplateId:920937340;","7200","172800","Sun May 24 19:54:19 PDT 2020","","","3X65QVEQI0NQ5JRTVV3LDVTR6SJCLF","ADBTJL06SPBRH","Submitted","Sun May 24 19:20:59 PDT 2020","Sun May 24 19:26:45 PDT 2020","Tue May 26 19:26:45 PDT 2020","","","","346","0% (0/0)","0% (0/0)","0% (0/0)","5u9c7c2b921tz2eb0h28"
"30UZJB2POHCM4AUVKD7CFJXIC8753M","32KI9HN0SH8Q5EEER27HJI3DITGU1K","Reading a passage and responding to questions","You will read a short passage about a person, then answer questions related to the passage.","sentences, decisions, language","$0.40","Sun May 24 15:54:19 PDT 2020","352","BatchId:4051356;OriginalHitTemplateId:920937340;","7200","172800","Sun May 24 19:54:19 PDT 2020","","","3TE3O857308OAZU43MBBNUT40SFR2T","ADHXVIUQW4WXZ","Submitted","Sun May 24 15:54:50 PDT 2020","Sun May 24 15:57:03 PDT 2020","Tue May 26 15:57:03 PDT 2020","","","","133","0% (0/0)","0% (0/0)","0% (0/0)","b6ny3ftrlg3ykdaa9god"
"30UZJB2POHCM4AUVKD7CFJXIC8753M","32KI9HN0SH8Q5EEER27HJI3DITGU1K","Reading a passage and responding to questions","You will read a short passage about a person, then answer questions related to the passage.","sentences, decisions, language","$0.40","Sun May 24 15:54:19 PDT 2020","352","BatchId:4051356;OriginalHitTemplateId:920937340;","7200","172800","Sun May 24 19:54:19 PDT 2020","","","3KB8R4ZV1E7R9MLM64AAPJI1SPQBGS","AEMMV04CYNCED","Submitted","Sun May 24 17:57:41 PDT 2020","Sun May 24 18:03:15 PDT 2020","Tue May 26 18:03:15 PDT 2020","","","","334","0% (0/0)","0% (0/0)","0% (0/0)","81wnry0cwv4pbt9vn4r8"
"30UZJB2POHCM4AUVKD7CFJXIC8753M","32KI9HN0SH8Q5EEER27HJI3DITGU1K","Reading a passage and responding to questions","You will read a short passage about a person, then answer questions related to the passage.","sentences, decisions, language","$0.40","Sun May 24 15:54:19 PDT 2020","352","BatchId:4051356;OriginalHitTemplateId:920937340;","7200","172800","Sun May 24 19:54:19 PDT 2020","","","3PIWWX1FJJ67I79Z228UKKTUSM7JJG","AEXA1CPBHT85H","Submitted","Sun May 24 15:57:58 PDT 2020","Sun May 24 16:20:19 PDT 2020","Tue May 26 16:20:19 PDT 2020","","","","1341","0% (0/0)","0% (0/0)","0% (0/0)","jg1vn2xyhkqe4e69mblr"
"30UZJB2POHCM4AUVKD7CFJXIC8753M","32KI9HN0SH8Q5EEER27HJI3DITGU1K","Reading a passage and responding to questions","You will read a short passage about a person, then answer questions related to the passage.","sentences, decisions, language","$0.40","Sun May 24 15:54:19 PDT 2020","352","BatchId:4051356;OriginalHitTemplateId:920937340;","7200","172800","Sun May 24 19:54:19 PDT 2020","","","351SEKWQS0HKGTFSV3ZBXEQYRWAMDE","AIS4X2NYY3V1T","Submitted","Sun May 24 17:06:59 PDT 2020","Sun May 24 17:15:28 PDT 2020","Tue May 26 17:15:28 PDT 2020","","","","509","0% (0/0)","0% (0/0)","0% (0/0)","v21n957703x2av34qy1b"
"30UZJB2POHCM4AUVKD7CFJXIC8753M","32KI9HN0SH8Q5EEER27HJI3DITGU1K","Reading a passage and responding to questions","You will read a short passage about a person, then answer questions related to the passage.","sentences, decisions, language","$0.40","Sun May 24 15:54:19 PDT 2020","352","BatchId:4051356;OriginalHitTemplateId:920937340;","7200","172800","Sun May 24 19:54:19 PDT 2020","","","3SKRO2GZ71RVYAZDUY20HZXLDVOK1V","AJ58C1FFRCISH","Submitted","Sun May 24 19:38:32 PDT 2020","Sun May 24 20:59:15 PDT 2020","Tue May 26 20:59:15 PDT 2020","","","","4843","0% (0/0)","0% (0/0)","0% (0/0)","jyld4d9u3fla90n9ouze"
"30UZJB2POHCM4AUVKD7CFJXIC8753M","32KI9HN0SH8Q5EEER27HJI3DITGU1K","Reading a passage and responding to questions","You will read a short passage about a person, then answer questions related to the passage.","sentences, decisions, language","$0.40","Sun May 24 15:54:19 PDT 2020","352","BatchId:4051356;OriginalHitTemplateId:920937340;","7200","172800","Sun May 24 19:54:19 PDT 2020","","","3B3WTRP3DB2I6ZYI95BPW9TAU6A92P","ALXV981UGOVMZ","Submitted","Sun May 24 15:59:52 PDT 2020","Sun May 24 16:03:46 PDT 2020","Tue May 26 16:03:46 PDT 2020","","","","234","0% (0/0)","0% (0/0)","0% (0/0)","24g8fky5nr8myjgjv1au"
"30UZJB2POHCM4AUVKD7CFJXIC8753M","32KI9HN0SH8Q5EEER27HJI3DITGU1K","Reading a passage and responding to questions","You will read a short passage about a person, then answer questions related to the passage.","sentences, decisions, language","$0.40","Sun May 24 15:54:19 PDT 2020","352","BatchId:4051356;OriginalHitTemplateId:920937340;","7200","172800","Sun May 24 19:54:19 PDT 2020","","","3A9AA95ATWMVXJXC8D9KG6W1JKP5PN","AO6Y69XFOQYLD","Submitted","Sun May 24 17:28:17 PDT 2020","Sun May 24 18:38:49 PDT 2020","Tue May 26 18:38:49 PDT 2020","","","","4232","0% (0/0)","0% (0/0)","0% (0/0)","u733t7br1d2jn8lvmg93"
"30UZJB2POHCM4AUVKD7CFJXIC8753M","32KI9HN0SH8Q5EEER27HJI3DITGU1K","Reading a passage and responding to questions","You will read a short passage about a person, then answer questions related to the passage.","sentences, decisions, language","$0.40","Sun May 24 15:54:19 PDT 2020","352","BatchId:4051356;OriginalHitTemplateId:920937340;","7200","172800","Sun May 24 19:54:19 PDT 2020","","","3P59JYT76LK1QE7W7BG6N9UMOERT2P","AP41EJNBDA105","Submitted","Sun May 24 19:14:20 PDT 2020","Sun May 24 20:16:50 PDT 2020","Tue May 26 20:16:50 PDT 2020","","","","3750","0% (0/0)","0% (0/0)","0% (0/0)","srxctzkeg05dyt1f1nys"
"30UZJB2POHCM4AUVKD7CFJXIC8753M","32KI9HN0SH8Q5EEER27HJI3DITGU1K","Reading a passage and responding to questions","You will read a short passage about a person, then answer questions related to the passage.","sentences, decisions, language","$0.40","Sun May 24 15:54:19 PDT 2020","352","BatchId:4051356;OriginalHitTemplateId:920937340;","7200","172800","Sun May 24 19:54:19 PDT 2020","","","308Q0PEVB8DMHKCKY8WHJP0RJ3NI9R","AP9TUT1V7MGAG","Submitted","Sun May 24 19:42:22 PDT 2020","Sun May 24 20:17:59 PDT 2020","Tue May 26 20:17:59 PDT 2020","","","","2137","0% (0/0)","0% (0/0)","0% (0/0)","d8snfgeqb09btrchv455"
"30UZJB2POHCM4AUVKD7CFJXIC8753M","32KI9HN0SH8Q5EEER27HJI3DITGU1K","Reading a passage and responding to questions","You will read a short passage about a person, then answer questions related to the passage.","sentences, decisions, language","$0.40","Sun May 24 15:54:19 PDT 2020","352","BatchId:4051356;OriginalHitTemplateId:920937340;","7200","172800","Sun May 24 19:54:19 PDT 2020","","","32EYX73OY09XUB36M6LHTDOWJKFRUU","APO32XLD973YJ","Submitted","Sun May 24 19:24:27 PDT 2020","Sun May 24 19:41:05 PDT 2020","Tue May 26 19:41:05 PDT 2020","","","","998","0% (0/0)","0% (0/0)","0% (0/0)","yldjfjd0qcxze8cqo748"
"30UZJB2POHCM4AUVKD7CFJXIC8753M","32KI9HN0SH8Q5EEER27HJI3DITGU1K","Reading a passage and responding to questions","You will read a short passage about a person, then answer questions related to the passage.","sentences, decisions, language","$0.40","Sun May 24 15:54:19 PDT 2020","352","BatchId:4051356;OriginalHitTemplateId:920937340;","7200","172800","Sun May 24 19:54:19 PDT 2020","","","33TIN5LC04A87KRP2QIK5DUF9LEY94","AR78EVSBHVFR7","Submitted","Sun May 24 18:12:45 PDT 2020","Sun May 24 18:17:30 PDT 2020","Tue May 26 18:17:30 PDT 2020","","","","285","0% (0/0)","0% (0/0)","0% (0/0)","zskaqkhyoenxk773galo"
"30UZJB2POHCM4AUVKD7CFJXIC8753M","32KI9HN0SH8Q5EEER27HJI3DITGU1K","Reading a passage and responding to questions","You will read a short passage about a person, then answer questions related to the passage.","sentences, decisions, language","$0.40","Sun May 24 15:54:19 PDT 2020","352","BatchId:4051356;OriginalHitTemplateId:920937340;","7200","172800","Sun May 24 19:54:19 PDT 2020","","","3TOK3KHVJTISZNZUH6B2PQ570LI7OH","ARKPT0SC3QJ4U","Submitted","Sun May 24 16:03:42 PDT 2020","Sun May 24 16:09:10 PDT 2020","Tue May 26 16:09:10 PDT 2020","","","","328","0% (0/0)","0% (0/0)","0% (0/0)","soo7lznf6hfquccuv0wz"
"30UZJB2POHCM4AUVKD7CFJXIC8753M","32KI9HN0SH8Q5EEER27HJI3DITGU1K","Reading a passage and responding to questions","You will read a short passage about a person, then answer questions related to the passage.","sentences, decisions, language","$0.40","Sun May 24 15:54:19 PDT 2020","352","BatchId:4051356;OriginalHitTemplateId:920937340;","7200","172800","Sun May 24 19:54:19 PDT 2020","","","32Z9ZLUT1LKPSC56UFXEG3U1EPPOHD","AW62F9SMXXTFH","Submitted","Sun May 24 18:24:42 PDT 2020","Sun May 24 18:48:48 PDT 2020","Tue May 26 18:48:48 PDT 2020","","","","1446","0% (0/0)","0% (0/0)","0% (0/0)","pe1gzz7k9hj567n1kssn"
"30UZJB2POHCM4AUVKD7CFJXIC8753M","32KI9HN0SH8Q5EEER27HJI3DITGU1K","Reading a passage and responding to questions","You will read a short passage about a person, then answer questions related to the passage.","sentences, decisions, language","$0.40","Sun May 24 15:54:19 PDT 2020","352","BatchId:4051356;OriginalHitTemplateId:920937340;","7200","172800","Sun May 24 19:54:19 PDT 2020","","","3OCHAWUVGOK3OBK61RN7C81MIA2KXM","AYDB9H4888F3T","Submitted","Sun May 24 19:28:34 PDT 2020","Sun May 24 20:40:26 PDT 2020","Tue May 26 20:40:26 PDT 2020","","","","4312","0% (0/0)","0% (0/0)","0% (0/0)","xpluz93c43j90w6vwrl6"