"HITId","HITTypeId","Title","Description","Keywords","Reward","CreationTime","MaxAssignments","RequesterAnnotation","AssignmentDurationInSeconds","AutoApprovalDelayInSeconds","Expiration","NumberOfSimilarHITs","LifetimeInSeconds","AssignmentId","WorkerId","AssignmentStatus","AcceptTime","SubmitTime","AutoApprovalTime","ApprovalTime","RejectionTime","RequesterFeedback","WorkTimeInSeconds","LifetimeApprovalRate","Last30DaysApprovalRate","Last7DaysApprovalRate","Answer.surveycode","Approve","Reject"
"3SD15I2WD2UINEU9PWHH7PBI7U036Z","32KI9HN0SH8Q5EEER27HJI3DITGU1K","Reading a passage and responding to questions","You will read a short passage about a person, then answer questions related to the passage.","sentences, decisions, language","$0.40","Tue May 19 06:26:43 PDT 2020","352","BatchId:4043932;OriginalHitTemplateId:920937340;","7200","172800","Tue May 19 10:26:43 PDT 2020","","","30IQTZXKAK61BLD2XYDPTOMD3RQ0XJ","A2N9U74YIPDQ9F","Submitted","Tue May 19 06:42:53 PDT 2020","Tue May 19 06:58:08 PDT 2020","Thu May 21 06:58:08 PDT 2020","","","","915","0% (0/0)","0% (0/0)","0% (0/0)","sw5um2hmky958o6901zk"
"3SD15I2WD2UINEU9PWHH7PBI7U036Z","32KI9HN0SH8Q5EEER27HJI3DITGU1K","Reading a passage and responding to questions","You will read a short passage about a person, then answer questions related to the passage.","sentences, decisions, language","$0.40","Tue May 19 06:26:43 PDT 2020","352","BatchId:4043932;OriginalHitTemplateId:920937340;","7200","172800","Tue May 19 10:26:43 PDT 2020","","","30MVJZJNHMDICVWQGQHHVQFRVYHJ94","A1Y5DDG32812MG","Submitted","Tue May 19 09:19:43 PDT 2020","Tue May 19 09:22:58 PDT 2020","Thu May 21 09:22:58 PDT 2020","","","","195","0% (0/0)","0% (0/0)","0% (0/0)","gj7ymz9d2n6g77s30nu5"
"3SD15I2WD2UINEU9PWHH7PBI7U036Z","32KI9HN0SH8Q5EEER27HJI3DITGU1K","Reading a passage and responding to questions","You will read a short passage about a person, then answer questions related to the passage.","sentences, decisions, language","$0.40","Tue May 19 06:26:43 PDT 2020","352","BatchId:4043932;OriginalHitTemplateId:920937340;","7200","172800","Tue May 19 10:26:43 PDT 2020","","","3180JW2OT4CZB8UED040JAAP91M5JL","A1F9C5TTCZIMSD","Submitted","Tue May 19 06:41:23 PDT 2020","Tue May 19 06:47:20 PDT 2020","Thu May 21 06:47:20 PDT 2020","","","","357","0% (0/0)","0% (0/0)","0% (0/0)","outz3b1ruq272czamvnk"
"3SD15I2WD2UINEU9PWHH7PBI7U036Z","32KI9HN0SH8Q5EEER27HJI3DITGU1K","Reading a passage and responding to questions","You will read a short passage about a person, then answer questions related to the passage.","sentences, decisions, language","$0.40","Tue May 19 06:26:43 PDT 2020","352","BatchId:4043932;OriginalHitTemplateId:920937340;","7200","172800","Tue May 19 10:26:43 PDT 2020","","","323Q6SJS8IGVMZSDVCEOT9LNL4XHFE","A2PH5T3HCCCXIN","Submitted","Tue May 19 07:10:52 PDT 2020","Tue May 19 07:23:57 PDT 2020","Thu May 21 07:23:57 PDT 2020","","","","785","0% (0/0)","0% (0/0)","0% (0/0)","3yssg5nyhxufuolkwjjb"
"3SD15I2WD2UINEU9PWHH7PBI7U036Z","32KI9HN0SH8Q5EEER27HJI3DITGU1K","Reading a passage and responding to questions","You will read a short passage about a person, then answer questions related to the passage.","sentences, decisions, language","$0.40","Tue May 19 06:26:43 PDT 2020","352","BatchId:4043932;OriginalHitTemplateId:920937340;","7200","172800","Tue May 19 10:26:43 PDT 2020","","","326O153BMIYM45NFE5BSK6LPHBRDEL","A17TJCEPO4BEZ4","Submitted","Tue May 19 07:40:29 PDT 2020","Tue May 19 08:05:35 PDT 2020","Thu May 21 08:05:35 PDT 2020","","","","1506","100% (1/1)","0% (0/0)","0% (0/0)","vlw3ebt3lur63u4w9cmk"
"3SD15I2WD2UINEU9PWHH7PBI7U036Z","32KI9HN0SH8Q5EEER27HJI3DITGU1K","Reading a passage and responding to questions","You will read a short passage about a person, then answer questions related to the passage.","sentences, decisions, language","$0.40","Tue May 19 06:26:43 PDT 2020","352","BatchId:4043932;OriginalHitTemplateId:920937340;","7200","172800","Tue May 19 10:26:43 PDT 2020","","","32EYX73OY09XUB36M6LHTDOWI0MRUW","A5T7BDVUNWXM2","Submitted","Tue May 19 09:30:46 PDT 2020","Tue May 19 09:33:47 PDT 2020","Thu May 21 09:33:47 PDT 2020","","","","181","0% (0/0)","0% (0/0)","0% (0/0)","8uuzfaenpplw7beox4n2"
"3SD15I2WD2UINEU9PWHH7PBI7U036Z","32KI9HN0SH8Q5EEER27HJI3DITGU1K","Reading a passage and responding to questions","You will read a short passage about a person, then answer questions related to the passage.","sentences, decisions, language","$0.40","Tue May 19 06:26:43 PDT 2020","352","BatchId:4043932;OriginalHitTemplateId:920937340;","7200","172800","Tue May 19 10:26:43 PDT 2020","","","32Q90QCQ1SLUIBTP6MXFOJGF1KNKE4","A1NQMP8N76KM52","Submitted","Tue May 19 07:25:40 PDT 2020","Tue May 19 07:29:56 PDT 2020","Thu May 21 07:29:56 PDT 2020","","","","256","0% (0/0)","0% (0/0)","0% (0/0)","gd4bau4h5fka01f10wsv"
"3SD15I2WD2UINEU9PWHH7PBI7U036Z","32KI9HN0SH8Q5EEER27HJI3DITGU1K","Reading a passage and responding to questions","You will read a short passage about a person, then answer questions related to the passage.","sentences, decisions, language","$0.40","Tue May 19 06:26:43 PDT 2020","352","BatchId:4043932;OriginalHitTemplateId:920937340;","7200","172800","Tue May 19 10:26:43 PDT 2020","","","32UTUBMZ7GWARJBHVZ9WPKLBELYBVY","AG7HIGV4SPMXP","Submitted","Tue May 19 10:17:19 PDT 2020","Tue May 19 10:20:39 PDT 2020","Thu May 21 10:20:39 PDT 2020","","","","200","0% (0/0)","0% (0/0)","0% (0/0)","36n96wuwy0f495mos6wp"
"3SD15I2WD2UINEU9PWHH7PBI7U036Z","32KI9HN0SH8Q5EEER27HJI3DITGU1K","Reading a passage and responding to questions","You will read a short passage about a person, then answer questions related to the passage.","sentences, decisions, language","$0.40","Tue May 19 06:26:43 PDT 2020","352","BatchId:4043932;OriginalHitTemplateId:920937340;","7200","172800","Tue May 19 10:26:43 PDT 2020","","","333U7HK6I9FUFL97S6MJHMYHMIJJD6","A5I28B0GBB1RK","Submitted","Tue May 19 06:31:23 PDT 2020","Tue May 19 06:35:58 PDT 2020","Thu May 21 06:35:58 PDT 2020","","","","275","0% (0/0)","0% (0/0)","0% (0/0)","ad9u0w0ds98fx1b3k111"
"3SD15I2WD2UINEU9PWHH7PBI7U036Z","32KI9HN0SH8Q5EEER27HJI3DITGU1K","Reading a passage and responding to questions","You will read a short passage about a person, then answer questions related to the passage.","sentences, decisions, language","$0.40","Tue May 19 06:26:43 PDT 2020","352","BatchId:4043932;OriginalHitTemplateId:920937340;","7200","172800","Tue May 19 10:26:43 PDT 2020","","","338JKRMM26Z0Q8B5KWSWF8AWOOKHA1","AJZOUAM88ZXAJ","Submitted","Tue May 19 07:09:33 PDT 2020","Tue May 19 07:14:01 PDT 2020","Thu May 21 07:14:01 PDT 2020","","","","268","0% (0/0)","0% (0/0)","0% (0/0)","dhayt5drn5v32k574qu8"
"3SD15I2WD2UINEU9PWHH7PBI7U036Z","32KI9HN0SH8Q5EEER27HJI3DITGU1K","Reading a passage and responding to questions","You will read a short passage about a person, then answer questions related to the passage.","sentences, decisions, language","$0.40","Tue May 19 06:26:43 PDT 2020","352","BatchId:4043932;OriginalHitTemplateId:920937340;","7200","172800","Tue May 19 10:26:43 PDT 2020","","","33CID57104T2SJVA22SKKSPXZV5L3K","AGNJKSH5LFKXZ","Submitted","Tue May 19 08:06:00 PDT 2020","Tue May 19 08:09:52 PDT 2020","Thu May 21 08:09:52 PDT 2020","","","","232","0% (0/0)","0% (0/0)","0% (0/0)","etek239jtloe7z8aoz32"
"3SD15I2WD2UINEU9PWHH7PBI7U036Z","32KI9HN0SH8Q5EEER27HJI3DITGU1K","Reading a passage and responding to questions","You will read a short passage about a person, then answer questions related to the passage.","sentences, decisions, language","$0.40","Tue May 19 06:26:43 PDT 2020","352","BatchId:4043932;OriginalHitTemplateId:920937340;","7200","172800","Tue May 19 10:26:43 PDT 2020","","","33FOTY3KEMLDFCNP2LL2TGKD7171CK","AH4GIBPZ4N1VO","Submitted","Tue May 19 06:27:47 PDT 2020","Tue May 19 06:57:26 PDT 2020","Thu May 21 06:57:26 PDT 2020","","","","1779","0% (0/0)","0% (0/0)","0% (0/0)","uqg694rz14h2rr5gp2vc"
"3SD15I2WD2UINEU9PWHH7PBI7U036Z","32KI9HN0SH8Q5EEER27HJI3DITGU1K","Reading a passage and responding to questions","You will read a short passage about a person, then answer questions related to the passage.","sentences, decisions, language","$0.40","Tue May 19 06:26:43 PDT 2020","352","BatchId:4043932;OriginalHitTemplateId:920937340;","7200","172800","Tue May 19 10:26:43 PDT 2020","","","33FOTY3KEMLDFCNP2LL2TGKD72S1C7","A2ZYO0FHHESP4J","Submitted","Tue May 19 10:25:48 PDT 2020","Tue May 19 10:38:03 PDT 2020","Thu May 21 10:38:03 PDT 2020","","","","735","0% (0/0)","0% (0/0)","0% (0/0)","vcbstrmqdaxu9gawl60r"
"3SD15I2WD2UINEU9PWHH7PBI7U036Z","32KI9HN0SH8Q5EEER27HJI3DITGU1K","Reading a passage and responding to questions","You will read a short passage about a person, then answer questions related to the passage.","sentences, decisions, language","$0.40","Tue May 19 06:26:43 PDT 2020","352","BatchId:4043932;OriginalHitTemplateId:920937340;","7200","172800","Tue May 19 10:26:43 PDT 2020","","","33L7PJKHCGYCCT9LNSP7X07P9UV8TE","A72UX4W7OD6PL","Submitted","Tue May 19 09:58:42 PDT 2020","Tue May 19 10:10:55 PDT 2020","Thu May 21 10:10:55 PDT 2020","","","","733","0% (0/0)","0% (0/0)","0% (0/0)","gtpocpbg2077j3m441rm"
"3SD15I2WD2UINEU9PWHH7PBI7U036Z","32KI9HN0SH8Q5EEER27HJI3DITGU1K","Reading a passage and responding to questions","You will read a short passage about a person, then answer questions related to the passage.","sentences, decisions, language","$0.40","Tue May 19 06:26:43 PDT 2020","352","BatchId:4043932;OriginalHitTemplateId:920937340;","7200","172800","Tue May 19 10:26:43 PDT 2020","","","33PPO7FECVFYKAP1AO1J5LJH94XIDY","A1LEQGH2T8OTWQ","Submitted","Tue May 19 07:27:18 PDT 2020","Tue May 19 08:12:40 PDT 2020","Thu May 21 08:12:40 PDT 2020","","","","2722","0% (0/0)","0% (0/0)","0% (0/0)","fqfct2zvoaszvpj0fcn9"
"3SD15I2WD2UINEU9PWHH7PBI7U036Z","32KI9HN0SH8Q5EEER27HJI3DITGU1K","Reading a passage and responding to questions","You will read a short passage about a person, then answer questions related to the passage.","sentences, decisions, language","$0.40","Tue May 19 06:26:43 PDT 2020","352","BatchId:4043932;OriginalHitTemplateId:920937340;","7200","172800","Tue May 19 10:26:43 PDT 2020","","","33SA9F9TRXULDBN6V0GICUAAOQSWE6","A10Q73EL57T96V","Submitted","Tue May 19 06:31:23 PDT 2020","Tue May 19 07:28:26 PDT 2020","Thu May 21 07:28:26 PDT 2020","","","","3423","0% (0/0)","0% (0/0)","0% (0/0)","ancwkhpvdphz6efp0jk3"
"3SD15I2WD2UINEU9PWHH7PBI7U036Z","32KI9HN0SH8Q5EEER27HJI3DITGU1K","Reading a passage and responding to questions","You will read a short passage about a person, then answer questions related to the passage.","sentences, decisions, language","$0.40","Tue May 19 06:26:43 PDT 2020","352","BatchId:4043932;OriginalHitTemplateId:920937340;","7200","172800","Tue May 19 10:26:43 PDT 2020","","","33TIN5LC04A87KRP2QIK5DUF82T9YR","A29UTRIO0AA4Q5","Submitted","Tue May 19 09:39:27 PDT 2020","Tue May 19 09:45:48 PDT 2020","Thu May 21 09:45:48 PDT 2020","","","","381","0% (0/0)","0% (0/0)","0% (0/0)","jpfx06buppzlvw7he7yx"
"3SD15I2WD2UINEU9PWHH7PBI7U036Z","32KI9HN0SH8Q5EEER27HJI3DITGU1K","Reading a passage and responding to questions","You will read a short passage about a person, then answer questions related to the passage.","sentences, decisions, language","$0.40","Tue May 19 06:26:43 PDT 2020","352","BatchId:4043932;OriginalHitTemplateId:920937340;","7200","172800","Tue May 19 10:26:43 PDT 2020","","","34PGFRQONOBTOR9Y91R99AN2TZVJWN","ADGHVF8QLFOHI","Submitted","Tue May 19 08:10:29 PDT 2020","Tue May 19 08:39:06 PDT 2020","Thu May 21 08:39:06 PDT 2020","","","","1717","0% (0/0)","0% (0/0)","0% (0/0)","slem75zran97qe57mkma"
"3SD15I2WD2UINEU9PWHH7PBI7U036Z","32KI9HN0SH8Q5EEER27HJI3DITGU1K","Reading a passage and responding to questions","You will read a short passage about a person, then answer questions related to the passage.","sentences, decisions, language","$0.40","Tue May 19 06:26:43 PDT 2020","352","BatchId:4043932;OriginalHitTemplateId:920937340;","7200","172800","Tue May 19 10:26:43 PDT 2020","","","34QN5IT0TZRBWKCUPQ1XDP5KCIH80J","A18K1HNY9IGEQI","Submitted","Tue May 19 06:40:52 PDT 2020","Tue May 19 06:43:14 PDT 2020","Thu May 21 06:43:14 PDT 2020","","","","142","0% (0/0)","0% (0/0)","0% (0/0)","1au1pahsbnlhfle3axy9"
"3SD15I2WD2UINEU9PWHH7PBI7U036Z","32KI9HN0SH8Q5EEER27HJI3DITGU1K","Reading a passage and responding to questions","You will read a short passage about a person, then answer questions related to the passage.","sentences, decisions, language","$0.40","Tue May 19 06:26:43 PDT 2020","352","BatchId:4043932;OriginalHitTemplateId:920937340;","7200","172800","Tue May 19 10:26:43 PDT 2020","","","352YTHGROVDLOJVOBVI525OWWDMH4M","A1MOE3WYZ74CBM","Submitted","Tue May 19 06:31:03 PDT 2020","Tue May 19 06:36:14 PDT 2020","Thu May 21 06:36:14 PDT 2020","","","","311","0% (0/0)","0% (0/0)","0% (0/0)","n94xczpgt21nvx434za5"
"3SD15I2WD2UINEU9PWHH7PBI7U036Z","32KI9HN0SH8Q5EEER27HJI3DITGU1K","Reading a passage and responding to questions","You will read a short passage about a person, then answer questions related to the passage.","sentences, decisions, language","$0.40","Tue May 19 06:26:43 PDT 2020","352","BatchId:4043932;OriginalHitTemplateId:920937340;","7200","172800","Tue May 19 10:26:43 PDT 2020","","","37C0GNLMHF3IRQU08NSU8ITC0CZ6DN","A25N0K40JAZTN1","Submitted","Tue May 19 06:28:02 PDT 2020","Tue May 19 06:36:20 PDT 2020","Thu May 21 06:36:20 PDT 2020","","","","498","100% (1/1)","0% (0/0)","0% (0/0)","4f00u2kjuau1cp3yqg05"
"3SD15I2WD2UINEU9PWHH7PBI7U036Z","32KI9HN0SH8Q5EEER27HJI3DITGU1K","Reading a passage and responding to questions","You will read a short passage about a person, then answer questions related to the passage.","sentences, decisions, language","$0.40","Tue May 19 06:26:43 PDT 2020","352","BatchId:4043932;OriginalHitTemplateId:920937340;","7200","172800","Tue May 19 10:26:43 PDT 2020","","","37QW5D2ZRGMBXTW6YSKHNVB37B98SH","A2VPCWI6X1QCDF","Submitted","Tue May 19 08:37:43 PDT 2020","Tue May 19 08:50:56 PDT 2020","Thu May 21 08:50:56 PDT 2020","","","","793","0% (0/0)","0% (0/0)","0% (0/0)","cc6yker8x6j2s52l9wly"
"3SD15I2WD2UINEU9PWHH7PBI7U036Z","32KI9HN0SH8Q5EEER27HJI3DITGU1K","Reading a passage and responding to questions","You will read a short passage about a person, then answer questions related to the passage.","sentences, decisions, language","$0.40","Tue May 19 06:26:43 PDT 2020","352","BatchId:4043932;OriginalHitTemplateId:920937340;","7200","172800","Tue May 19 10:26:43 PDT 2020","","","37W3JXSD668JJG4XV1SCJX2Q630WYQ","A233TTEFFKGIVA","Submitted","Tue May 19 07:12:20 PDT 2020","Tue May 19 07:16:09 PDT 2020","Thu May 21 07:16:09 PDT 2020","","","","229","0% (0/0)","0% (0/0)","0% (0/0)","njrq5wsol5jv126qdfc0"
"3SD15I2WD2UINEU9PWHH7PBI7U036Z","32KI9HN0SH8Q5EEER27HJI3DITGU1K","Reading a passage and responding to questions","You will read a short passage about a person, then answer questions related to the passage.","sentences, decisions, language","$0.40","Tue May 19 06:26:43 PDT 2020","352","BatchId:4043932;OriginalHitTemplateId:920937340;","7200","172800","Tue May 19 10:26:43 PDT 2020","","","37ZHEEHM6WM3DY68Y8RA1N7W4BA737","A3BMIBDHO8NPOJ","Submitted","Tue May 19 09:39:06 PDT 2020","Tue May 19 09:42:00 PDT 2020","Thu May 21 09:42:00 PDT 2020","","","","174","0% (0/0)","0% (0/0)","0% (0/0)","xoy7uzuahn1bgz6pt1ka"
"3SD15I2WD2UINEU9PWHH7PBI7U036Z","32KI9HN0SH8Q5EEER27HJI3DITGU1K","Reading a passage and responding to questions","You will read a short passage about a person, then answer questions related to the passage.","sentences, decisions, language","$0.40","Tue May 19 06:26:43 PDT 2020","352","BatchId:4043932;OriginalHitTemplateId:920937340;","7200","172800","Tue May 19 10:26:43 PDT 2020","","","386CSBG1OZMCGZY5D9YE8H0BJRO6QS","A3JZS32RQUWGJM","Submitted","Tue May 19 06:29:45 PDT 2020","Tue May 19 06:41:48 PDT 2020","Thu May 21 06:41:48 PDT 2020","","","","723","0% (0/0)","0% (0/0)","0% (0/0)","unpbxtksysdl8714lhaa"
"3SD15I2WD2UINEU9PWHH7PBI7U036Z","32KI9HN0SH8Q5EEER27HJI3DITGU1K","Reading a passage and responding to questions","You will read a short passage about a person, then answer questions related to the passage.","sentences, decisions, language","$0.40","Tue May 19 06:26:43 PDT 2020","352","BatchId:4043932;OriginalHitTemplateId:920937340;","7200","172800","Tue May 19 10:26:43 PDT 2020","","","38JBBYETQOA9494MLUAZH2RJ4Y7E4I","A3O3EYINCHOP21","Submitted","Tue May 19 09:19:26 PDT 2020","Tue May 19 09:27:08 PDT 2020","Thu May 21 09:27:08 PDT 2020","","","","462","0% (0/0)","0% (0/0)","0% (0/0)","dt3p1vl5b40zgrkldj74"
"3SD15I2WD2UINEU9PWHH7PBI7U036Z","32KI9HN0SH8Q5EEER27HJI3DITGU1K","Reading a passage and responding to questions","You will read a short passage about a person, then answer questions related to the passage.","sentences, decisions, language","$0.40","Tue May 19 06:26:43 PDT 2020","352","BatchId:4043932;OriginalHitTemplateId:920937340;","7200","172800","Tue May 19 10:26:43 PDT 2020","","","39DD6S19JPBP76SB6N0PBY4S5TZZE4","A3C86OJASQ2HYL","Submitted","Tue May 19 07:25:34 PDT 2020","Tue May 19 07:30:54 PDT 2020","Thu May 21 07:30:54 PDT 2020","","","","320","0% (0/0)","0% (0/0)","0% (0/0)","f89sjcvoxo5gs4emcwj7"
"3SD15I2WD2UINEU9PWHH7PBI7U036Z","32KI9HN0SH8Q5EEER27HJI3DITGU1K","Reading a passage and responding to questions","You will read a short passage about a person, then answer questions related to the passage.","sentences, decisions, language","$0.40","Tue May 19 06:26:43 PDT 2020","352","BatchId:4043932;OriginalHitTemplateId:920937340;","7200","172800","Tue May 19 10:26:43 PDT 2020","","","39LNWE0K4UWK1C0NWJR8FLN5V3PIU3","A3OZB09ZZLZEFQ","Submitted","Tue May 19 06:28:55 PDT 2020","Tue May 19 07:27:41 PDT 2020","Thu May 21 07:27:41 PDT 2020","","","","3526","0% (0/0)","0% (0/0)","0% (0/0)","lrhhr4oryra9531klpfr"
"3SD15I2WD2UINEU9PWHH7PBI7U036Z","32KI9HN0SH8Q5EEER27HJI3DITGU1K","Reading a passage and responding to questions","You will read a short passage about a person, then answer questions related to the passage.","sentences, decisions, language","$0.40","Tue May 19 06:26:43 PDT 2020","352","BatchId:4043932;OriginalHitTemplateId:920937340;","7200","172800","Tue May 19 10:26:43 PDT 2020","","","39LNWE0K4UWK1C0NWJR8FLN5V3PUIF","A24KZEEOBETVFU","Submitted","Tue May 19 06:37:29 PDT 2020","Tue May 19 06:58:20 PDT 2020","Thu May 21 06:58:20 PDT 2020","","","","1251","0% (0/0)","0% (0/0)","0% (0/0)","3px3ezzyvxosvc8xznsk"
"3SD15I2WD2UINEU9PWHH7PBI7U036Z","32KI9HN0SH8Q5EEER27HJI3DITGU1K","Reading a passage and responding to questions","You will read a short passage about a person, then answer questions related to the passage.","sentences, decisions, language","$0.40","Tue May 19 06:26:43 PDT 2020","352","BatchId:4043932;OriginalHitTemplateId:920937340;","7200","172800","Tue May 19 10:26:43 PDT 2020","","","39LNWE0K4UWK1C0NWJR8FLN5V49UI1","A24TQ5DGWOQ9OF","Submitted","Tue May 19 10:22:38 PDT 2020","Tue May 19 10:26:09 PDT 2020","Thu May 21 10:26:09 PDT 2020","","","","211","0% (0/0)","0% (0/0)","0% (0/0)","90cg3yqy7vvu28zc2msg"
"3SD15I2WD2UINEU9PWHH7PBI7U036Z","32KI9HN0SH8Q5EEER27HJI3DITGU1K","Reading a passage and responding to questions","You will read a short passage about a person, then answer questions related to the passage.","sentences, decisions, language","$0.40","Tue May 19 06:26:43 PDT 2020","352","BatchId:4043932;OriginalHitTemplateId:920937340;","7200","172800","Tue May 19 10:26:43 PDT 2020","","","39PAAFCODM0AN55YVL0HPERXKREVTM","A17XO6FHLR6NYZ","Submitted","Tue May 19 06:42:55 PDT 2020","Tue May 19 06:49:37 PDT 2020","Thu May 21 06:49:37 PDT 2020","","","","402","0% (0/0)","0% (0/0)","0% (0/0)","kq2psqh7ayqwqtoh9cys"
"3SD15I2WD2UINEU9PWHH7PBI7U036Z","32KI9HN0SH8Q5EEER27HJI3DITGU1K","Reading a passage and responding to questions","You will read a short passage about a person, then answer questions related to the passage.","sentences, decisions, language","$0.40","Tue May 19 06:26:43 PDT 2020","352","BatchId:4043932;OriginalHitTemplateId:920937340;","7200","172800","Tue May 19 10:26:43 PDT 2020","","","39RP059MEHTR1WH8H7852O2YNR3MB7","A19F9CLZ0XWBYR","Submitted","Tue May 19 06:51:34 PDT 2020","Tue May 19 06:58:41 PDT 2020","Thu May 21 06:58:41 PDT 2020","","","","427","0% (0/0)","0% (0/0)","0% (0/0)","8n5svrrxg4cyflft1whr"
"3SD15I2WD2UINEU9PWHH7PBI7U036Z","32KI9HN0SH8Q5EEER27HJI3DITGU1K","Reading a passage and responding to questions","You will read a short passage about a person, then answer questions related to the passage.","sentences, decisions, language","$0.40","Tue May 19 06:26:43 PDT 2020","352","BatchId:4043932;OriginalHitTemplateId:920937340;","7200","172800","Tue May 19 10:26:43 PDT 2020","","","3A7Y0R2P2OO8DREOJ6NVBT1921YJXD","A2TNZSI9MH8TZJ","Submitted","Tue May 19 07:24:00 PDT 2020","Tue May 19 07:32:36 PDT 2020","Thu May 21 07:32:36 PDT 2020","","","","516","0% (0/0)","0% (0/0)","0% (0/0)","9pxdek6wrx5xyue004m4"
"3SD15I2WD2UINEU9PWHH7PBI7U036Z","32KI9HN0SH8Q5EEER27HJI3DITGU1K","Reading a passage and responding to questions","You will read a short passage about a person, then answer questions related to the passage.","sentences, decisions, language","$0.40","Tue May 19 06:26:43 PDT 2020","352","BatchId:4043932;OriginalHitTemplateId:920937340;","7200","172800","Tue May 19 10:26:43 PDT 2020","","","3AAJC4I4FGSXIME3KOBG8EHKA0TJZ5","A1ENY647IMXF9D","Submitted","Tue May 19 06:33:50 PDT 2020","Tue May 19 06:38:24 PDT 2020","Thu May 21 06:38:24 PDT 2020","","","","274","0% (0/0)","0% (0/0)","0% (0/0)","50f0ymh26pkscyzvn32e"
"3SD15I2WD2UINEU9PWHH7PBI7U036Z","32KI9HN0SH8Q5EEER27HJI3DITGU1K","Reading a passage and responding to questions","You will read a short passage about a person, then answer questions related to the passage.","sentences, decisions, language","$0.40","Tue May 19 06:26:43 PDT 2020","352","BatchId:4043932;OriginalHitTemplateId:920937340;","7200","172800","Tue May 19 10:26:43 PDT 2020","","","3AAPLD8UCCH554AEQWJDAD0OCC3HTI","A2SQRJDKTYI30E","Submitted","Tue May 19 06:35:25 PDT 2020","Tue May 19 06:46:00 PDT 2020","Thu May 21 06:46:00 PDT 2020","","","","635","0% (0/0)","0% (0/0)","0% (0/0)","m1mset7betlden7efxrv"
"3SD15I2WD2UINEU9PWHH7PBI7U036Z","32KI9HN0SH8Q5EEER27HJI3DITGU1K","Reading a passage and responding to questions","You will read a short passage about a person, then answer questions related to the passage.","sentences, decisions, language","$0.40","Tue May 19 06:26:43 PDT 2020","352","BatchId:4043932;OriginalHitTemplateId:920937340;","7200","172800","Tue May 19 10:26:43 PDT 2020","","","3AMW0RGHOD2ZN83ICD56ANWN9LRNPS","A3OVXP13IQBN95","Submitted","Tue May 19 06:41:22 PDT 2020","Tue May 19 07:21:06 PDT 2020","Thu May 21 07:21:06 PDT 2020","","","","2384","0% (0/0)","0% (0/0)","0% (0/0)","610fme8mfxjnwtojsqnn"
"3SD15I2WD2UINEU9PWHH7PBI7U036Z","32KI9HN0SH8Q5EEER27HJI3DITGU1K","Reading a passage and responding to questions","You will read a short passage about a person, then answer questions related to the passage.","sentences, decisions, language","$0.40","Tue May 19 06:26:43 PDT 2020","352","BatchId:4043932;OriginalHitTemplateId:920937340;","7200","172800","Tue May 19 10:26:43 PDT 2020","","","3AQF3RZ558IFPA8WZTNKWIWXCQTF6N","A1ROKI5TP0V6OW","Submitted","Tue May 19 09:26:35 PDT 2020","Tue May 19 10:58:33 PDT 2020","Thu May 21 10:58:33 PDT 2020","","","","5518","0% (0/0)","0% (0/0)","0% (0/0)","dsjg4ymjwy3cf5df0wc9"
"3SD15I2WD2UINEU9PWHH7PBI7U036Z","32KI9HN0SH8Q5EEER27HJI3DITGU1K","Reading a passage and responding to questions","You will read a short passage about a person, then answer questions related to the passage.","sentences, decisions, language","$0.40","Tue May 19 06:26:43 PDT 2020","352","BatchId:4043932;OriginalHitTemplateId:920937340;","7200","172800","Tue May 19 10:26:43 PDT 2020","","","3ATPCQ38J8AMC31UUWWK185ZEJVYAD","AKE0VEP9DEW3B","Submitted","Tue May 19 06:42:48 PDT 2020","Tue May 19 07:08:18 PDT 2020","Thu May 21 07:08:18 PDT 2020","","","","1530","0% (0/0)","0% (0/0)","0% (0/0)","p2n16ypt3luu9czrkgkt"
"3SD15I2WD2UINEU9PWHH7PBI7U036Z","32KI9HN0SH8Q5EEER27HJI3DITGU1K","Reading a passage and responding to questions","You will read a short passage about a person, then answer questions related to the passage.","sentences, decisions, language","$0.40","Tue May 19 06:26:43 PDT 2020","352","BatchId:4043932;OriginalHitTemplateId:920937340;","7200","172800","Tue May 19 10:26:43 PDT 2020","","","3B1NLC6UGZWTDGMWP9SBK3NQ895PGM","A3C4G077LRTC6D","Submitted","Tue May 19 06:38:05 PDT 2020","Tue May 19 06:41:31 PDT 2020","Thu May 21 06:41:31 PDT 2020","","","","206","0% (0/0)","0% (0/0)","0% (0/0)","zyaljoyvvf2mqz51czp9"
"3SD15I2WD2UINEU9PWHH7PBI7U036Z","32KI9HN0SH8Q5EEER27HJI3DITGU1K","Reading a passage and responding to questions","You will read a short passage about a person, then answer questions related to the passage.","sentences, decisions, language","$0.40","Tue May 19 06:26:43 PDT 2020","352","BatchId:4043932;OriginalHitTemplateId:920937340;","7200","172800","Tue May 19 10:26:43 PDT 2020","","","3B837J3LDOWHFYB2X1QHEC68X33RSI","A20P819KPQWCK0","Submitted","Tue May 19 09:47:32 PDT 2020","Tue May 19 09:52:02 PDT 2020","Thu May 21 09:52:02 PDT 2020","","","","270","0% (0/0)","0% (0/0)","0% (0/0)","lmmvtm4638x9m5jocjzh"
"3SD15I2WD2UINEU9PWHH7PBI7U036Z","32KI9HN0SH8Q5EEER27HJI3DITGU1K","Reading a passage and responding to questions","You will read a short passage about a person, then answer questions related to the passage.","sentences, decisions, language","$0.40","Tue May 19 06:26:43 PDT 2020","352","BatchId:4043932;OriginalHitTemplateId:920937340;","7200","172800","Tue May 19 10:26:43 PDT 2020","","","3CFJTT4SXTQI31ORJBYX5T9LNSS7IQ","A20W9ZCV1YTGEM","Submitted","Tue May 19 06:50:51 PDT 2020","Tue May 19 07:50:10 PDT 2020","Thu May 21 07:50:10 PDT 2020","","","","3559","0% (0/0)","0% (0/0)","0% (0/0)","vvmmkscw96amff4xfs0q"
"3SD15I2WD2UINEU9PWHH7PBI7U036Z","32KI9HN0SH8Q5EEER27HJI3DITGU1K","Reading a passage and responding to questions","You will read a short passage about a person, then answer questions related to the passage.","sentences, decisions, language","$0.40","Tue May 19 06:26:43 PDT 2020","352","BatchId:4043932;OriginalHitTemplateId:920937340;","7200","172800","Tue May 19 10:26:43 PDT 2020","","","3CFVK00FWLL1P2ISL4QIRV1H9L16L3","A3CULZ13ZQXBLJ","Submitted","Tue May 19 06:28:39 PDT 2020","Tue May 19 06:37:52 PDT 2020","Thu May 21 06:37:52 PDT 2020","","","","553","0% (0/0)","0% (0/0)","0% (0/0)","buy52ee2v4p2wym8m0dd"
"3SD15I2WD2UINEU9PWHH7PBI7U036Z","32KI9HN0SH8Q5EEER27HJI3DITGU1K","Reading a passage and responding to questions","You will read a short passage about a person, then answer questions related to the passage.","sentences, decisions, language","$0.40","Tue May 19 06:26:43 PDT 2020","352","BatchId:4043932;OriginalHitTemplateId:920937340;","7200","172800","Tue May 19 10:26:43 PDT 2020","","","3CFVK00FWLL1P2ISL4QIRV1H9MA6LE","A3ICUZZKLPICQB","Submitted","Tue May 19 08:27:54 PDT 2020","Tue May 19 08:30:49 PDT 2020","Thu May 21 08:30:49 PDT 2020","","","","175","0% (0/0)","0% (0/0)","0% (0/0)","x0m0ksoj61fpmsflq3hc"
"3SD15I2WD2UINEU9PWHH7PBI7U036Z","32KI9HN0SH8Q5EEER27HJI3DITGU1K","Reading a passage and responding to questions","You will read a short passage about a person, then answer questions related to the passage.","sentences, decisions, language","$0.40","Tue May 19 06:26:43 PDT 2020","352","BatchId:4043932;OriginalHitTemplateId:920937340;","7200","172800","Tue May 19 10:26:43 PDT 2020","","","3CN4LGXD5XO7AELDLVMTO5JZM9ZY42","A2W7YHVVNCR6D","Submitted","Tue May 19 06:41:14 PDT 2020","Tue May 19 06:51:38 PDT 2020","Thu May 21 06:51:38 PDT 2020","","","","624","0% (0/0)","0% (0/0)","0% (0/0)","ru4n6vr5b0dfdf1f1hg5"
"3SD15I2WD2UINEU9PWHH7PBI7U036Z","32KI9HN0SH8Q5EEER27HJI3DITGU1K","Reading a passage and responding to questions","You will read a short passage about a person, then answer questions related to the passage.","sentences, decisions, language","$0.40","Tue May 19 06:26:43 PDT 2020","352","BatchId:4043932;OriginalHitTemplateId:920937340;","7200","172800","Tue May 19 10:26:43 PDT 2020","","","3CP1TO84PT1Z5CW66FY8KTO87R4524","A32XXES93DJAAT","Submitted","Tue May 19 07:52:29 PDT 2020","Tue May 19 08:03:02 PDT 2020","Thu May 21 08:03:02 PDT 2020","","","","633","0% (0/0)","0% (0/0)","0% (0/0)","n59kq4wx2pz75o3tpv4x"
"3SD15I2WD2UINEU9PWHH7PBI7U036Z","32KI9HN0SH8Q5EEER27HJI3DITGU1K","Reading a passage and responding to questions","You will read a short passage about a person, then answer questions related to the passage.","sentences, decisions, language","$0.40","Tue May 19 06:26:43 PDT 2020","352","BatchId:4043932;OriginalHitTemplateId:920937340;","7200","172800","Tue May 19 10:26:43 PDT 2020","","","3CTOC39K37QEYC8X1TJXHUOL07G7J1","A3JLASSPUH6YEX","Submitted","Tue May 19 06:33:34 PDT 2020","Tue May 19 06:42:34 PDT 2020","Thu May 21 06:42:34 PDT 2020","","","","540","0% (0/0)","0% (0/0)","0% (0/0)","tx569yw427v8o1k3qrpd"
"3SD15I2WD2UINEU9PWHH7PBI7U036Z","32KI9HN0SH8Q5EEER27HJI3DITGU1K","Reading a passage and responding to questions","You will read a short passage about a person, then answer questions related to the passage.","sentences, decisions, language","$0.40","Tue May 19 06:26:43 PDT 2020","352","BatchId:4043932;OriginalHitTemplateId:920937340;","7200","172800","Tue May 19 10:26:43 PDT 2020","","","3DHE4R9OCWBXL9LQNBHZOQFXX0NG22","A1GT1D4KGBFVFE","Submitted","Tue May 19 08:45:11 PDT 2020","Tue May 19 08:51:35 PDT 2020","Thu May 21 08:51:35 PDT 2020","","","","384","0% (0/0)","0% (0/0)","0% (0/0)","tgz2cmkap8pm25tyf6cu"
"3SD15I2WD2UINEU9PWHH7PBI7U036Z","32KI9HN0SH8Q5EEER27HJI3DITGU1K","Reading a passage and responding to questions","You will read a short passage about a person, then answer questions related to the passage.","sentences, decisions, language","$0.40","Tue May 19 06:26:43 PDT 2020","352","BatchId:4043932;OriginalHitTemplateId:920937340;","7200","172800","Tue May 19 10:26:43 PDT 2020","","","3DI28L7YXAESCA73YCRXJ4KGSDKE1Q","A2Y2AZ8DBFU47Q","Submitted","Tue May 19 06:27:44 PDT 2020","Tue May 19 07:05:44 PDT 2020","Thu May 21 07:05:44 PDT 2020","","","","2280","0% (0/0)","0% (0/0)","0% (0/0)","8qlf9ysj0xoy179wqrzv"
"3SD15I2WD2UINEU9PWHH7PBI7U036Z","32KI9HN0SH8Q5EEER27HJI3DITGU1K","Reading a passage and responding to questions","You will read a short passage about a person, then answer questions related to the passage.","sentences, decisions, language","$0.40","Tue May 19 06:26:43 PDT 2020","352","BatchId:4043932;OriginalHitTemplateId:920937340;","7200","172800","Tue May 19 10:26:43 PDT 2020","","","3DY4FPOOA1OX7QS6RWVMPZQFW7RRVH","A1TW02Y80OXX6E","Submitted","Tue May 19 08:52:00 PDT 2020","Tue May 19 09:46:51 PDT 2020","Thu May 21 09:46:51 PDT 2020","","","","3291","0% (0/0)","0% (0/0)","0% (0/0)","266p8119mr0p8v7tlvsr"
"3SD15I2WD2UINEU9PWHH7PBI7U036Z","32KI9HN0SH8Q5EEER27HJI3DITGU1K","Reading a passage and responding to questions","You will read a short passage about a person, then answer questions related to the passage.","sentences, decisions, language","$0.40","Tue May 19 06:26:43 PDT 2020","352","BatchId:4043932;OriginalHitTemplateId:920937340;","7200","172800","Tue May 19 10:26:43 PDT 2020","","","3E1QT0TDFP9M3FTATGQ3JT5GYCY8IE","A1COQN0KWD4WDH","Submitted","Tue May 19 06:42:47 PDT 2020","Tue May 19 06:50:01 PDT 2020","Thu May 21 06:50:01 PDT 2020","","","","434","0% (0/0)","0% (0/0)","0% (0/0)","7rov545c0mazt7nhefj3"
"3SD15I2WD2UINEU9PWHH7PBI7U036Z","32KI9HN0SH8Q5EEER27HJI3DITGU1K","Reading a passage and responding to questions","You will read a short passage about a person, then answer questions related to the passage.","sentences, decisions, language","$0.40","Tue May 19 06:26:43 PDT 2020","352","BatchId:4043932;OriginalHitTemplateId:920937340;","7200","172800","Tue May 19 10:26:43 PDT 2020","","","3E1QT0TDFP9M3FTATGQ3JT5GYD08II","A2HQMB1GSEADL","Submitted","Tue May 19 07:20:21 PDT 2020","Tue May 19 07:24:52 PDT 2020","Thu May 21 07:24:52 PDT 2020","","","","271","0% (0/0)","0% (0/0)","0% (0/0)","kw7dnmrcp7zpl0tcd70n"
"3SD15I2WD2UINEU9PWHH7PBI7U036Z","32KI9HN0SH8Q5EEER27HJI3DITGU1K","Reading a passage and responding to questions","You will read a short passage about a person, then answer questions related to the passage.","sentences, decisions, language","$0.40","Tue May 19 06:26:43 PDT 2020","352","BatchId:4043932;OriginalHitTemplateId:920937340;","7200","172800","Tue May 19 10:26:43 PDT 2020","","","3E1QT0TDFP9M3FTATGQ3JT5GYD2I8U","A1TSJY4RCQHI4O","Submitted","Tue May 19 07:51:49 PDT 2020","Tue May 19 07:57:56 PDT 2020","Thu May 21 07:57:56 PDT 2020","","","","367","0% (0/0)","0% (0/0)","0% (0/0)","sw7jvpphb21f4cl06n0t"
"3SD15I2WD2UINEU9PWHH7PBI7U036Z","32KI9HN0SH8Q5EEER27HJI3DITGU1K","Reading a passage and responding to questions","You will read a short passage about a person, then answer questions related to the passage.","sentences, decisions, language","$0.40","Tue May 19 06:26:43 PDT 2020","352","BatchId:4043932;OriginalHitTemplateId:920937340;","7200","172800","Tue May 19 10:26:43 PDT 2020","","","3EICBYG644WKAT3TSAR8XGGZ1JDJCE","A1D3944AZ09ELI","Submitted","Tue May 19 08:08:52 PDT 2020","Tue May 19 08:13:02 PDT 2020","Thu May 21 08:13:02 PDT 2020","","","","250","0% (0/0)","0% (0/0)","0% (0/0)","bmggrjn11gm99hw92vst"
"3SD15I2WD2UINEU9PWHH7PBI7U036Z","32KI9HN0SH8Q5EEER27HJI3DITGU1K","Reading a passage and responding to questions","You will read a short passage about a person, then answer questions related to the passage.","sentences, decisions, language","$0.40","Tue May 19 06:26:43 PDT 2020","352","BatchId:4043932;OriginalHitTemplateId:920937340;","7200","172800","Tue May 19 10:26:43 PDT 2020","","","3EJJQNKU9R5SPPXMM7EIAYZ6OSNRHY","ABDDTEMAU3IAL","Submitted","Tue May 19 09:54:03 PDT 2020","Tue May 19 09:59:30 PDT 2020","Thu May 21 09:59:30 PDT 2020","","","","327","0% (0/0)","0% (0/0)","0% (0/0)","qchqm9o2lmkvtsfb1l4u"
"3SD15I2WD2UINEU9PWHH7PBI7U036Z","32KI9HN0SH8Q5EEER27HJI3DITGU1K","Reading a passage and responding to questions","You will read a short passage about a person, then answer questions related to the passage.","sentences, decisions, language","$0.40","Tue May 19 06:26:43 PDT 2020","352","BatchId:4043932;OriginalHitTemplateId:920937340;","7200","172800","Tue May 19 10:26:43 PDT 2020","","","3ERET4BTVM9DNF28YBHTW5F4AM49KE","A34GLND3Z6CKJE","Submitted","Tue May 19 06:29:02 PDT 2020","Tue May 19 06:32:46 PDT 2020","Thu May 21 06:32:46 PDT 2020","","","","224","0% (0/0)","0% (0/0)","0% (0/0)","ky68e7smuca3c5tvo5ts"
"3SD15I2WD2UINEU9PWHH7PBI7U036Z","32KI9HN0SH8Q5EEER27HJI3DITGU1K","Reading a passage and responding to questions","You will read a short passage about a person, then answer questions related to the passage.","sentences, decisions, language","$0.40","Tue May 19 06:26:43 PDT 2020","352","BatchId:4043932;OriginalHitTemplateId:920937340;","7200","172800","Tue May 19 10:26:43 PDT 2020","","","3ERET4BTVM9DNF28YBHTW5F4AM59KF","AWAZWXBKJAAJ6","Submitted","Tue May 19 06:48:10 PDT 2020","Tue May 19 06:53:40 PDT 2020","Thu May 21 06:53:40 PDT 2020","","","","330","0% (0/0)","0% (0/0)","0% (0/0)","nfq9xozgeobc1sgy0wt0"
"3SD15I2WD2UINEU9PWHH7PBI7U036Z","32KI9HN0SH8Q5EEER27HJI3DITGU1K","Reading a passage and responding to questions","You will read a short passage about a person, then answer questions related to the passage.","sentences, decisions, language","$0.40","Tue May 19 06:26:43 PDT 2020","352","BatchId:4043932;OriginalHitTemplateId:920937340;","7200","172800","Tue May 19 10:26:43 PDT 2020","","","3EWIJTFFVO7S5LML2TNX5Z16NLEE0N","A1BQCRF5Q76YFY","Submitted","Tue May 19 06:27:41 PDT 2020","Tue May 19 06:32:21 PDT 2020","Thu May 21 06:32:21 PDT 2020","","","","280","100% (1/1)","0% (0/0)","0% (0/0)","bsvrp8cdteh4n3wegefl"
"3SD15I2WD2UINEU9PWHH7PBI7U036Z","32KI9HN0SH8Q5EEER27HJI3DITGU1K","Reading a passage and responding to questions","You will read a short passage about a person, then answer questions related to the passage.","sentences, decisions, language","$0.40","Tue May 19 06:26:43 PDT 2020","352","BatchId:4043932;OriginalHitTemplateId:920937340;","7200","172800","Tue May 19 10:26:43 PDT 2020","","","3FK0YFF9PZGP0X9N0G0WQWFIHCUVV2","AO2YU6ALC2V81","Submitted","Tue May 19 06:43:22 PDT 2020","Tue May 19 07:10:30 PDT 2020","Thu May 21 07:10:30 PDT 2020","","","","1628","0% (0/0)","0% (0/0)","0% (0/0)","ra9agorexsw3n82ojpws"
"3SD15I2WD2UINEU9PWHH7PBI7U036Z","32KI9HN0SH8Q5EEER27HJI3DITGU1K","Reading a passage and responding to questions","You will read a short passage about a person, then answer questions related to the passage.","sentences, decisions, language","$0.40","Tue May 19 06:26:43 PDT 2020","352","BatchId:4043932;OriginalHitTemplateId:920937340;","7200","172800","Tue May 19 10:26:43 PDT 2020","","","3FTF2T8WLRI4IFWPNP0WKG9ZXTCW9W","A1ADMMKDBXBNL1","Submitted","Tue May 19 06:30:07 PDT 2020","Tue May 19 06:34:21 PDT 2020","Thu May 21 06:34:21 PDT 2020","","","","254","0% (0/0)","0% (0/0)","0% (0/0)","6b9vaawj4jr145hb21lu"
"3SD15I2WD2UINEU9PWHH7PBI7U036Z","32KI9HN0SH8Q5EEER27HJI3DITGU1K","Reading a passage and responding to questions","You will read a short passage about a person, then answer questions related to the passage.","sentences, decisions, language","$0.40","Tue May 19 06:26:43 PDT 2020","352","BatchId:4043932;OriginalHitTemplateId:920937340;","7200","172800","Tue May 19 10:26:43 PDT 2020","","","3FTYUGLFSULM8MUM34IPGCFC4IQD5I","A2O7QAQQFQFAOO","Submitted","Tue May 19 07:14:10 PDT 2020","Tue May 19 07:20:05 PDT 2020","Thu May 21 07:20:05 PDT 2020","","","","355","0% (0/0)","0% (0/0)","0% (0/0)","d06lqh8cq8wt7s3bcvho"
"3SD15I2WD2UINEU9PWHH7PBI7U036Z","32KI9HN0SH8Q5EEER27HJI3DITGU1K","Reading a passage and responding to questions","You will read a short passage about a person, then answer questions related to the passage.","sentences, decisions, language","$0.40","Tue May 19 06:26:43 PDT 2020","352","BatchId:4043932;OriginalHitTemplateId:920937340;","7200","172800","Tue May 19 10:26:43 PDT 2020","","","3G5W44VEU7IS2PPGCHN3OM1RE08KGR","A1FO99U5T2TBBP","Submitted","Tue May 19 08:31:50 PDT 2020","Tue May 19 08:34:36 PDT 2020","Thu May 21 08:34:36 PDT 2020","","","","166","0% (0/0)","0% (0/0)","0% (0/0)","pzdllohs5avor02h9feu"
"3SD15I2WD2UINEU9PWHH7PBI7U036Z","32KI9HN0SH8Q5EEER27HJI3DITGU1K","Reading a passage and responding to questions","You will read a short passage about a person, then answer questions related to the passage.","sentences, decisions, language","$0.40","Tue May 19 06:26:43 PDT 2020","352","BatchId:4043932;OriginalHitTemplateId:920937340;","7200","172800","Tue May 19 10:26:43 PDT 2020","","","3G5W44VEU7IS2PPGCHN3OM1REZZGKC","A3JWRGGMDWS1QV","Submitted","Tue May 19 06:28:02 PDT 2020","Tue May 19 06:49:17 PDT 2020","Thu May 21 06:49:17 PDT 2020","","","","1275","0% (0/0)","0% (0/0)","0% (0/0)","6ltufomydk4o4xxj49d7"
"3SD15I2WD2UINEU9PWHH7PBI7U036Z","32KI9HN0SH8Q5EEER27HJI3DITGU1K","Reading a passage and responding to questions","You will read a short passage about a person, then answer questions related to the passage.","sentences, decisions, language","$0.40","Tue May 19 06:26:43 PDT 2020","352","BatchId:4043932;OriginalHitTemplateId:920937340;","7200","172800","Tue May 19 10:26:43 PDT 2020","","","3GA6AFUKOOO06NCKBHDMS0WQIDQH31","A314KKX6ONDO9O","Submitted","Tue May 19 06:30:32 PDT 2020","Tue May 19 07:58:10 PDT 2020","Thu May 21 07:58:10 PDT 2020","","","","5258","0% (0/0)","0% (0/0)","0% (0/0)","cycplbcuwa175kmkvj3h"
"3SD15I2WD2UINEU9PWHH7PBI7U036Z","32KI9HN0SH8Q5EEER27HJI3DITGU1K","Reading a passage and responding to questions","You will read a short passage about a person, then answer questions related to the passage.","sentences, decisions, language","$0.40","Tue May 19 06:26:43 PDT 2020","352","BatchId:4043932;OriginalHitTemplateId:920937340;","7200","172800","Tue May 19 10:26:43 PDT 2020","","","3GFK2QRXX9HLHSUDKZNF804XBXTW55","AOQ4R7AY27KOA","Submitted","Tue May 19 06:29:31 PDT 2020","Tue May 19 06:31:46 PDT 2020","Thu May 21 06:31:46 PDT 2020","","","","135","0% (0/0)","0% (0/0)","0% (0/0)","amfop0edwrmt8d1v573e"
"3SD15I2WD2UINEU9PWHH7PBI7U036Z","32KI9HN0SH8Q5EEER27HJI3DITGU1K","Reading a passage and responding to questions","You will read a short passage about a person, then answer questions related to the passage.","sentences, decisions, language","$0.40","Tue May 19 06:26:43 PDT 2020","352","BatchId:4043932;OriginalHitTemplateId:920937340;","7200","172800","Tue May 19 10:26:43 PDT 2020","","","3H7XDTSHKCRJXPJX1V66CXVM168GW8","A1BATOF1GP7CKQ","Submitted","Tue May 19 06:29:28 PDT 2020","Tue May 19 06:39:40 PDT 2020","Thu May 21 06:39:40 PDT 2020","","","","612","0% (0/0)","0% (0/0)","0% (0/0)","xovfg4consfus0x6agbz"
"3SD15I2WD2UINEU9PWHH7PBI7U036Z","32KI9HN0SH8Q5EEER27HJI3DITGU1K","Reading a passage and responding to questions","You will read a short passage about a person, then answer questions related to the passage.","sentences, decisions, language","$0.40","Tue May 19 06:26:43 PDT 2020","352","BatchId:4043932;OriginalHitTemplateId:920937340;","7200","172800","Tue May 19 10:26:43 PDT 2020","","","3H7XDTSHKCRJXPJX1V66CXVM168WGO","A1NU622GB059O1","Submitted","Tue May 19 06:45:18 PDT 2020","Tue May 19 06:50:38 PDT 2020","Thu May 21 06:50:38 PDT 2020","","","","320","0% (0/0)","0% (0/0)","0% (0/0)","t3lu8b4ftr1by3lpap4e"
"3SD15I2WD2UINEU9PWHH7PBI7U036Z","32KI9HN0SH8Q5EEER27HJI3DITGU1K","Reading a passage and responding to questions","You will read a short passage about a person, then answer questions related to the passage.","sentences, decisions, language","$0.40","Tue May 19 06:26:43 PDT 2020","352","BatchId:4043932;OriginalHitTemplateId:920937340;","7200","172800","Tue May 19 10:26:43 PDT 2020","","","3H8DHMCCW9BPQ5FPARMVI1YU18QDK8","A3EIIJUEUP86MF","Submitted","Tue May 19 08:15:15 PDT 2020","Tue May 19 09:44:10 PDT 2020","Thu May 21 09:44:10 PDT 2020","","","","5335","0% (0/0)","0% (0/0)","0% (0/0)","p2skl9d5q5yn0rbpz1gk"
"3SD15I2WD2UINEU9PWHH7PBI7U036Z","32KI9HN0SH8Q5EEER27HJI3DITGU1K","Reading a passage and responding to questions","You will read a short passage about a person, then answer questions related to the passage.","sentences, decisions, language","$0.40","Tue May 19 06:26:43 PDT 2020","352","BatchId:4043932;OriginalHitTemplateId:920937340;","7200","172800","Tue May 19 10:26:43 PDT 2020","","","3HFNH7HEMHEEDSNBPM70K8D0D5SGQ5","A13MU9BOYYMXGD","Submitted","Tue May 19 06:47:21 PDT 2020","Tue May 19 06:52:09 PDT 2020","Thu May 21 06:52:09 PDT 2020","","","","288","0% (0/0)","0% (0/0)","0% (0/0)","jywd7mhe97lfk6zwwtf0"
"3SD15I2WD2UINEU9PWHH7PBI7U036Z","32KI9HN0SH8Q5EEER27HJI3DITGU1K","Reading a passage and responding to questions","You will read a short passage about a person, then answer questions related to the passage.","sentences, decisions, language","$0.40","Tue May 19 06:26:43 PDT 2020","352","BatchId:4043932;OriginalHitTemplateId:920937340;","7200","172800","Tue May 19 10:26:43 PDT 2020","","","3HMVI3QICJSQIFOUYD3RQ7CWAQ41Y9","AXYYK1R30YRDL","Submitted","Tue May 19 09:30:23 PDT 2020","Tue May 19 09:42:46 PDT 2020","Thu May 21 09:42:46 PDT 2020","","","","743","0% (0/0)","0% (0/0)","0% (0/0)","02ph1aoqxvclxfsyfmrp"
"3SD15I2WD2UINEU9PWHH7PBI7U036Z","32KI9HN0SH8Q5EEER27HJI3DITGU1K","Reading a passage and responding to questions","You will read a short passage about a person, then answer questions related to the passage.","sentences, decisions, language","$0.40","Tue May 19 06:26:43 PDT 2020","352","BatchId:4043932;OriginalHitTemplateId:920937340;","7200","172800","Tue May 19 10:26:43 PDT 2020","","","3HPZF4IVNMTA5IYSEASB73VNEMGYCF","AMHL2A10OSMXT","Submitted","Tue May 19 06:42:53 PDT 2020","Tue May 19 06:47:20 PDT 2020","Thu May 21 06:47:20 PDT 2020","","","","267","0% (0/0)","0% (0/0)","0% (0/0)","d85xv8jl630drcghkhtm"
"3SD15I2WD2UINEU9PWHH7PBI7U036Z","32KI9HN0SH8Q5EEER27HJI3DITGU1K","Reading a passage and responding to questions","You will read a short passage about a person, then answer questions related to the passage.","sentences, decisions, language","$0.40","Tue May 19 06:26:43 PDT 2020","352","BatchId:4043932;OriginalHitTemplateId:920937340;","7200","172800","Tue May 19 10:26:43 PDT 2020","","","3HWRJOOET52S6U6XBV6HF57PIEZESE","A2FI5ZNAQHQJRW","Submitted","Tue May 19 07:06:18 PDT 2020","Tue May 19 07:11:08 PDT 2020","Thu May 21 07:11:08 PDT 2020","","","","290","0% (0/0)","0% (0/0)","0% (0/0)","ntks4zuwopmstaymw2nh"
"3SD15I2WD2UINEU9PWHH7PBI7U036Z","32KI9HN0SH8Q5EEER27HJI3DITGU1K","Reading a passage and responding to questions","You will read a short passage about a person, then answer questions related to the passage.","sentences, decisions, language","$0.40","Tue May 19 06:26:43 PDT 2020","352","BatchId:4043932;OriginalHitTemplateId:920937340;","7200","172800","Tue May 19 10:26:43 PDT 2020","","","3IFS6Q0HJIJ4MZ8J7EW80K5HA7ASI5","A3SMQNSK314EFB","Submitted","Tue May 19 08:04:18 PDT 2020","Tue May 19 08:21:14 PDT 2020","Thu May 21 08:21:14 PDT 2020","","","","1016","0% (0/0)","0% (0/0)","0% (0/0)","kz3o5719c7aozp384fjr"
"3SD15I2WD2UINEU9PWHH7PBI7U036Z","32KI9HN0SH8Q5EEER27HJI3DITGU1K","Reading a passage and responding to questions","You will read a short passage about a person, then answer questions related to the passage.","sentences, decisions, language","$0.40","Tue May 19 06:26:43 PDT 2020","352","BatchId:4043932;OriginalHitTemplateId:920937340;","7200","172800","Tue May 19 10:26:43 PDT 2020","","","3IJXV6UZ1XJSLK86SPW3AA0LO4MRI9","A1OL3M196AOHTO","Submitted","Tue May 19 06:51:32 PDT 2020","Tue May 19 07:02:35 PDT 2020","Thu May 21 07:02:35 PDT 2020","","","","663","0% (0/0)","0% (0/0)","0% (0/0)","ve5fq0n00n2leveczctk"
"3SD15I2WD2UINEU9PWHH7PBI7U036Z","32KI9HN0SH8Q5EEER27HJI3DITGU1K","Reading a passage and responding to questions","You will read a short passage about a person, then answer questions related to the passage.","sentences, decisions, language","$0.40","Tue May 19 06:26:43 PDT 2020","352","BatchId:4043932;OriginalHitTemplateId:920937340;","7200","172800","Tue May 19 10:26:43 PDT 2020","","","3IKZ72A5B4GNWVEOYA91YTIJ7G9FNO","A3ANH2HONLXHK6","Submitted","Tue May 19 07:50:07 PDT 2020","Tue May 19 07:59:31 PDT 2020","Thu May 21 07:59:31 PDT 2020","","","","564","0% (0/0)","0% (0/0)","0% (0/0)","aq7dob87x7ezxqjxphr6"
"3SD15I2WD2UINEU9PWHH7PBI7U036Z","32KI9HN0SH8Q5EEER27HJI3DITGU1K","Reading a passage and responding to questions","You will read a short passage about a person, then answer questions related to the passage.","sentences, decisions, language","$0.40","Tue May 19 06:26:43 PDT 2020","352","BatchId:4043932;OriginalHitTemplateId:920937340;","7200","172800","Tue May 19 10:26:43 PDT 2020","","","3IQ1VMJRYTK7B2TMMK442RC85AAA90","AMOFA5LD0595O","Submitted","Tue May 19 06:33:51 PDT 2020","Tue May 19 06:39:12 PDT 2020","Thu May 21 06:39:12 PDT 2020","","","","321","0% (0/0)","0% (0/0)","0% (0/0)","h5gwpm6xl722k2s4pd57"
"3SD15I2WD2UINEU9PWHH7PBI7U036Z","32KI9HN0SH8Q5EEER27HJI3DITGU1K","Reading a passage and responding to questions","You will read a short passage about a person, then answer questions related to the passage.","sentences, decisions, language","$0.40","Tue May 19 06:26:43 PDT 2020","352","BatchId:4043932;OriginalHitTemplateId:920937340;","7200","172800","Tue May 19 10:26:43 PDT 2020","","","3IX2EGZR7BJOGVSCA7H3MBFL1KIRJU","A22103611MDNAD","Submitted","Tue May 19 08:27:12 PDT 2020","Tue May 19 08:40:54 PDT 2020","Thu May 21 08:40:54 PDT 2020","","","","822","0% (0/0)","0% (0/0)","0% (0/0)","x5dslk25k36fccq0sm59"
"3SD15I2WD2UINEU9PWHH7PBI7U036Z","32KI9HN0SH8Q5EEER27HJI3DITGU1K","Reading a passage and responding to questions","You will read a short passage about a person, then answer questions related to the passage.","sentences, decisions, language","$0.40","Tue May 19 06:26:43 PDT 2020","352","BatchId:4043932;OriginalHitTemplateId:920937340;","7200","172800","Tue May 19 10:26:43 PDT 2020","","","3J2UYBXQQLCOS6T6WB4ZTB9T6OU600","AAHXDKZWXBWOA","Submitted","Tue May 19 07:33:54 PDT 2020","Tue May 19 07:34:13 PDT 2020","Thu May 21 07:34:13 PDT 2020","","","","19","0% (0/0)","0% (0/0)","0% (0/0)","hl0rtg299k2f6bcb8s8d"
"3SD15I2WD2UINEU9PWHH7PBI7U036Z","32KI9HN0SH8Q5EEER27HJI3DITGU1K","Reading a passage and responding to questions","You will read a short passage about a person, then answer questions related to the passage.","sentences, decisions, language","$0.40","Tue May 19 06:26:43 PDT 2020","352","BatchId:4043932;OriginalHitTemplateId:920937340;","7200","172800","Tue May 19 10:26:43 PDT 2020","","","3J2UYBXQQLCOS6T6WB4ZTB9T6OV06V","A24GY3MMDG63PB","Submitted","Tue May 19 07:42:23 PDT 2020","Tue May 19 07:50:08 PDT 2020","Thu May 21 07:50:08 PDT 2020","","","","465","0% (0/0)","0% (0/0)","0% (0/0)","m367n6p5f0egm93th3hv"
"3SD15I2WD2UINEU9PWHH7PBI7U036Z","32KI9HN0SH8Q5EEER27HJI3DITGU1K","Reading a passage and responding to questions","You will read a short passage about a person, then answer questions related to the passage.","sentences, decisions, language","$0.40","Tue May 19 06:26:43 PDT 2020","352","BatchId:4043932;OriginalHitTemplateId:920937340;","7200","172800","Tue May 19 10:26:43 PDT 2020","","","3JPSL1DZ5SZS04XGNUN9KS7SA02NAP","AQFBQ7PQ8FR2Y","Submitted","Tue May 19 08:57:25 PDT 2020","Tue May 19 09:47:29 PDT 2020","Thu May 21 09:47:29 PDT 2020","","","","3004","0% (0/0)","0% (0/0)","0% (0/0)","ypgxqeh60k6ceohenbp6"
"3SD15I2WD2UINEU9PWHH7PBI7U036Z","32KI9HN0SH8Q5EEER27HJI3DITGU1K","Reading a passage and responding to questions","You will read a short passage about a person, then answer questions related to the passage.","sentences, decisions, language","$0.40","Tue May 19 06:26:43 PDT 2020","352","BatchId:4043932;OriginalHitTemplateId:920937340;","7200","172800","Tue May 19 10:26:43 PDT 2020","","","3K772S5NP8B3GLSH01UIBR0N93REH2","A34FFFROPR98NA","Submitted","Tue May 19 08:53:23 PDT 2020","Tue May 19 08:57:42 PDT 2020","Thu May 21 08:57:42 PDT 2020","","","","259","0% (0/0)","0% (0/0)","0% (0/0)","2lsafrlwlkv3l33417w0"
"3SD15I2WD2UINEU9PWHH7PBI7U036Z","32KI9HN0SH8Q5EEER27HJI3DITGU1K","Reading a passage and responding to questions","You will read a short passage about a person, then answer questions related to the passage.","sentences, decisions, language","$0.40","Tue May 19 06:26:43 PDT 2020","352","BatchId:4043932;OriginalHitTemplateId:920937340;","7200","172800","Tue May 19 10:26:43 PDT 2020","","","3KAKFY4PGU202IN4HZV7SCX5IQ5I3V","A47LB2B3894MD","Submitted","Tue May 19 06:36:11 PDT 2020","Tue May 19 06:44:05 PDT 2020","Thu May 21 06:44:05 PDT 2020","","","","474","0% (0/0)","0% (0/0)","0% (0/0)","ekh9w7apezc2hlz94e0c"
"3SD15I2WD2UINEU9PWHH7PBI7U036Z","32KI9HN0SH8Q5EEER27HJI3DITGU1K","Reading a passage and responding to questions","You will read a short passage about a person, then answer questions related to the passage.","sentences, decisions, language","$0.40","Tue May 19 06:26:43 PDT 2020","352","BatchId:4043932;OriginalHitTemplateId:920937340;","7200","172800","Tue May 19 10:26:43 PDT 2020","","","3KB8R4ZV1E7R9MLM64AAPJI1R6VGBZ","A34NDXO56MBC3D","Submitted","Tue May 19 07:52:08 PDT 2020","Tue May 19 07:54:23 PDT 2020","Thu May 21 07:54:23 PDT 2020","","","","135","0% (0/0)","0% (0/0)","0% (0/0)","9zh5cglco9gnrswqlu7s"
"3SD15I2WD2UINEU9PWHH7PBI7U036Z","32KI9HN0SH8Q5EEER27HJI3DITGU1K","Reading a passage and responding to questions","You will read a short passage about a person, then answer questions related to the passage.","sentences, decisions, language","$0.40","Tue May 19 06:26:43 PDT 2020","352","BatchId:4043932;OriginalHitTemplateId:920937340;","7200","172800","Tue May 19 10:26:43 PDT 2020","","","3KKG4CDWKIYS9DD5DJUDPOQ8D0F49K","A1NK7VVVNVKF0D","Submitted","Tue May 19 06:46:17 PDT 2020","Tue May 19 07:03:26 PDT 2020","Thu May 21 07:03:26 PDT 2020","","","","1029","0% (0/0)","0% (0/0)","0% (0/0)","c9bp7yjfj6tl698o978u"
"3SD15I2WD2UINEU9PWHH7PBI7U036Z","32KI9HN0SH8Q5EEER27HJI3DITGU1K","Reading a passage and responding to questions","You will read a short passage about a person, then answer questions related to the passage.","sentences, decisions, language","$0.40","Tue May 19 06:26:43 PDT 2020","352","BatchId:4043932;OriginalHitTemplateId:920937340;","7200","172800","Tue May 19 10:26:43 PDT 2020","","","3KRVW3HTZNLQIIYASTU0SDCYRG2MSN","AUC3BIGGQK40E","Submitted","Tue May 19 09:31:24 PDT 2020","Tue May 19 09:40:07 PDT 2020","Thu May 21 09:40:07 PDT 2020","","","","523","0% (0/0)","0% (0/0)","0% (0/0)","3zhyszkotkuouset711x"
"3SD15I2WD2UINEU9PWHH7PBI7U036Z","32KI9HN0SH8Q5EEER27HJI3DITGU1K","Reading a passage and responding to questions","You will read a short passage about a person, then answer questions related to the passage.","sentences, decisions, language","$0.40","Tue May 19 06:26:43 PDT 2020","352","BatchId:4043932;OriginalHitTemplateId:920937340;","7200","172800","Tue May 19 10:26:43 PDT 2020","","","3KWTYT0870356YIEGLGDZPNHDR0L5E","A371H3PQPR2Z8J","Submitted","Tue May 19 08:44:58 PDT 2020","Tue May 19 08:50:01 PDT 2020","Thu May 21 08:50:01 PDT 2020","","","","303","0% (0/0)","0% (0/0)","0% (0/0)","ekl0ayebfplu54e5ytc7"
"3SD15I2WD2UINEU9PWHH7PBI7U036Z","32KI9HN0SH8Q5EEER27HJI3DITGU1K","Reading a passage and responding to questions","You will read a short passage about a person, then answer questions related to the passage.","sentences, decisions, language","$0.40","Tue May 19 06:26:43 PDT 2020","352","BatchId:4043932;OriginalHitTemplateId:920937340;","7200","172800","Tue May 19 10:26:43 PDT 2020","","","3L70J4KAZGMJES63Y096ONVYWVQADI","A3RUUCI6HGJKNW","Submitted","Tue May 19 06:51:35 PDT 2020","Tue May 19 06:59:46 PDT 2020","Thu May 21 06:59:46 PDT 2020","","","","491","0% (0/0)","0% (0/0)","0% (0/0)","kl8hcoru9vsay0g6mx9y"
"3SD15I2WD2UINEU9PWHH7PBI7U036Z","32KI9HN0SH8Q5EEER27HJI3DITGU1K","Reading a passage and responding to questions","You will read a short passage about a person, then answer questions related to the passage.","sentences, decisions, language","$0.40","Tue May 19 06:26:43 PDT 2020","352","BatchId:4043932;OriginalHitTemplateId:920937340;","7200","172800","Tue May 19 10:26:43 PDT 2020","","","3LBXNTKX0RVJ7F1FXUWIMZN66VKX9S","APX8J0KWRQG36","Submitted","Tue May 19 06:55:29 PDT 2020","Tue May 19 07:00:31 PDT 2020","Thu May 21 07:00:31 PDT 2020","","","","302","0% (0/0)","0% (0/0)","0% (0/0)","94txqalmxyejxf7e5qwk"
"3SD15I2WD2UINEU9PWHH7PBI7U036Z","32KI9HN0SH8Q5EEER27HJI3DITGU1K","Reading a passage and responding to questions","You will read a short passage about a person, then answer questions related to the passage.","sentences, decisions, language","$0.40","Tue May 19 06:26:43 PDT 2020","352","BatchId:4043932;OriginalHitTemplateId:920937340;","7200","172800","Tue May 19 10:26:43 PDT 2020","","","3LPW2N6LKT28PO58PZ8EQCJ0QIM5UL","A2K2MFQMN31DZ","Submitted","Tue May 19 07:19:36 PDT 2020","Tue May 19 07:25:54 PDT 2020","Thu May 21 07:25:54 PDT 2020","","","","378","0% (0/0)","0% (0/0)","0% (0/0)","ssvlsh1lpj2een3os30x"
"3SD15I2WD2UINEU9PWHH7PBI7U036Z","32KI9HN0SH8Q5EEER27HJI3DITGU1K","Reading a passage and responding to questions","You will read a short passage about a person, then answer questions related to the passage.","sentences, decisions, language","$0.40","Tue May 19 06:26:43 PDT 2020","352","BatchId:4043932;OriginalHitTemplateId:920937340;","7200","172800","Tue May 19 10:26:43 PDT 2020","","","3LQ8PUHQFLSFWQU3WKK9W6YF1WQIH7","A1MCDM4BGRBWDY","Submitted","Tue May 19 07:27:21 PDT 2020","Tue May 19 07:37:08 PDT 2020","Thu May 21 07:37:08 PDT 2020","","","","587","0% (0/0)","0% (0/0)","0% (0/0)","u0uzk4alr5jvtmtqt2tq"
"3SD15I2WD2UINEU9PWHH7PBI7U036Z","32KI9HN0SH8Q5EEER27HJI3DITGU1K","Reading a passage and responding to questions","You will read a short passage about a person, then answer questions related to the passage.","sentences, decisions, language","$0.40","Tue May 19 06:26:43 PDT 2020","352","BatchId:4043932;OriginalHitTemplateId:920937340;","7200","172800","Tue May 19 10:26:43 PDT 2020","","","3LRKMWOKB5HXCQGVD35O9XV38P6Z2X","A3NZPDPV38W6E8","Submitted","Tue May 19 06:27:43 PDT 2020","Tue May 19 06:33:40 PDT 2020","Thu May 21 06:33:40 PDT 2020","","","","357","0% (0/0)","0% (0/0)","0% (0/0)","zrqp6tzlglkxspwsgjo8"
"3SD15I2WD2UINEU9PWHH7PBI7U036Z","32KI9HN0SH8Q5EEER27HJI3DITGU1K","Reading a passage and responding to questions","You will read a short passage about a person, then answer questions related to the passage.","sentences, decisions, language","$0.40","Tue May 19 06:26:43 PDT 2020","352","BatchId:4043932;OriginalHitTemplateId:920937340;","7200","172800","Tue May 19 10:26:43 PDT 2020","","","3LRKMWOKB5HXCQGVD35O9XV38QA2Z6","AFE4U33V9PEAM","Submitted","Tue May 19 07:17:25 PDT 2020","Tue May 19 07:28:08 PDT 2020","Thu May 21 07:28:08 PDT 2020","","","","643","0% (0/0)","0% (0/0)","0% (0/0)","mnpc2fkoa2w7lmnhe4or"
"3SD15I2WD2UINEU9PWHH7PBI7U036Z","32KI9HN0SH8Q5EEER27HJI3DITGU1K","Reading a passage and responding to questions","You will read a short passage about a person, then answer questions related to the passage.","sentences, decisions, language","$0.40","Tue May 19 06:26:43 PDT 2020","352","BatchId:4043932;OriginalHitTemplateId:920937340;","7200","172800","Tue May 19 10:26:43 PDT 2020","","","3M0NZ3JDP1YPBNZIVM7M74YFSZZ5Z6","A2G0I258LCRIM7","Submitted","Tue May 19 06:43:11 PDT 2020","Tue May 19 06:50:35 PDT 2020","Thu May 21 06:50:35 PDT 2020","","","","444","0% (0/0)","0% (0/0)","0% (0/0)","29bjyxdl6ab292la61pq"
"3SD15I2WD2UINEU9PWHH7PBI7U036Z","32KI9HN0SH8Q5EEER27HJI3DITGU1K","Reading a passage and responding to questions","You will read a short passage about a person, then answer questions related to the passage.","sentences, decisions, language","$0.40","Tue May 19 06:26:43 PDT 2020","352","BatchId:4043932;OriginalHitTemplateId:920937340;","7200","172800","Tue May 19 10:26:43 PDT 2020","","","3MX2NQ3YC9U06SZ3U4J1AJI4KZ1X51","A2TCMIJWA3RUXS","Submitted","Tue May 19 06:54:12 PDT 2020","Tue May 19 07:12:45 PDT 2020","Thu May 21 07:12:45 PDT 2020","","","","1113","0% (0/0)","0% (0/0)","0% (0/0)","7p1ezo5f0ar4pm8o2bhj"
"3SD15I2WD2UINEU9PWHH7PBI7U036Z","32KI9HN0SH8Q5EEER27HJI3DITGU1K","Reading a passage and responding to questions","You will read a short passage about a person, then answer questions related to the passage.","sentences, decisions, language","$0.40","Tue May 19 06:26:43 PDT 2020","352","BatchId:4043932;OriginalHitTemplateId:920937340;","7200","172800","Tue May 19 10:26:43 PDT 2020","","","3N1FSUEFL504C3QMPZZFBK9Y4MVD4D","AYHBBZIUW69GX","Submitted","Tue May 19 07:14:09 PDT 2020","Tue May 19 07:24:32 PDT 2020","Thu May 21 07:24:32 PDT 2020","","","","623","0% (0/0)","0% (0/0)","0% (0/0)","a7zn9hal2s31u7qq9kzj"
"3SD15I2WD2UINEU9PWHH7PBI7U036Z","32KI9HN0SH8Q5EEER27HJI3DITGU1K","Reading a passage and responding to questions","You will read a short passage about a person, then answer questions related to the passage.","sentences, decisions, language","$0.40","Tue May 19 06:26:43 PDT 2020","352","BatchId:4043932;OriginalHitTemplateId:920937340;","7200","172800","Tue May 19 10:26:43 PDT 2020","","","3NC5L260MOM5EGE0ZP9EDIIOXPAOF6","A8GPOQK34RDGL","Submitted","Tue May 19 06:48:31 PDT 2020","Tue May 19 07:03:53 PDT 2020","Thu May 21 07:03:53 PDT 2020","","","","922","0% (0/0)","0% (0/0)","0% (0/0)","l9zzoreju9k3gwvcub60"
"3SD15I2WD2UINEU9PWHH7PBI7U036Z","32KI9HN0SH8Q5EEER27HJI3DITGU1K","Reading a passage and responding to questions","You will read a short passage about a person, then answer questions related to the passage.","sentences, decisions, language","$0.40","Tue May 19 06:26:43 PDT 2020","352","BatchId:4043932;OriginalHitTemplateId:920937340;","7200","172800","Tue May 19 10:26:43 PDT 2020","","","3ND9UOO81K2ZJHXYCM3MPP0UXOWLWN","A1SOT7RYLET0PJ","Submitted","Tue May 19 07:06:18 PDT 2020","Tue May 19 07:25:30 PDT 2020","Thu May 21 07:25:30 PDT 2020","","","","1152","0% (0/0)","0% (0/0)","0% (0/0)","dfomucl7qrcpzd37uuka"
"3SD15I2WD2UINEU9PWHH7PBI7U036Z","32KI9HN0SH8Q5EEER27HJI3DITGU1K","Reading a passage and responding to questions","You will read a short passage about a person, then answer questions related to the passage.","sentences, decisions, language","$0.40","Tue May 19 06:26:43 PDT 2020","352","BatchId:4043932;OriginalHitTemplateId:920937340;","7200","172800","Tue May 19 10:26:43 PDT 2020","","","3NVC2EB65QZMSI29LHHAE0RT8933YM","A1VRUEYOWHA0LK","Submitted","Tue May 19 06:30:05 PDT 2020","Tue May 19 06:35:06 PDT 2020","Thu May 21 06:35:06 PDT 2020","","","","301","0% (0/0)","0% (0/0)","0% (0/0)","2y8fjfr2bsg7p71lf2ml"
"3SD15I2WD2UINEU9PWHH7PBI7U036Z","32KI9HN0SH8Q5EEER27HJI3DITGU1K","Reading a passage and responding to questions","You will read a short passage about a person, then answer questions related to the passage.","sentences, decisions, language","$0.40","Tue May 19 06:26:43 PDT 2020","352","BatchId:4043932;OriginalHitTemplateId:920937340;","7200","172800","Tue May 19 10:26:43 PDT 2020","","","3OE22WJIGIOXIAO69RWHONERMECUQQ","A25C4OD07U30NQ","Submitted","Tue May 19 08:04:03 PDT 2020","Tue May 19 08:09:29 PDT 2020","Thu May 21 08:09:29 PDT 2020","","","","326","0% (0/0)","0% (0/0)","0% (0/0)","d1yt7estnjv8wzmxp2yp"
"3SD15I2WD2UINEU9PWHH7PBI7U036Z","32KI9HN0SH8Q5EEER27HJI3DITGU1K","Reading a passage and responding to questions","You will read a short passage about a person, then answer questions related to the passage.","sentences, decisions, language","$0.40","Tue May 19 06:26:43 PDT 2020","352","BatchId:4043932;OriginalHitTemplateId:920937340;","7200","172800","Tue May 19 10:26:43 PDT 2020","","","3OF2M9AATGOST6KL29BS9THXPPTKZ5","ABYFMKPTF0SHG","Submitted","Tue May 19 06:37:22 PDT 2020","Tue May 19 06:56:27 PDT 2020","Thu May 21 06:56:27 PDT 2020","","","","1145","0% (0/0)","0% (0/0)","0% (0/0)","v4arw0hzygbqk8mns4k4"
"3SD15I2WD2UINEU9PWHH7PBI7U036Z","32KI9HN0SH8Q5EEER27HJI3DITGU1K","Reading a passage and responding to questions","You will read a short passage about a person, then answer questions related to the passage.","sentences, decisions, language","$0.40","Tue May 19 06:26:43 PDT 2020","352","BatchId:4043932;OriginalHitTemplateId:920937340;","7200","172800","Tue May 19 10:26:43 PDT 2020","","","3OONKJ5DKCJF1Z2KUNNIUSR3ISNOBV","A3F7UM9YF4N4TU","Submitted","Tue May 19 08:07:01 PDT 2020","Tue May 19 08:20:22 PDT 2020","Thu May 21 08:20:22 PDT 2020","","","","801","0% (0/0)","0% (0/0)","0% (0/0)","vthbya1vaks5on85t1ej"
"3SD15I2WD2UINEU9PWHH7PBI7U036Z","32KI9HN0SH8Q5EEER27HJI3DITGU1K","Reading a passage and responding to questions","You will read a short passage about a person, then answer questions related to the passage.","sentences, decisions, language","$0.40","Tue May 19 06:26:43 PDT 2020","352","BatchId:4043932;OriginalHitTemplateId:920937340;","7200","172800","Tue May 19 10:26:43 PDT 2020","","","3OS4RQUCR9FLVMPRVK4S7YIPQQQBFO","A3711YADD1Q1","Submitted","Tue May 19 06:29:44 PDT 2020","Tue May 19 06:36:17 PDT 2020","Thu May 21 06:36:17 PDT 2020","","","","393","0% (0/0)","0% (0/0)","0% (0/0)","kbc4tad281ykh56yguq8"
"3SD15I2WD2UINEU9PWHH7PBI7U036Z","32KI9HN0SH8Q5EEER27HJI3DITGU1K","Reading a passage and responding to questions","You will read a short passage about a person, then answer questions related to the passage.","sentences, decisions, language","$0.40","Tue May 19 06:26:43 PDT 2020","352","BatchId:4043932;OriginalHitTemplateId:920937340;","7200","172800","Tue May 19 10:26:43 PDT 2020","","","3OVR4I9USPJY1CURUL5ZBJGXN1Q4QF","AH4B2J6Q0X5F7","Submitted","Tue May 19 08:20:23 PDT 2020","Tue May 19 08:58:57 PDT 2020","Thu May 21 08:58:57 PDT 2020","","","","2314","0% (0/0)","0% (0/0)","0% (0/0)","qqykp5wyg2y7w90uvku1"
"3SD15I2WD2UINEU9PWHH7PBI7U036Z","32KI9HN0SH8Q5EEER27HJI3DITGU1K","Reading a passage and responding to questions","You will read a short passage about a person, then answer questions related to the passage.","sentences, decisions, language","$0.40","Tue May 19 06:26:43 PDT 2020","352","BatchId:4043932;OriginalHitTemplateId:920937340;","7200","172800","Tue May 19 10:26:43 PDT 2020","","","3P59JYT76LK1QE7W7BG6N9UMNUST2L","A2JLS8VHLTWVP8","Submitted","Tue May 19 08:16:16 PDT 2020","Tue May 19 08:22:34 PDT 2020","Thu May 21 08:22:34 PDT 2020","","","","378","100% (1/1)","0% (0/0)","0% (0/0)","3g8gh9jcktg81y5gqqlv"
"3SD15I2WD2UINEU9PWHH7PBI7U036Z","32KI9HN0SH8Q5EEER27HJI3DITGU1K","Reading a passage and responding to questions","You will read a short passage about a person, then answer questions related to the passage.","sentences, decisions, language","$0.40","Tue May 19 06:26:43 PDT 2020","352","BatchId:4043932;OriginalHitTemplateId:920937340;","7200","172800","Tue May 19 10:26:43 PDT 2020","","","3PS7W85Z8Z2CQYSVSKVLXW20T0X9TO","ARZMZHL90FY1S","Submitted","Tue May 19 07:07:56 PDT 2020","Tue May 19 07:12:45 PDT 2020","Thu May 21 07:12:45 PDT 2020","","","","289","0% (0/0)","0% (0/0)","0% (0/0)","8j942q9folfc7jgv56f9"
"3SD15I2WD2UINEU9PWHH7PBI7U036Z","32KI9HN0SH8Q5EEER27HJI3DITGU1K","Reading a passage and responding to questions","You will read a short passage about a person, then answer questions related to the passage.","sentences, decisions, language","$0.40","Tue May 19 06:26:43 PDT 2020","352","BatchId:4043932;OriginalHitTemplateId:920937340;","7200","172800","Tue May 19 10:26:43 PDT 2020","","","3PS7W85Z8Z2CQYSVSKVLXW20TZWT95","A2A7R0WEEFC3OX","Submitted","Tue May 19 07:01:14 PDT 2020","Tue May 19 07:13:44 PDT 2020","Thu May 21 07:13:44 PDT 2020","","","","750","0% (0/0)","0% (0/0)","0% (0/0)","kwo2896jm1ergon8h5tb"
"3SD15I2WD2UINEU9PWHH7PBI7U036Z","32KI9HN0SH8Q5EEER27HJI3DITGU1K","Reading a passage and responding to questions","You will read a short passage about a person, then answer questions related to the passage.","sentences, decisions, language","$0.40","Tue May 19 06:26:43 PDT 2020","352","BatchId:4043932;OriginalHitTemplateId:920937340;","7200","172800","Tue May 19 10:26:43 PDT 2020","","","3PW9OPU9PQK0HUVN5SWWH3BRVB121L","A1BJFYHXK6YDX1","Submitted","Tue May 19 08:12:17 PDT 2020","Tue May 19 08:21:38 PDT 2020","Thu May 21 08:21:38 PDT 2020","","","","561","0% (0/0)","0% (0/0)","0% (0/0)","5f3qkcpfenje8yp6xvj2"
"3SD15I2WD2UINEU9PWHH7PBI7U036Z","32KI9HN0SH8Q5EEER27HJI3DITGU1K","Reading a passage and responding to questions","You will read a short passage about a person, then answer questions related to the passage.","sentences, decisions, language","$0.40","Tue May 19 06:26:43 PDT 2020","352","BatchId:4043932;OriginalHitTemplateId:920937340;","7200","172800","Tue May 19 10:26:43 PDT 2020","","","3QHK8ZVMIMI7VEZNHV7Q2BN9NNFLB8","A1KRO0JWU6LT0I","Submitted","Tue May 19 07:31:23 PDT 2020","Tue May 19 07:36:47 PDT 2020","Thu May 21 07:36:47 PDT 2020","","","","324","0% (0/0)","0% (0/0)","0% (0/0)","o04ckffyzor3a5pp1gs2"
"3SD15I2WD2UINEU9PWHH7PBI7U036Z","32KI9HN0SH8Q5EEER27HJI3DITGU1K","Reading a passage and responding to questions","You will read a short passage about a person, then answer questions related to the passage.","sentences, decisions, language","$0.40","Tue May 19 06:26:43 PDT 2020","352","BatchId:4043932;OriginalHitTemplateId:920937340;","7200","172800","Tue May 19 10:26:43 PDT 2020","","","3QHK8ZVMIMI7VEZNHV7Q2BN9NNQBL9","A38ZV8LBZ034IZ","Submitted","Tue May 19 09:27:57 PDT 2020","Tue May 19 11:19:22 PDT 2020","Thu May 21 11:19:22 PDT 2020","","","","6685","100% (1/1)","0% (0/0)","0% (0/0)","9kjy9479mq978tef3s66"
"3SD15I2WD2UINEU9PWHH7PBI7U036Z","32KI9HN0SH8Q5EEER27HJI3DITGU1K","Reading a passage and responding to questions","You will read a short passage about a person, then answer questions related to the passage.","sentences, decisions, language","$0.40","Tue May 19 06:26:43 PDT 2020","352","BatchId:4043932;OriginalHitTemplateId:920937340;","7200","172800","Tue May 19 10:26:43 PDT 2020","","","3QJOXOW4XJRP8ZTSRYAV3W8JQOFME6","ACWT0Y3IHPYOO","Submitted","Tue May 19 06:36:40 PDT 2020","Tue May 19 07:03:05 PDT 2020","Thu May 21 07:03:05 PDT 2020","","","","1585","0% (0/0)","0% (0/0)","0% (0/0)","eso0kxw8alolc9spref5"
"3SD15I2WD2UINEU9PWHH7PBI7U036Z","32KI9HN0SH8Q5EEER27HJI3DITGU1K","Reading a passage and responding to questions","You will read a short passage about a person, then answer questions related to the passage.","sentences, decisions, language","$0.40","Tue May 19 06:26:43 PDT 2020","352","BatchId:4043932;OriginalHitTemplateId:920937340;","7200","172800","Tue May 19 10:26:43 PDT 2020","","","3QY5DC2MXRK0RLYXVBLNCOADFC6FUK","A2S3SV1LQTKJ8K","Submitted","Tue May 19 08:34:51 PDT 2020","Tue May 19 09:09:28 PDT 2020","Thu May 21 09:09:28 PDT 2020","","","","2077","0% (0/0)","0% (0/0)","0% (0/0)","ffeve87trl16q8mwrscb"
"3SD15I2WD2UINEU9PWHH7PBI7U036Z","32KI9HN0SH8Q5EEER27HJI3DITGU1K","Reading a passage and responding to questions","You will read a short passage about a person, then answer questions related to the passage.","sentences, decisions, language","$0.40","Tue May 19 06:26:43 PDT 2020","352","BatchId:4043932;OriginalHitTemplateId:920937340;","7200","172800","Tue May 19 10:26:43 PDT 2020","","","3R08VXYT7CV04W8W8S2C6KIT24SW7Q","AWG2ZQ5ZJKCT5","Submitted","Tue May 19 07:34:25 PDT 2020","Tue May 19 07:42:52 PDT 2020","Thu May 21 07:42:52 PDT 2020","","","","507","0% (0/0)","0% (0/0)","0% (0/0)","smh4v9rqeytrb2yegyqw"
"3SD15I2WD2UINEU9PWHH7PBI7U036Z","32KI9HN0SH8Q5EEER27HJI3DITGU1K","Reading a passage and responding to questions","You will read a short passage about a person, then answer questions related to the passage.","sentences, decisions, language","$0.40","Tue May 19 06:26:43 PDT 2020","352","BatchId:4043932;OriginalHitTemplateId:920937340;","7200","172800","Tue May 19 10:26:43 PDT 2020","","","3R2UR8A0IAGME25LZJF0JPIV1V7XO9","A34VGWKNKQIT5W","Submitted","Tue May 19 07:16:10 PDT 2020","Tue May 19 08:29:11 PDT 2020","Thu May 21 08:29:11 PDT 2020","","","","4381","0% (0/0)","0% (0/0)","0% (0/0)","r64sdopn3ntrh62u6ck8"
"3SD15I2WD2UINEU9PWHH7PBI7U036Z","32KI9HN0SH8Q5EEER27HJI3DITGU1K","Reading a passage and responding to questions","You will read a short passage about a person, then answer questions related to the passage.","sentences, decisions, language","$0.40","Tue May 19 06:26:43 PDT 2020","352","BatchId:4043932;OriginalHitTemplateId:920937340;","7200","172800","Tue May 19 10:26:43 PDT 2020","","","3R2UR8A0IAGME25LZJF0JPIV1VAOX3","A1ZE87WEYCA44A","Submitted","Tue May 19 07:51:28 PDT 2020","Tue May 19 09:26:52 PDT 2020","Thu May 21 09:26:52 PDT 2020","","","","5724","0% (0/0)","0% (0/0)","0% (0/0)","5vx8tldb8u9pyjqpe640"
"3SD15I2WD2UINEU9PWHH7PBI7U036Z","32KI9HN0SH8Q5EEER27HJI3DITGU1K","Reading a passage and responding to questions","You will read a short passage about a person, then answer questions related to the passage.","sentences, decisions, language","$0.40","Tue May 19 06:26:43 PDT 2020","352","BatchId:4043932;OriginalHitTemplateId:920937340;","7200","172800","Tue May 19 10:26:43 PDT 2020","","","3R6P78PK7KBR58F36Q1VPDONXDUGTO","A2809JZ3X24ZAA","Submitted","Tue May 19 07:36:01 PDT 2020","Tue May 19 07:39:12 PDT 2020","Thu May 21 07:39:12 PDT 2020","","","","191","0% (0/0)","0% (0/0)","0% (0/0)","1brapuwq9km7z6o0vbjo"
"3SD15I2WD2UINEU9PWHH7PBI7U036Z","32KI9HN0SH8Q5EEER27HJI3DITGU1K","Reading a passage and responding to questions","You will read a short passage about a person, then answer questions related to the passage.","sentences, decisions, language","$0.40","Tue May 19 06:26:43 PDT 2020","352","BatchId:4043932;OriginalHitTemplateId:920937340;","7200","172800","Tue May 19 10:26:43 PDT 2020","","","3R8YZBNQ9HIVKZCAWJ36EV07E29Q7C","AYCHPTQRYDT7G","Submitted","Tue May 19 06:57:00 PDT 2020","Tue May 19 07:07:11 PDT 2020","Thu May 21 07:07:11 PDT 2020","","","","611","100% (1/1)","0% (0/0)","0% (0/0)","zhb7kaogol1g4mws0lpu"
"3SD15I2WD2UINEU9PWHH7PBI7U036Z","32KI9HN0SH8Q5EEER27HJI3DITGU1K","Reading a passage and responding to questions","You will read a short passage about a person, then answer questions related to the passage.","sentences, decisions, language","$0.40","Tue May 19 06:26:43 PDT 2020","352","BatchId:4043932;OriginalHitTemplateId:920937340;","7200","172800","Tue May 19 10:26:43 PDT 2020","","","3RGU30DZTA8XJFFK5ZLM0CLBVXLJM0","AEGKZQKMJTBAJ","Submitted","Tue May 19 08:47:35 PDT 2020","Tue May 19 09:15:10 PDT 2020","Thu May 21 09:15:10 PDT 2020","","","","1655","0% (0/0)","0% (0/0)","0% (0/0)","1dn499wmdl6wfuj4bmkp"
"3SD15I2WD2UINEU9PWHH7PBI7U036Z","32KI9HN0SH8Q5EEER27HJI3DITGU1K","Reading a passage and responding to questions","You will read a short passage about a person, then answer questions related to the passage.","sentences, decisions, language","$0.40","Tue May 19 06:26:43 PDT 2020","352","BatchId:4043932;OriginalHitTemplateId:920937340;","7200","172800","Tue May 19 10:26:43 PDT 2020","","","3S0TNUHWKTI5V4DO12PSSWP368Y8DM","AS6BWSIIQJDYV","Submitted","Tue May 19 08:31:46 PDT 2020","Tue May 19 08:39:22 PDT 2020","Thu May 21 08:39:22 PDT 2020","","","","456","0% (0/0)","0% (0/0)","0% (0/0)","eadv7wcdecbbq96fqx1z"
"3SD15I2WD2UINEU9PWHH7PBI7U036Z","32KI9HN0SH8Q5EEER27HJI3DITGU1K","Reading a passage and responding to questions","You will read a short passage about a person, then answer questions related to the passage.","sentences, decisions, language","$0.40","Tue May 19 06:26:43 PDT 2020","352","BatchId:4043932;OriginalHitTemplateId:920937340;","7200","172800","Tue May 19 10:26:43 PDT 2020","","","3SB5N7Y3O34QPZIC8ODL52MI023G0I","A3S8TCGE1CVC1P","Submitted","Tue May 19 08:45:04 PDT 2020","Tue May 19 08:50:45 PDT 2020","Thu May 21 08:50:45 PDT 2020","","","","341","0% (0/0)","0% (0/0)","0% (0/0)","fp4kd6k5ra6p41e6uzl0"
"3SD15I2WD2UINEU9PWHH7PBI7U036Z","32KI9HN0SH8Q5EEER27HJI3DITGU1K","Reading a passage and responding to questions","You will read a short passage about a person, then answer questions related to the passage.","sentences, decisions, language","$0.40","Tue May 19 06:26:43 PDT 2020","352","BatchId:4043932;OriginalHitTemplateId:920937340;","7200","172800","Tue May 19 10:26:43 PDT 2020","","","3SBEHTYCWN31ILKS6KOXI6TIRR0IY1","A19BXCY9Q8IZOK","Submitted","Tue May 19 06:29:12 PDT 2020","Tue May 19 06:35:52 PDT 2020","Thu May 21 06:35:52 PDT 2020","","","","400","0% (0/0)","0% (0/0)","0% (0/0)","mqgxvvhxsne9xl2886u9"
"3SD15I2WD2UINEU9PWHH7PBI7U036Z","32KI9HN0SH8Q5EEER27HJI3DITGU1K","Reading a passage and responding to questions","You will read a short passage about a person, then answer questions related to the passage.","sentences, decisions, language","$0.40","Tue May 19 06:26:43 PDT 2020","352","BatchId:4043932;OriginalHitTemplateId:920937340;","7200","172800","Tue May 19 10:26:43 PDT 2020","","","3SEPORI8WNZMHTBZQIY3FFE1KDZZA5","A1OZJGZOYEBD3C","Submitted","Tue May 19 06:47:23 PDT 2020","Tue May 19 06:52:10 PDT 2020","Thu May 21 06:52:10 PDT 2020","","","","287","0% (0/0)","0% (0/0)","0% (0/0)","cmrh0wjmzsgq895l0xfw"
"3SD15I2WD2UINEU9PWHH7PBI7U036Z","32KI9HN0SH8Q5EEER27HJI3DITGU1K","Reading a passage and responding to questions","You will read a short passage about a person, then answer questions related to the passage.","sentences, decisions, language","$0.40","Tue May 19 06:26:43 PDT 2020","352","BatchId:4043932;OriginalHitTemplateId:920937340;","7200","172800","Tue May 19 10:26:43 PDT 2020","","","3SITXWYCNV92V8GCVEAED5IWUVMBXF","A2YCJDS8A0167Q","Submitted","Tue May 19 06:32:02 PDT 2020","Tue May 19 06:37:04 PDT 2020","Thu May 21 06:37:04 PDT 2020","","","","302","0% (0/0)","0% (0/0)","0% (0/0)","3v0bcacfgt13waxdg8mb"
"3SD15I2WD2UINEU9PWHH7PBI7U036Z","32KI9HN0SH8Q5EEER27HJI3DITGU1K","Reading a passage and responding to questions","You will read a short passage about a person, then answer questions related to the passage.","sentences, decisions, language","$0.40","Tue May 19 06:26:43 PDT 2020","352","BatchId:4043932;OriginalHitTemplateId:920937340;","7200","172800","Tue May 19 10:26:43 PDT 2020","","","3SKRO2GZ71RVYAZDUY20HZXLCBV1KE","A2EHOTPXWIPR7T","Submitted","Tue May 19 09:30:04 PDT 2020","Tue May 19 09:38:01 PDT 2020","Thu May 21 09:38:01 PDT 2020","","","","477","0% (0/0)","0% (0/0)","0% (0/0)","e51dn1ko5aj7pbd1408h"
"3SD15I2WD2UINEU9PWHH7PBI7U036Z","32KI9HN0SH8Q5EEER27HJI3DITGU1K","Reading a passage and responding to questions","You will read a short passage about a person, then answer questions related to the passage.","sentences, decisions, language","$0.40","Tue May 19 06:26:43 PDT 2020","352","BatchId:4043932;OriginalHitTemplateId:920937340;","7200","172800","Tue May 19 10:26:43 PDT 2020","","","3SNLUL3WO4NMRD8THMOL71FXC8SLUV","A371PRNMP6C7DN","Submitted","Tue May 19 08:35:26 PDT 2020","Tue May 19 08:51:37 PDT 2020","Thu May 21 08:51:37 PDT 2020","","","","971","0% (0/0)","0% (0/0)","0% (0/0)","g2llxr7qw1c2brlshgxt"
"3SD15I2WD2UINEU9PWHH7PBI7U036Z","32KI9HN0SH8Q5EEER27HJI3DITGU1K","Reading a passage and responding to questions","You will read a short passage about a person, then answer questions related to the passage.","sentences, decisions, language","$0.40","Tue May 19 06:26:43 PDT 2020","352","BatchId:4043932;OriginalHitTemplateId:920937340;","7200","172800","Tue May 19 10:26:43 PDT 2020","","","3T111IHZ5EQZAJF3OVQQXH1I5F0R9T","A1ZBBZEM6GVNUV","Submitted","Tue May 19 07:10:07 PDT 2020","Tue May 19 07:17:42 PDT 2020","Thu May 21 07:17:42 PDT 2020","","","","455","0% (0/0)","0% (0/0)","0% (0/0)","awghfapwaynly4nlqapf"
"3SD15I2WD2UINEU9PWHH7PBI7U036Z","32KI9HN0SH8Q5EEER27HJI3DITGU1K","Reading a passage and responding to questions","You will read a short passage about a person, then answer questions related to the passage.","sentences, decisions, language","$0.40","Tue May 19 06:26:43 PDT 2020","352","BatchId:4043932;OriginalHitTemplateId:920937340;","7200","172800","Tue May 19 10:26:43 PDT 2020","","","3TMSXRD2X60MTATUJCL35ARGZHP1WT","AH7I3K3OJKA5L","Submitted","Tue May 19 06:30:42 PDT 2020","Tue May 19 06:33:34 PDT 2020","Thu May 21 06:33:34 PDT 2020","","","","172","0% (0/0)","0% (0/0)","0% (0/0)","qvdf6w29gjjtr28v7z10"
"3SD15I2WD2UINEU9PWHH7PBI7U036Z","32KI9HN0SH8Q5EEER27HJI3DITGU1K","Reading a passage and responding to questions","You will read a short passage about a person, then answer questions related to the passage.","sentences, decisions, language","$0.40","Tue May 19 06:26:43 PDT 2020","352","BatchId:4043932;OriginalHitTemplateId:920937340;","7200","172800","Tue May 19 10:26:43 PDT 2020","","","3TVRFO09GKFE8H2OMRZ8R8E16Q3XLT","A2QPRSD59FCQIP","Submitted","Tue May 19 07:29:12 PDT 2020","Tue May 19 07:34:42 PDT 2020","Thu May 21 07:34:42 PDT 2020","","","","330","0% (0/0)","0% (0/0)","0% (0/0)","w2ma4p2vdw6x7mdu9fh7"
"3SD15I2WD2UINEU9PWHH7PBI7U036Z","32KI9HN0SH8Q5EEER27HJI3DITGU1K","Reading a passage and responding to questions","You will read a short passage about a person, then answer questions related to the passage.","sentences, decisions, language","$0.40","Tue May 19 06:26:43 PDT 2020","352","BatchId:4043932;OriginalHitTemplateId:920937340;","7200","172800","Tue May 19 10:26:43 PDT 2020","","","3TXD01ZLD4HQT518BUP4LKDMQM7U4L","A1TGBCLWRWTR92","Submitted","Tue May 19 10:09:32 PDT 2020","Tue May 19 10:12:28 PDT 2020","Thu May 21 10:12:28 PDT 2020","","","","176","0% (0/0)","0% (0/0)","0% (0/0)","ccmcvntbsb4a0k19k93j"
"3SD15I2WD2UINEU9PWHH7PBI7U036Z","32KI9HN0SH8Q5EEER27HJI3DITGU1K","Reading a passage and responding to questions","You will read a short passage about a person, then answer questions related to the passage.","sentences, decisions, language","$0.40","Tue May 19 06:26:43 PDT 2020","352","BatchId:4043932;OriginalHitTemplateId:920937340;","7200","172800","Tue May 19 10:26:43 PDT 2020","","","3TXMY6UCAEO1WG76N0BHUHSLFE1QC8","A2YE7NBCK14VAQ","Submitted","Tue May 19 07:13:43 PDT 2020","Tue May 19 07:17:41 PDT 2020","Thu May 21 07:17:41 PDT 2020","","","","238","0% (0/0)","0% (0/0)","0% (0/0)","d6dbd8u5kz4om8f0pcxr"
"3SD15I2WD2UINEU9PWHH7PBI7U036Z","32KI9HN0SH8Q5EEER27HJI3DITGU1K","Reading a passage and responding to questions","You will read a short passage about a person, then answer questions related to the passage.","sentences, decisions, language","$0.40","Tue May 19 06:26:43 PDT 2020","352","BatchId:4043932;OriginalHitTemplateId:920937340;","7200","172800","Tue May 19 10:26:43 PDT 2020","","","3UJ1CZ6IZHPSABD40UDEBB1C5L1S5S","A3NK3VPYRHZBW8","Submitted","Tue May 19 07:25:13 PDT 2020","Tue May 19 07:46:02 PDT 2020","Thu May 21 07:46:02 PDT 2020","","","","1249","0% (0/0)","0% (0/0)","0% (0/0)","qc8a2ywrch16j1ojgn8j"
"3SD15I2WD2UINEU9PWHH7PBI7U036Z","32KI9HN0SH8Q5EEER27HJI3DITGU1K","Reading a passage and responding to questions","You will read a short passage about a person, then answer questions related to the passage.","sentences, decisions, language","$0.40","Tue May 19 06:26:43 PDT 2020","352","BatchId:4043932;OriginalHitTemplateId:920937340;","7200","172800","Tue May 19 10:26:43 PDT 2020","","","3UNH76FOCS5NE4AJRZMPAZ0Z810YMF","A1K8CX4W8OD6M4","Submitted","Tue May 19 09:45:05 PDT 2020","Tue May 19 09:55:03 PDT 2020","Thu May 21 09:55:03 PDT 2020","","","","598","0% (0/0)","0% (0/0)","0% (0/0)","yxyp88wdej0f47vt40ak"
"3SD15I2WD2UINEU9PWHH7PBI7U036Z","32KI9HN0SH8Q5EEER27HJI3DITGU1K","Reading a passage and responding to questions","You will read a short passage about a person, then answer questions related to the passage.","sentences, decisions, language","$0.40","Tue May 19 06:26:43 PDT 2020","352","BatchId:4043932;OriginalHitTemplateId:920937340;","7200","172800","Tue May 19 10:26:43 PDT 2020","","","3UOUJI6MTDEHR7PIV5R9IVAKJH2XUT","A35EGSZBY2GLP4","Submitted","Tue May 19 08:33:50 PDT 2020","Tue May 19 08:39:03 PDT 2020","Thu May 21 08:39:03 PDT 2020","","","","313","0% (0/0)","0% (0/0)","0% (0/0)","d98t5wpmet6d675rcvcf"
"3SD15I2WD2UINEU9PWHH7PBI7U036Z","32KI9HN0SH8Q5EEER27HJI3DITGU1K","Reading a passage and responding to questions","You will read a short passage about a person, then answer questions related to the passage.","sentences, decisions, language","$0.40","Tue May 19 06:26:43 PDT 2020","352","BatchId:4043932;OriginalHitTemplateId:920937340;","7200","172800","Tue May 19 10:26:43 PDT 2020","","","3VELCLL3GKJKIO7ZTNB31M5G4F1F1D","AD21ES5UMD77U","Submitted","Tue May 19 07:07:10 PDT 2020","Tue May 19 07:23:55 PDT 2020","Thu May 21 07:23:55 PDT 2020","","","","1005","0% (0/0)","0% (0/0)","0% (0/0)","lj4o8k1sm2k89qycd66v"
"3SD15I2WD2UINEU9PWHH7PBI7U036Z","32KI9HN0SH8Q5EEER27HJI3DITGU1K","Reading a passage and responding to questions","You will read a short passage about a person, then answer questions related to the passage.","sentences, decisions, language","$0.40","Tue May 19 06:26:43 PDT 2020","352","BatchId:4043932;OriginalHitTemplateId:920937340;","7200","172800","Tue May 19 10:26:43 PDT 2020","","","3VELCLL3GKJKIO7ZTNB31M5G4FIF1U","A1CPJ9Q4UQ0FZ3","Submitted","Tue May 19 10:09:28 PDT 2020","Tue May 19 10:12:35 PDT 2020","Thu May 21 10:12:35 PDT 2020","","","","187","0% (0/0)","0% (0/0)","0% (0/0)","qkyfgtalbb07rkc6kz3c"
"3SD15I2WD2UINEU9PWHH7PBI7U036Z","32KI9HN0SH8Q5EEER27HJI3DITGU1K","Reading a passage and responding to questions","You will read a short passage about a person, then answer questions related to the passage.","sentences, decisions, language","$0.40","Tue May 19 06:26:43 PDT 2020","352","BatchId:4043932;OriginalHitTemplateId:920937340;","7200","172800","Tue May 19 10:26:43 PDT 2020","","","3VHP9MDGRNK45RHX9K0NIIO78BQFCZ","A29SMGPDP7K9NU","Submitted","Tue May 19 06:33:32 PDT 2020","Tue May 19 06:53:36 PDT 2020","Thu May 21 06:53:36 PDT 2020","","","","1204","0% (0/0)","0% (0/0)","0% (0/0)","34ws3bfrth3cyuyj1gqp"
"3SD15I2WD2UINEU9PWHH7PBI7U036Z","32KI9HN0SH8Q5EEER27HJI3DITGU1K","Reading a passage and responding to questions","You will read a short passage about a person, then answer questions related to the passage.","sentences, decisions, language","$0.40","Tue May 19 06:26:43 PDT 2020","352","BatchId:4043932;OriginalHitTemplateId:920937340;","7200","172800","Tue May 19 10:26:43 PDT 2020","","","3VP0C6EFSGWLVK0DLGRXR8G69RZM6V","A1GG4ROJODGNR2","Submitted","Tue May 19 08:26:53 PDT 2020","Tue May 19 08:41:42 PDT 2020","Thu May 21 08:41:42 PDT 2020","","","","889","0% (0/0)","0% (0/0)","0% (0/0)","mzrf3x8gg1sdwgj3xfvf"
"3SD15I2WD2UINEU9PWHH7PBI7U036Z","32KI9HN0SH8Q5EEER27HJI3DITGU1K","Reading a passage and responding to questions","You will read a short passage about a person, then answer questions related to the passage.","sentences, decisions, language","$0.40","Tue May 19 06:26:43 PDT 2020","352","BatchId:4043932;OriginalHitTemplateId:920937340;","7200","172800","Tue May 19 10:26:43 PDT 2020","","","3W8CV64QJ2ZMLP10SQEWJDZCI6BH9V","AI2HVOKDEHK2F","Submitted","Tue May 19 08:53:39 PDT 2020","Tue May 19 09:29:24 PDT 2020","Thu May 21 09:29:24 PDT 2020","","","","2145","0% (0/0)","0% (0/0)","0% (0/0)","mwftfdjdk5p8b3o0jmgt"
"3SD15I2WD2UINEU9PWHH7PBI7U036Z","32KI9HN0SH8Q5EEER27HJI3DITGU1K","Reading a passage and responding to questions","You will read a short passage about a person, then answer questions related to the passage.","sentences, decisions, language","$0.40","Tue May 19 06:26:43 PDT 2020","352","BatchId:4043932;OriginalHitTemplateId:920937340;","7200","172800","Tue May 19 10:26:43 PDT 2020","","","3WAKVUDHUWGNCSJRDSNBOWXWHOLU7T","A1IHK9WV6QSWHC","Submitted","Tue May 19 08:19:17 PDT 2020","Tue May 19 08:24:00 PDT 2020","Thu May 21 08:24:00 PDT 2020","","","","283","0% (0/0)","0% (0/0)","0% (0/0)","s7vyjjtqnnqpnf8zb7fj"
"3SD15I2WD2UINEU9PWHH7PBI7U036Z","32KI9HN0SH8Q5EEER27HJI3DITGU1K","Reading a passage and responding to questions","You will read a short passage about a person, then answer questions related to the passage.","sentences, decisions, language","$0.40","Tue May 19 06:26:43 PDT 2020","352","BatchId:4043932;OriginalHitTemplateId:920937340;","7200","172800","Tue May 19 10:26:43 PDT 2020","","","3WETL7AQWT8OQUSPAFCD33T0D5J53U","A11U1B6RB71MGE","Submitted","Tue May 19 10:12:54 PDT 2020","Tue May 19 10:17:31 PDT 2020","Thu May 21 10:17:31 PDT 2020","","","","277","0% (0/0)","0% (0/0)","0% (0/0)","m77sun1swt96wjlejhj6"
"3SD15I2WD2UINEU9PWHH7PBI7U036Z","32KI9HN0SH8Q5EEER27HJI3DITGU1K","Reading a passage and responding to questions","You will read a short passage about a person, then answer questions related to the passage.","sentences, decisions, language","$0.40","Tue May 19 06:26:43 PDT 2020","352","BatchId:4043932;OriginalHitTemplateId:920937340;","7200","172800","Tue May 19 10:26:43 PDT 2020","","","3WJEQKOXA82PMXQRI7PBNLUP7Z4A1B","A2HN2J5MUIWO54","Submitted","Tue May 19 09:56:36 PDT 2020","Tue May 19 09:57:46 PDT 2020","Thu May 21 09:57:46 PDT 2020","","","","70","0% (0/0)","0% (0/0)","0% (0/0)","0loex2dzvbu3mxqddc0g"
"3SD15I2WD2UINEU9PWHH7PBI7U036Z","32KI9HN0SH8Q5EEER27HJI3DITGU1K","Reading a passage and responding to questions","You will read a short passage about a person, then answer questions related to the passage.","sentences, decisions, language","$0.40","Tue May 19 06:26:43 PDT 2020","352","BatchId:4043932;OriginalHitTemplateId:920937340;","7200","172800","Tue May 19 10:26:43 PDT 2020","","","3WLEIWSYHOHBL5G17HZH9QRYC042HR","AEF5B69YZZO6B","Submitted","Tue May 19 09:24:30 PDT 2020","Tue May 19 09:28:16 PDT 2020","Thu May 21 09:28:16 PDT 2020","","","","226","0% (0/0)","0% (0/0)","0% (0/0)","u87b6m7vx2ek460wvrec"
"3SD15I2WD2UINEU9PWHH7PBI7U036Z","32KI9HN0SH8Q5EEER27HJI3DITGU1K","Reading a passage and responding to questions","You will read a short passage about a person, then answer questions related to the passage.","sentences, decisions, language","$0.40","Tue May 19 06:26:43 PDT 2020","352","BatchId:4043932;OriginalHitTemplateId:920937340;","7200","172800","Tue May 19 10:26:43 PDT 2020","","","3XIQGXAUMC8FTWDMIXYY83W0B5W7XQ","A18BESE2PECOL4","Submitted","Tue May 19 06:40:13 PDT 2020","Tue May 19 06:45:31 PDT 2020","Thu May 21 06:45:31 PDT 2020","","","","318","0% (0/0)","0% (0/0)","0% (0/0)","rptxt0az25p7hew3jcaf"
"3SD15I2WD2UINEU9PWHH7PBI7U036Z","32KI9HN0SH8Q5EEER27HJI3DITGU1K","Reading a passage and responding to questions","You will read a short passage about a person, then answer questions related to the passage.","sentences, decisions, language","$0.40","Tue May 19 06:26:43 PDT 2020","352","BatchId:4043932;OriginalHitTemplateId:920937340;","7200","172800","Tue May 19 10:26:43 PDT 2020","","","3XUHV3NRVKY3K2ZOP01F7XUAWAJH5V","A1SOX2D8ZS02N4","Submitted","Tue May 19 07:08:18 PDT 2020","Tue May 19 07:13:08 PDT 2020","Thu May 21 07:13:08 PDT 2020","","","","290","0% (0/0)","0% (0/0)","0% (0/0)","34tqgyvfj9n2cb0y0jok"
"3SD15I2WD2UINEU9PWHH7PBI7U036Z","32KI9HN0SH8Q5EEER27HJI3DITGU1K","Reading a passage and responding to questions","You will read a short passage about a person, then answer questions related to the passage.","sentences, decisions, language","$0.40","Tue May 19 06:26:43 PDT 2020","352","BatchId:4043932;OriginalHitTemplateId:920937340;","7200","172800","Tue May 19 10:26:43 PDT 2020","","","3Y54SXRO1LLAAQGYQVQCTSPE6LMUTF","A154XH0IEZG247","Submitted","Tue May 19 09:56:12 PDT 2020","Tue May 19 09:58:22 PDT 2020","Thu May 21 09:58:22 PDT 2020","","","","130","0% (0/0)","0% (0/0)","0% (0/0)","yn6bj7wsrumm3zmwzt81"
"3SD15I2WD2UINEU9PWHH7PBI7U036Z","32KI9HN0SH8Q5EEER27HJI3DITGU1K","Reading a passage and responding to questions","You will read a short passage about a person, then answer questions related to the passage.","sentences, decisions, language","$0.40","Tue May 19 06:26:43 PDT 2020","352","BatchId:4043932;OriginalHitTemplateId:920937340;","7200","172800","Tue May 19 10:26:43 PDT 2020","","","3YMU66OBIN810ZO86WK6BULZMIVGH8","A12MUJKPHJ1MGQ","Submitted","Tue May 19 06:28:04 PDT 2020","Tue May 19 06:44:07 PDT 2020","Thu May 21 06:44:07 PDT 2020","","","","963","0% (0/0)","0% (0/0)","0% (0/0)","hq4b96wcawarkex8j39e"
"3SD15I2WD2UINEU9PWHH7PBI7U036Z","32KI9HN0SH8Q5EEER27HJI3DITGU1K","Reading a passage and responding to questions","You will read a short passage about a person, then answer questions related to the passage.","sentences, decisions, language","$0.40","Tue May 19 06:26:43 PDT 2020","352","BatchId:4043932;OriginalHitTemplateId:920937340;","7200","172800","Tue May 19 10:26:43 PDT 2020","","","3YMU66OBIN810ZO86WK6BULZMIWHGA","A2HFSQJYIYVEAF","Submitted","Tue May 19 06:50:46 PDT 2020","Tue May 19 06:53:44 PDT 2020","Thu May 21 06:53:44 PDT 2020","","","","178","0% (0/0)","0% (0/0)","0% (0/0)","1vt44va38cqwpxprstrn"
"3SD15I2WD2UINEU9PWHH7PBI7U036Z","32KI9HN0SH8Q5EEER27HJI3DITGU1K","Reading a passage and responding to questions","You will read a short passage about a person, then answer questions related to the passage.","sentences, decisions, language","$0.40","Tue May 19 06:26:43 PDT 2020","352","BatchId:4043932;OriginalHitTemplateId:920937340;","7200","172800","Tue May 19 10:26:43 PDT 2020","","","3YOH7BII097BKMFB1CMPON411FQVKL","A1G70F4VJOW46H","Submitted","Tue May 19 07:31:53 PDT 2020","Tue May 19 07:34:57 PDT 2020","Thu May 21 07:34:57 PDT 2020","","","","184","0% (0/0)","0% (0/0)","0% (0/0)","odvc3rvxon2lg8hm92g2"
"3SD15I2WD2UINEU9PWHH7PBI7U036Z","32KI9HN0SH8Q5EEER27HJI3DITGU1K","Reading a passage and responding to questions","You will read a short passage about a person, then answer questions related to the passage.","sentences, decisions, language","$0.40","Tue May 19 06:26:43 PDT 2020","352","BatchId:4043932;OriginalHitTemplateId:920937340;","7200","172800","Tue May 19 10:26:43 PDT 2020","","","3YW4XOSQKQL9164POC62NM6JE1E1UU","A2S7SSGYBNVX8H","Submitted","Tue May 19 06:30:40 PDT 2020","Tue May 19 06:34:22 PDT 2020","Thu May 21 06:34:22 PDT 2020","","","","222","0% (0/0)","0% (0/0)","0% (0/0)","uzwup0cgwlz6k4rgstrz"
"3SD15I2WD2UINEU9PWHH7PBI7U036Z","32KI9HN0SH8Q5EEER27HJI3DITGU1K","Reading a passage and responding to questions","You will read a short passage about a person, then answer questions related to the passage.","sentences, decisions, language","$0.40","Tue May 19 06:26:43 PDT 2020","352","BatchId:4043932;OriginalHitTemplateId:920937340;","7200","172800","Tue May 19 10:26:43 PDT 2020","","","3YWRV122CSZRC6OANXFH2WTRS8PU8E","A2M926W9I0CP93","Submitted","Tue May 19 07:59:04 PDT 2020","Tue May 19 08:37:13 PDT 2020","Thu May 21 08:37:13 PDT 2020","","","","2289","0% (0/0)","0% (0/0)","0% (0/0)","nn2cc0zz2dcb2ngg9w34"
"3SD15I2WD2UINEU9PWHH7PBI7U036Z","32KI9HN0SH8Q5EEER27HJI3DITGU1K","Reading a passage and responding to questions","You will read a short passage about a person, then answer questions related to the passage.","sentences, decisions, language","$0.40","Tue May 19 06:26:43 PDT 2020","352","BatchId:4043932;OriginalHitTemplateId:920937340;","7200","172800","Tue May 19 10:26:43 PDT 2020","","","3Z7VU45IPYHQN5YZUZ5A4ELYGJT1ZJ","A31S3RKOYG3VM6","Submitted","Tue May 19 06:31:41 PDT 2020","Tue May 19 08:16:00 PDT 2020","Thu May 21 08:16:00 PDT 2020","","","","6259","0% (0/0)","0% (0/0)","0% (0/0)","sspqdpey57w0z55hgz60"
"3SD15I2WD2UINEU9PWHH7PBI7U036Z","32KI9HN0SH8Q5EEER27HJI3DITGU1K","Reading a passage and responding to questions","You will read a short passage about a person, then answer questions related to the passage.","sentences, decisions, language","$0.40","Tue May 19 06:26:43 PDT 2020","352","BatchId:4043932;OriginalHitTemplateId:920937340;","7200","172800","Tue May 19 10:26:43 PDT 2020","","","3ZOTGHDK5IBEILJM599DKH13MG9SO0","AQTJFPB37TML0","Submitted","Tue May 19 08:04:53 PDT 2020","Tue May 19 08:27:02 PDT 2020","Thu May 21 08:27:02 PDT 2020","","","","1329","0% (0/0)","0% (0/0)","0% (0/0)","s4jtkpbmndub751sm4ur"
"3SD15I2WD2UINEU9PWHH7PBI7U036Z","32KI9HN0SH8Q5EEER27HJI3DITGU1K","Reading a passage and responding to questions","You will read a short passage about a person, then answer questions related to the passage.","sentences, decisions, language","$0.40","Tue May 19 06:26:43 PDT 2020","352","BatchId:4043932;OriginalHitTemplateId:920937340;","7200","172800","Tue May 19 10:26:43 PDT 2020","","","3ZQIG0FLQEG2FM9SQQ5SCYYWOLVVWB","A3A0SDXXETT1VN","Submitted","Tue May 19 06:27:49 PDT 2020","Tue May 19 07:13:43 PDT 2020","Thu May 21 07:13:43 PDT 2020","","","","2754","0% (0/0)","0% (0/0)","0% (0/0)","w3lvc95svwem8dg2n00l"