"HITId","HITTypeId","Title","Description","Keywords","Reward","CreationTime","MaxAssignments","RequesterAnnotation","AssignmentDurationInSeconds","AutoApprovalDelayInSeconds","Expiration","NumberOfSimilarHITs","LifetimeInSeconds","AssignmentId","WorkerId","AssignmentStatus","AcceptTime","SubmitTime","AutoApprovalTime","ApprovalTime","RejectionTime","RequesterFeedback","WorkTimeInSeconds","LifetimeApprovalRate","Last30DaysApprovalRate","Last7DaysApprovalRate","Answer.surveycode","Approve","Reject"
"368IUKXGA58PU3ZWNUEOKSEJD5L6P2","34NBII25NZIOGJLGY73HHZ47TJY2JF","Reading a passage and responding to questions","You will read a short passage about a person, then answer questions related to the passage.","sentences, decisions, language","$0.40","Sat May 30 07:08:20 PDT 2020","352","BatchId:4060136;OriginalHitTemplateId:920937340;","7200","259200","Sat May 30 11:08:20 PDT 2020","","","308Q0PEVB8DMHKCKY8WHJP0RKKQ9IK","AP8Z8WQ0YY8IG","Submitted","Sat May 30 07:08:42 PDT 2020","Sat May 30 07:22:03 PDT 2020","Tue Jun 02 07:22:03 PDT 2020","","","","801","0% (0/0)","0% (0/0)","0% (0/0)","gc1w1e0kd7qcr7x7f2ek"
"368IUKXGA58PU3ZWNUEOKSEJD5L6P2","34NBII25NZIOGJLGY73HHZ47TJY2JF","Reading a passage and responding to questions","You will read a short passage about a person, then answer questions related to the passage.","sentences, decisions, language","$0.40","Sat May 30 07:08:20 PDT 2020","352","BatchId:4060136;OriginalHitTemplateId:920937340;","7200","259200","Sat May 30 11:08:20 PDT 2020","","","30BUDKLTXDVR0S8MZZT9MUXX6V2E5R","A2EMDNSE3BSK9M","Submitted","Sat May 30 07:35:42 PDT 2020","Sat May 30 07:51:54 PDT 2020","Tue Jun 02 07:51:54 PDT 2020","","","","972","0% (0/0)","0% (0/0)","0% (0/0)","5f7zx705ce24myh491uo"
"368IUKXGA58PU3ZWNUEOKSEJD5L6P2","34NBII25NZIOGJLGY73HHZ47TJY2JF","Reading a passage and responding to questions","You will read a short passage about a person, then answer questions related to the passage.","sentences, decisions, language","$0.40","Sat May 30 07:08:20 PDT 2020","352","BatchId:4060136;OriginalHitTemplateId:920937340;","7200","259200","Sat May 30 11:08:20 PDT 2020","","","31EUONYN2V3UAD0QZ4EIV4LANLAOVC","A1N0D7925N0060","Submitted","Sat May 30 07:37:30 PDT 2020","Sat May 30 07:44:48 PDT 2020","Tue Jun 02 07:44:48 PDT 2020","","","","438","0% (0/0)","0% (0/0)","0% (0/0)","tbujozoqotxfxahufcks"
"368IUKXGA58PU3ZWNUEOKSEJD5L6P2","34NBII25NZIOGJLGY73HHZ47TJY2JF","Reading a passage and responding to questions","You will read a short passage about a person, then answer questions related to the passage.","sentences, decisions, language","$0.40","Sat May 30 07:08:20 PDT 2020","352","BatchId:4060136;OriginalHitTemplateId:920937340;","7200","259200","Sat May 30 11:08:20 PDT 2020","","","31EUONYN2V3UAD0QZ4EIV4LANLBOVD","AVENITGHT2TVF","Submitted","Sat May 30 07:56:19 PDT 2020","Sat May 30 08:01:11 PDT 2020","Tue Jun 02 08:01:11 PDT 2020","","","","292","0% (0/0)","0% (0/0)","0% (0/0)","#@90832%#342fdgfad"
"368IUKXGA58PU3ZWNUEOKSEJD5L6P2","34NBII25NZIOGJLGY73HHZ47TJY2JF","Reading a passage and responding to questions","You will read a short passage about a person, then answer questions related to the passage.","sentences, decisions, language","$0.40","Sat May 30 07:08:20 PDT 2020","352","BatchId:4060136;OriginalHitTemplateId:920937340;","7200","259200","Sat May 30 11:08:20 PDT 2020","","","32M8BPYGATM1WUZSCE2RB6MEOX2IG1","A34GETHZNN8BQE","Submitted","Sat May 30 10:50:03 PDT 2020","Sat May 30 10:54:20 PDT 2020","Tue Jun 02 10:54:20 PDT 2020","","","","257","0% (0/0)","0% (0/0)","0% (0/0)","nxuw18vfunb0r3rr56cj"
"368IUKXGA58PU3ZWNUEOKSEJD5L6P2","34NBII25NZIOGJLGY73HHZ47TJY2JF","Reading a passage and responding to questions","You will read a short passage about a person, then answer questions related to the passage.","sentences, decisions, language","$0.40","Sat May 30 07:08:20 PDT 2020","352","BatchId:4060136;OriginalHitTemplateId:920937340;","7200","259200","Sat May 30 11:08:20 PDT 2020","","","32Z9ZLUT1LKPSC56UFXEG3U1F6ZOHM","A2QYKSP6P9PGQR","Submitted","Sat May 30 07:35:47 PDT 2020","Sat May 30 07:41:52 PDT 2020","Tue Jun 02 07:41:52 PDT 2020","","","","365","0% (0/0)","0% (0/0)","0% (0/0)","ssoqh8yrgjq6ded7cvgl"
"368IUKXGA58PU3ZWNUEOKSEJD5L6P2","34NBII25NZIOGJLGY73HHZ47TJY2JF","Reading a passage and responding to questions","You will read a short passage about a person, then answer questions related to the passage.","sentences, decisions, language","$0.40","Sat May 30 07:08:20 PDT 2020","352","BatchId:4060136;OriginalHitTemplateId:920937340;","7200","259200","Sat May 30 11:08:20 PDT 2020","","","33FBRBDW6OZVQC7A16UH8Q7LN9SC80","A1B9DG2CEXAZ4L","Submitted","Sat May 30 08:07:13 PDT 2020","Sat May 30 08:10:15 PDT 2020","Tue Jun 02 08:10:15 PDT 2020","","","","182","0% (0/0)","0% (0/0)","0% (0/0)","mt9om5006gkrf6lwkgph"
"368IUKXGA58PU3ZWNUEOKSEJD5L6P2","34NBII25NZIOGJLGY73HHZ47TJY2JF","Reading a passage and responding to questions","You will read a short passage about a person, then answer questions related to the passage.","sentences, decisions, language","$0.40","Sat May 30 07:08:20 PDT 2020","352","BatchId:4060136;OriginalHitTemplateId:920937340;","7200","259200","Sat May 30 11:08:20 PDT 2020","","","33NF62TLXJ22TRFHKN86LZT78TUJK3","A1OFG93Z1NN049","Submitted","Sat May 30 07:51:44 PDT 2020","Sat May 30 07:58:46 PDT 2020","Tue Jun 02 07:58:46 PDT 2020","","","","422","0% (0/0)","0% (0/0)","0% (0/0)","3cumkdvc3pp5z4twxjps"
"368IUKXGA58PU3ZWNUEOKSEJD5L6P2","34NBII25NZIOGJLGY73HHZ47TJY2JF","Reading a passage and responding to questions","You will read a short passage about a person, then answer questions related to the passage.","sentences, decisions, language","$0.40","Sat May 30 07:08:20 PDT 2020","352","BatchId:4060136;OriginalHitTemplateId:920937340;","7200","259200","Sat May 30 11:08:20 PDT 2020","","","33UKMF9319KVAD19QQ02OW3CP89TTL","A3J0H261ADN3GH","Submitted","Sat May 30 07:08:57 PDT 2020","Sat May 30 07:11:33 PDT 2020","Tue Jun 02 07:11:33 PDT 2020","","","","156","0% (0/0)","0% (0/0)","0% (0/0)","ee0af92w5v219eq6yjol"
"368IUKXGA58PU3ZWNUEOKSEJD5L6P2","34NBII25NZIOGJLGY73HHZ47TJY2JF","Reading a passage and responding to questions","You will read a short passage about a person, then answer questions related to the passage.","sentences, decisions, language","$0.40","Sat May 30 07:08:20 PDT 2020","352","BatchId:4060136;OriginalHitTemplateId:920937340;","7200","259200","Sat May 30 11:08:20 PDT 2020","","","34S6N1K2ZVJHMR29HNHMOMQ7K11HL5","A2HFK76PFSAXBE","Submitted","Sat May 30 09:21:49 PDT 2020","Sat May 30 09:28:49 PDT 2020","Tue Jun 02 09:28:49 PDT 2020","","","","420","0% (0/0)","0% (0/0)","0% (0/0)","gs9escch8ggpk07urvso"
"368IUKXGA58PU3ZWNUEOKSEJD5L6P2","34NBII25NZIOGJLGY73HHZ47TJY2JF","Reading a passage and responding to questions","You will read a short passage about a person, then answer questions related to the passage.","sentences, decisions, language","$0.40","Sat May 30 07:08:20 PDT 2020","352","BatchId:4060136;OriginalHitTemplateId:920937340;","7200","259200","Sat May 30 11:08:20 PDT 2020","","","369J354OFDAL3A4RADT2E3W9F67G65","A2RS9H7YA510V4","Submitted","Sat May 30 10:51:12 PDT 2020","Sat May 30 10:55:06 PDT 2020","Tue Jun 02 10:55:06 PDT 2020","","","","234","0% (0/0)","0% (0/0)","0% (0/0)","9czcxmmg68qge172csxt"
"368IUKXGA58PU3ZWNUEOKSEJD5L6P2","34NBII25NZIOGJLGY73HHZ47TJY2JF","Reading a passage and responding to questions","You will read a short passage about a person, then answer questions related to the passage.","sentences, decisions, language","$0.40","Sat May 30 07:08:20 PDT 2020","352","BatchId:4060136;OriginalHitTemplateId:920937340;","7200","259200","Sat May 30 11:08:20 PDT 2020","","","379J5II41OG52HB7RM9G3JTUSL7LER","A3P1PPCROY3MXN","Submitted","Sat May 30 08:57:15 PDT 2020","Sat May 30 09:00:35 PDT 2020","Tue Jun 02 09:00:35 PDT 2020","","","","200","0% (0/0)","0% (0/0)","0% (0/0)","f5pwputtbx42f8turgw9"
"368IUKXGA58PU3ZWNUEOKSEJD5L6P2","34NBII25NZIOGJLGY73HHZ47TJY2JF","Reading a passage and responding to questions","You will read a short passage about a person, then answer questions related to the passage.","sentences, decisions, language","$0.40","Sat May 30 07:08:20 PDT 2020","352","BatchId:4060136;OriginalHitTemplateId:920937340;","7200","259200","Sat May 30 11:08:20 PDT 2020","","","37M28K1J0QDWHE6V8WVHRLQB3HXJAL","A1VEUBY3JTXH0W","Submitted","Sat May 30 07:10:43 PDT 2020","Sat May 30 07:23:47 PDT 2020","Tue Jun 02 07:23:47 PDT 2020","","","","784","0% (0/0)","0% (0/0)","0% (0/0)","700fdmpa0zlvpnwar490"
"368IUKXGA58PU3ZWNUEOKSEJD5L6P2","34NBII25NZIOGJLGY73HHZ47TJY2JF","Reading a passage and responding to questions","You will read a short passage about a person, then answer questions related to the passage.","sentences, decisions, language","$0.40","Sat May 30 07:08:20 PDT 2020","352","BatchId:4060136;OriginalHitTemplateId:920937340;","7200","259200","Sat May 30 11:08:20 PDT 2020","","","37U1UTWH9VMZWEWTJ3KCXL67NA9R8Z","A2BICWCPAW5N7O","Submitted","Sat May 30 11:03:02 PDT 2020","Sat May 30 11:13:23 PDT 2020","Tue Jun 02 11:13:23 PDT 2020","","","","621","0% (0/0)","0% (0/0)","0% (0/0)","vjzp4b6wbs1sd5fompgn"
"368IUKXGA58PU3ZWNUEOKSEJD5L6P2","34NBII25NZIOGJLGY73HHZ47TJY2JF","Reading a passage and responding to questions","You will read a short passage about a person, then answer questions related to the passage.","sentences, decisions, language","$0.40","Sat May 30 07:08:20 PDT 2020","352","BatchId:4060136;OriginalHitTemplateId:920937340;","7200","259200","Sat May 30 11:08:20 PDT 2020","","","37U1UTWH9VMZWEWTJ3KCXL67NARR8H","ADUEQ1FN8AWUB","Submitted","Sat May 30 07:08:36 PDT 2020","Sat May 30 07:17:19 PDT 2020","Tue Jun 02 07:17:19 PDT 2020","","","","523","0% (0/0)","0% (0/0)","0% (0/0)","9teu8oy7ms86asnyz3g3"
"368IUKXGA58PU3ZWNUEOKSEJD5L6P2","34NBII25NZIOGJLGY73HHZ47TJY2JF","Reading a passage and responding to questions","You will read a short passage about a person, then answer questions related to the passage.","sentences, decisions, language","$0.40","Sat May 30 07:08:20 PDT 2020","352","BatchId:4060136;OriginalHitTemplateId:920937340;","7200","259200","Sat May 30 11:08:20 PDT 2020","","","382M9COHEHF8L7Y1001HU6PD5CUEU8","A1NYXMW5ODVT0L","Submitted","Sat May 30 07:21:39 PDT 2020","Sat May 30 07:30:20 PDT 2020","Tue Jun 02 07:30:20 PDT 2020","","","","521","0% (0/0)","0% (0/0)","0% (0/0)","o9p517rs7xvly92xvdjx"
"368IUKXGA58PU3ZWNUEOKSEJD5L6P2","34NBII25NZIOGJLGY73HHZ47TJY2JF","Reading a passage and responding to questions","You will read a short passage about a person, then answer questions related to the passage.","sentences, decisions, language","$0.40","Sat May 30 07:08:20 PDT 2020","352","BatchId:4060136;OriginalHitTemplateId:920937340;","7200","259200","Sat May 30 11:08:20 PDT 2020","","","382M9COHEHF8L7Y1001HU6PD5CXUER","A247DPGLYLB60E","Submitted","Sat May 30 08:09:26 PDT 2020","Sat May 30 08:14:45 PDT 2020","Tue Jun 02 08:14:45 PDT 2020","","","","319","0% (0/0)","0% (0/0)","0% (0/0)","ttze8caw172eu9xr6emj"
"368IUKXGA58PU3ZWNUEOKSEJD5L6P2","34NBII25NZIOGJLGY73HHZ47TJY2JF","Reading a passage and responding to questions","You will read a short passage about a person, then answer questions related to the passage.","sentences, decisions, language","$0.40","Sat May 30 07:08:20 PDT 2020","352","BatchId:4060136;OriginalHitTemplateId:920937340;","7200","259200","Sat May 30 11:08:20 PDT 2020","","","38BQUHLA9W0BKQ6HLCDR882XWS0OMX","A30NX5HEQGGFPP","Submitted","Sat May 30 08:06:38 PDT 2020","Sat May 30 08:11:26 PDT 2020","Tue Jun 02 08:11:26 PDT 2020","","","","288","0% (0/0)","0% (0/0)","0% (0/0)","cllja4hdkngp5pwcesca"
"368IUKXGA58PU3ZWNUEOKSEJD5L6P2","34NBII25NZIOGJLGY73HHZ47TJY2JF","Reading a passage and responding to questions","You will read a short passage about a person, then answer questions related to the passage.","sentences, decisions, language","$0.40","Sat May 30 07:08:20 PDT 2020","352","BatchId:4060136;OriginalHitTemplateId:920937340;","7200","259200","Sat May 30 11:08:20 PDT 2020","","","38JBBYETQOA9494MLUAZH2RJ6Z5E4K","A1GG6TFISMLVYH","Submitted","Sat May 30 07:09:48 PDT 2020","Sat May 30 07:16:48 PDT 2020","Tue Jun 02 07:16:48 PDT 2020","","","","420","0% (0/0)","0% (0/0)","0% (0/0)","vqx03kdz8tm71qhonzjr"
"368IUKXGA58PU3ZWNUEOKSEJD5L6P2","34NBII25NZIOGJLGY73HHZ47TJY2JF","Reading a passage and responding to questions","You will read a short passage about a person, then answer questions related to the passage.","sentences, decisions, language","$0.40","Sat May 30 07:08:20 PDT 2020","352","BatchId:4060136;OriginalHitTemplateId:920937340;","7200","259200","Sat May 30 11:08:20 PDT 2020","","","3907X2AHF053YMEPQU7MIZTP0SD2PZ","A323PTYVLFO6XB","Submitted","Sat May 30 07:28:26 PDT 2020","Sat May 30 07:33:51 PDT 2020","Tue Jun 02 07:33:51 PDT 2020","","","","325","0% (0/0)","0% (0/0)","0% (0/0)","pnhzywotgu8o6fe58qj6"
"368IUKXGA58PU3ZWNUEOKSEJD5L6P2","34NBII25NZIOGJLGY73HHZ47TJY2JF","Reading a passage and responding to questions","You will read a short passage about a person, then answer questions related to the passage.","sentences, decisions, language","$0.40","Sat May 30 07:08:20 PDT 2020","352","BatchId:4060136;OriginalHitTemplateId:920937340;","7200","259200","Sat May 30 11:08:20 PDT 2020","","","39DD6S19JPBP76SB6N0PBY4S7UGEZ4","A26YBX6HTEMUE6","Submitted","Sat May 30 09:04:48 PDT 2020","Sat May 30 10:17:42 PDT 2020","Tue Jun 02 10:17:42 PDT 2020","","","","4374","0% (0/0)","0% (0/0)","0% (0/0)","uep77xm2ef6fs7w557nx"
"368IUKXGA58PU3ZWNUEOKSEJD5L6P2","34NBII25NZIOGJLGY73HHZ47TJY2JF","Reading a passage and responding to questions","You will read a short passage about a person, then answer questions related to the passage.","sentences, decisions, language","$0.40","Sat May 30 07:08:20 PDT 2020","352","BatchId:4060136;OriginalHitTemplateId:920937340;","7200","259200","Sat May 30 11:08:20 PDT 2020","","","39GXDJN2OTERPLDASNPMYIVA8G4V8E","A2KO85A1EDA963","Submitted","Sat May 30 07:13:55 PDT 2020","Sat May 30 07:23:50 PDT 2020","Tue Jun 02 07:23:50 PDT 2020","","","","595","0% (0/0)","0% (0/0)","0% (0/0)","wt6jhvzfj6nywxsoy8co"
"368IUKXGA58PU3ZWNUEOKSEJD5L6P2","34NBII25NZIOGJLGY73HHZ47TJY2JF","Reading a passage and responding to questions","You will read a short passage about a person, then answer questions related to the passage.","sentences, decisions, language","$0.40","Sat May 30 07:08:20 PDT 2020","352","BatchId:4060136;OriginalHitTemplateId:920937340;","7200","259200","Sat May 30 11:08:20 PDT 2020","","","39K0FND3AHFMIMCGBT897DIS7B7AMV","A25BHG9DDM7204","Submitted","Sat May 30 10:33:02 PDT 2020","Sat May 30 10:39:09 PDT 2020","Tue Jun 02 10:39:09 PDT 2020","","","","367","0% (0/0)","0% (0/0)","0% (0/0)","bj7n9rxty3t4lgd5eozn"
"368IUKXGA58PU3ZWNUEOKSEJD5L6P2","34NBII25NZIOGJLGY73HHZ47TJY2JF","Reading a passage and responding to questions","You will read a short passage about a person, then answer questions related to the passage.","sentences, decisions, language","$0.40","Sat May 30 07:08:20 PDT 2020","352","BatchId:4060136;OriginalHitTemplateId:920937340;","7200","259200","Sat May 30 11:08:20 PDT 2020","","","39K0FND3AHFMIMCGBT897DIS7BSMAS","A2AJSEYVBTRBB3","Submitted","Sat May 30 07:11:54 PDT 2020","Sat May 30 07:23:26 PDT 2020","Tue Jun 02 07:23:26 PDT 2020","","","","692","0% (0/0)","0% (0/0)","0% (0/0)","fvvxple18sqgxw482fx2"
"368IUKXGA58PU3ZWNUEOKSEJD5L6P2","34NBII25NZIOGJLGY73HHZ47TJY2JF","Reading a passage and responding to questions","You will read a short passage about a person, then answer questions related to the passage.","sentences, decisions, language","$0.40","Sat May 30 07:08:20 PDT 2020","352","BatchId:4060136;OriginalHitTemplateId:920937340;","7200","259200","Sat May 30 11:08:20 PDT 2020","","","3A1COHJ8NJVM7KIQNY8IJH4101UH8B","A30P5YPR804NB3","Submitted","Sat May 30 07:20:47 PDT 2020","Sat May 30 07:26:13 PDT 2020","Tue Jun 02 07:26:13 PDT 2020","","","","326","0% (0/0)","0% (0/0)","0% (0/0)","9xvemsglr04rd22j13u0"
"368IUKXGA58PU3ZWNUEOKSEJD5L6P2","34NBII25NZIOGJLGY73HHZ47TJY2JF","Reading a passage and responding to questions","You will read a short passage about a person, then answer questions related to the passage.","sentences, decisions, language","$0.40","Sat May 30 07:08:20 PDT 2020","352","BatchId:4060136;OriginalHitTemplateId:920937340;","7200","259200","Sat May 30 11:08:20 PDT 2020","","","3AMW0RGHOD2ZN83ICD56ANWNBNBPNK","A1NTM4JLM3ZJN4","Submitted","Sat May 30 09:24:17 PDT 2020","Sat May 30 09:27:45 PDT 2020","Tue Jun 02 09:27:45 PDT 2020","","","","208","0% (0/0)","0% (0/0)","0% (0/0)","jb3c7vh6anep1vnpvb0o"
"368IUKXGA58PU3ZWNUEOKSEJD5L6P2","34NBII25NZIOGJLGY73HHZ47TJY2JF","Reading a passage and responding to questions","You will read a short passage about a person, then answer questions related to the passage.","sentences, decisions, language","$0.40","Sat May 30 07:08:20 PDT 2020","352","BatchId:4060136;OriginalHitTemplateId:920937340;","7200","259200","Sat May 30 11:08:20 PDT 2020","","","3AWETUDC92S1NBUX26QGWD2KZNFIZ9","A21D9YDJU8K2QI","Submitted","Sat May 30 07:09:16 PDT 2020","Sat May 30 07:13:47 PDT 2020","Tue Jun 02 07:13:47 PDT 2020","","","","271","0% (0/0)","0% (0/0)","0% (0/0)","lrrhq8sgz92jl54w66sl"
"368IUKXGA58PU3ZWNUEOKSEJD5L6P2","34NBII25NZIOGJLGY73HHZ47TJY2JF","Reading a passage and responding to questions","You will read a short passage about a person, then answer questions related to the passage.","sentences, decisions, language","$0.40","Sat May 30 07:08:20 PDT 2020","352","BatchId:4060136;OriginalHitTemplateId:920937340;","7200","259200","Sat May 30 11:08:20 PDT 2020","","","3BDCF01OGXU38MSYRNLAAMLAAX5YLC","AJZAKC5BZBU4I","Submitted","Sat May 30 07:10:43 PDT 2020","Sat May 30 07:24:56 PDT 2020","Tue Jun 02 07:24:56 PDT 2020","","","","853","0% (0/0)","0% (0/0)","0% (0/0)","axcmkkamrpvadnrylnqg"
"368IUKXGA58PU3ZWNUEOKSEJD5L6P2","34NBII25NZIOGJLGY73HHZ47TJY2JF","Reading a passage and responding to questions","You will read a short passage about a person, then answer questions related to the passage.","sentences, decisions, language","$0.40","Sat May 30 07:08:20 PDT 2020","352","BatchId:4060136;OriginalHitTemplateId:920937340;","7200","259200","Sat May 30 11:08:20 PDT 2020","","","3BEFOD78W6T7GXWZ2SYIUAWSF1WM4H","A8G1C4PUPQ2G0","Submitted","Sat May 30 07:10:52 PDT 2020","Sat May 30 07:46:50 PDT 2020","Tue Jun 02 07:46:50 PDT 2020","","","","2158","0% (0/0)","0% (0/0)","0% (0/0)","3z5k9c0ortl7n8xq3xfe"
"368IUKXGA58PU3ZWNUEOKSEJD5L6P2","34NBII25NZIOGJLGY73HHZ47TJY2JF","Reading a passage and responding to questions","You will read a short passage about a person, then answer questions related to the passage.","sentences, decisions, language","$0.40","Sat May 30 07:08:20 PDT 2020","352","BatchId:4060136;OriginalHitTemplateId:920937340;","7200","259200","Sat May 30 11:08:20 PDT 2020","","","3C6FJU71TQT6RCFS01DB19HTNO6UYA","ABP1TJVOX62L1","Submitted","Sat May 30 09:06:42 PDT 2020","Sat May 30 09:12:15 PDT 2020","Tue Jun 02 09:12:15 PDT 2020","","","","333","0% (0/0)","0% (0/0)","0% (0/0)","ymuu9qu9e5553v6kryj4"
"368IUKXGA58PU3ZWNUEOKSEJD5L6P2","34NBII25NZIOGJLGY73HHZ47TJY2JF","Reading a passage and responding to questions","You will read a short passage about a person, then answer questions related to the passage.","sentences, decisions, language","$0.40","Sat May 30 07:08:20 PDT 2020","352","BatchId:4060136;OriginalHitTemplateId:920937340;","7200","259200","Sat May 30 11:08:20 PDT 2020","","","3CFJTT4SXTQI31ORJBYX5T9LPU77IB","A1WDYI7W722AU1","Submitted","Sat May 30 08:13:09 PDT 2020","Sat May 30 08:22:40 PDT 2020","Tue Jun 02 08:22:40 PDT 2020","","","","571","0% (0/0)","0% (0/0)","0% (0/0)","2fobzb9jq4xd0hlre9uf"
"368IUKXGA58PU3ZWNUEOKSEJD5L6P2","34NBII25NZIOGJLGY73HHZ47TJY2JF","Reading a passage and responding to questions","You will read a short passage about a person, then answer questions related to the passage.","sentences, decisions, language","$0.40","Sat May 30 07:08:20 PDT 2020","352","BatchId:4060136;OriginalHitTemplateId:920937340;","7200","259200","Sat May 30 11:08:20 PDT 2020","","","3CPLWGV3MOZEVLNBVO99OXW86JUN9O","ATLYGSAYUA4L2","Submitted","Sat May 30 09:37:38 PDT 2020","Sat May 30 09:45:32 PDT 2020","Tue Jun 02 09:45:32 PDT 2020","","","","474","0% (0/0)","0% (0/0)","0% (0/0)","5fs5ql42mofv822pm5e0"
"368IUKXGA58PU3ZWNUEOKSEJD5L6P2","34NBII25NZIOGJLGY73HHZ47TJY2JF","Reading a passage and responding to questions","You will read a short passage about a person, then answer questions related to the passage.","sentences, decisions, language","$0.40","Sat May 30 07:08:20 PDT 2020","352","BatchId:4060136;OriginalHitTemplateId:920937340;","7200","259200","Sat May 30 11:08:20 PDT 2020","","","3DBQWDE4Y6YVUYLZSYWSCHR6KNDN5Z","A19ZX4CSC6E2UQ","Submitted","Sat May 30 10:02:47 PDT 2020","Sat May 30 10:10:22 PDT 2020","Tue Jun 02 10:10:22 PDT 2020","","","","455","0% (0/0)","0% (0/0)","0% (0/0)","dq5db9cs7hu9zfrg7wql"
"368IUKXGA58PU3ZWNUEOKSEJD5L6P2","34NBII25NZIOGJLGY73HHZ47TJY2JF","Reading a passage and responding to questions","You will read a short passage about a person, then answer questions related to the passage.","sentences, decisions, language","$0.40","Sat May 30 07:08:20 PDT 2020","352","BatchId:4060136;OriginalHitTemplateId:920937340;","7200","259200","Sat May 30 11:08:20 PDT 2020","","","3DEL4X4EL6LY8G9N56OYLGGXH6FYXY","A3KKWFQKMUVXSO","Submitted","Sat May 30 07:11:50 PDT 2020","Sat May 30 07:24:05 PDT 2020","Tue Jun 02 07:24:05 PDT 2020","","","","735","0% (0/0)","0% (0/0)","0% (0/0)","u58v7a0xh05b7jxq1b3s"
"368IUKXGA58PU3ZWNUEOKSEJD5L6P2","34NBII25NZIOGJLGY73HHZ47TJY2JF","Reading a passage and responding to questions","You will read a short passage about a person, then answer questions related to the passage.","sentences, decisions, language","$0.40","Sat May 30 07:08:20 PDT 2020","352","BatchId:4060136;OriginalHitTemplateId:920937340;","7200","259200","Sat May 30 11:08:20 PDT 2020","","","3DHE4R9OCWBXL9LQNBHZOQFXZ1P2GU","AOMFEAWQHU3D8","Submitted","Sat May 30 07:18:04 PDT 2020","Sat May 30 07:23:29 PDT 2020","Tue Jun 02 07:23:29 PDT 2020","","","","325","0% (0/0)","0% (0/0)","0% (0/0)","mjysbgjxg9t2dh7gpuwa"
"368IUKXGA58PU3ZWNUEOKSEJD5L6P2","34NBII25NZIOGJLGY73HHZ47TJY2JF","Reading a passage and responding to questions","You will read a short passage about a person, then answer questions related to the passage.","sentences, decisions, language","$0.40","Sat May 30 07:08:20 PDT 2020","352","BatchId:4060136;OriginalHitTemplateId:920937340;","7200","259200","Sat May 30 11:08:20 PDT 2020","","","3DI28L7YXAESCA73YCRXJ4KGUFY1EX","A11S2Q7JS66N2P","Submitted","Sat May 30 07:52:48 PDT 2020","Sat May 30 07:58:50 PDT 2020","Tue Jun 02 07:58:50 PDT 2020","","","","362","0% (0/0)","0% (0/0)","0% (0/0)","30ab5a01599tr3e2tt3q"
"368IUKXGA58PU3ZWNUEOKSEJD5L6P2","34NBII25NZIOGJLGY73HHZ47TJY2JF","Reading a passage and responding to questions","You will read a short passage about a person, then answer questions related to the passage.","sentences, decisions, language","$0.40","Sat May 30 07:08:20 PDT 2020","352","BatchId:4060136;OriginalHitTemplateId:920937340;","7200","259200","Sat May 30 11:08:20 PDT 2020","","","3DZQRBDBSLFPWWQ0MBPLWE3STQKS3G","A2NA6ED968Q5L5","Submitted","Sat May 30 07:49:56 PDT 2020","Sat May 30 07:50:04 PDT 2020","Tue Jun 02 07:50:04 PDT 2020","","","","8","0% (0/0)","0% (0/0)","0% (0/0)","4pdsok04uemp0beu8wh5"
"368IUKXGA58PU3ZWNUEOKSEJD5L6P2","34NBII25NZIOGJLGY73HHZ47TJY2JF","Reading a passage and responding to questions","You will read a short passage about a person, then answer questions related to the passage.","sentences, decisions, language","$0.40","Sat May 30 07:08:20 PDT 2020","352","BatchId:4060136;OriginalHitTemplateId:920937340;","7200","259200","Sat May 30 11:08:20 PDT 2020","","","3E13VNJ1NNV4SF9PUVHO4JI8M8BI1T","A2KPJU4WY80ZG4","Submitted","Sat May 30 09:23:38 PDT 2020","Sat May 30 09:36:55 PDT 2020","Tue Jun 02 09:36:55 PDT 2020","","","","797","0% (0/0)","0% (0/0)","0% (0/0)","76zp4acnaloj1d74yqdl"
"368IUKXGA58PU3ZWNUEOKSEJD5L6P2","34NBII25NZIOGJLGY73HHZ47TJY2JF","Reading a passage and responding to questions","You will read a short passage about a person, then answer questions related to the passage.","sentences, decisions, language","$0.40","Sat May 30 07:08:20 PDT 2020","352","BatchId:4060136;OriginalHitTemplateId:920937340;","7200","259200","Sat May 30 11:08:20 PDT 2020","","","3EFVCAY5L39IYQDGBYB3VUKGDTZ8J8","A3SR623DI0TH4","Submitted","Sat May 30 07:31:20 PDT 2020","Sat May 30 07:36:48 PDT 2020","Tue Jun 02 07:36:48 PDT 2020","","","","328","0% (0/0)","0% (0/0)","0% (0/0)","0bej8d882ty1ap9rx7aq"
"368IUKXGA58PU3ZWNUEOKSEJD5L6P2","34NBII25NZIOGJLGY73HHZ47TJY2JF","Reading a passage and responding to questions","You will read a short passage about a person, then answer questions related to the passage.","sentences, decisions, language","$0.40","Sat May 30 07:08:20 PDT 2020","352","BatchId:4060136;OriginalHitTemplateId:920937340;","7200","259200","Sat May 30 11:08:20 PDT 2020","","","3EO896NRAWV1WA54EWMYMQG3R6JTJH","ARE731H3G8FM9","Submitted","Sat May 30 07:23:22 PDT 2020","Sat May 30 07:31:36 PDT 2020","Tue Jun 02 07:31:36 PDT 2020","","","","494","0% (0/0)","0% (0/0)","0% (0/0)","ez97txj0vu48m3rq929m"
"368IUKXGA58PU3ZWNUEOKSEJD5L6P2","34NBII25NZIOGJLGY73HHZ47TJY2JF","Reading a passage and responding to questions","You will read a short passage about a person, then answer questions related to the passage.","sentences, decisions, language","$0.40","Sat May 30 07:08:20 PDT 2020","352","BatchId:4060136;OriginalHitTemplateId:920937340;","7200","259200","Sat May 30 11:08:20 PDT 2020","","","3EO896NRAWV1WA54EWMYMQG3R6OJTC","A314XJY8V1YL12","Submitted","Sat May 30 08:35:04 PDT 2020","Sat May 30 09:08:07 PDT 2020","Tue Jun 02 09:08:07 PDT 2020","","","","1983","0% (0/0)","0% (0/0)","0% (0/0)","meecm2x59md81xp6zrod"
"368IUKXGA58PU3ZWNUEOKSEJD5L6P2","34NBII25NZIOGJLGY73HHZ47TJY2JF","Reading a passage and responding to questions","You will read a short passage about a person, then answer questions related to the passage.","sentences, decisions, language","$0.40","Sat May 30 07:08:20 PDT 2020","352","BatchId:4060136;OriginalHitTemplateId:920937340;","7200","259200","Sat May 30 11:08:20 PDT 2020","","","3F1567XTNW5ZYI03BG1QSRRDBUB9QR","A3RHWD4XFE8LMI","Submitted","Sat May 30 08:06:50 PDT 2020","Sat May 30 08:18:03 PDT 2020","Tue Jun 02 08:18:03 PDT 2020","","","","673","0% (0/0)","0% (0/0)","0% (0/0)","rxslyqpko5gmuma21qh1"
"368IUKXGA58PU3ZWNUEOKSEJD5L6P2","34NBII25NZIOGJLGY73HHZ47TJY2JF","Reading a passage and responding to questions","You will read a short passage about a person, then answer questions related to the passage.","sentences, decisions, language","$0.40","Sat May 30 07:08:20 PDT 2020","352","BatchId:4060136;OriginalHitTemplateId:920937340;","7200","259200","Sat May 30 11:08:20 PDT 2020","","","3FFJ6VRIL1O4LQO7YCDOQEZYHGD0IG","A3LN6FLIUG16R","Submitted","Sat May 30 10:42:03 PDT 2020","Sat May 30 10:53:41 PDT 2020","Tue Jun 02 10:53:41 PDT 2020","","","","698","0% (0/0)","0% (0/0)","0% (0/0)","n1yc27u6elqe6x3j9zvh"
"368IUKXGA58PU3ZWNUEOKSEJD5L6P2","34NBII25NZIOGJLGY73HHZ47TJY2JF","Reading a passage and responding to questions","You will read a short passage about a person, then answer questions related to the passage.","sentences, decisions, language","$0.40","Sat May 30 07:08:20 PDT 2020","352","BatchId:4060136;OriginalHitTemplateId:920937340;","7200","259200","Sat May 30 11:08:20 PDT 2020","","","3FPRZHYEPY75OO74G6UQ71NZSUCV3M","AFTSLCMJASJDR","Submitted","Sat May 30 07:13:34 PDT 2020","Sat May 30 07:21:19 PDT 2020","Tue Jun 02 07:21:19 PDT 2020","","","","465","0% (0/0)","0% (0/0)","0% (0/0)","8gk7j9fzhk8khjqtzes3"
"368IUKXGA58PU3ZWNUEOKSEJD5L6P2","34NBII25NZIOGJLGY73HHZ47TJY2JF","Reading a passage and responding to questions","You will read a short passage about a person, then answer questions related to the passage.","sentences, decisions, language","$0.40","Sat May 30 07:08:20 PDT 2020","352","BatchId:4060136;OriginalHitTemplateId:920937340;","7200","259200","Sat May 30 11:08:20 PDT 2020","","","3G5F9DBFOPXKIWE3VRJSBVO9BZUVHT","A37G9XBYKIS4TB","Submitted","Sat May 30 07:14:39 PDT 2020","Sat May 30 07:26:08 PDT 2020","Tue Jun 02 07:26:08 PDT 2020","","","","689","0% (0/0)","0% (0/0)","0% (0/0)","xrrn5zrnbnlojxjx7res"
"368IUKXGA58PU3ZWNUEOKSEJD5L6P2","34NBII25NZIOGJLGY73HHZ47TJY2JF","Reading a passage and responding to questions","You will read a short passage about a person, then answer questions related to the passage.","sentences, decisions, language","$0.40","Sat May 30 07:08:20 PDT 2020","352","BatchId:4060136;OriginalHitTemplateId:920937340;","7200","259200","Sat May 30 11:08:20 PDT 2020","","","3JJVG1YBEBXTTPW2P8RJLMRC3YOB5N","A1WAAWQH57B1TE","Submitted","Sat May 30 07:19:05 PDT 2020","Sat May 30 07:27:03 PDT 2020","Tue Jun 02 07:27:03 PDT 2020","","","","478","0% (0/0)","0% (0/0)","0% (0/0)","dk1tl7zm3synsmfx8rmw"
"368IUKXGA58PU3ZWNUEOKSEJD5L6P2","34NBII25NZIOGJLGY73HHZ47TJY2JF","Reading a passage and responding to questions","You will read a short passage about a person, then answer questions related to the passage.","sentences, decisions, language","$0.40","Sat May 30 07:08:20 PDT 2020","352","BatchId:4060136;OriginalHitTemplateId:920937340;","7200","259200","Sat May 30 11:08:20 PDT 2020","","","3JRJSWSMQHLOMDLILG5G7XZDSZF3EU","APF32T8CKKR9J","Submitted","Sat May 30 08:30:27 PDT 2020","Sat May 30 08:36:00 PDT 2020","Tue Jun 02 08:36:00 PDT 2020","","","","333","0% (0/0)","0% (0/0)","0% (0/0)","hrecszb80939hvvstwdh"
"368IUKXGA58PU3ZWNUEOKSEJD5L6P2","34NBII25NZIOGJLGY73HHZ47TJY2JF","Reading a passage and responding to questions","You will read a short passage about a person, then answer questions related to the passage.","sentences, decisions, language","$0.40","Sat May 30 07:08:20 PDT 2020","352","BatchId:4060136;OriginalHitTemplateId:920937340;","7200","259200","Sat May 30 11:08:20 PDT 2020","","","3JWH6J9I9SDXJE28T8N5F3RYUJZBNO","ATVAI8B7KE7VN","Submitted","Sat May 30 09:57:06 PDT 2020","Sat May 30 10:11:37 PDT 2020","Tue Jun 02 10:11:37 PDT 2020","","","","871","0% (0/0)","0% (0/0)","0% (0/0)","81jbxal8woy1sszr5tbw"
"368IUKXGA58PU3ZWNUEOKSEJD5L6P2","34NBII25NZIOGJLGY73HHZ47TJY2JF","Reading a passage and responding to questions","You will read a short passage about a person, then answer questions related to the passage.","sentences, decisions, language","$0.40","Sat May 30 07:08:20 PDT 2020","352","BatchId:4060136;OriginalHitTemplateId:920937340;","7200","259200","Sat May 30 11:08:20 PDT 2020","","","3K2755HG5S3EAJNB9GVY2O6PVDPFDS","AXII89INLMF6D","Submitted","Sat May 30 10:01:42 PDT 2020","Sat May 30 10:04:05 PDT 2020","Tue Jun 02 10:04:05 PDT 2020","","","","143","0% (0/0)","0% (0/0)","0% (0/0)","6hykm1cy4cz2r9gjsmbl"
"368IUKXGA58PU3ZWNUEOKSEJD5L6P2","34NBII25NZIOGJLGY73HHZ47TJY2JF","Reading a passage and responding to questions","You will read a short passage about a person, then answer questions related to the passage.","sentences, decisions, language","$0.40","Sat May 30 07:08:20 PDT 2020","352","BatchId:4060136;OriginalHitTemplateId:920937340;","7200","259200","Sat May 30 11:08:20 PDT 2020","","","3KIBXJ1WD5UGU26E000BTVAT7N4OKR","A1TBEMK3Z92HWF","Submitted","Sat May 30 07:54:31 PDT 2020","Sat May 30 07:59:32 PDT 2020","Tue Jun 02 07:59:32 PDT 2020","","","","301","0% (0/0)","0% (0/0)","0% (0/0)","v6aqdpualj8xffvjldg0"
"368IUKXGA58PU3ZWNUEOKSEJD5L6P2","34NBII25NZIOGJLGY73HHZ47TJY2JF","Reading a passage and responding to questions","You will read a short passage about a person, then answer questions related to the passage.","sentences, decisions, language","$0.40","Sat May 30 07:08:20 PDT 2020","352","BatchId:4060136;OriginalHitTemplateId:920937340;","7200","259200","Sat May 30 11:08:20 PDT 2020","","","3KKG4CDWKIYS9DD5DJUDPOQ8F2Q491","A1E0A0XED4990W","Submitted","Sat May 30 07:14:46 PDT 2020","Sat May 30 07:46:23 PDT 2020","Tue Jun 02 07:46:23 PDT 2020","","","","1897","0% (0/0)","0% (0/0)","0% (0/0)","qemeuhp9kgkyawjsose4"
"368IUKXGA58PU3ZWNUEOKSEJD5L6P2","34NBII25NZIOGJLGY73HHZ47TJY2JF","Reading a passage and responding to questions","You will read a short passage about a person, then answer questions related to the passage.","sentences, decisions, language","$0.40","Sat May 30 07:08:20 PDT 2020","352","BatchId:4060136;OriginalHitTemplateId:920937340;","7200","259200","Sat May 30 11:08:20 PDT 2020","","","3L4PIM1GQTGEBKNBW7I6WYU9GP5RY6","A2QL5NJE4GDGX9","Submitted","Sat May 30 09:51:16 PDT 2020","Sat May 30 09:54:13 PDT 2020","Tue Jun 02 09:54:13 PDT 2020","","","","177","0% (0/0)","0% (0/0)","0% (0/0)","yu4umlcmyc31qsts03vk"
"368IUKXGA58PU3ZWNUEOKSEJD5L6P2","34NBII25NZIOGJLGY73HHZ47TJY2JF","Reading a passage and responding to questions","You will read a short passage about a person, then answer questions related to the passage.","sentences, decisions, language","$0.40","Sat May 30 07:08:20 PDT 2020","352","BatchId:4060136;OriginalHitTemplateId:920937340;","7200","259200","Sat May 30 11:08:20 PDT 2020","","","3L4PIM1GQTGEBKNBW7I6WYU9GPUYR2","A1ZMM753E12S0Z","Submitted","Sat May 30 07:11:16 PDT 2020","Sat May 30 07:38:01 PDT 2020","Tue Jun 02 07:38:01 PDT 2020","","","","1605","0% (0/0)","0% (0/0)","0% (0/0)","ndkj8c8vyorjkuxykl3t"
"368IUKXGA58PU3ZWNUEOKSEJD5L6P2","34NBII25NZIOGJLGY73HHZ47TJY2JF","Reading a passage and responding to questions","You will read a short passage about a person, then answer questions related to the passage.","sentences, decisions, language","$0.40","Sat May 30 07:08:20 PDT 2020","352","BatchId:4060136;OriginalHitTemplateId:920937340;","7200","259200","Sat May 30 11:08:20 PDT 2020","","","3LJ7UR74RHDDYFHZETDI7PLSKR74N0","A2HR19YOJO90Q4","Submitted","Sat May 30 07:16:15 PDT 2020","Sat May 30 07:23:43 PDT 2020","Tue Jun 02 07:23:43 PDT 2020","","","","448","0% (0/0)","0% (0/0)","0% (0/0)","0pn2wx0p74hwvxvyqa21"
"368IUKXGA58PU3ZWNUEOKSEJD5L6P2","34NBII25NZIOGJLGY73HHZ47TJY2JF","Reading a passage and responding to questions","You will read a short passage about a person, then answer questions related to the passage.","sentences, decisions, language","$0.40","Sat May 30 07:08:20 PDT 2020","352","BatchId:4060136;OriginalHitTemplateId:920937340;","7200","259200","Sat May 30 11:08:20 PDT 2020","","","3LUY3GC63Z0AKNBVW6OHEQAXB877PS","A3LI98SL8OEDC0","Submitted","Sat May 30 09:37:22 PDT 2020","Sat May 30 09:40:42 PDT 2020","Tue Jun 02 09:40:42 PDT 2020","","","","200","0% (0/0)","0% (0/0)","0% (0/0)","61qjpkrkd9zd66raz417"
"368IUKXGA58PU3ZWNUEOKSEJD5L6P2","34NBII25NZIOGJLGY73HHZ47TJY2JF","Reading a passage and responding to questions","You will read a short passage about a person, then answer questions related to the passage.","sentences, decisions, language","$0.40","Sat May 30 07:08:20 PDT 2020","352","BatchId:4060136;OriginalHitTemplateId:920937340;","7200","259200","Sat May 30 11:08:20 PDT 2020","","","3LUY3GC63Z0AKNBVW6OHEQAXB8XP70","A3KJOJKZBYESKK","Submitted","Sat May 30 07:11:10 PDT 2020","Sat May 30 07:24:58 PDT 2020","Tue Jun 02 07:24:58 PDT 2020","","","","828","0% (0/0)","0% (0/0)","0% (0/0)","yu9czjrwgqlzfotgarjt"
"368IUKXGA58PU3ZWNUEOKSEJD5L6P2","34NBII25NZIOGJLGY73HHZ47TJY2JF","Reading a passage and responding to questions","You will read a short passage about a person, then answer questions related to the passage.","sentences, decisions, language","$0.40","Sat May 30 07:08:20 PDT 2020","352","BatchId:4060136;OriginalHitTemplateId:920937340;","7200","259200","Sat May 30 11:08:20 PDT 2020","","","3N2BF7Y2VQU1S9KUHZI1OZ5WK6KHM0","A39PW9IXGLOU28","Submitted","Sat May 30 07:40:31 PDT 2020","Sat May 30 07:44:15 PDT 2020","Tue Jun 02 07:44:15 PDT 2020","","","","224","0% (0/0)","0% (0/0)","0% (0/0)","a6kna8euuhz4ascxm0ct"
"368IUKXGA58PU3ZWNUEOKSEJD5L6P2","34NBII25NZIOGJLGY73HHZ47TJY2JF","Reading a passage and responding to questions","You will read a short passage about a person, then answer questions related to the passage.","sentences, decisions, language","$0.40","Sat May 30 07:08:20 PDT 2020","352","BatchId:4060136;OriginalHitTemplateId:920937340;","7200","259200","Sat May 30 11:08:20 PDT 2020","","","3N8OEVH1FRQZKTRTYSS40CR2RSBOO8","AYTAJA6TW9F9E","Submitted","Sat May 30 07:09:03 PDT 2020","Sat May 30 07:17:18 PDT 2020","Tue Jun 02 07:17:18 PDT 2020","","","","495","0% (0/0)","0% (0/0)","0% (0/0)","9yo9dmoxfjca9ythh5j8"
"368IUKXGA58PU3ZWNUEOKSEJD5L6P2","34NBII25NZIOGJLGY73HHZ47TJY2JF","Reading a passage and responding to questions","You will read a short passage about a person, then answer questions related to the passage.","sentences, decisions, language","$0.40","Sat May 30 07:08:20 PDT 2020","352","BatchId:4060136;OriginalHitTemplateId:920937340;","7200","259200","Sat May 30 11:08:20 PDT 2020","","","3NPFYT4IZC4YMPONB02SEG9TCATXG3","AIHCNONKJ49YM","Submitted","Sat May 30 08:12:00 PDT 2020","Sat May 30 08:54:56 PDT 2020","Tue Jun 02 08:54:56 PDT 2020","","","","2576","0% (0/0)","0% (0/0)","0% (0/0)","he9u6faepzswfnn25eul"
"368IUKXGA58PU3ZWNUEOKSEJD5L6P2","34NBII25NZIOGJLGY73HHZ47TJY2JF","Reading a passage and responding to questions","You will read a short passage about a person, then answer questions related to the passage.","sentences, decisions, language","$0.40","Sat May 30 07:08:20 PDT 2020","352","BatchId:4060136;OriginalHitTemplateId:920937340;","7200","259200","Sat May 30 11:08:20 PDT 2020","","","3NPI0JQDAO5XIL8299RIJM2F05PPTD","AU7E1X1M8HEPA","Submitted","Sat May 30 07:27:57 PDT 2020","Sat May 30 07:33:02 PDT 2020","Tue Jun 02 07:33:02 PDT 2020","","","","305","0% (0/0)","0% (0/0)","0% (0/0)","te8n535m58l4g5769vlf"
"368IUKXGA58PU3ZWNUEOKSEJD5L6P2","34NBII25NZIOGJLGY73HHZ47TJY2JF","Reading a passage and responding to questions","You will read a short passage about a person, then answer questions related to the passage.","sentences, decisions, language","$0.40","Sat May 30 07:08:20 PDT 2020","352","BatchId:4060136;OriginalHitTemplateId:920937340;","7200","259200","Sat May 30 11:08:20 PDT 2020","","","3OVHNO1VE61KF0EBASP55GM77I7ZDO","A3P6LVNGAZ48BO","Submitted","Sat May 30 07:14:16 PDT 2020","Sat May 30 07:26:27 PDT 2020","Tue Jun 02 07:26:27 PDT 2020","","","","731","0% (0/0)","0% (0/0)","0% (0/0)","boa0lxvuq3lnq9hulk8m"
"368IUKXGA58PU3ZWNUEOKSEJD5L6P2","34NBII25NZIOGJLGY73HHZ47TJY2JF","Reading a passage and responding to questions","You will read a short passage about a person, then answer questions related to the passage.","sentences, decisions, language","$0.40","Sat May 30 07:08:20 PDT 2020","352","BatchId:4060136;OriginalHitTemplateId:920937340;","7200","259200","Sat May 30 11:08:20 PDT 2020","","","3OWEPKL089CAH2ZIGRBPA152BT47NU","A1JBE4TWMD364B","Submitted","Sat May 30 09:02:42 PDT 2020","Sat May 30 09:07:54 PDT 2020","Tue Jun 02 09:07:54 PDT 2020","","","","312","0% (0/0)","0% (0/0)","0% (0/0)","d03lttz5402cyadx73sd"
"368IUKXGA58PU3ZWNUEOKSEJD5L6P2","34NBII25NZIOGJLGY73HHZ47TJY2JF","Reading a passage and responding to questions","You will read a short passage about a person, then answer questions related to the passage.","sentences, decisions, language","$0.40","Sat May 30 07:08:20 PDT 2020","352","BatchId:4060136;OriginalHitTemplateId:920937340;","7200","259200","Sat May 30 11:08:20 PDT 2020","","","3P1L2B7AD1PRE8OWL0CC8VN8WN6OLR","A28FL6XWONI7JX","Submitted","Sat May 30 07:08:55 PDT 2020","Sat May 30 07:18:17 PDT 2020","Tue Jun 02 07:18:17 PDT 2020","","","","562","0% (0/0)","0% (0/0)","0% (0/0)","kfsthunawbf8kh7yzl0f"
"368IUKXGA58PU3ZWNUEOKSEJD5L6P2","34NBII25NZIOGJLGY73HHZ47TJY2JF","Reading a passage and responding to questions","You will read a short passage about a person, then answer questions related to the passage.","sentences, decisions, language","$0.40","Sat May 30 07:08:20 PDT 2020","352","BatchId:4060136;OriginalHitTemplateId:920937340;","7200","259200","Sat May 30 11:08:20 PDT 2020","","","3QBD8R3Z21JVG0HBF8DVMELXA1DO40","A1JNN02YXLHISK","Submitted","Sat May 30 07:34:57 PDT 2020","Sat May 30 07:43:01 PDT 2020","Tue Jun 02 07:43:01 PDT 2020","","","","484","0% (0/0)","0% (0/0)","0% (0/0)","ekjno943r39xnfvmq8a2"
"368IUKXGA58PU3ZWNUEOKSEJD5L6P2","34NBII25NZIOGJLGY73HHZ47TJY2JF","Reading a passage and responding to questions","You will read a short passage about a person, then answer questions related to the passage.","sentences, decisions, language","$0.40","Sat May 30 07:08:20 PDT 2020","352","BatchId:4060136;OriginalHitTemplateId:920937340;","7200","259200","Sat May 30 11:08:20 PDT 2020","","","3QBD8R3Z21JVG0HBF8DVMELXA1JO46","A76JFNRDFGHYZ","Submitted","Sat May 30 09:12:53 PDT 2020","Sat May 30 09:17:29 PDT 2020","Tue Jun 02 09:17:29 PDT 2020","","","","276","0% (0/0)","0% (0/0)","0% (0/0)","j74z0mjuqzzvzydu5f25"
"368IUKXGA58PU3ZWNUEOKSEJD5L6P2","34NBII25NZIOGJLGY73HHZ47TJY2JF","Reading a passage and responding to questions","You will read a short passage about a person, then answer questions related to the passage.","sentences, decisions, language","$0.40","Sat May 30 07:08:20 PDT 2020","352","BatchId:4060136;OriginalHitTemplateId:920937340;","7200","259200","Sat May 30 11:08:20 PDT 2020","","","3QBD8R3Z21JVG0HBF8DVMELXA1L4OO","A3ILS6XUUUVN0J","Submitted","Sat May 30 09:33:15 PDT 2020","Sat May 30 09:39:13 PDT 2020","Tue Jun 02 09:39:13 PDT 2020","","","","358","0% (0/0)","0% (0/0)","0% (0/0)","5kjhsd9zp3ylx3ftgut8"
"368IUKXGA58PU3ZWNUEOKSEJD5L6P2","34NBII25NZIOGJLGY73HHZ47TJY2JF","Reading a passage and responding to questions","You will read a short passage about a person, then answer questions related to the passage.","sentences, decisions, language","$0.40","Sat May 30 07:08:20 PDT 2020","352","BatchId:4060136;OriginalHitTemplateId:920937340;","7200","259200","Sat May 30 11:08:20 PDT 2020","","","3QIYRE09Y3HW6GKGRBUG9REP8791NW","A3QZEKY53Y1IC6","Submitted","Sat May 30 10:06:27 PDT 2020","Sat May 30 10:18:15 PDT 2020","Tue Jun 02 10:18:15 PDT 2020","","","","708","0% (0/0)","0% (0/0)","0% (0/0)","xdv0to815fsqfnzysm02"
"368IUKXGA58PU3ZWNUEOKSEJD5L6P2","34NBII25NZIOGJLGY73HHZ47TJY2JF","Reading a passage and responding to questions","You will read a short passage about a person, then answer questions related to the passage.","sentences, decisions, language","$0.40","Sat May 30 07:08:20 PDT 2020","352","BatchId:4060136;OriginalHitTemplateId:920937340;","7200","259200","Sat May 30 11:08:20 PDT 2020","","","3R0T90IZ1SCAJRDSK46503OJBS7GCM","A1TMF8Z3VT364E","Submitted","Sat May 30 08:32:23 PDT 2020","Sat May 30 08:35:19 PDT 2020","Tue Jun 02 08:35:19 PDT 2020","","","","176","0% (0/0)","0% (0/0)","0% (0/0)","cm5blme9zxssu7qlples"
"368IUKXGA58PU3ZWNUEOKSEJD5L6P2","34NBII25NZIOGJLGY73HHZ47TJY2JF","Reading a passage and responding to questions","You will read a short passage about a person, then answer questions related to the passage.","sentences, decisions, language","$0.40","Sat May 30 07:08:20 PDT 2020","352","BatchId:4060136;OriginalHitTemplateId:920937340;","7200","259200","Sat May 30 11:08:20 PDT 2020","","","3R0T90IZ1SCAJRDSK46503OJBSFCGQ","A2Y87M8V0N1M6P","Submitted","Sat May 30 10:17:59 PDT 2020","Sat May 30 11:17:58 PDT 2020","Tue Jun 02 11:17:58 PDT 2020","","","","3599","0% (0/0)","0% (0/0)","0% (0/0)","mxo4a0th18bj5gu3f6dx"
"368IUKXGA58PU3ZWNUEOKSEJD5L6P2","34NBII25NZIOGJLGY73HHZ47TJY2JF","Reading a passage and responding to questions","You will read a short passage about a person, then answer questions related to the passage.","sentences, decisions, language","$0.40","Sat May 30 07:08:20 PDT 2020","352","BatchId:4060136;OriginalHitTemplateId:920937340;","7200","259200","Sat May 30 11:08:20 PDT 2020","","","3RANCT1ZVFHAE4MHQ9ZRTYJS2FGUBN","A3MOMW1Z30Y7OT","Submitted","Sat May 30 07:10:23 PDT 2020","Sat May 30 07:20:39 PDT 2020","Tue Jun 02 07:20:39 PDT 2020","","","","616","0% (0/0)","0% (0/0)","0% (0/0)","pa5a6jvl35gp8y6091kn"
"368IUKXGA58PU3ZWNUEOKSEJD5L6P2","34NBII25NZIOGJLGY73HHZ47TJY2JF","Reading a passage and responding to questions","You will read a short passage about a person, then answer questions related to the passage.","sentences, decisions, language","$0.40","Sat May 30 07:08:20 PDT 2020","352","BatchId:4060136;OriginalHitTemplateId:920937340;","7200","259200","Sat May 30 11:08:20 PDT 2020","","","3RSDURM96AMP2GI6A1Y6XRVQ10CEYD","A1H0E9WSIRC0CE","Submitted","Sat May 30 09:04:58 PDT 2020","Sat May 30 09:16:55 PDT 2020","Tue Jun 02 09:16:55 PDT 2020","","","","717","0% (0/0)","0% (0/0)","0% (0/0)","95y59gg51t84yntpu2ph"
"368IUKXGA58PU3ZWNUEOKSEJD5L6P2","34NBII25NZIOGJLGY73HHZ47TJY2JF","Reading a passage and responding to questions","You will read a short passage about a person, then answer questions related to the passage.","sentences, decisions, language","$0.40","Sat May 30 07:08:20 PDT 2020","352","BatchId:4060136;OriginalHitTemplateId:920937340;","7200","259200","Sat May 30 11:08:20 PDT 2020","","","3SNLUL3WO4NMRD8THMOL71FXE9ULU1","ANT3QZOTL58V4","Submitted","Sat May 30 07:09:41 PDT 2020","Sat May 30 07:14:01 PDT 2020","Tue Jun 02 07:14:01 PDT 2020","","","","260","0% (0/0)","0% (0/0)","0% (0/0)","fgd76kax7w4z42juarxj"
"368IUKXGA58PU3ZWNUEOKSEJD5L6P2","34NBII25NZIOGJLGY73HHZ47TJY2JF","Reading a passage and responding to questions","You will read a short passage about a person, then answer questions related to the passage.","sentences, decisions, language","$0.40","Sat May 30 07:08:20 PDT 2020","352","BatchId:4060136;OriginalHitTemplateId:920937340;","7200","259200","Sat May 30 11:08:20 PDT 2020","","","3SUWZRL0MYDNJW804I3EE0BX2QOE6I","A1MMRZLDT30MUF","Submitted","Sat May 30 10:09:07 PDT 2020","Sat May 30 10:13:14 PDT 2020","Tue Jun 02 10:13:14 PDT 2020","","","","247","0% (0/0)","0% (0/0)","0% (0/0)","2ormdvyzuu6af7kojgzx"
"368IUKXGA58PU3ZWNUEOKSEJD5L6P2","34NBII25NZIOGJLGY73HHZ47TJY2JF","Reading a passage and responding to questions","You will read a short passage about a person, then answer questions related to the passage.","sentences, decisions, language","$0.40","Sat May 30 07:08:20 PDT 2020","352","BatchId:4060136;OriginalHitTemplateId:920937340;","7200","259200","Sat May 30 11:08:20 PDT 2020","","","3T111IHZ5EQZAJF3OVQQXH1I7GK9RZ","A2NHHZQ2DDHHLI","Submitted","Sat May 30 09:48:49 PDT 2020","Sat May 30 10:08:43 PDT 2020","Tue Jun 02 10:08:43 PDT 2020","","","","1194","0% (0/0)","0% (0/0)","0% (0/0)","f8cqqx4u3c1fqktfnsqd"
"368IUKXGA58PU3ZWNUEOKSEJD5L6P2","34NBII25NZIOGJLGY73HHZ47TJY2JF","Reading a passage and responding to questions","You will read a short passage about a person, then answer questions related to the passage.","sentences, decisions, language","$0.40","Sat May 30 07:08:20 PDT 2020","352","BatchId:4060136;OriginalHitTemplateId:920937340;","7200","259200","Sat May 30 11:08:20 PDT 2020","","","3TDXMTX3CBUZZ1AM01T5ZF9PUJOI6O","A13CSH9J9FIXH3","Submitted","Sat May 30 08:39:31 PDT 2020","Sat May 30 08:44:55 PDT 2020","Tue Jun 02 08:44:55 PDT 2020","","","","324","0% (0/0)","0% (0/0)","0% (0/0)","e8e3d8c05ljhltofzvnl"
"368IUKXGA58PU3ZWNUEOKSEJD5L6P2","34NBII25NZIOGJLGY73HHZ47TJY2JF","Reading a passage and responding to questions","You will read a short passage about a person, then answer questions related to the passage.","sentences, decisions, language","$0.40","Sat May 30 07:08:20 PDT 2020","352","BatchId:4060136;OriginalHitTemplateId:920937340;","7200","259200","Sat May 30 11:08:20 PDT 2020","","","3TK8OJTYM1LCVDCRE4RXK4Q0XQGVPA","A9M1ZHZSJOJX2","Submitted","Sat May 30 10:04:32 PDT 2020","Sat May 30 10:14:12 PDT 2020","Tue Jun 02 10:14:12 PDT 2020","","","","580","0% (0/0)","0% (0/0)","0% (0/0)","fab7f7ozk4vg7kvq1se9"
"368IUKXGA58PU3ZWNUEOKSEJD5L6P2","34NBII25NZIOGJLGY73HHZ47TJY2JF","Reading a passage and responding to questions","You will read a short passage about a person, then answer questions related to the passage.","sentences, decisions, language","$0.40","Sat May 30 07:08:20 PDT 2020","352","BatchId:4060136;OriginalHitTemplateId:920937340;","7200","259200","Sat May 30 11:08:20 PDT 2020","","","3TPZPLC3M0CSJ4A8UULR19YH66OP38","A335M8FHL61OQT","Submitted","Sat May 30 10:10:00 PDT 2020","Sat May 30 10:15:50 PDT 2020","Tue Jun 02 10:15:50 PDT 2020","","","","350","0% (0/0)","0% (0/0)","0% (0/0)","mwo2ojub5g1rwdcsxae2"
"368IUKXGA58PU3ZWNUEOKSEJD5L6P2","34NBII25NZIOGJLGY73HHZ47TJY2JF","Reading a passage and responding to questions","You will read a short passage about a person, then answer questions related to the passage.","sentences, decisions, language","$0.40","Sat May 30 07:08:20 PDT 2020","352","BatchId:4060136;OriginalHitTemplateId:920937340;","7200","259200","Sat May 30 11:08:20 PDT 2020","","","3TS1AR6UQQEYTAM1I3SC2WWT92L7FQ","A5AJQGMAQRPAD","Submitted","Sat May 30 09:50:55 PDT 2020","Sat May 30 09:55:28 PDT 2020","Tue Jun 02 09:55:28 PDT 2020","","","","273","0% (0/0)","0% (0/0)","0% (0/0)","nlaqlzssf2560bg92rtf"
"368IUKXGA58PU3ZWNUEOKSEJD5L6P2","34NBII25NZIOGJLGY73HHZ47TJY2JF","Reading a passage and responding to questions","You will read a short passage about a person, then answer questions related to the passage.","sentences, decisions, language","$0.40","Sat May 30 07:08:20 PDT 2020","352","BatchId:4060136;OriginalHitTemplateId:920937340;","7200","259200","Sat May 30 11:08:20 PDT 2020","","","3TVSS0C0E10N2U53LV5DBGABT2RTWB","A37QQR4CI02W7D","Submitted","Sat May 30 07:09:15 PDT 2020","Sat May 30 07:20:52 PDT 2020","Tue Jun 02 07:20:52 PDT 2020","","","","697","0% (0/0)","0% (0/0)","0% (0/0)","x8lrtmnwt6dqh7czbgts"
"368IUKXGA58PU3ZWNUEOKSEJD5L6P2","34NBII25NZIOGJLGY73HHZ47TJY2JF","Reading a passage and responding to questions","You will read a short passage about a person, then answer questions related to the passage.","sentences, decisions, language","$0.40","Sat May 30 07:08:20 PDT 2020","352","BatchId:4060136;OriginalHitTemplateId:920937340;","7200","259200","Sat May 30 11:08:20 PDT 2020","","","3U4J9857OEB8GTALD16GJ658U4O7B3","ASJNAUZ06VHZ5","Submitted","Sat May 30 08:37:04 PDT 2020","Sat May 30 08:38:02 PDT 2020","Tue Jun 02 08:38:02 PDT 2020","","","","58","0% (0/0)","0% (0/0)","0% (0/0)","ASJNAUZ06VHZ5"
"368IUKXGA58PU3ZWNUEOKSEJD5L6P2","34NBII25NZIOGJLGY73HHZ47TJY2JF","Reading a passage and responding to questions","You will read a short passage about a person, then answer questions related to the passage.","sentences, decisions, language","$0.40","Sat May 30 07:08:20 PDT 2020","352","BatchId:4060136;OriginalHitTemplateId:920937340;","7200","259200","Sat May 30 11:08:20 PDT 2020","","","3U84XHCDICD7F4VIHHOC2CS1U5EZ4B","A1SIY9WMSJL5A4","Submitted","Sat May 30 07:12:51 PDT 2020","Sat May 30 07:21:50 PDT 2020","Tue Jun 02 07:21:50 PDT 2020","","","","539","0% (0/0)","0% (0/0)","0% (0/0)","y38uggm4vod9yldapb7q"
"368IUKXGA58PU3ZWNUEOKSEJD5L6P2","34NBII25NZIOGJLGY73HHZ47TJY2JF","Reading a passage and responding to questions","You will read a short passage about a person, then answer questions related to the passage.","sentences, decisions, language","$0.40","Sat May 30 07:08:20 PDT 2020","352","BatchId:4060136;OriginalHitTemplateId:920937340;","7200","259200","Sat May 30 11:08:20 PDT 2020","","","3U84XHCDICD7F4VIHHOC2CS1U5VZ4S","A27D14877956QN","Submitted","Sat May 30 10:53:39 PDT 2020","Sat May 30 11:27:27 PDT 2020","Tue Jun 02 11:27:27 PDT 2020","","","","2028","0% (0/0)","0% (0/0)","0% (0/0)","rd5y0f2dtldnv6khxhd6"
"368IUKXGA58PU3ZWNUEOKSEJD5L6P2","34NBII25NZIOGJLGY73HHZ47TJY2JF","Reading a passage and responding to questions","You will read a short passage about a person, then answer questions related to the passage.","sentences, decisions, language","$0.40","Sat May 30 07:08:20 PDT 2020","352","BatchId:4060136;OriginalHitTemplateId:920937340;","7200","259200","Sat May 30 11:08:20 PDT 2020","","","3VHHR074H3HKT2WX4EVAX91D6YZL71","ACA4KLH8CR61L","Submitted","Sat May 30 07:50:29 PDT 2020","Sat May 30 07:56:50 PDT 2020","Tue Jun 02 07:56:50 PDT 2020","","","","381","0% (0/0)","0% (0/0)","0% (0/0)","dfs1hcv7jbh1k1s01348"
"368IUKXGA58PU3ZWNUEOKSEJD5L6P2","34NBII25NZIOGJLGY73HHZ47TJY2JF","Reading a passage and responding to questions","You will read a short passage about a person, then answer questions related to the passage.","sentences, decisions, language","$0.40","Sat May 30 07:08:20 PDT 2020","352","BatchId:4060136;OriginalHitTemplateId:920937340;","7200","259200","Sat May 30 11:08:20 PDT 2020","","","3VHP9MDGRNK45RHX9K0NIIO7AD2CFE","A2XMLJR0711VDN","Submitted","Sat May 30 07:22:16 PDT 2020","Sat May 30 07:36:20 PDT 2020","Tue Jun 02 07:36:20 PDT 2020","","","","844","0% (0/0)","0% (0/0)","0% (0/0)","mqpxz31yo80379pbjsjr"
"368IUKXGA58PU3ZWNUEOKSEJD5L6P2","34NBII25NZIOGJLGY73HHZ47TJY2JF","Reading a passage and responding to questions","You will read a short passage about a person, then answer questions related to the passage.","sentences, decisions, language","$0.40","Sat May 30 07:08:20 PDT 2020","352","BatchId:4060136;OriginalHitTemplateId:920937340;","7200","259200","Sat May 30 11:08:20 PDT 2020","","","3VSOLARPKB97RHU1D5PUFJY212U39F","A1ETNW8O23PWFQ","Submitted","Sat May 30 07:20:22 PDT 2020","Sat May 30 07:34:59 PDT 2020","Tue Jun 02 07:34:59 PDT 2020","","","","877","0% (0/0)","0% (0/0)","0% (0/0)","ypzhhuasjdg128fw7e7k"
"368IUKXGA58PU3ZWNUEOKSEJD5L6P2","34NBII25NZIOGJLGY73HHZ47TJY2JF","Reading a passage and responding to questions","You will read a short passage about a person, then answer questions related to the passage.","sentences, decisions, language","$0.40","Sat May 30 07:08:20 PDT 2020","352","BatchId:4060136;OriginalHitTemplateId:920937340;","7200","259200","Sat May 30 11:08:20 PDT 2020","","","3WAKVUDHUWGNCSJRDSNBOWXWJPY7UN","A1KZPQ0M942MJU","Submitted","Sat May 30 09:10:31 PDT 2020","Sat May 30 09:13:01 PDT 2020","Tue Jun 02 09:13:01 PDT 2020","","","","150","0% (0/0)","0% (0/0)","0% (0/0)","w1bl5z408pk71wbnaobp"
"368IUKXGA58PU3ZWNUEOKSEJD5L6P2","34NBII25NZIOGJLGY73HHZ47TJY2JF","Reading a passage and responding to questions","You will read a short passage about a person, then answer questions related to the passage.","sentences, decisions, language","$0.40","Sat May 30 07:08:20 PDT 2020","352","BatchId:4060136;OriginalHitTemplateId:920937340;","7200","259200","Sat May 30 11:08:20 PDT 2020","","","3WR9XG3T63BOVUPCYMWTBSZ2KC947W","A1KGQ8YKDU5AS5","Submitted","Sat May 30 08:59:17 PDT 2020","Sat May 30 09:06:28 PDT 2020","Tue Jun 02 09:06:28 PDT 2020","","","","431","0% (0/0)","0% (0/0)","0% (0/0)","vtnv6xaqygsabjybdysl"
"368IUKXGA58PU3ZWNUEOKSEJD5L6P2","34NBII25NZIOGJLGY73HHZ47TJY2JF","Reading a passage and responding to questions","You will read a short passage about a person, then answer questions related to the passage.","sentences, decisions, language","$0.40","Sat May 30 07:08:20 PDT 2020","352","BatchId:4060136;OriginalHitTemplateId:920937340;","7200","259200","Sat May 30 11:08:20 PDT 2020","","","3WSELTNVR32QVH20KQ9LTRDK1JRATK","A16QTKULP8HQ6G","Submitted","Sat May 30 07:48:03 PDT 2020","Sat May 30 07:54:30 PDT 2020","Tue Jun 02 07:54:30 PDT 2020","","","","387","0% (0/0)","0% (0/0)","0% (0/0)","e783wenasng4pwcmdpa7"
"368IUKXGA58PU3ZWNUEOKSEJD5L6P2","34NBII25NZIOGJLGY73HHZ47TJY2JF","Reading a passage and responding to questions","You will read a short passage about a person, then answer questions related to the passage.","sentences, decisions, language","$0.40","Sat May 30 07:08:20 PDT 2020","352","BatchId:4060136;OriginalHitTemplateId:920937340;","7200","259200","Sat May 30 11:08:20 PDT 2020","","","3WZ36BJEV3GVER7SQ49HO2XQJ1GTB2","AIH3QEU3564PA","Submitted","Sat May 30 08:57:27 PDT 2020","Sat May 30 09:21:39 PDT 2020","Tue Jun 02 09:21:39 PDT 2020","","","","1452","0% (0/0)","0% (0/0)","0% (0/0)","6fyrm31jvukap640su5t"
"368IUKXGA58PU3ZWNUEOKSEJD5L6P2","34NBII25NZIOGJLGY73HHZ47TJY2JF","Reading a passage and responding to questions","You will read a short passage about a person, then answer questions related to the passage.","sentences, decisions, language","$0.40","Sat May 30 07:08:20 PDT 2020","352","BatchId:4060136;OriginalHitTemplateId:920937340;","7200","259200","Sat May 30 11:08:20 PDT 2020","","","3X0H8UUIT1OMNUSOWV0N1BEPRJDSWL","A1GVHFB9F270GX","Submitted","Sat May 30 07:15:10 PDT 2020","Sat May 30 07:17:02 PDT 2020","Tue Jun 02 07:17:02 PDT 2020","","","","112","0% (0/0)","0% (0/0)","0% (0/0)","parx7clba68avyn34fh4"
"368IUKXGA58PU3ZWNUEOKSEJD5L6P2","34NBII25NZIOGJLGY73HHZ47TJY2JF","Reading a passage and responding to questions","You will read a short passage about a person, then answer questions related to the passage.","sentences, decisions, language","$0.40","Sat May 30 07:08:20 PDT 2020","352","BatchId:4060136;OriginalHitTemplateId:920937340;","7200","259200","Sat May 30 11:08:20 PDT 2020","","","3X4JMASXCM9UYIA1S2L74RVLMQD0BR","AJ9IY4IHOGB8","Submitted","Sat May 30 07:16:11 PDT 2020","Sat May 30 09:01:14 PDT 2020","Tue Jun 02 09:01:14 PDT 2020","","","","6303","0% (0/0)","0% (0/0)","0% (0/0)","enzuwoxhgvd7wb1uugpr"
"368IUKXGA58PU3ZWNUEOKSEJD5L6P2","34NBII25NZIOGJLGY73HHZ47TJY2JF","Reading a passage and responding to questions","You will read a short passage about a person, then answer questions related to the passage.","sentences, decisions, language","$0.40","Sat May 30 07:08:20 PDT 2020","352","BatchId:4060136;OriginalHitTemplateId:920937340;","7200","259200","Sat May 30 11:08:20 PDT 2020","","","3X87C8JFV6BH3XW2KM1H9MW33IYSQJ","ABEN29L9A55IW","Submitted","Sat May 30 07:43:20 PDT 2020","Sat May 30 07:48:19 PDT 2020","Tue Jun 02 07:48:19 PDT 2020","","","","299","0% (0/0)","0% (0/0)","0% (0/0)","5az54okhfggk6a4tvnk6"
"368IUKXGA58PU3ZWNUEOKSEJD5L6P2","34NBII25NZIOGJLGY73HHZ47TJY2JF","Reading a passage and responding to questions","You will read a short passage about a person, then answer questions related to the passage.","sentences, decisions, language","$0.40","Sat May 30 07:08:20 PDT 2020","352","BatchId:4060136;OriginalHitTemplateId:920937340;","7200","259200","Sat May 30 11:08:20 PDT 2020","","","3XUHV3NRVKY3K2ZOP01F7XUAYBUH5A","A1DVCUCOTAC0JQ","Submitted","Sat May 30 07:38:24 PDT 2020","Sat May 30 07:42:45 PDT 2020","Tue Jun 02 07:42:45 PDT 2020","","","","261","0% (0/0)","0% (0/0)","0% (0/0)","07xaj2tcnbd58lahuyfl"
"368IUKXGA58PU3ZWNUEOKSEJD5L6P2","34NBII25NZIOGJLGY73HHZ47TJY2JF","Reading a passage and responding to questions","You will read a short passage about a person, then answer questions related to the passage.","sentences, decisions, language","$0.40","Sat May 30 07:08:20 PDT 2020","352","BatchId:4060136;OriginalHitTemplateId:920937340;","7200","259200","Sat May 30 11:08:20 PDT 2020","","","3YHH42UU5BF6BRWDJFA1IURQYKZ0LM","A118V7HD2REOSY","Submitted","Sat May 30 09:12:57 PDT 2020","Sat May 30 09:19:24 PDT 2020","Tue Jun 02 09:19:24 PDT 2020","","","","387","0% (0/0)","0% (0/0)","0% (0/0)","fjhwyjrfl2l6cbro33ep"
"368IUKXGA58PU3ZWNUEOKSEJD5L6P2","34NBII25NZIOGJLGY73HHZ47TJY2JF","Reading a passage and responding to questions","You will read a short passage about a person, then answer questions related to the passage.","sentences, decisions, language","$0.40","Sat May 30 07:08:20 PDT 2020","352","BatchId:4060136;OriginalHitTemplateId:920937340;","7200","259200","Sat May 30 11:08:20 PDT 2020","","","3ZDAD0O1T1D2RUATV01ZDZOI24XTX4","AE363E5ESWSXJ","Submitted","Sat May 30 07:09:16 PDT 2020","Sat May 30 07:12:47 PDT 2020","Tue Jun 02 07:12:47 PDT 2020","","","","211","0% (0/0)","0% (0/0)","0% (0/0)","1lrwwd90jo570eel4lyd"
"368IUKXGA58PU3ZWNUEOKSEJD5L6P2","34NBII25NZIOGJLGY73HHZ47TJY2JF","Reading a passage and responding to questions","You will read a short passage about a person, then answer questions related to the passage.","sentences, decisions, language","$0.40","Sat May 30 07:08:20 PDT 2020","352","BatchId:4060136;OriginalHitTemplateId:920937340;","7200","259200","Sat May 30 11:08:20 PDT 2020","","","3ZQIG0FLQEG2FM9SQQ5SCYYWQNFWV2","A2HIPDBIQTFGAX","Submitted","Sat May 30 09:08:45 PDT 2020","Sat May 30 09:52:41 PDT 2020","Tue Jun 02 09:52:41 PDT 2020","","","","2636","0% (0/0)","0% (0/0)","0% (0/0)","a5bgjckth7d9nz4gq8nr"