"HITId","HITTypeId","Title","Description","Keywords","Reward","CreationTime","MaxAssignments","RequesterAnnotation","AssignmentDurationInSeconds","AutoApprovalDelayInSeconds","Expiration","NumberOfSimilarHITs","LifetimeInSeconds","AssignmentId","WorkerId","AssignmentStatus","AcceptTime","SubmitTime","AutoApprovalTime","ApprovalTime","RejectionTime","RequesterFeedback","WorkTimeInSeconds","LifetimeApprovalRate","Last30DaysApprovalRate","Last7DaysApprovalRate","Answer.surveycode","Approve","Reject"
"3NZ1E5QA6Z1R75Y8Z6MIX2VU04KB5R","34NBII25NZIOGJLGY73HHZ47TJY2JF","Reading a passage and responding to questions","You will read a short passage about a person, then answer questions related to the passage.","sentences, decisions, language","$0.40","Thu May 28 05:56:31 PDT 2020","352","BatchId:4057275;OriginalHitTemplateId:920937340;","7200","259200","Thu May 28 09:56:31 PDT 2020","","","30BUDKLTXDVR0S8MZZT9MUXX5P8E5K","AH5ZZEBGJA48Z","Submitted","Thu May 28 06:06:00 PDT 2020","Thu May 28 06:14:52 PDT 2020","Sun May 31 06:14:52 PDT 2020","","","","532","0% (0/0)","0% (0/0)","0% (0/0)","nofz9u6hp3zduunyn9lb"
"3NZ1E5QA6Z1R75Y8Z6MIX2VU04KB5R","34NBII25NZIOGJLGY73HHZ47TJY2JF","Reading a passage and responding to questions","You will read a short passage about a person, then answer questions related to the passage.","sentences, decisions, language","$0.40","Thu May 28 05:56:31 PDT 2020","352","BatchId:4057275;OriginalHitTemplateId:920937340;","7200","259200","Thu May 28 09:56:31 PDT 2020","","","30BXRYBRP4XXXLE8L1OOXX7NH24HWK","A1M64R8HPYNNZA","Submitted","Thu May 28 05:58:46 PDT 2020","Thu May 28 06:03:17 PDT 2020","Sun May 31 06:03:17 PDT 2020","","","","271","0% (0/0)","0% (0/0)","0% (0/0)","jqgvb8bas3oy6wd3jpqc"
"3NZ1E5QA6Z1R75Y8Z6MIX2VU04KB5R","34NBII25NZIOGJLGY73HHZ47TJY2JF","Reading a passage and responding to questions","You will read a short passage about a person, then answer questions related to the passage.","sentences, decisions, language","$0.40","Thu May 28 05:56:31 PDT 2020","352","BatchId:4057275;OriginalHitTemplateId:920937340;","7200","259200","Thu May 28 09:56:31 PDT 2020","","","32KTQ2V7RDF8D32BJNU9BI780NS9M5","A3MVRJOXXHSP2H","Submitted","Thu May 28 08:11:39 PDT 2020","Thu May 28 08:15:52 PDT 2020","Sun May 31 08:15:52 PDT 2020","","","","253","0% (0/0)","0% (0/0)","0% (0/0)","j4kd3coc5a0mocqkszqx"
"3NZ1E5QA6Z1R75Y8Z6MIX2VU04KB5R","34NBII25NZIOGJLGY73HHZ47TJY2JF","Reading a passage and responding to questions","You will read a short passage about a person, then answer questions related to the passage.","sentences, decisions, language","$0.40","Thu May 28 05:56:31 PDT 2020","352","BatchId:4057275;OriginalHitTemplateId:920937340;","7200","259200","Thu May 28 09:56:31 PDT 2020","","","32N49TQG3GI5896PPL90U915XYNVAO","A2NXFDN3007H8L","Submitted","Thu May 28 08:27:09 PDT 2020","Thu May 28 09:51:29 PDT 2020","Sun May 31 09:51:29 PDT 2020","","","","5060","0% (0/0)","0% (0/0)","0% (0/0)","x5fch7d2gvqsvvc0n0h3"
"3NZ1E5QA6Z1R75Y8Z6MIX2VU04KB5R","34NBII25NZIOGJLGY73HHZ47TJY2JF","Reading a passage and responding to questions","You will read a short passage about a person, then answer questions related to the passage.","sentences, decisions, language","$0.40","Thu May 28 05:56:31 PDT 2020","352","BatchId:4057275;OriginalHitTemplateId:920937340;","7200","259200","Thu May 28 09:56:31 PDT 2020","","","32SVAV9L3F9LW0465B3UBE9M6ET3AY","A29U2C4EMF60NJ","Submitted","Thu May 28 08:07:56 PDT 2020","Thu May 28 08:57:24 PDT 2020","Sun May 31 08:57:24 PDT 2020","","","","2968","0% (0/0)","0% (0/0)","0% (0/0)","op3747z29om4vhqsml7l"
"3NZ1E5QA6Z1R75Y8Z6MIX2VU04KB5R","34NBII25NZIOGJLGY73HHZ47TJY2JF","Reading a passage and responding to questions","You will read a short passage about a person, then answer questions related to the passage.","sentences, decisions, language","$0.40","Thu May 28 05:56:31 PDT 2020","352","BatchId:4057275;OriginalHitTemplateId:920937340;","7200","259200","Thu May 28 09:56:31 PDT 2020","","","32SVAV9L3F9LW0465B3UBE9M6F33AA","A2QO8TLJCJDXU2","Submitted","Thu May 28 09:30:05 PDT 2020","Thu May 28 09:51:06 PDT 2020","Sun May 31 09:51:06 PDT 2020","","","","1261","0% (0/0)","0% (0/0)","0% (0/0)","thylkq9eornu6v8k6xxb"
"3NZ1E5QA6Z1R75Y8Z6MIX2VU04KB5R","34NBII25NZIOGJLGY73HHZ47TJY2JF","Reading a passage and responding to questions","You will read a short passage about a person, then answer questions related to the passage.","sentences, decisions, language","$0.40","Thu May 28 05:56:31 PDT 2020","352","BatchId:4057275;OriginalHitTemplateId:920937340;","7200","259200","Thu May 28 09:56:31 PDT 2020","","","33JKGHPFYCUT2565KXDETJ2S5CZMN7","A1EQSJ6AWZYZKP","Submitted","Thu May 28 05:58:17 PDT 2020","Thu May 28 06:07:58 PDT 2020","Sun May 31 06:07:58 PDT 2020","","","","581","0% (0/0)","0% (0/0)","0% (0/0)","70zbhaqsftdfdphhorj6"
"3NZ1E5QA6Z1R75Y8Z6MIX2VU04KB5R","34NBII25NZIOGJLGY73HHZ47TJY2JF","Reading a passage and responding to questions","You will read a short passage about a person, then answer questions related to the passage.","sentences, decisions, language","$0.40","Thu May 28 05:56:31 PDT 2020","352","BatchId:4057275;OriginalHitTemplateId:920937340;","7200","259200","Thu May 28 09:56:31 PDT 2020","","","33M4IA01QG1PBFX1RBW4DKN0DDNRXZ","A13M79DZ3D0ONV","Submitted","Thu May 28 08:55:58 PDT 2020","Thu May 28 09:26:05 PDT 2020","Sun May 31 09:26:05 PDT 2020","","","","1807","0% (0/0)","0% (0/0)","0% (0/0)","wpyslcy0ecg33n4u0wgp"
"3NZ1E5QA6Z1R75Y8Z6MIX2VU04KB5R","34NBII25NZIOGJLGY73HHZ47TJY2JF","Reading a passage and responding to questions","You will read a short passage about a person, then answer questions related to the passage.","sentences, decisions, language","$0.40","Thu May 28 05:56:31 PDT 2020","352","BatchId:4057275;OriginalHitTemplateId:920937340;","7200","259200","Thu May 28 09:56:31 PDT 2020","","","33PPUNGG385EGAXGSTKPA53BLD9RZK","A39TJIST5QLHL0","Submitted","Thu May 28 06:52:51 PDT 2020","Thu May 28 06:56:39 PDT 2020","Sun May 31 06:56:39 PDT 2020","","","","228","0% (0/0)","0% (0/0)","0% (0/0)","cqp9xkmolg8rhj38t3cg"
"3NZ1E5QA6Z1R75Y8Z6MIX2VU04KB5R","34NBII25NZIOGJLGY73HHZ47TJY2JF","Reading a passage and responding to questions","You will read a short passage about a person, then answer questions related to the passage.","sentences, decisions, language","$0.40","Thu May 28 05:56:31 PDT 2020","352","BatchId:4057275;OriginalHitTemplateId:920937340;","7200","259200","Thu May 28 09:56:31 PDT 2020","","","34FNN24DCM9P6XPDZ053TXPDN1OY5U","AC4X6AAQXXPXH","Submitted","Thu May 28 08:27:11 PDT 2020","Thu May 28 08:45:35 PDT 2020","Sun May 31 08:45:35 PDT 2020","","","","1104","0% (0/0)","0% (0/0)","0% (0/0)","2ppnxwg7jwnydpa68u75"
"3NZ1E5QA6Z1R75Y8Z6MIX2VU04KB5R","34NBII25NZIOGJLGY73HHZ47TJY2JF","Reading a passage and responding to questions","You will read a short passage about a person, then answer questions related to the passage.","sentences, decisions, language","$0.40","Thu May 28 05:56:31 PDT 2020","352","BatchId:4057275;OriginalHitTemplateId:920937340;","7200","259200","Thu May 28 09:56:31 PDT 2020","","","34S9DKFK73PTWMVJ301PNEPZEMPYNL","A1CXOIKE5ABPHO","Submitted","Thu May 28 08:37:57 PDT 2020","Thu May 28 08:46:18 PDT 2020","Sun May 31 08:46:18 PDT 2020","","","","501","0% (0/0)","0% (0/0)","0% (0/0)","dc2tqfqk3v8vpu5x46al"
"3NZ1E5QA6Z1R75Y8Z6MIX2VU04KB5R","34NBII25NZIOGJLGY73HHZ47TJY2JF","Reading a passage and responding to questions","You will read a short passage about a person, then answer questions related to the passage.","sentences, decisions, language","$0.40","Thu May 28 05:56:31 PDT 2020","352","BatchId:4057275;OriginalHitTemplateId:920937340;","7200","259200","Thu May 28 09:56:31 PDT 2020","","","34T446B1C0ED8N2762H2FB1335K0CS","A2LJVSP6CH3VF5","Submitted","Thu May 28 05:57:52 PDT 2020","Thu May 28 06:04:38 PDT 2020","Sun May 31 06:04:38 PDT 2020","","","","406","0% (0/0)","0% (0/0)","0% (0/0)","w6x3wxpedyft46lsl7ef"
"3NZ1E5QA6Z1R75Y8Z6MIX2VU04KB5R","34NBII25NZIOGJLGY73HHZ47TJY2JF","Reading a passage and responding to questions","You will read a short passage about a person, then answer questions related to the passage.","sentences, decisions, language","$0.40","Thu May 28 05:56:31 PDT 2020","352","BatchId:4057275;OriginalHitTemplateId:920937340;","7200","259200","Thu May 28 09:56:31 PDT 2020","","","34X6J5FLPTYO4UDCXSS3HL5G6T8JQ4","A3FDNGR0WA5HKX","Submitted","Thu May 28 09:06:35 PDT 2020","Thu May 28 09:11:26 PDT 2020","Sun May 31 09:11:26 PDT 2020","","","","291","0% (0/0)","0% (0/0)","0% (0/0)","mhjyzwweazw35ycecopq"
"3NZ1E5QA6Z1R75Y8Z6MIX2VU04KB5R","34NBII25NZIOGJLGY73HHZ47TJY2JF","Reading a passage and responding to questions","You will read a short passage about a person, then answer questions related to the passage.","sentences, decisions, language","$0.40","Thu May 28 05:56:31 PDT 2020","352","BatchId:4057275;OriginalHitTemplateId:920937340;","7200","259200","Thu May 28 09:56:31 PDT 2020","","","354P56DE9K37XFRNONSB9VF8XMO7S5","A1566PXUS5NDCA","Submitted","Thu May 28 08:27:39 PDT 2020","Thu May 28 08:32:41 PDT 2020","Sun May 31 08:32:41 PDT 2020","","","","302","0% (0/0)","0% (0/0)","0% (0/0)","g5mo7me1daoa0o1ld1na"
"3NZ1E5QA6Z1R75Y8Z6MIX2VU04KB5R","34NBII25NZIOGJLGY73HHZ47TJY2JF","Reading a passage and responding to questions","You will read a short passage about a person, then answer questions related to the passage.","sentences, decisions, language","$0.40","Thu May 28 05:56:31 PDT 2020","352","BatchId:4057275;OriginalHitTemplateId:920937340;","7200","259200","Thu May 28 09:56:31 PDT 2020","","","36TFCYNS44ACMLJYV6KAZGLUQ4GXHZ","A29R25EL3PQ0I5","Submitted","Thu May 28 07:23:56 PDT 2020","Thu May 28 07:32:33 PDT 2020","Sun May 31 07:32:33 PDT 2020","","","","517","0% (0/0)","0% (0/0)","0% (0/0)","5pdcbuk70b7zksukwv79"
"3NZ1E5QA6Z1R75Y8Z6MIX2VU04KB5R","34NBII25NZIOGJLGY73HHZ47TJY2JF","Reading a passage and responding to questions","You will read a short passage about a person, then answer questions related to the passage.","sentences, decisions, language","$0.40","Thu May 28 05:56:31 PDT 2020","352","BatchId:4057275;OriginalHitTemplateId:920937340;","7200","259200","Thu May 28 09:56:31 PDT 2020","","","38SKSKU7R1XHIMDTN5Z7OYRMJ8GILM","A4LXHEOKP4MRO","Submitted","Thu May 28 06:18:26 PDT 2020","Thu May 28 06:27:44 PDT 2020","Sun May 31 06:27:44 PDT 2020","","","","558","0% (0/0)","0% (0/0)","0% (0/0)","uvwag0e64sv7bs6xhetv"
"3NZ1E5QA6Z1R75Y8Z6MIX2VU04KB5R","34NBII25NZIOGJLGY73HHZ47TJY2JF","Reading a passage and responding to questions","You will read a short passage about a person, then answer questions related to the passage.","sentences, decisions, language","$0.40","Thu May 28 05:56:31 PDT 2020","352","BatchId:4057275;OriginalHitTemplateId:920937340;","7200","259200","Thu May 28 09:56:31 PDT 2020","","","39GXDJN2OTERPLDASNPMYIVA7AG8VQ","A2N6QAZHW3DKZ","Submitted","Thu May 28 06:54:09 PDT 2020","Thu May 28 07:18:36 PDT 2020","Sun May 31 07:18:36 PDT 2020","","","","1467","0% (0/0)","0% (0/0)","0% (0/0)","xy83gfshzl9wtonr0uq9"
"3NZ1E5QA6Z1R75Y8Z6MIX2VU04KB5R","34NBII25NZIOGJLGY73HHZ47TJY2JF","Reading a passage and responding to questions","You will read a short passage about a person, then answer questions related to the passage.","sentences, decisions, language","$0.40","Thu May 28 05:56:31 PDT 2020","352","BatchId:4057275;OriginalHitTemplateId:920937340;","7200","259200","Thu May 28 09:56:31 PDT 2020","","","39O5D9O87TS9PF14PPZLH9ZA6H93CV","AGP1IXSTAD126","Submitted","Thu May 28 07:07:39 PDT 2020","Thu May 28 07:14:02 PDT 2020","Sun May 31 07:14:02 PDT 2020","","","","383","0% (0/0)","0% (0/0)","0% (0/0)","rderrrvvwxykuhhs2dhs"
"3NZ1E5QA6Z1R75Y8Z6MIX2VU04KB5R","34NBII25NZIOGJLGY73HHZ47TJY2JF","Reading a passage and responding to questions","You will read a short passage about a person, then answer questions related to the passage.","sentences, decisions, language","$0.40","Thu May 28 05:56:31 PDT 2020","352","BatchId:4057275;OriginalHitTemplateId:920937340;","7200","259200","Thu May 28 09:56:31 PDT 2020","","","39U1BHVTDLRQBW3FBBUB6JZEU363TB","ATUMZZ4IFOEZS","Submitted","Thu May 28 06:22:47 PDT 2020","Thu May 28 06:28:34 PDT 2020","Sun May 31 06:28:34 PDT 2020","","","","347","0% (0/0)","0% (0/0)","0% (0/0)","zc1f578n461psppd59pd"
"3NZ1E5QA6Z1R75Y8Z6MIX2VU04KB5R","34NBII25NZIOGJLGY73HHZ47TJY2JF","Reading a passage and responding to questions","You will read a short passage about a person, then answer questions related to the passage.","sentences, decisions, language","$0.40","Thu May 28 05:56:31 PDT 2020","352","BatchId:4057275;OriginalHitTemplateId:920937340;","7200","259200","Thu May 28 09:56:31 PDT 2020","","","3A1PQ49WVHH4WKY5ODZ347HTLPW1H6","A1OGEY8N4GS7Y4","Submitted","Thu May 28 06:08:56 PDT 2020","Thu May 28 06:13:36 PDT 2020","Sun May 31 06:13:36 PDT 2020","","","","280","0% (0/0)","0% (0/0)","0% (0/0)","d9d1fq5gw8yxcyql30tm"
"3NZ1E5QA6Z1R75Y8Z6MIX2VU04KB5R","34NBII25NZIOGJLGY73HHZ47TJY2JF","Reading a passage and responding to questions","You will read a short passage about a person, then answer questions related to the passage.","sentences, decisions, language","$0.40","Thu May 28 05:56:31 PDT 2020","352","BatchId:4057275;OriginalHitTemplateId:920937340;","7200","259200","Thu May 28 09:56:31 PDT 2020","","","3B4YI393V9WTGDBFCQQM4MB4K0YSSA","A2407DQR0BASJA","Submitted","Thu May 28 08:04:51 PDT 2020","Thu May 28 08:50:52 PDT 2020","Sun May 31 08:50:52 PDT 2020","","","","2761","0% (0/0)","0% (0/0)","0% (0/0)","c4gb0srh20k2n845ancf"
"3NZ1E5QA6Z1R75Y8Z6MIX2VU04KB5R","34NBII25NZIOGJLGY73HHZ47TJY2JF","Reading a passage and responding to questions","You will read a short passage about a person, then answer questions related to the passage.","sentences, decisions, language","$0.40","Thu May 28 05:56:31 PDT 2020","352","BatchId:4057275;OriginalHitTemplateId:920937340;","7200","259200","Thu May 28 09:56:31 PDT 2020","","","3CFJTT4SXTQI31ORJBYX5T9LOOHI7J","A3TD3PWJ8BU2H1","Submitted","Thu May 28 07:28:21 PDT 2020","Thu May 28 07:34:42 PDT 2020","Sun May 31 07:34:42 PDT 2020","","","","381","0% (0/0)","0% (0/0)","0% (0/0)","bgsvp1atz0xvmz531uox"
"3NZ1E5QA6Z1R75Y8Z6MIX2VU04KB5R","34NBII25NZIOGJLGY73HHZ47TJY2JF","Reading a passage and responding to questions","You will read a short passage about a person, then answer questions related to the passage.","sentences, decisions, language","$0.40","Thu May 28 05:56:31 PDT 2020","352","BatchId:4057275;OriginalHitTemplateId:920937340;","7200","259200","Thu May 28 09:56:31 PDT 2020","","","3D4CH1LGEAT8LT6P8KWEYDNB4179GO","A3MAKP4W9P5AZL","Submitted","Thu May 28 06:09:15 PDT 2020","Thu May 28 06:14:52 PDT 2020","Sun May 31 06:14:52 PDT 2020","","","","337","0% (0/0)","0% (0/0)","0% (0/0)","wn6srp9yu9oxxrcej56z"
"3NZ1E5QA6Z1R75Y8Z6MIX2VU04KB5R","34NBII25NZIOGJLGY73HHZ47TJY2JF","Reading a passage and responding to questions","You will read a short passage about a person, then answer questions related to the passage.","sentences, decisions, language","$0.40","Thu May 28 05:56:31 PDT 2020","352","BatchId:4057275;OriginalHitTemplateId:920937340;","7200","259200","Thu May 28 09:56:31 PDT 2020","","","3DH6GAKTYYPNDB926OCJI1W8O0VYZ0","A2UIX87T2RT1AL","Submitted","Thu May 28 08:12:35 PDT 2020","Thu May 28 08:19:31 PDT 2020","Sun May 31 08:19:31 PDT 2020","","","","416","0% (0/0)","0% (0/0)","0% (0/0)","fj7l2c7o0jrt5do12g9u"
"3NZ1E5QA6Z1R75Y8Z6MIX2VU04KB5R","34NBII25NZIOGJLGY73HHZ47TJY2JF","Reading a passage and responding to questions","You will read a short passage about a person, then answer questions related to the passage.","sentences, decisions, language","$0.40","Thu May 28 05:56:31 PDT 2020","352","BatchId:4057275;OriginalHitTemplateId:920937340;","7200","259200","Thu May 28 09:56:31 PDT 2020","","","3DY4FPOOA1OX7QS6RWVMPZQFX20VRL","A306ROVVFUVWRN","Submitted","Thu May 28 06:03:55 PDT 2020","Thu May 28 06:12:04 PDT 2020","Sun May 31 06:12:04 PDT 2020","","","","489","0% (0/0)","0% (0/0)","0% (0/0)","22v3jnxa0p3aan3n2mxs"
"3NZ1E5QA6Z1R75Y8Z6MIX2VU04KB5R","34NBII25NZIOGJLGY73HHZ47TJY2JF","Reading a passage and responding to questions","You will read a short passage about a person, then answer questions related to the passage.","sentences, decisions, language","$0.40","Thu May 28 05:56:31 PDT 2020","352","BatchId:4057275;OriginalHitTemplateId:920937340;","7200","259200","Thu May 28 09:56:31 PDT 2020","","","3DZQRBDBSLFPWWQ0MBPLWE3SSKYS3H","A3RC2RDM8PEXIO","Submitted","Thu May 28 07:51:10 PDT 2020","Thu May 28 08:48:22 PDT 2020","Sun May 31 08:48:22 PDT 2020","","","","3432","0% (0/0)","0% (0/0)","0% (0/0)","x1kjw3zbjl9l1t9m1zho"
"3NZ1E5QA6Z1R75Y8Z6MIX2VU04KB5R","34NBII25NZIOGJLGY73HHZ47TJY2JF","Reading a passage and responding to questions","You will read a short passage about a person, then answer questions related to the passage.","sentences, decisions, language","$0.40","Thu May 28 05:56:31 PDT 2020","352","BatchId:4057275;OriginalHitTemplateId:920937340;","7200","259200","Thu May 28 09:56:31 PDT 2020","","","3ERMJ6L4DYS4ZKEI4QWPXMG25XU7MH","A2TSGFF07OT0LG","Submitted","Thu May 28 05:58:04 PDT 2020","Thu May 28 06:11:44 PDT 2020","Sun May 31 06:11:44 PDT 2020","","","","820","0% (0/0)","0% (0/0)","0% (0/0)","mh6oalp55rgdk61ybktp"
"3NZ1E5QA6Z1R75Y8Z6MIX2VU04KB5R","34NBII25NZIOGJLGY73HHZ47TJY2JF","Reading a passage and responding to questions","You will read a short passage about a person, then answer questions related to the passage.","sentences, decisions, language","$0.40","Thu May 28 05:56:31 PDT 2020","352","BatchId:4057275;OriginalHitTemplateId:920937340;","7200","259200","Thu May 28 09:56:31 PDT 2020","","","3G0WWMR1UVKKNK4XCQKVASMXFDWNQV","A3BYO91D2DPEHV","Submitted","Thu May 28 06:01:48 PDT 2020","Thu May 28 06:04:43 PDT 2020","Sun May 31 06:04:43 PDT 2020","","","","175","0% (0/0)","0% (0/0)","0% (0/0)","xd1jkt97cmd0lr9z0e37"
"3NZ1E5QA6Z1R75Y8Z6MIX2VU04KB5R","34NBII25NZIOGJLGY73HHZ47TJY2JF","Reading a passage and responding to questions","You will read a short passage about a person, then answer questions related to the passage.","sentences, decisions, language","$0.40","Thu May 28 05:56:31 PDT 2020","352","BatchId:4057275;OriginalHitTemplateId:920937340;","7200","259200","Thu May 28 09:56:31 PDT 2020","","","3H0W84IWBK2G5F6KW66CPV2TX7ZER0","A3UVZBXY81BNSF","Submitted","Thu May 28 06:27:10 PDT 2020","Thu May 28 06:36:19 PDT 2020","Sun May 31 06:36:19 PDT 2020","","","","549","0% (0/0)","0% (0/0)","0% (0/0)","eh76fcapd4hsxnhkrh9h"
"3NZ1E5QA6Z1R75Y8Z6MIX2VU04KB5R","34NBII25NZIOGJLGY73HHZ47TJY2JF","Reading a passage and responding to questions","You will read a short passage about a person, then answer questions related to the passage.","sentences, decisions, language","$0.40","Thu May 28 05:56:31 PDT 2020","352","BatchId:4057275;OriginalHitTemplateId:920937340;","7200","259200","Thu May 28 09:56:31 PDT 2020","","","3HHRAGRYX85WD6NNW39M3MWDVNXO9P","AZCGSVDT79E6X","Submitted","Thu May 28 06:04:00 PDT 2020","Thu May 28 06:08:32 PDT 2020","Sun May 31 06:08:32 PDT 2020","","","","272","0% (0/0)","0% (0/0)","0% (0/0)","lrzv129csb9b0ctygvvq"
"3NZ1E5QA6Z1R75Y8Z6MIX2VU04KB5R","34NBII25NZIOGJLGY73HHZ47TJY2JF","Reading a passage and responding to questions","You will read a short passage about a person, then answer questions related to the passage.","sentences, decisions, language","$0.40","Thu May 28 05:56:31 PDT 2020","352","BatchId:4057275;OriginalHitTemplateId:920937340;","7200","259200","Thu May 28 09:56:31 PDT 2020","","","3HL8HNGX45127TAUX0QWGSNZ3M6F9U","A3UK4K4YBDUH3E","Submitted","Thu May 28 05:58:36 PDT 2020","Thu May 28 06:11:22 PDT 2020","Sun May 31 06:11:22 PDT 2020","","","","766","0% (0/0)","0% (0/0)","0% (0/0)","cukbhyupgfsjxwx4zs6q"
"3NZ1E5QA6Z1R75Y8Z6MIX2VU04KB5R","34NBII25NZIOGJLGY73HHZ47TJY2JF","Reading a passage and responding to questions","You will read a short passage about a person, then answer questions related to the passage.","sentences, decisions, language","$0.40","Thu May 28 05:56:31 PDT 2020","352","BatchId:4057275;OriginalHitTemplateId:920937340;","7200","259200","Thu May 28 09:56:31 PDT 2020","","","3I2PTA7R3TUJFEJUFDSFI05TLI6KQ2","ALXPWWF7PXE1V","Submitted","Thu May 28 08:56:38 PDT 2020","Thu May 28 09:04:36 PDT 2020","Sun May 31 09:04:36 PDT 2020","","","","478","0% (0/0)","0% (0/0)","0% (0/0)","3087d9nv5ws6leggrw0p"
"3NZ1E5QA6Z1R75Y8Z6MIX2VU04KB5R","34NBII25NZIOGJLGY73HHZ47TJY2JF","Reading a passage and responding to questions","You will read a short passage about a person, then answer questions related to the passage.","sentences, decisions, language","$0.40","Thu May 28 05:56:31 PDT 2020","352","BatchId:4057275;OriginalHitTemplateId:920937340;","7200","259200","Thu May 28 09:56:31 PDT 2020","","","3I3WADAZ9Q4DCJLBTDW5R6RB9RG5OH","A13OFB88831KNE","Submitted","Thu May 28 06:31:15 PDT 2020","Thu May 28 06:31:26 PDT 2020","Sun May 31 06:31:26 PDT 2020","","","","11","0% (0/0)","0% (0/0)","0% (0/0)","nkpqf9pkjtpwkzopaq5s"
"3NZ1E5QA6Z1R75Y8Z6MIX2VU04KB5R","34NBII25NZIOGJLGY73HHZ47TJY2JF","Reading a passage and responding to questions","You will read a short passage about a person, then answer questions related to the passage.","sentences, decisions, language","$0.40","Thu May 28 05:56:31 PDT 2020","352","BatchId:4057275;OriginalHitTemplateId:920937340;","7200","259200","Thu May 28 09:56:31 PDT 2020","","","3IFS6Q0HJIJ4MZ8J7EW80K5HB2OSIA","A8EOE23W7G8OJ","Submitted","Thu May 28 06:15:45 PDT 2020","Thu May 28 06:23:21 PDT 2020","Sun May 31 06:23:21 PDT 2020","","","","456","0% (0/0)","0% (0/0)","0% (0/0)","qx1xha7twxwa4kdltavd"
"3NZ1E5QA6Z1R75Y8Z6MIX2VU04KB5R","34NBII25NZIOGJLGY73HHZ47TJY2JF","Reading a passage and responding to questions","You will read a short passage about a person, then answer questions related to the passage.","sentences, decisions, language","$0.40","Thu May 28 05:56:31 PDT 2020","352","BatchId:4057275;OriginalHitTemplateId:920937340;","7200","259200","Thu May 28 09:56:31 PDT 2020","","","3IQ1VMJRYTK7B2TMMK442RC8660A9J","A1MI8VOY17Z496","Submitted","Thu May 28 07:28:29 PDT 2020","Thu May 28 07:33:23 PDT 2020","Sun May 31 07:33:23 PDT 2020","","","","294","0% (0/0)","0% (0/0)","0% (0/0)","2octdrh8n22snzo13p3a"
"3NZ1E5QA6Z1R75Y8Z6MIX2VU04KB5R","34NBII25NZIOGJLGY73HHZ47TJY2JF","Reading a passage and responding to questions","You will read a short passage about a person, then answer questions related to the passage.","sentences, decisions, language","$0.40","Thu May 28 05:56:31 PDT 2020","352","BatchId:4057275;OriginalHitTemplateId:920937340;","7200","259200","Thu May 28 09:56:31 PDT 2020","","","3IQ1VMJRYTK7B2TMMK442RC8662A9L","A1RRMINTJ8BHKG","Submitted","Thu May 28 07:54:19 PDT 2020","Thu May 28 07:59:54 PDT 2020","Sun May 31 07:59:54 PDT 2020","","","","335","0% (0/0)","0% (0/0)","0% (0/0)","kdztkx4r87pbw7vxkzq1"
"3NZ1E5QA6Z1R75Y8Z6MIX2VU04KB5R","34NBII25NZIOGJLGY73HHZ47TJY2JF","Reading a passage and responding to questions","You will read a short passage about a person, then answer questions related to the passage.","sentences, decisions, language","$0.40","Thu May 28 05:56:31 PDT 2020","352","BatchId:4057275;OriginalHitTemplateId:920937340;","7200","259200","Thu May 28 09:56:31 PDT 2020","","","3IXQG4FA2TYCUCYESY40X2WEOOJB9D","A1XS9Y2Q4QKHB6","Submitted","Thu May 28 07:08:27 PDT 2020","Thu May 28 09:03:37 PDT 2020","Sun May 31 09:03:37 PDT 2020","","","","6910","0% (0/0)","0% (0/0)","0% (0/0)","xlj9uymx92uls7c63lwa"
"3NZ1E5QA6Z1R75Y8Z6MIX2VU04KB5R","34NBII25NZIOGJLGY73HHZ47TJY2JF","Reading a passage and responding to questions","You will read a short passage about a person, then answer questions related to the passage.","sentences, decisions, language","$0.40","Thu May 28 05:56:31 PDT 2020","352","BatchId:4057275;OriginalHitTemplateId:920937340;","7200","259200","Thu May 28 09:56:31 PDT 2020","","","3J88R45B2GY4Z2HMEJSF8PNLCV1PX7","A2H35DWOQ5T14U","Submitted","Thu May 28 09:12:42 PDT 2020","Thu May 28 09:20:45 PDT 2020","Sun May 31 09:20:45 PDT 2020","","","","483","0% (0/0)","0% (0/0)","0% (0/0)","jda8h1o7djjbjfp9s99j"
"3NZ1E5QA6Z1R75Y8Z6MIX2VU04KB5R","34NBII25NZIOGJLGY73HHZ47TJY2JF","Reading a passage and responding to questions","You will read a short passage about a person, then answer questions related to the passage.","sentences, decisions, language","$0.40","Thu May 28 05:56:31 PDT 2020","352","BatchId:4057275;OriginalHitTemplateId:920937340;","7200","259200","Thu May 28 09:56:31 PDT 2020","","","3KIBXJ1WD5UGU26E000BTVAT6HJOKT","A14UY8CX4KDT26","Submitted","Thu May 28 08:11:57 PDT 2020","Thu May 28 08:13:03 PDT 2020","Sun May 31 08:13:03 PDT 2020","","","","66","0% (0/0)","0% (0/0)","0% (0/0)","val4fzcqot29ox68ddk9"
"3NZ1E5QA6Z1R75Y8Z6MIX2VU04KB5R","34NBII25NZIOGJLGY73HHZ47TJY2JF","Reading a passage and responding to questions","You will read a short passage about a person, then answer questions related to the passage.","sentences, decisions, language","$0.40","Thu May 28 05:56:31 PDT 2020","352","BatchId:4057275;OriginalHitTemplateId:920937340;","7200","259200","Thu May 28 09:56:31 PDT 2020","","","3KRVW3HTZNLQIIYASTU0SDCYSBCMSO","A18DLTHQXKDX0Y","Submitted","Thu May 28 07:11:47 PDT 2020","Thu May 28 07:15:23 PDT 2020","Sun May 31 07:15:23 PDT 2020","","","","216","0% (0/0)","0% (0/0)","0% (0/0)","6fam0mq36cms6pax4wpb"
"3NZ1E5QA6Z1R75Y8Z6MIX2VU04KB5R","34NBII25NZIOGJLGY73HHZ47TJY2JF","Reading a passage and responding to questions","You will read a short passage about a person, then answer questions related to the passage.","sentences, decisions, language","$0.40","Thu May 28 05:56:31 PDT 2020","352","BatchId:4057275;OriginalHitTemplateId:920937340;","7200","259200","Thu May 28 09:56:31 PDT 2020","","","3KXIR214I4GH9TS6SAFYF1IU8QS246","A3NF9B2NLCLZWT","Submitted","Thu May 28 07:03:22 PDT 2020","Thu May 28 08:56:40 PDT 2020","Sun May 31 08:56:40 PDT 2020","","","","6798","0% (0/0)","0% (0/0)","0% (0/0)","4lrfd6khmlovj9mmez8o"
"3NZ1E5QA6Z1R75Y8Z6MIX2VU04KB5R","34NBII25NZIOGJLGY73HHZ47TJY2JF","Reading a passage and responding to questions","You will read a short passage about a person, then answer questions related to the passage.","sentences, decisions, language","$0.40","Thu May 28 05:56:31 PDT 2020","352","BatchId:4057275;OriginalHitTemplateId:920937340;","7200","259200","Thu May 28 09:56:31 PDT 2020","","","3MHW492WW0D6AAFEMOZ530W5RFAMVX","A2CM99CM5QW5SV","Submitted","Thu May 28 08:02:09 PDT 2020","Thu May 28 09:12:47 PDT 2020","Sun May 31 09:12:47 PDT 2020","","","","4238","0% (0/0)","0% (0/0)","0% (0/0)","03bnn6lpjtfstdm64xua"
"3NZ1E5QA6Z1R75Y8Z6MIX2VU04KB5R","34NBII25NZIOGJLGY73HHZ47TJY2JF","Reading a passage and responding to questions","You will read a short passage about a person, then answer questions related to the passage.","sentences, decisions, language","$0.40","Thu May 28 05:56:31 PDT 2020","352","BatchId:4057275;OriginalHitTemplateId:920937340;","7200","259200","Thu May 28 09:56:31 PDT 2020","","","3NC5L260MOM5EGE0ZP9EDIIOYLZOFO","A2TWQKU69E7KVG","Submitted","Thu May 28 07:32:25 PDT 2020","Thu May 28 07:43:50 PDT 2020","Sun May 31 07:43:50 PDT 2020","","","","685","0% (0/0)","0% (0/0)","0% (0/0)","t03om6vlstss6aeynedq"
"3NZ1E5QA6Z1R75Y8Z6MIX2VU04KB5R","34NBII25NZIOGJLGY73HHZ47TJY2JF","Reading a passage and responding to questions","You will read a short passage about a person, then answer questions related to the passage.","sentences, decisions, language","$0.40","Thu May 28 05:56:31 PDT 2020","352","BatchId:4057275;OriginalHitTemplateId:920937340;","7200","259200","Thu May 28 09:56:31 PDT 2020","","","3OLF68YTN91GCCKZP64WCNYJ94OFA9","AIZ4C8S4DW2WG","Submitted","Thu May 28 05:58:42 PDT 2020","Thu May 28 06:03:01 PDT 2020","Sun May 31 06:03:01 PDT 2020","","","","259","0% (0/0)","0% (0/0)","0% (0/0)","7f2h34869effwzrku1dy"
"3NZ1E5QA6Z1R75Y8Z6MIX2VU04KB5R","34NBII25NZIOGJLGY73HHZ47TJY2JF","Reading a passage and responding to questions","You will read a short passage about a person, then answer questions related to the passage.","sentences, decisions, language","$0.40","Thu May 28 05:56:31 PDT 2020","352","BatchId:4057275;OriginalHitTemplateId:920937340;","7200","259200","Thu May 28 09:56:31 PDT 2020","","","3OONKJ5DKCJF1Z2KUNNIUSR3JN5BOR","A13KKQH01KECMG","Submitted","Thu May 28 07:10:11 PDT 2020","Thu May 28 07:20:42 PDT 2020","Sun May 31 07:20:42 PDT 2020","","","","631","0% (0/0)","0% (0/0)","0% (0/0)","lvdv9mb2qreaobu74krz"
"3NZ1E5QA6Z1R75Y8Z6MIX2VU04KB5R","34NBII25NZIOGJLGY73HHZ47TJY2JF","Reading a passage and responding to questions","You will read a short passage about a person, then answer questions related to the passage.","sentences, decisions, language","$0.40","Thu May 28 05:56:31 PDT 2020","352","BatchId:4057275;OriginalHitTemplateId:920937340;","7200","259200","Thu May 28 09:56:31 PDT 2020","","","3OSWBBLG1EXVA5EW9A1K8V6WYCRXDU","A2X3MRQD8UQKW3","Submitted","Thu May 28 08:16:21 PDT 2020","Thu May 28 08:19:17 PDT 2020","Sun May 31 08:19:17 PDT 2020","","","","176","0% (0/0)","0% (0/0)","0% (0/0)","djnnl3pk2ndgf96r0tr5"
"3NZ1E5QA6Z1R75Y8Z6MIX2VU04KB5R","34NBII25NZIOGJLGY73HHZ47TJY2JF","Reading a passage and responding to questions","You will read a short passage about a person, then answer questions related to the passage.","sentences, decisions, language","$0.40","Thu May 28 05:56:31 PDT 2020","352","BatchId:4057275;OriginalHitTemplateId:920937340;","7200","259200","Thu May 28 09:56:31 PDT 2020","","","3OWEPKL089CAH2ZIGRBPA152AN4N7X","A3DJE1PIZFZNHP","Submitted","Thu May 28 06:00:30 PDT 2020","Thu May 28 06:56:35 PDT 2020","Sun May 31 06:56:35 PDT 2020","","","","3365","0% (0/0)","0% (0/0)","0% (0/0)","bd4fdqg1m6bswuubrwlv"
"3NZ1E5QA6Z1R75Y8Z6MIX2VU04KB5R","34NBII25NZIOGJLGY73HHZ47TJY2JF","Reading a passage and responding to questions","You will read a short passage about a person, then answer questions related to the passage.","sentences, decisions, language","$0.40","Thu May 28 05:56:31 PDT 2020","352","BatchId:4057275;OriginalHitTemplateId:920937340;","7200","259200","Thu May 28 09:56:31 PDT 2020","","","3PEIJLRY6TTUJBENQ56A0JVH5SUWXZ","A3066IAWG7AQ1C","Submitted","Thu May 28 07:39:15 PDT 2020","Thu May 28 07:55:37 PDT 2020","Sun May 31 07:55:37 PDT 2020","","","","982","0% (0/0)","0% (0/0)","0% (0/0)","ucbym0f5olhrqc8yzmwd"
"3NZ1E5QA6Z1R75Y8Z6MIX2VU04KB5R","34NBII25NZIOGJLGY73HHZ47TJY2JF","Reading a passage and responding to questions","You will read a short passage about a person, then answer questions related to the passage.","sentences, decisions, language","$0.40","Thu May 28 05:56:31 PDT 2020","352","BatchId:4057275;OriginalHitTemplateId:920937340;","7200","259200","Thu May 28 09:56:31 PDT 2020","","","3QAVNHZ3EM42C4UVBH7U703360CLAM","A1AJ2G7JXXJ8UJ","Submitted","Thu May 28 06:35:05 PDT 2020","Thu May 28 07:32:25 PDT 2020","Sun May 31 07:32:25 PDT 2020","","","","3440","0% (0/0)","0% (0/0)","0% (0/0)","551u2w5nbng9ooo05unp"
"3NZ1E5QA6Z1R75Y8Z6MIX2VU04KB5R","34NBII25NZIOGJLGY73HHZ47TJY2JF","Reading a passage and responding to questions","You will read a short passage about a person, then answer questions related to the passage.","sentences, decisions, language","$0.40","Thu May 28 05:56:31 PDT 2020","352","BatchId:4057275;OriginalHitTemplateId:920937340;","7200","259200","Thu May 28 09:56:31 PDT 2020","","","3QEMNNSB2XZ1VQ85RXXMEWT8WJ27DZ","A1APYLD4DUK33J","Submitted","Thu May 28 05:57:08 PDT 2020","Thu May 28 06:03:49 PDT 2020","Sun May 31 06:03:49 PDT 2020","","","","401","100% (1/1)","0% (0/0)","0% (0/0)","207l4leo0msed8x66v1h"
"3NZ1E5QA6Z1R75Y8Z6MIX2VU04KB5R","34NBII25NZIOGJLGY73HHZ47TJY2JF","Reading a passage and responding to questions","You will read a short passage about a person, then answer questions related to the passage.","sentences, decisions, language","$0.40","Thu May 28 05:56:31 PDT 2020","352","BatchId:4057275;OriginalHitTemplateId:920937340;","7200","259200","Thu May 28 09:56:31 PDT 2020","","","3QIYRE09Y3HW6GKGRBUG9REP72ON1M","A2TPT87V0R9ORJ","Submitted","Thu May 28 09:36:18 PDT 2020","Thu May 28 09:45:10 PDT 2020","Sun May 31 09:45:10 PDT 2020","","","","532","0% (0/0)","0% (0/0)","0% (0/0)","dh43nz7zbp55vtf1x6t0"
"3NZ1E5QA6Z1R75Y8Z6MIX2VU04KB5R","34NBII25NZIOGJLGY73HHZ47TJY2JF","Reading a passage and responding to questions","You will read a short passage about a person, then answer questions related to the passage.","sentences, decisions, language","$0.40","Thu May 28 05:56:31 PDT 2020","352","BatchId:4057275;OriginalHitTemplateId:920937340;","7200","259200","Thu May 28 09:56:31 PDT 2020","","","3R0T90IZ1SCAJRDSK46503OJAMAGCC","AT94Y12KEGKNO","Submitted","Thu May 28 06:15:11 PDT 2020","Thu May 28 06:21:21 PDT 2020","Sun May 31 06:21:21 PDT 2020","","","","370","0% (0/0)","0% (0/0)","0% (0/0)","b8eqnok40umxc17yav14"
"3NZ1E5QA6Z1R75Y8Z6MIX2VU04KB5R","34NBII25NZIOGJLGY73HHZ47TJY2JF","Reading a passage and responding to questions","You will read a short passage about a person, then answer questions related to the passage.","sentences, decisions, language","$0.40","Thu May 28 05:56:31 PDT 2020","352","BatchId:4057275;OriginalHitTemplateId:920937340;","7200","259200","Thu May 28 09:56:31 PDT 2020","","","3SBEHTYCWN31ILKS6KOXI6TISNJYIT","A3PXU2ZLEL8WRW","Submitted","Thu May 28 06:04:54 PDT 2020","Thu May 28 07:59:21 PDT 2020","Sun May 31 07:59:21 PDT 2020","","","","6867","0% (0/0)","0% (0/0)","0% (0/0)","y3dbbhtn1spcfesczwq4"
"3NZ1E5QA6Z1R75Y8Z6MIX2VU04KB5R","34NBII25NZIOGJLGY73HHZ47TJY2JF","Reading a passage and responding to questions","You will read a short passage about a person, then answer questions related to the passage.","sentences, decisions, language","$0.40","Thu May 28 05:56:31 PDT 2020","352","BatchId:4057275;OriginalHitTemplateId:920937340;","7200","259200","Thu May 28 09:56:31 PDT 2020","","","3SNLUL3WO4NMRD8THMOL71FXD3AULD","A1PET7522JER44","Submitted","Thu May 28 07:50:30 PDT 2020","Thu May 28 07:57:01 PDT 2020","Sun May 31 07:57:01 PDT 2020","","","","391","0% (0/0)","0% (0/0)","0% (0/0)","yb1ym8dbe5gu248lufe7"
"3NZ1E5QA6Z1R75Y8Z6MIX2VU04KB5R","34NBII25NZIOGJLGY73HHZ47TJY2JF","Reading a passage and responding to questions","You will read a short passage about a person, then answer questions related to the passage.","sentences, decisions, language","$0.40","Thu May 28 05:56:31 PDT 2020","352","BatchId:4057275;OriginalHitTemplateId:920937340;","7200","259200","Thu May 28 09:56:31 PDT 2020","","","3SPJ0334213XDW4YO29XU78I529YJ6","A912GNPY1AJ7L","Submitted","Thu May 28 06:20:27 PDT 2020","Thu May 28 06:27:46 PDT 2020","Sun May 31 06:27:46 PDT 2020","","","","439","0% (0/0)","0% (0/0)","0% (0/0)","c8k63dqtl54jcz2rgy2k"
"3NZ1E5QA6Z1R75Y8Z6MIX2VU04KB5R","34NBII25NZIOGJLGY73HHZ47TJY2JF","Reading a passage and responding to questions","You will read a short passage about a person, then answer questions related to the passage.","sentences, decisions, language","$0.40","Thu May 28 05:56:31 PDT 2020","352","BatchId:4057275;OriginalHitTemplateId:920937340;","7200","259200","Thu May 28 09:56:31 PDT 2020","","","3TE3O857308OAZU43MBBNUT4047R29","A3VI14PQFWGLI5","Submitted","Thu May 28 06:04:13 PDT 2020","Thu May 28 06:12:06 PDT 2020","Sun May 31 06:12:06 PDT 2020","","","","473","0% (0/0)","0% (0/0)","0% (0/0)","hj05xhf34mxt4hd5b8t5"
"3NZ1E5QA6Z1R75Y8Z6MIX2VU04KB5R","34NBII25NZIOGJLGY73HHZ47TJY2JF","Reading a passage and responding to questions","You will read a short passage about a person, then answer questions related to the passage.","sentences, decisions, language","$0.40","Thu May 28 05:56:31 PDT 2020","352","BatchId:4057275;OriginalHitTemplateId:920937340;","7200","259200","Thu May 28 09:56:31 PDT 2020","","","3TK8OJTYM1LCVDCRE4RXK4Q0WKKPVV","A1IQ76RX577GMT","Submitted","Thu May 28 07:52:34 PDT 2020","Thu May 28 07:57:18 PDT 2020","Sun May 31 07:57:18 PDT 2020","","","","284","0% (0/0)","0% (0/0)","0% (0/0)","fvg2j1gu7cgrko25zqtb"
"3NZ1E5QA6Z1R75Y8Z6MIX2VU04KB5R","34NBII25NZIOGJLGY73HHZ47TJY2JF","Reading a passage and responding to questions","You will read a short passage about a person, then answer questions related to the passage.","sentences, decisions, language","$0.40","Thu May 28 05:56:31 PDT 2020","352","BatchId:4057275;OriginalHitTemplateId:920937340;","7200","259200","Thu May 28 09:56:31 PDT 2020","","","3V0Z7YWSIY0G36BLC6GLORI7LAM2VF","A1XKUPDLPLI03F","Submitted","Thu May 28 06:30:31 PDT 2020","Thu May 28 06:38:19 PDT 2020","Sun May 31 06:38:19 PDT 2020","","","","468","0% (0/0)","0% (0/0)","0% (0/0)","mxalj9q0hry7a1l3crqq"
"3NZ1E5QA6Z1R75Y8Z6MIX2VU04KB5R","34NBII25NZIOGJLGY73HHZ47TJY2JF","Reading a passage and responding to questions","You will read a short passage about a person, then answer questions related to the passage.","sentences, decisions, language","$0.40","Thu May 28 05:56:31 PDT 2020","352","BatchId:4057275;OriginalHitTemplateId:920937340;","7200","259200","Thu May 28 09:56:31 PDT 2020","","","3VZLGYJEYLAYD6JS1SQHZNPZMUSXZK","A3EOIQYUDEU2NG","Submitted","Thu May 28 06:18:06 PDT 2020","Thu May 28 06:22:52 PDT 2020","Sun May 31 06:22:52 PDT 2020","","","","286","0% (0/0)","0% (0/0)","0% (0/0)","x2qk2ah2h3e2r7qylde5"
"3NZ1E5QA6Z1R75Y8Z6MIX2VU04KB5R","34NBII25NZIOGJLGY73HHZ47TJY2JF","Reading a passage and responding to questions","You will read a short passage about a person, then answer questions related to the passage.","sentences, decisions, language","$0.40","Thu May 28 05:56:31 PDT 2020","352","BatchId:4057275;OriginalHitTemplateId:920937340;","7200","259200","Thu May 28 09:56:31 PDT 2020","","","3WEV0KO0OMSNEOSXF0VX9NP4JXFDSS","A20KWU6IJJX5AT","Submitted","Thu May 28 06:04:19 PDT 2020","Thu May 28 06:14:00 PDT 2020","Sun May 31 06:14:00 PDT 2020","","","","581","0% (0/0)","0% (0/0)","0% (0/0)","8o7l37338ekqr3zbm4v2"
"3NZ1E5QA6Z1R75Y8Z6MIX2VU04KB5R","34NBII25NZIOGJLGY73HHZ47TJY2JF","Reading a passage and responding to questions","You will read a short passage about a person, then answer questions related to the passage.","sentences, decisions, language","$0.40","Thu May 28 05:56:31 PDT 2020","352","BatchId:4057275;OriginalHitTemplateId:920937340;","7200","259200","Thu May 28 09:56:31 PDT 2020","","","3WJ1OXY92AG7XXACHSYQ2VHXM0B8AL","A1LRJ2MQD4AMES","Submitted","Thu May 28 06:00:38 PDT 2020","Thu May 28 06:14:00 PDT 2020","Sun May 31 06:14:00 PDT 2020","","","","802","0% (0/0)","0% (0/0)","0% (0/0)","d5duj3nfrt3g5f4rucog"
"3NZ1E5QA6Z1R75Y8Z6MIX2VU04KB5R","34NBII25NZIOGJLGY73HHZ47TJY2JF","Reading a passage and responding to questions","You will read a short passage about a person, then answer questions related to the passage.","sentences, decisions, language","$0.40","Thu May 28 05:56:31 PDT 2020","352","BatchId:4057275;OriginalHitTemplateId:920937340;","7200","259200","Thu May 28 09:56:31 PDT 2020","","","3WS1NTTKEYCKBZMHX473NHM60ICF0I","A2TJIZOER85CC6","Submitted","Thu May 28 05:57:27 PDT 2020","Thu May 28 06:02:55 PDT 2020","Sun May 31 06:02:55 PDT 2020","","","","328","0% (0/0)","0% (0/0)","0% (0/0)","xv64dhk03qlrs6b5og43"
"3NZ1E5QA6Z1R75Y8Z6MIX2VU04KB5R","34NBII25NZIOGJLGY73HHZ47TJY2JF","Reading a passage and responding to questions","You will read a short passage about a person, then answer questions related to the passage.","sentences, decisions, language","$0.40","Thu May 28 05:56:31 PDT 2020","352","BatchId:4057275;OriginalHitTemplateId:920937340;","7200","259200","Thu May 28 09:56:31 PDT 2020","","","3WT783CTPBHESA5H4IERZSXMU9HBCP","A2LLM18EUFSP55","Submitted","Thu May 28 06:00:20 PDT 2020","Thu May 28 06:05:47 PDT 2020","Sun May 31 06:05:47 PDT 2020","","","","327","0% (0/0)","0% (0/0)","0% (0/0)","fqybgcrm2ccru7me3nem"
"3NZ1E5QA6Z1R75Y8Z6MIX2VU04KB5R","34NBII25NZIOGJLGY73HHZ47TJY2JF","Reading a passage and responding to questions","You will read a short passage about a person, then answer questions related to the passage.","sentences, decisions, language","$0.40","Thu May 28 05:56:31 PDT 2020","352","BatchId:4057275;OriginalHitTemplateId:920937340;","7200","259200","Thu May 28 09:56:31 PDT 2020","","","3WT783CTPBHESA5H4IERZSXMU9NBCV","A6CIYTG99HJZP","Submitted","Thu May 28 07:17:53 PDT 2020","Thu May 28 07:24:15 PDT 2020","Sun May 31 07:24:15 PDT 2020","","","","382","0% (0/0)","0% (0/0)","0% (0/0)","d8173lgtno9ozpsx4q54"
"3NZ1E5QA6Z1R75Y8Z6MIX2VU04KB5R","34NBII25NZIOGJLGY73HHZ47TJY2JF","Reading a passage and responding to questions","You will read a short passage about a person, then answer questions related to the passage.","sentences, decisions, language","$0.40","Thu May 28 05:56:31 PDT 2020","352","BatchId:4057275;OriginalHitTemplateId:920937340;","7200","259200","Thu May 28 09:56:31 PDT 2020","","","3X73LLYYQ1E7AR5UT0X11EUWOQ0NHZ","A6ZAKE3FP8YKY","Submitted","Thu May 28 06:01:25 PDT 2020","Thu May 28 06:29:37 PDT 2020","Sun May 31 06:29:37 PDT 2020","","","","1692","100% (2/2)","0% (0/0)","0% (0/0)","kf20j6cggxuhmpay8ykl"
"3NZ1E5QA6Z1R75Y8Z6MIX2VU04KB5R","34NBII25NZIOGJLGY73HHZ47TJY2JF","Reading a passage and responding to questions","You will read a short passage about a person, then answer questions related to the passage.","sentences, decisions, language","$0.40","Thu May 28 05:56:31 PDT 2020","352","BatchId:4057275;OriginalHitTemplateId:920937340;","7200","259200","Thu May 28 09:56:31 PDT 2020","","","3YMU66OBIN810ZO86WK6BULZNEIGHO","A3A8W3XWQ2VKOY","Submitted","Thu May 28 08:58:27 PDT 2020","Thu May 28 10:04:52 PDT 2020","Sun May 31 10:04:52 PDT 2020","","","","3985","0% (0/0)","0% (0/0)","0% (0/0)","myuasj3h8tk0qfc1qsom"
"3NZ1E5QA6Z1R75Y8Z6MIX2VU04KB5R","34NBII25NZIOGJLGY73HHZ47TJY2JF","Reading a passage and responding to questions","You will read a short passage about a person, then answer questions related to the passage.","sentences, decisions, language","$0.40","Thu May 28 05:56:31 PDT 2020","352","BatchId:4057275;OriginalHitTemplateId:920937340;","7200","259200","Thu May 28 09:56:31 PDT 2020","","","3YT88D1N08YR8DDSH2GJ5SCIBQJK3Q","AK0685GQJ6ABK","Submitted","Thu May 28 07:24:22 PDT 2020","Thu May 28 07:28:18 PDT 2020","Sun May 31 07:28:18 PDT 2020","","","","236","0% (0/0)","0% (0/0)","0% (0/0)","bvumtgf0jssq1s6sdklm"