"HITId","HITTypeId","Title","Description","Keywords","Reward","CreationTime","MaxAssignments","RequesterAnnotation","AssignmentDurationInSeconds","AutoApprovalDelayInSeconds","Expiration","NumberOfSimilarHITs","LifetimeInSeconds","AssignmentId","WorkerId","AssignmentStatus","AcceptTime","SubmitTime","AutoApprovalTime","ApprovalTime","RejectionTime","RequesterFeedback","WorkTimeInSeconds","LifetimeApprovalRate","Last30DaysApprovalRate","Last7DaysApprovalRate","Answer.surveycode","Approve","Reject"
"3SZYX62S5G045TVIMPA2S09YH5K75A","34NBII25NZIOGJLGY73HHZ47TJY2JF","Reading a passage and responding to questions","You will read a short passage about a person, then answer questions related to the passage.","sentences, decisions, language","$0.40","Sun Jun 21 08:26:59 PDT 2020","115","BatchId:4087305;OriginalHitTemplateId:920937340;","7200","259200","Sun Jun 21 12:26:59 PDT 2020","","","3634BBTX0OUVIU3X1UW9TLM2O6OFIY","A12UADRT0N7MUZ","Submitted","Sun Jun 21 08:43:40 PDT 2020","Sun Jun 21 08:55:11 PDT 2020","Wed Jun 24 08:55:11 PDT 2020","","","","691","0% (0/0)","0% (0/0)","0% (0/0)","rb9v57xam6me51vz6qbr"
"3SZYX62S5G045TVIMPA2S09YH5K75A","34NBII25NZIOGJLGY73HHZ47TJY2JF","Reading a passage and responding to questions","You will read a short passage about a person, then answer questions related to the passage.","sentences, decisions, language","$0.40","Sun Jun 21 08:26:59 PDT 2020","115","BatchId:4087305;OriginalHitTemplateId:920937340;","7200","259200","Sun Jun 21 12:26:59 PDT 2020","","","3TR2532VIPUVUCUSIJE5BGOP8MEJ6F","A13WTEQ06V3B6D","Submitted","Sun Jun 21 09:23:55 PDT 2020","Sun Jun 21 11:09:56 PDT 2020","Wed Jun 24 11:09:56 PDT 2020","","","","6361","0% (0/0)","0% (0/0)","0% (0/0)","z8zk6rmv2yhs45h83beu"
"3SZYX62S5G045TVIMPA2S09YH5K75A","34NBII25NZIOGJLGY73HHZ47TJY2JF","Reading a passage and responding to questions","You will read a short passage about a person, then answer questions related to the passage.","sentences, decisions, language","$0.40","Sun Jun 21 08:26:59 PDT 2020","115","BatchId:4087305;OriginalHitTemplateId:920937340;","7200","259200","Sun Jun 21 12:26:59 PDT 2020","","","3LUY3GC63Z0AKNBVW6OHEQAXCW17PZ","A14KDNZSWDFIE7","Submitted","Sun Jun 21 08:52:55 PDT 2020","Sun Jun 21 09:04:55 PDT 2020","Wed Jun 24 09:04:55 PDT 2020","","","","720","0% (0/0)","0% (0/0)","0% (0/0)","d3zm87nftc22gw0y824z"
"3SZYX62S5G045TVIMPA2S09YH5K75A","34NBII25NZIOGJLGY73HHZ47TJY2JF","Reading a passage and responding to questions","You will read a short passage about a person, then answer questions related to the passage.","sentences, decisions, language","$0.40","Sun Jun 21 08:26:59 PDT 2020","115","BatchId:4087305;OriginalHitTemplateId:920937340;","7200","259200","Sun Jun 21 12:26:59 PDT 2020","","","3YDGXNSEOZUSV8UV8ROZPSVXWKA48R","A159VRVTSJ5SQ1","Submitted","Sun Jun 21 08:40:23 PDT 2020","Sun Jun 21 08:45:06 PDT 2020","Wed Jun 24 08:45:06 PDT 2020","","","","283","0% (0/0)","0% (0/0)","0% (0/0)","w2jt9vb7skg7kbtle9c2"
"3SZYX62S5G045TVIMPA2S09YH5K75A","34NBII25NZIOGJLGY73HHZ47TJY2JF","Reading a passage and responding to questions","You will read a short passage about a person, then answer questions related to the passage.","sentences, decisions, language","$0.40","Sun Jun 21 08:26:59 PDT 2020","115","BatchId:4087305;OriginalHitTemplateId:920937340;","7200","259200","Sun Jun 21 12:26:59 PDT 2020","","","3LPW2N6LKT28PO58PZ8EQCJ0T7VU50","A18DAZUP7NQUQB","Submitted","Sun Jun 21 08:28:22 PDT 2020","Sun Jun 21 08:30:22 PDT 2020","Wed Jun 24 08:30:22 PDT 2020","","","","120","0% (0/0)","0% (0/0)","0% (0/0)","h81xwp5ahctr91sl16j6"
"3SZYX62S5G045TVIMPA2S09YH5K75A","34NBII25NZIOGJLGY73HHZ47TJY2JF","Reading a passage and responding to questions","You will read a short passage about a person, then answer questions related to the passage.","sentences, decisions, language","$0.40","Sun Jun 21 08:26:59 PDT 2020","115","BatchId:4087305;OriginalHitTemplateId:920937340;","7200","259200","Sun Jun 21 12:26:59 PDT 2020","","","3FE7TXL1LINOYYF4Q7MBI4JZ6CZQ2R","A1A5FSAXJPP8KY","Submitted","Sun Jun 21 08:35:00 PDT 2020","Sun Jun 21 10:15:31 PDT 2020","Wed Jun 24 10:15:31 PDT 2020","","","","6031","0% (0/0)","0% (0/0)","0% (0/0)","yqr74etfyrbpnew08pqx"
"3SZYX62S5G045TVIMPA2S09YH5K75A","34NBII25NZIOGJLGY73HHZ47TJY2JF","Reading a passage and responding to questions","You will read a short passage about a person, then answer questions related to the passage.","sentences, decisions, language","$0.40","Sun Jun 21 08:26:59 PDT 2020","115","BatchId:4087305;OriginalHitTemplateId:920937340;","7200","259200","Sun Jun 21 12:26:59 PDT 2020","","","3HRMW88U16QQH9EYJRBGI76FZDW0M8","A1AUQK7SIP4B6N","Submitted","Sun Jun 21 10:37:08 PDT 2020","Sun Jun 21 11:15:23 PDT 2020","Wed Jun 24 11:15:23 PDT 2020","","","","2295","0% (0/0)","0% (0/0)","0% (0/0)","kt0q20mad5yq62k70gqx"
"3SZYX62S5G045TVIMPA2S09YH5K75A","34NBII25NZIOGJLGY73HHZ47TJY2JF","Reading a passage and responding to questions","You will read a short passage about a person, then answer questions related to the passage.","sentences, decisions, language","$0.40","Sun Jun 21 08:26:59 PDT 2020","115","BatchId:4087305;OriginalHitTemplateId:920937340;","7200","259200","Sun Jun 21 12:26:59 PDT 2020","","","3U4J9857OEB8GTALD16GJ658VSKB7G","A1B14CS9DW7008","Submitted","Sun Jun 21 08:27:10 PDT 2020","Sun Jun 21 09:18:34 PDT 2020","Wed Jun 24 09:18:34 PDT 2020","","","","3084","0% (0/0)","0% (0/0)","0% (0/0)","altctb8s7parxcbl2mlp"
"3SZYX62S5G045TVIMPA2S09YH5K75A","34NBII25NZIOGJLGY73HHZ47TJY2JF","Reading a passage and responding to questions","You will read a short passage about a person, then answer questions related to the passage.","sentences, decisions, language","$0.40","Sun Jun 21 08:26:59 PDT 2020","115","BatchId:4087305;OriginalHitTemplateId:920937340;","7200","259200","Sun Jun 21 12:26:59 PDT 2020","","","3GM6G9ZBKNXRXIBPHTZQ2I8KWOETMY","A1EYZMB3YBRENX","Submitted","Sun Jun 21 08:27:19 PDT 2020","Sun Jun 21 08:34:39 PDT 2020","Wed Jun 24 08:34:39 PDT 2020","","","","440","0% (0/0)","0% (0/0)","0% (0/0)","6d5343nafs8pjdu11wua"
"3SZYX62S5G045TVIMPA2S09YH5K75A","34NBII25NZIOGJLGY73HHZ47TJY2JF","Reading a passage and responding to questions","You will read a short passage about a person, then answer questions related to the passage.","sentences, decisions, language","$0.40","Sun Jun 21 08:26:59 PDT 2020","115","BatchId:4087305;OriginalHitTemplateId:920937340;","7200","259200","Sun Jun 21 12:26:59 PDT 2020","","","36WLNQG78ZATP8PV09KMPGXPHFOBE2","A1GK7IIG3ZPOKJ","Submitted","Sun Jun 21 08:27:50 PDT 2020","Sun Jun 21 08:31:17 PDT 2020","Wed Jun 24 08:31:17 PDT 2020","","","","207","0% (0/0)","0% (0/0)","0% (0/0)","tnjf5j1sk6uxm00yh7tm"
"3SZYX62S5G045TVIMPA2S09YH5K75A","34NBII25NZIOGJLGY73HHZ47TJY2JF","Reading a passage and responding to questions","You will read a short passage about a person, then answer questions related to the passage.","sentences, decisions, language","$0.40","Sun Jun 21 08:26:59 PDT 2020","115","BatchId:4087305;OriginalHitTemplateId:920937340;","7200","259200","Sun Jun 21 12:26:59 PDT 2020","","","3VA45EW49NNEO1KSSQUTOGEUZ531OD","A1HRPVRIJJQ9GB","Submitted","Sun Jun 21 08:28:22 PDT 2020","Sun Jun 21 08:42:47 PDT 2020","Wed Jun 24 08:42:47 PDT 2020","","","","865","0% (0/0)","0% (0/0)","0% (0/0)","ykpong9wj28zjltmjhyt"
"3SZYX62S5G045TVIMPA2S09YH5K75A","34NBII25NZIOGJLGY73HHZ47TJY2JF","Reading a passage and responding to questions","You will read a short passage about a person, then answer questions related to the passage.","sentences, decisions, language","$0.40","Sun Jun 21 08:26:59 PDT 2020","115","BatchId:4087305;OriginalHitTemplateId:920937340;","7200","259200","Sun Jun 21 12:26:59 PDT 2020","","","3KKG4CDWKIYS9DD5DJUDPOQ8GQR94K","A1JB22D582AOZG","Submitted","Sun Jun 21 08:28:44 PDT 2020","Sun Jun 21 09:20:56 PDT 2020","Wed Jun 24 09:20:56 PDT 2020","","","","3132","0% (0/0)","0% (0/0)","0% (0/0)","thcsypg6wj6l12wnqjov"
"3SZYX62S5G045TVIMPA2S09YH5K75A","34NBII25NZIOGJLGY73HHZ47TJY2JF","Reading a passage and responding to questions","You will read a short passage about a person, then answer questions related to the passage.","sentences, decisions, language","$0.40","Sun Jun 21 08:26:59 PDT 2020","115","BatchId:4087305;OriginalHitTemplateId:920937340;","7200","259200","Sun Jun 21 12:26:59 PDT 2020","","","34HJIJKLP5WQ6KQ8GKZ9H6F57IC4VX","A1KLEFLVIXWD9O","Submitted","Sun Jun 21 08:52:12 PDT 2020","Sun Jun 21 08:56:26 PDT 2020","Wed Jun 24 08:56:26 PDT 2020","","","","254","0% (0/0)","0% (0/0)","0% (0/0)","3803qkje76f2se10opnp"
"3SZYX62S5G045TVIMPA2S09YH5K75A","34NBII25NZIOGJLGY73HHZ47TJY2JF","Reading a passage and responding to questions","You will read a short passage about a person, then answer questions related to the passage.","sentences, decisions, language","$0.40","Sun Jun 21 08:26:59 PDT 2020","115","BatchId:4087305;OriginalHitTemplateId:920937340;","7200","259200","Sun Jun 21 12:26:59 PDT 2020","","","3VHHR074H3HKT2WX4EVAX91D7MZ7L0","A1QLXSYFXBYUZV","Submitted","Sun Jun 21 08:41:58 PDT 2020","Sun Jun 21 08:45:54 PDT 2020","Wed Jun 24 08:45:54 PDT 2020","","","","236","0% (0/0)","0% (0/0)","0% (0/0)","rw08sw44175joed415fe"
"3SZYX62S5G045TVIMPA2S09YH5K75A","34NBII25NZIOGJLGY73HHZ47TJY2JF","Reading a passage and responding to questions","You will read a short passage about a person, then answer questions related to the passage.","sentences, decisions, language","$0.40","Sun Jun 21 08:26:59 PDT 2020","115","BatchId:4087305;OriginalHitTemplateId:920937340;","7200","259200","Sun Jun 21 12:26:59 PDT 2020","","","3W2LOLRXLBFJRFYUSSHFNQFYJYPKRA","A1QY2A4YITXG6J","Submitted","Sun Jun 21 08:55:05 PDT 2020","Sun Jun 21 09:02:53 PDT 2020","Wed Jun 24 09:02:53 PDT 2020","","","","468","0% (0/0)","0% (0/0)","0% (0/0)","7du3puz6vvf8mdatzkrb"
"3SZYX62S5G045TVIMPA2S09YH5K75A","34NBII25NZIOGJLGY73HHZ47TJY2JF","Reading a passage and responding to questions","You will read a short passage about a person, then answer questions related to the passage.","sentences, decisions, language","$0.40","Sun Jun 21 08:26:59 PDT 2020","115","BatchId:4087305;OriginalHitTemplateId:920937340;","7200","259200","Sun Jun 21 12:26:59 PDT 2020","","","3IQ1VMJRYTK7B2TMMK442RC880NA9W","A1R8F6P48DPD9E","Submitted","Sun Jun 21 08:31:34 PDT 2020","Sun Jun 21 08:47:39 PDT 2020","Wed Jun 24 08:47:39 PDT 2020","","","","965","0% (0/0)","0% (0/0)","0% (0/0)","q546b5vb9naacc7z1f37"
"3SZYX62S5G045TVIMPA2S09YH5K75A","34NBII25NZIOGJLGY73HHZ47TJY2JF","Reading a passage and responding to questions","You will read a short passage about a person, then answer questions related to the passage.","sentences, decisions, language","$0.40","Sun Jun 21 08:26:59 PDT 2020","115","BatchId:4087305;OriginalHitTemplateId:920937340;","7200","259200","Sun Jun 21 12:26:59 PDT 2020","","","3AAJC4I4FGSXIME3KOBG8EHKDQ6JZ1","A1T643M1P572AA","Submitted","Sun Jun 21 08:30:42 PDT 2020","Sun Jun 21 09:21:59 PDT 2020","Wed Jun 24 09:21:59 PDT 2020","","","","3077","0% (0/0)","0% (0/0)","0% (0/0)","tov3xee6brc8e2tcf7ta"
"3SZYX62S5G045TVIMPA2S09YH5K75A","34NBII25NZIOGJLGY73HHZ47TJY2JF","Reading a passage and responding to questions","You will read a short passage about a person, then answer questions related to the passage.","sentences, decisions, language","$0.40","Sun Jun 21 08:26:59 PDT 2020","115","BatchId:4087305;OriginalHitTemplateId:920937340;","7200","259200","Sun Jun 21 12:26:59 PDT 2020","","","3SNVL38CI4SFLD9BAVRKYVGCJXKCKU","A1UBGREOTBYL1U","Submitted","Sun Jun 21 08:32:01 PDT 2020","Sun Jun 21 09:10:58 PDT 2020","Wed Jun 24 09:10:58 PDT 2020","","","","2337","0% (0/0)","0% (0/0)","0% (0/0)","0wjke16fv49m4accullo"
"3SZYX62S5G045TVIMPA2S09YH5K75A","34NBII25NZIOGJLGY73HHZ47TJY2JF","Reading a passage and responding to questions","You will read a short passage about a person, then answer questions related to the passage.","sentences, decisions, language","$0.40","Sun Jun 21 08:26:59 PDT 2020","115","BatchId:4087305;OriginalHitTemplateId:920937340;","7200","259200","Sun Jun 21 12:26:59 PDT 2020","","","32Q90QCQ1SLUIBTP6MXFOJGF490EKS","A1VCA6CPH044Q7","Submitted","Sun Jun 21 09:00:38 PDT 2020","Sun Jun 21 09:10:54 PDT 2020","Wed Jun 24 09:10:54 PDT 2020","","","","616","0% (0/0)","0% (0/0)","0% (0/0)","7cnxxst0rov74reu3gam"
"3SZYX62S5G045TVIMPA2S09YH5K75A","34NBII25NZIOGJLGY73HHZ47TJY2JF","Reading a passage and responding to questions","You will read a short passage about a person, then answer questions related to the passage.","sentences, decisions, language","$0.40","Sun Jun 21 08:26:59 PDT 2020","115","BatchId:4087305;OriginalHitTemplateId:920937340;","7200","259200","Sun Jun 21 12:26:59 PDT 2020","","","3CCZ6YKWR7JA5WH5RODNUGWMGMO59N","A1VWF61LK9NIFE","Submitted","Sun Jun 21 08:52:51 PDT 2020","Sun Jun 21 09:21:18 PDT 2020","Wed Jun 24 09:21:18 PDT 2020","","","","1707","0% (0/0)","0% (0/0)","0% (0/0)","fjanulw3j4m4en2e3yqc"
"3SZYX62S5G045TVIMPA2S09YH5K75A","34NBII25NZIOGJLGY73HHZ47TJY2JF","Reading a passage and responding to questions","You will read a short passage about a person, then answer questions related to the passage.","sentences, decisions, language","$0.40","Sun Jun 21 08:26:59 PDT 2020","115","BatchId:4087305;OriginalHitTemplateId:920937340;","7200","259200","Sun Jun 21 12:26:59 PDT 2020","","","3B2X28YI3WFPCTWGUR1ODS5C0H0B6H","A1YB3VSEWN5VYM","Submitted","Sun Jun 21 08:27:09 PDT 2020","Sun Jun 21 08:30:47 PDT 2020","Wed Jun 24 08:30:47 PDT 2020","","","","218","0% (0/0)","0% (0/0)","0% (0/0)","w0lcfhnqxpmnue6x7vsy"
"3SZYX62S5G045TVIMPA2S09YH5K75A","34NBII25NZIOGJLGY73HHZ47TJY2JF","Reading a passage and responding to questions","You will read a short passage about a person, then answer questions related to the passage.","sentences, decisions, language","$0.40","Sun Jun 21 08:26:59 PDT 2020","115","BatchId:4087305;OriginalHitTemplateId:920937340;","7200","259200","Sun Jun 21 12:26:59 PDT 2020","","","3GLB5JMZFXVKOJJ6K01GK961XGKGD0","A1YFVXP4A1CXSF","Submitted","Sun Jun 21 09:23:02 PDT 2020","Sun Jun 21 10:33:40 PDT 2020","Wed Jun 24 10:33:40 PDT 2020","","","","4238","0% (0/0)","0% (0/0)","0% (0/0)","3pwm6n6rwhoa8dwxzmmv"
"3SZYX62S5G045TVIMPA2S09YH5K75A","34NBII25NZIOGJLGY73HHZ47TJY2JF","Reading a passage and responding to questions","You will read a short passage about a person, then answer questions related to the passage.","sentences, decisions, language","$0.40","Sun Jun 21 08:26:59 PDT 2020","115","BatchId:4087305;OriginalHitTemplateId:920937340;","7200","259200","Sun Jun 21 12:26:59 PDT 2020","","","3GNCZX450INS3P9T3901OHCND46PA7","A1Z5KUX856V64N","Submitted","Sun Jun 21 08:43:13 PDT 2020","Sun Jun 21 08:47:40 PDT 2020","Wed Jun 24 08:47:40 PDT 2020","","","","267","0% (0/0)","0% (0/0)","0% (0/0)","m44bzdm61kkeglx5k24b"
"3SZYX62S5G045TVIMPA2S09YH5K75A","34NBII25NZIOGJLGY73HHZ47TJY2JF","Reading a passage and responding to questions","You will read a short passage about a person, then answer questions related to the passage.","sentences, decisions, language","$0.40","Sun Jun 21 08:26:59 PDT 2020","115","BatchId:4087305;OriginalHitTemplateId:920937340;","7200","259200","Sun Jun 21 12:26:59 PDT 2020","","","374TNBHA8BVEZJ8BJST6R8K4LRWQYA","A1ZSB6JFJVRM68","Submitted","Sun Jun 21 08:58:14 PDT 2020","Sun Jun 21 09:14:07 PDT 2020","Wed Jun 24 09:14:07 PDT 2020","","","","953","0% (0/0)","0% (0/0)","0% (0/0)","zwk8gw6vjr7zvgyg7mo"
"3SZYX62S5G045TVIMPA2S09YH5K75A","34NBII25NZIOGJLGY73HHZ47TJY2JF","Reading a passage and responding to questions","You will read a short passage about a person, then answer questions related to the passage.","sentences, decisions, language","$0.40","Sun Jun 21 08:26:59 PDT 2020","115","BatchId:4087305;OriginalHitTemplateId:920937340;","7200","259200","Sun Jun 21 12:26:59 PDT 2020","","","3SKRO2GZ71RVYAZDUY20HZXLF0T1KT","A20KON06QRDSB0","Submitted","Sun Jun 21 08:27:48 PDT 2020","Sun Jun 21 08:36:30 PDT 2020","Wed Jun 24 08:36:30 PDT 2020","","","","522","0% (0/0)","0% (0/0)","0% (0/0)","c4f16xok0uc8762jk2ft"
"3SZYX62S5G045TVIMPA2S09YH5K75A","34NBII25NZIOGJLGY73HHZ47TJY2JF","Reading a passage and responding to questions","You will read a short passage about a person, then answer questions related to the passage.","sentences, decisions, language","$0.40","Sun Jun 21 08:26:59 PDT 2020","115","BatchId:4087305;OriginalHitTemplateId:920937340;","7200","259200","Sun Jun 21 12:26:59 PDT 2020","","","36WLNQG78ZATP8PV09KMPGXPHFUBE8","A20LMH9PFMJK5P","Submitted","Sun Jun 21 09:31:24 PDT 2020","Sun Jun 21 09:35:01 PDT 2020","Wed Jun 24 09:35:01 PDT 2020","","","","217","0% (0/0)","0% (0/0)","0% (0/0)","kxwnnu2o08eboexdua6d"
"3SZYX62S5G045TVIMPA2S09YH5K75A","34NBII25NZIOGJLGY73HHZ47TJY2JF","Reading a passage and responding to questions","You will read a short passage about a person, then answer questions related to the passage.","sentences, decisions, language","$0.40","Sun Jun 21 08:26:59 PDT 2020","115","BatchId:4087305;OriginalHitTemplateId:920937340;","7200","259200","Sun Jun 21 12:26:59 PDT 2020","","","320DUZ38G7MXR5JYUWNRN71E20CGJ9","A21DFDITLX40Q3","Submitted","Sun Jun 21 08:27:37 PDT 2020","Sun Jun 21 08:31:40 PDT 2020","Wed Jun 24 08:31:40 PDT 2020","","","","243","0% (0/0)","0% (0/0)","0% (0/0)","89jd3w655ts1g2nntff9"
"3SZYX62S5G045TVIMPA2S09YH5K75A","34NBII25NZIOGJLGY73HHZ47TJY2JF","Reading a passage and responding to questions","You will read a short passage about a person, then answer questions related to the passage.","sentences, decisions, language","$0.40","Sun Jun 21 08:26:59 PDT 2020","115","BatchId:4087305;OriginalHitTemplateId:920937340;","7200","259200","Sun Jun 21 12:26:59 PDT 2020","","","3Z4AIRP3C6D1IAYKTHHP7T5NB981XI","A21EL5W6BYR0ZB","Submitted","Sun Jun 21 08:28:49 PDT 2020","Sun Jun 21 08:47:59 PDT 2020","Wed Jun 24 08:47:59 PDT 2020","","","","1150","0% (0/0)","0% (0/0)","0% (0/0)","qo98ymwby3180rm1p3yg"
"3SZYX62S5G045TVIMPA2S09YH5K75A","34NBII25NZIOGJLGY73HHZ47TJY2JF","Reading a passage and responding to questions","You will read a short passage about a person, then answer questions related to the passage.","sentences, decisions, language","$0.40","Sun Jun 21 08:26:59 PDT 2020","115","BatchId:4087305;OriginalHitTemplateId:920937340;","7200","259200","Sun Jun 21 12:26:59 PDT 2020","","","3EJPLAJKEMGLURZW05HRZACFRKM6ZI","A22M40G9P4ON6K","Submitted","Sun Jun 21 08:29:20 PDT 2020","Sun Jun 21 08:38:46 PDT 2020","Wed Jun 24 08:38:46 PDT 2020","","","","566","0% (0/0)","0% (0/0)","0% (0/0)","go150fleecyrdn3e44f0"
"3SZYX62S5G045TVIMPA2S09YH5K75A","34NBII25NZIOGJLGY73HHZ47TJY2JF","Reading a passage and responding to questions","You will read a short passage about a person, then answer questions related to the passage.","sentences, decisions, language","$0.40","Sun Jun 21 08:26:59 PDT 2020","115","BatchId:4087305;OriginalHitTemplateId:920937340;","7200","259200","Sun Jun 21 12:26:59 PDT 2020","","","39LNWE0K4UWK1C0NWJR8FLN5YT2UIB","A22VEV2I27MH09","Submitted","Sun Jun 21 08:33:50 PDT 2020","Sun Jun 21 08:39:45 PDT 2020","Wed Jun 24 08:39:45 PDT 2020","","","","355","0% (0/0)","0% (0/0)","0% (0/0)","gr90hjq2rnmatoht281e"
"3SZYX62S5G045TVIMPA2S09YH5K75A","34NBII25NZIOGJLGY73HHZ47TJY2JF","Reading a passage and responding to questions","You will read a short passage about a person, then answer questions related to the passage.","sentences, decisions, language","$0.40","Sun Jun 21 08:26:59 PDT 2020","115","BatchId:4087305;OriginalHitTemplateId:920937340;","7200","259200","Sun Jun 21 12:26:59 PDT 2020","","","3V0Z7YWSIY0G36BLC6GLORI7N4EV2Q","A231OPNMDB0I3Z","Submitted","Sun Jun 21 08:35:24 PDT 2020","Sun Jun 21 08:40:28 PDT 2020","Wed Jun 24 08:40:28 PDT 2020","","","","304","0% (0/0)","0% (0/0)","0% (0/0)","01ym2cgt7crx98oac7lx"
"3SZYX62S5G045TVIMPA2S09YH5K75A","34NBII25NZIOGJLGY73HHZ47TJY2JF","Reading a passage and responding to questions","You will read a short passage about a person, then answer questions related to the passage.","sentences, decisions, language","$0.40","Sun Jun 21 08:26:59 PDT 2020","115","BatchId:4087305;OriginalHitTemplateId:920937340;","7200","259200","Sun Jun 21 12:26:59 PDT 2020","","","3RXCAC0YIRP87ONF3SQ0YHS0MPY8GX","A23J0BNIK7TB1N","Submitted","Sun Jun 21 10:50:40 PDT 2020","Sun Jun 21 10:55:38 PDT 2020","Wed Jun 24 10:55:38 PDT 2020","","","","298","0% (0/0)","0% (0/0)","0% (0/0)","nzrn5as9sg7xjpg1bnrx"
"3SZYX62S5G045TVIMPA2S09YH5K75A","34NBII25NZIOGJLGY73HHZ47TJY2JF","Reading a passage and responding to questions","You will read a short passage about a person, then answer questions related to the passage.","sentences, decisions, language","$0.40","Sun Jun 21 08:26:59 PDT 2020","115","BatchId:4087305;OriginalHitTemplateId:920937340;","7200","259200","Sun Jun 21 12:26:59 PDT 2020","","","3BF51CHDTVA4PVDNSUV3Q2YJIRJH02","A25V11YM9D5N6C","Submitted","Sun Jun 21 08:29:22 PDT 2020","Sun Jun 21 08:31:59 PDT 2020","Wed Jun 24 08:31:59 PDT 2020","","","","157","0% (0/0)","0% (0/0)","0% (0/0)","1d481o1zuq7ly0s2vkzs"
"3SZYX62S5G045TVIMPA2S09YH5K75A","34NBII25NZIOGJLGY73HHZ47TJY2JF","Reading a passage and responding to questions","You will read a short passage about a person, then answer questions related to the passage.","sentences, decisions, language","$0.40","Sun Jun 21 08:26:59 PDT 2020","115","BatchId:4087305;OriginalHitTemplateId:920937340;","7200","259200","Sun Jun 21 12:26:59 PDT 2020","","","3Z4XG4ZF48RJTAI5S2Q4M3SVPFEX8Y","A25ZOL1H79DW0P","Submitted","Sun Jun 21 08:33:44 PDT 2020","Sun Jun 21 10:19:01 PDT 2020","Wed Jun 24 10:19:01 PDT 2020","","","","6317","0% (0/0)","0% (0/0)","0% (0/0)","uy1u72mohjxf2rh6z4bo"
"3SZYX62S5G045TVIMPA2S09YH5K75A","34NBII25NZIOGJLGY73HHZ47TJY2JF","Reading a passage and responding to questions","You will read a short passage about a person, then answer questions related to the passage.","sentences, decisions, language","$0.40","Sun Jun 21 08:26:59 PDT 2020","115","BatchId:4087305;OriginalHitTemplateId:920937340;","7200","259200","Sun Jun 21 12:26:59 PDT 2020","","","34BBWHLWHABXTGPSRJ69X982J9CWIB","A26U5O1OLO5BRC","Submitted","Sun Jun 21 08:27:54 PDT 2020","Sun Jun 21 08:33:23 PDT 2020","Wed Jun 24 08:33:23 PDT 2020","","","","329","0% (0/0)","0% (0/0)","0% (0/0)","5bwjcw0uyn453ehpz4j3"
"3SZYX62S5G045TVIMPA2S09YH5K75A","34NBII25NZIOGJLGY73HHZ47TJY2JF","Reading a passage and responding to questions","You will read a short passage about a person, then answer questions related to the passage.","sentences, decisions, language","$0.40","Sun Jun 21 08:26:59 PDT 2020","115","BatchId:4087305;OriginalHitTemplateId:920937340;","7200","259200","Sun Jun 21 12:26:59 PDT 2020","","","3MTMREQS4VIINY6UFVEWGBKJ617WA7","A27BHP81W1CHG2","Submitted","Sun Jun 21 08:27:33 PDT 2020","Sun Jun 21 10:03:36 PDT 2020","Wed Jun 24 10:03:36 PDT 2020","","","","5763","0% (0/0)","0% (0/0)","0% (0/0)","pywwchrj8dejhsw55nas"
"3SZYX62S5G045TVIMPA2S09YH5K75A","34NBII25NZIOGJLGY73HHZ47TJY2JF","Reading a passage and responding to questions","You will read a short passage about a person, then answer questions related to the passage.","sentences, decisions, language","$0.40","Sun Jun 21 08:26:59 PDT 2020","115","BatchId:4087305;OriginalHitTemplateId:920937340;","7200","259200","Sun Jun 21 12:26:59 PDT 2020","","","3HYA4D452RJR79PVCRBH65FLZAQF2M","A28OOINTGNY8F","Submitted","Sun Jun 21 08:30:58 PDT 2020","Sun Jun 21 08:37:10 PDT 2020","Wed Jun 24 08:37:10 PDT 2020","","","","372","0% (0/0)","0% (0/0)","0% (0/0)","31kdpwm8xcoq05k0wflu"
"3SZYX62S5G045TVIMPA2S09YH5K75A","34NBII25NZIOGJLGY73HHZ47TJY2JF","Reading a passage and responding to questions","You will read a short passage about a person, then answer questions related to the passage.","sentences, decisions, language","$0.40","Sun Jun 21 08:26:59 PDT 2020","115","BatchId:4087305;OriginalHitTemplateId:920937340;","7200","259200","Sun Jun 21 12:26:59 PDT 2020","","","3WETL7AQWT8OQUSPAFCD33T0GUE354","A2BSPNEWD1WZ4E","Submitted","Sun Jun 21 08:47:50 PDT 2020","Sun Jun 21 08:47:58 PDT 2020","Wed Jun 24 08:47:58 PDT 2020","","","","8","0% (0/0)","0% (0/0)","0% (0/0)","xeggn414o59q4o34lk0c"
"3SZYX62S5G045TVIMPA2S09YH5K75A","34NBII25NZIOGJLGY73HHZ47TJY2JF","Reading a passage and responding to questions","You will read a short passage about a person, then answer questions related to the passage.","sentences, decisions, language","$0.40","Sun Jun 21 08:26:59 PDT 2020","115","BatchId:4087305;OriginalHitTemplateId:920937340;","7200","259200","Sun Jun 21 12:26:59 PDT 2020","","","3C5W7UE9CFQYEZK9M30NRLTQ9K3MXB","A2C0EUH9LPFA0X","Submitted","Sun Jun 21 08:32:15 PDT 2020","Sun Jun 21 08:37:40 PDT 2020","Wed Jun 24 08:37:40 PDT 2020","","","","325","0% (0/0)","0% (0/0)","0% (0/0)","3bs707gpsoory44bpvjo"
"3SZYX62S5G045TVIMPA2S09YH5K75A","34NBII25NZIOGJLGY73HHZ47TJY2JF","Reading a passage and responding to questions","You will read a short passage about a person, then answer questions related to the passage.","sentences, decisions, language","$0.40","Sun Jun 21 08:26:59 PDT 2020","115","BatchId:4087305;OriginalHitTemplateId:920937340;","7200","259200","Sun Jun 21 12:26:59 PDT 2020","","","3QY7M81QH7M99WEFJEJ9I9OYIMVK7B","A2CSLEVPU3M1KK","Submitted","Sun Jun 21 08:54:09 PDT 2020","Sun Jun 21 09:02:48 PDT 2020","Wed Jun 24 09:02:48 PDT 2020","","","","519","0% (0/0)","0% (0/0)","0% (0/0)","tu5dt2zdaypousehlh0p"
"3SZYX62S5G045TVIMPA2S09YH5K75A","34NBII25NZIOGJLGY73HHZ47TJY2JF","Reading a passage and responding to questions","You will read a short passage about a person, then answer questions related to the passage.","sentences, decisions, language","$0.40","Sun Jun 21 08:26:59 PDT 2020","115","BatchId:4087305;OriginalHitTemplateId:920937340;","7200","259200","Sun Jun 21 12:26:59 PDT 2020","","","3L4PIM1GQTGEBKNBW7I6WYU9HD2RYG","A2DAZ0CJ3VKS80","Submitted","Sun Jun 21 09:36:04 PDT 2020","Sun Jun 21 10:29:40 PDT 2020","Wed Jun 24 10:29:40 PDT 2020","","","","3216","0% (0/0)","0% (0/0)","0% (0/0)","pzypvfzlyq993zze99wo"
"3SZYX62S5G045TVIMPA2S09YH5K75A","34NBII25NZIOGJLGY73HHZ47TJY2JF","Reading a passage and responding to questions","You will read a short passage about a person, then answer questions related to the passage.","sentences, decisions, language","$0.40","Sun Jun 21 08:26:59 PDT 2020","115","BatchId:4087305;OriginalHitTemplateId:920937340;","7200","259200","Sun Jun 21 12:26:59 PDT 2020","","","3YJ6NA41JBG34ICXXFDEHGF63R3JPK","A2DF98Q6L5WTGT","Submitted","Sun Jun 21 09:09:14 PDT 2020","Sun Jun 21 09:26:17 PDT 2020","Wed Jun 24 09:26:17 PDT 2020","","","","1023","0% (0/0)","0% (0/0)","0% (0/0)","mvlswfdkwma47cyxo0h3"
"3SZYX62S5G045TVIMPA2S09YH5K75A","34NBII25NZIOGJLGY73HHZ47TJY2JF","Reading a passage and responding to questions","You will read a short passage about a person, then answer questions related to the passage.","sentences, decisions, language","$0.40","Sun Jun 21 08:26:59 PDT 2020","115","BatchId:4087305;OriginalHitTemplateId:920937340;","7200","259200","Sun Jun 21 12:26:59 PDT 2020","","","3RWE2M8QWHAWZRZYVSQGVMVF43SN0H","A2DN5TFGL4M8S3","Submitted","Sun Jun 21 08:37:04 PDT 2020","Sun Jun 21 08:46:54 PDT 2020","Wed Jun 24 08:46:54 PDT 2020","","","","590","0% (0/0)","0% (0/0)","0% (0/0)","1ycfmjp63153pdpxn7nb"
"3SZYX62S5G045TVIMPA2S09YH5K75A","34NBII25NZIOGJLGY73HHZ47TJY2JF","Reading a passage and responding to questions","You will read a short passage about a person, then answer questions related to the passage.","sentences, decisions, language","$0.40","Sun Jun 21 08:26:59 PDT 2020","115","BatchId:4087305;OriginalHitTemplateId:920937340;","7200","259200","Sun Jun 21 12:26:59 PDT 2020","","","3JRJSWSMQHLOMDLILG5G7XZDTNB3E3","A2EREBPKH3IXJG","Submitted","Sun Jun 21 08:27:23 PDT 2020","Sun Jun 21 08:33:36 PDT 2020","Wed Jun 24 08:33:36 PDT 2020","","","","373","0% (0/0)","0% (0/0)","0% (0/0)","k6fjrhoj9d77e00bfwae"
"3SZYX62S5G045TVIMPA2S09YH5K75A","34NBII25NZIOGJLGY73HHZ47TJY2JF","Reading a passage and responding to questions","You will read a short passage about a person, then answer questions related to the passage.","sentences, decisions, language","$0.40","Sun Jun 21 08:26:59 PDT 2020","115","BatchId:4087305;OriginalHitTemplateId:920937340;","7200","259200","Sun Jun 21 12:26:59 PDT 2020","","","36PW28KO4ZWO6YK3UVKQU5DJZX8EAF","A2G7F8S617H0BB","Submitted","Sun Jun 21 09:16:54 PDT 2020","Sun Jun 21 09:25:20 PDT 2020","Wed Jun 24 09:25:20 PDT 2020","","","","506","0% (0/0)","0% (0/0)","0% (0/0)","zty1efoxvdkv4z21ddk8"
"3SZYX62S5G045TVIMPA2S09YH5K75A","34NBII25NZIOGJLGY73HHZ47TJY2JF","Reading a passage and responding to questions","You will read a short passage about a person, then answer questions related to the passage.","sentences, decisions, language","$0.40","Sun Jun 21 08:26:59 PDT 2020","115","BatchId:4087305;OriginalHitTemplateId:920937340;","7200","259200","Sun Jun 21 12:26:59 PDT 2020","","","30IQTZXKAK61BLD2XYDPTOMD6H1X0A","A2J84AUK1GVTEA","Submitted","Sun Jun 21 08:29:28 PDT 2020","Sun Jun 21 08:33:07 PDT 2020","Wed Jun 24 08:33:07 PDT 2020","","","","219","0% (0/0)","0% (0/0)","0% (0/0)","tmhxllp4yqdo0f3p3tz5"
"3SZYX62S5G045TVIMPA2S09YH5K75A","34NBII25NZIOGJLGY73HHZ47TJY2JF","Reading a passage and responding to questions","You will read a short passage about a person, then answer questions related to the passage.","sentences, decisions, language","$0.40","Sun Jun 21 08:26:59 PDT 2020","115","BatchId:4087305;OriginalHitTemplateId:920937340;","7200","259200","Sun Jun 21 12:26:59 PDT 2020","","","33LKR6A5KEKU1TP0O7GSIQKHYDK1TZ","A2KRJIW55SOYTK","Submitted","Sun Jun 21 08:28:40 PDT 2020","Sun Jun 21 09:00:07 PDT 2020","Wed Jun 24 09:00:07 PDT 2020","","","","1887","0% (0/0)","0% (0/0)","0% (0/0)","h5rcahqlpc1tqpuvamrd"
"3SZYX62S5G045TVIMPA2S09YH5K75A","34NBII25NZIOGJLGY73HHZ47TJY2JF","Reading a passage and responding to questions","You will read a short passage about a person, then answer questions related to the passage.","sentences, decisions, language","$0.40","Sun Jun 21 08:26:59 PDT 2020","115","BatchId:4087305;OriginalHitTemplateId:920937340;","7200","259200","Sun Jun 21 12:26:59 PDT 2020","","","3CPLWGV3MOZEVLNBVO99OXW877NN9U","A2QS5SX778WCQT","Submitted","Sun Jun 21 08:43:51 PDT 2020","Sun Jun 21 08:49:51 PDT 2020","Wed Jun 24 08:49:51 PDT 2020","","","","360","0% (0/0)","0% (0/0)","0% (0/0)","czz9a1jezn9n4zrb0b15"
"3SZYX62S5G045TVIMPA2S09YH5K75A","34NBII25NZIOGJLGY73HHZ47TJY2JF","Reading a passage and responding to questions","You will read a short passage about a person, then answer questions related to the passage.","sentences, decisions, language","$0.40","Sun Jun 21 08:26:59 PDT 2020","115","BatchId:4087305;OriginalHitTemplateId:920937340;","7200","259200","Sun Jun 21 12:26:59 PDT 2020","","","3TPWUS5F8916GD3SZ9ANM6A764TCWQ","A2RALGOFOSKBZ5","Submitted","Sun Jun 21 08:32:45 PDT 2020","Sun Jun 21 09:18:47 PDT 2020","Wed Jun 24 09:18:47 PDT 2020","","","","2762","0% (0/0)","0% (0/0)","0% (0/0)","hw6hgbdmc9lngnnva12d"
"3SZYX62S5G045TVIMPA2S09YH5K75A","34NBII25NZIOGJLGY73HHZ47TJY2JF","Reading a passage and responding to questions","You will read a short passage about a person, then answer questions related to the passage.","sentences, decisions, language","$0.40","Sun Jun 21 08:26:59 PDT 2020","115","BatchId:4087305;OriginalHitTemplateId:920937340;","7200","259200","Sun Jun 21 12:26:59 PDT 2020","","","3TR2532VIPUVUCUSIJE5BGOP8M96JX","A2S3MMTULJT6R4","Submitted","Sun Jun 21 08:27:48 PDT 2020","Sun Jun 21 08:30:45 PDT 2020","Wed Jun 24 08:30:45 PDT 2020","","","","177","0% (0/0)","0% (0/0)","0% (0/0)","z9samersxhz1kdr2jcac"
"3SZYX62S5G045TVIMPA2S09YH5K75A","34NBII25NZIOGJLGY73HHZ47TJY2JF","Reading a passage and responding to questions","You will read a short passage about a person, then answer questions related to the passage.","sentences, decisions, language","$0.40","Sun Jun 21 08:26:59 PDT 2020","115","BatchId:4087305;OriginalHitTemplateId:920937340;","7200","259200","Sun Jun 21 12:26:59 PDT 2020","","","30OG32W0SUBVQHES3ZPVGBXJY4HNEI","A2T6VRFR1AAKKV","Submitted","Sun Jun 21 10:47:41 PDT 2020","Sun Jun 21 10:55:54 PDT 2020","Wed Jun 24 10:55:54 PDT 2020","","","","493","0% (0/0)","0% (0/0)","0% (0/0)","rwd04y929uz6rnlf8q1l"
"3SZYX62S5G045TVIMPA2S09YH5K75A","34NBII25NZIOGJLGY73HHZ47TJY2JF","Reading a passage and responding to questions","You will read a short passage about a person, then answer questions related to the passage.","sentences, decisions, language","$0.40","Sun Jun 21 08:26:59 PDT 2020","115","BatchId:4087305;OriginalHitTemplateId:920937340;","7200","259200","Sun Jun 21 12:26:59 PDT 2020","","","33LK57MYLT5QHPXT7IKU0F8799IZSW","A2V3P1XE33NYC3","Submitted","Sun Jun 21 08:27:43 PDT 2020","Sun Jun 21 08:31:40 PDT 2020","Wed Jun 24 08:31:40 PDT 2020","","","","237","0% (0/0)","0% (0/0)","0% (0/0)","gryrxqq3wut3ytzn3gtb"
"3SZYX62S5G045TVIMPA2S09YH5K75A","34NBII25NZIOGJLGY73HHZ47TJY2JF","Reading a passage and responding to questions","You will read a short passage about a person, then answer questions related to the passage.","sentences, decisions, language","$0.40","Sun Jun 21 08:26:59 PDT 2020","115","BatchId:4087305;OriginalHitTemplateId:920937340;","7200","259200","Sun Jun 21 12:26:59 PDT 2020","","","3S4AW7T80BINAFEE2GX3UXH3GKCL4X","A2VC7AR8YR5TX1","Submitted","Sun Jun 21 09:13:01 PDT 2020","Sun Jun 21 09:21:23 PDT 2020","Wed Jun 24 09:21:23 PDT 2020","","","","502","0% (0/0)","0% (0/0)","0% (0/0)","5pku8bbfqs172f49nphj"
"3SZYX62S5G045TVIMPA2S09YH5K75A","34NBII25NZIOGJLGY73HHZ47TJY2JF","Reading a passage and responding to questions","You will read a short passage about a person, then answer questions related to the passage.","sentences, decisions, language","$0.40","Sun Jun 21 08:26:59 PDT 2020","115","BatchId:4087305;OriginalHitTemplateId:920937340;","7200","259200","Sun Jun 21 12:26:59 PDT 2020","","","32AT8R96GL99VQ3J1VLMJNTS7R6US5","A2Y9QU4WI8391P","Submitted","Sun Jun 21 08:54:39 PDT 2020","Sun Jun 21 09:03:23 PDT 2020","Wed Jun 24 09:03:23 PDT 2020","","","","524","0% (0/0)","0% (0/0)","0% (0/0)","0jz6c4jq0l7x0csa086u"
"3SZYX62S5G045TVIMPA2S09YH5K75A","34NBII25NZIOGJLGY73HHZ47TJY2JF","Reading a passage and responding to questions","You will read a short passage about a person, then answer questions related to the passage.","sentences, decisions, language","$0.40","Sun Jun 21 08:26:59 PDT 2020","115","BatchId:4087305;OriginalHitTemplateId:920937340;","7200","259200","Sun Jun 21 12:26:59 PDT 2020","","","3634BBTX0OUVIU3X1UW9TLM2O6OIF1","A2YLBPTFK9H2JL","Submitted","Sun Jun 21 08:43:46 PDT 2020","Sun Jun 21 08:55:07 PDT 2020","Wed Jun 24 08:55:07 PDT 2020","","","","681","0% (0/0)","0% (0/0)","0% (0/0)","z5f3mtt3bb2dd4jjxqmd"
"3SZYX62S5G045TVIMPA2S09YH5K75A","34NBII25NZIOGJLGY73HHZ47TJY2JF","Reading a passage and responding to questions","You will read a short passage about a person, then answer questions related to the passage.","sentences, decisions, language","$0.40","Sun Jun 21 08:26:59 PDT 2020","115","BatchId:4087305;OriginalHitTemplateId:920937340;","7200","259200","Sun Jun 21 12:26:59 PDT 2020","","","3IRIK4HM3AK8MYOM8RXJOCBUI206CJ","A2Z4MO9Y556FM","Submitted","Sun Jun 21 08:33:48 PDT 2020","Sun Jun 21 08:53:03 PDT 2020","Wed Jun 24 08:53:03 PDT 2020","","","","1155","0% (0/0)","0% (0/0)","0% (0/0)","7978oq6c6qlztv7dlczb"
"3SZYX62S5G045TVIMPA2S09YH5K75A","34NBII25NZIOGJLGY73HHZ47TJY2JF","Reading a passage and responding to questions","You will read a short passage about a person, then answer questions related to the passage.","sentences, decisions, language","$0.40","Sun Jun 21 08:26:59 PDT 2020","115","BatchId:4087305;OriginalHitTemplateId:920937340;","7200","259200","Sun Jun 21 12:26:59 PDT 2020","","","3YT88D1N08YR8DDSH2GJ5SCIDK73KN","A31TEW0ZK60FU7","Submitted","Sun Jun 21 08:27:57 PDT 2020","Sun Jun 21 08:35:59 PDT 2020","Wed Jun 24 08:35:59 PDT 2020","","","","482","0% (0/0)","0% (0/0)","0% (0/0)","50pr4n6ukkfdn51f7oeo"
"3SZYX62S5G045TVIMPA2S09YH5K75A","34NBII25NZIOGJLGY73HHZ47TJY2JF","Reading a passage and responding to questions","You will read a short passage about a person, then answer questions related to the passage.","sentences, decisions, language","$0.40","Sun Jun 21 08:26:59 PDT 2020","115","BatchId:4087305;OriginalHitTemplateId:920937340;","7200","259200","Sun Jun 21 12:26:59 PDT 2020","","","3ZSANO2JCF7KC86T66QNXNSPX4QSF3","A31XNLA9REVGXL","Submitted","Sun Jun 21 08:46:23 PDT 2020","Sun Jun 21 08:54:04 PDT 2020","Wed Jun 24 08:54:04 PDT 2020","","","","461","100% (1/1)","0% (0/0)","0% (0/0)","318svp1zvgjs4ztpod86"
"3SZYX62S5G045TVIMPA2S09YH5K75A","34NBII25NZIOGJLGY73HHZ47TJY2JF","Reading a passage and responding to questions","You will read a short passage about a person, then answer questions related to the passage.","sentences, decisions, language","$0.40","Sun Jun 21 08:26:59 PDT 2020","115","BatchId:4087305;OriginalHitTemplateId:920937340;","7200","259200","Sun Jun 21 12:26:59 PDT 2020","","","3IUZPWIU1O7OZBFGRMRLAPNFBD2KWB","A320AUVOD72Q9","Submitted","Sun Jun 21 08:34:14 PDT 2020","Sun Jun 21 09:05:24 PDT 2020","Wed Jun 24 09:05:24 PDT 2020","","","","1870","0% (0/0)","0% (0/0)","0% (0/0)","0apudk8l2vpbe38re7c7"
"3SZYX62S5G045TVIMPA2S09YH5K75A","34NBII25NZIOGJLGY73HHZ47TJY2JF","Reading a passage and responding to questions","You will read a short passage about a person, then answer questions related to the passage.","sentences, decisions, language","$0.40","Sun Jun 21 08:26:59 PDT 2020","115","BatchId:4087305;OriginalHitTemplateId:920937340;","7200","259200","Sun Jun 21 12:26:59 PDT 2020","","","38JBBYETQOA9494MLUAZH2RJ7NOE4G","A322SS69X82CX3","Submitted","Sun Jun 21 10:59:03 PDT 2020","Sun Jun 21 11:04:58 PDT 2020","Wed Jun 24 11:04:58 PDT 2020","","","","355","0% (0/0)","0% (0/0)","0% (0/0)","0463nkun8uf2wcm9vkd4"
"3SZYX62S5G045TVIMPA2S09YH5K75A","34NBII25NZIOGJLGY73HHZ47TJY2JF","Reading a passage and responding to questions","You will read a short passage about a person, then answer questions related to the passage.","sentences, decisions, language","$0.40","Sun Jun 21 08:26:59 PDT 2020","115","BatchId:4087305;OriginalHitTemplateId:920937340;","7200","259200","Sun Jun 21 12:26:59 PDT 2020","","","3BXQMRHWKZY6XVQEHYP07EUMF2QUMV","A32CVZVH3C1I20","Submitted","Sun Jun 21 09:17:57 PDT 2020","Sun Jun 21 10:16:43 PDT 2020","Wed Jun 24 10:16:43 PDT 2020","","","","3526","0% (0/0)","0% (0/0)","0% (0/0)","wyyt0lzb9x1la2fccclz"
"3SZYX62S5G045TVIMPA2S09YH5K75A","34NBII25NZIOGJLGY73HHZ47TJY2JF","Reading a passage and responding to questions","You will read a short passage about a person, then answer questions related to the passage.","sentences, decisions, language","$0.40","Sun Jun 21 08:26:59 PDT 2020","115","BatchId:4087305;OriginalHitTemplateId:920937340;","7200","259200","Sun Jun 21 12:26:59 PDT 2020","","","3QILPRALQ5VEHG41QW3VO11XN148NP","A32OUEZJNPCZQX","Submitted","Sun Jun 21 08:27:29 PDT 2020","Sun Jun 21 10:03:47 PDT 2020","Wed Jun 24 10:03:47 PDT 2020","","","","5778","0% (0/0)","0% (0/0)","0% (0/0)","213j61zmnbj65yxzz5ar"
"3SZYX62S5G045TVIMPA2S09YH5K75A","34NBII25NZIOGJLGY73HHZ47TJY2JF","Reading a passage and responding to questions","You will read a short passage about a person, then answer questions related to the passage.","sentences, decisions, language","$0.40","Sun Jun 21 08:26:59 PDT 2020","115","BatchId:4087305;OriginalHitTemplateId:920937340;","7200","259200","Sun Jun 21 12:26:59 PDT 2020","","","3NG53N1RLVJEK1GE6BGNSQ6SNG58PL","A33NMQCWCVUIFV","Submitted","Sun Jun 21 08:27:43 PDT 2020","Sun Jun 21 08:32:13 PDT 2020","Wed Jun 24 08:32:13 PDT 2020","","","","270","0% (0/0)","0% (0/0)","0% (0/0)","lfaabtmjr86mqqkzd2yd"
"3SZYX62S5G045TVIMPA2S09YH5K75A","34NBII25NZIOGJLGY73HHZ47TJY2JF","Reading a passage and responding to questions","You will read a short passage about a person, then answer questions related to the passage.","sentences, decisions, language","$0.40","Sun Jun 21 08:26:59 PDT 2020","115","BatchId:4087305;OriginalHitTemplateId:920937340;","7200","259200","Sun Jun 21 12:26:59 PDT 2020","","","30LSNF239UVBH0RLDZH292SDF2J2I1","A35CDOHR63PXA1","Submitted","Sun Jun 21 08:41:42 PDT 2020","Sun Jun 21 08:44:56 PDT 2020","Wed Jun 24 08:44:56 PDT 2020","","","","194","0% (0/0)","0% (0/0)","0% (0/0)","hty09w8sdhrbgos3wfkn"
"3SZYX62S5G045TVIMPA2S09YH5K75A","34NBII25NZIOGJLGY73HHZ47TJY2JF","Reading a passage and responding to questions","You will read a short passage about a person, then answer questions related to the passage.","sentences, decisions, language","$0.40","Sun Jun 21 08:26:59 PDT 2020","115","BatchId:4087305;OriginalHitTemplateId:920937340;","7200","259200","Sun Jun 21 12:26:59 PDT 2020","","","3R6P78PK7KBR58F36Q1VPDON023TGR","A35H0T0ULF4ORQ","Submitted","Sun Jun 21 08:36:59 PDT 2020","Sun Jun 21 09:08:54 PDT 2020","Wed Jun 24 09:08:54 PDT 2020","","","","1915","0% (0/0)","0% (0/0)","0% (0/0)","byx0kgjfpkgrsmgfsf8a"
"3SZYX62S5G045TVIMPA2S09YH5K75A","34NBII25NZIOGJLGY73HHZ47TJY2JF","Reading a passage and responding to questions","You will read a short passage about a person, then answer questions related to the passage.","sentences, decisions, language","$0.40","Sun Jun 21 08:26:59 PDT 2020","115","BatchId:4087305;OriginalHitTemplateId:920937340;","7200","259200","Sun Jun 21 12:26:59 PDT 2020","","","3483FV8BEEJVOGWKBY8DCZ286BN266","A35TSZGETUWI36","Submitted","Sun Jun 21 08:29:48 PDT 2020","Sun Jun 21 08:44:05 PDT 2020","Wed Jun 24 08:44:05 PDT 2020","","","","857","0% (0/0)","0% (0/0)","0% (0/0)","79j0rb7tyr310rjrgr6n"
"3SZYX62S5G045TVIMPA2S09YH5K75A","34NBII25NZIOGJLGY73HHZ47TJY2JF","Reading a passage and responding to questions","You will read a short passage about a person, then answer questions related to the passage.","sentences, decisions, language","$0.40","Sun Jun 21 08:26:59 PDT 2020","115","BatchId:4087305;OriginalHitTemplateId:920937340;","7200","259200","Sun Jun 21 12:26:59 PDT 2020","","","31EUONYN2V3UAD0QZ4EIV4LAO9AOVP","A36UNYMDBED99W","Submitted","Sun Jun 21 08:30:54 PDT 2020","Sun Jun 21 08:41:53 PDT 2020","Wed Jun 24 08:41:53 PDT 2020","","","","659","0% (0/0)","0% (0/0)","0% (0/0)","ccs8hjwbe1b9az5bk6cy"
"3SZYX62S5G045TVIMPA2S09YH5K75A","34NBII25NZIOGJLGY73HHZ47TJY2JF","Reading a passage and responding to questions","You will read a short passage about a person, then answer questions related to the passage.","sentences, decisions, language","$0.40","Sun Jun 21 08:26:59 PDT 2020","115","BatchId:4087305;OriginalHitTemplateId:920937340;","7200","259200","Sun Jun 21 12:26:59 PDT 2020","","","369J354OFDAL3A4RADT2E3W9GUSG63","A36VXS1NZ2GN2T","Submitted","Sun Jun 21 08:35:20 PDT 2020","Sun Jun 21 08:40:29 PDT 2020","Wed Jun 24 08:40:29 PDT 2020","","","","309","0% (0/0)","0% (0/0)","0% (0/0)","q6k7mwgk2rg4q3n9jf8j"
"3SZYX62S5G045TVIMPA2S09YH5K75A","34NBII25NZIOGJLGY73HHZ47TJY2JF","Reading a passage and responding to questions","You will read a short passage about a person, then answer questions related to the passage.","sentences, decisions, language","$0.40","Sun Jun 21 08:26:59 PDT 2020","115","BatchId:4087305;OriginalHitTemplateId:920937340;","7200","259200","Sun Jun 21 12:26:59 PDT 2020","","","3WAKVUDHUWGNCSJRDSNBOWXWKDR7UT","A37K0MOW0WBFK2","Submitted","Sun Jun 21 08:32:16 PDT 2020","Sun Jun 21 08:37:38 PDT 2020","Wed Jun 24 08:37:38 PDT 2020","","","","322","0% (0/0)","0% (0/0)","0% (0/0)","dhrhyp4z0x3qwmew700m"
"3SZYX62S5G045TVIMPA2S09YH5K75A","34NBII25NZIOGJLGY73HHZ47TJY2JF","Reading a passage and responding to questions","You will read a short passage about a person, then answer questions related to the passage.","sentences, decisions, language","$0.40","Sun Jun 21 08:26:59 PDT 2020","115","BatchId:4087305;OriginalHitTemplateId:920937340;","7200","259200","Sun Jun 21 12:26:59 PDT 2020","","","3KAKFY4PGU202IN4HZV7SCX5LGI3IC","A37S4JZA9TXWZ2","Submitted","Sun Jun 21 08:28:09 PDT 2020","Sun Jun 21 09:08:42 PDT 2020","Wed Jun 24 09:08:42 PDT 2020","","","","2433","0% (0/0)","0% (0/0)","0% (0/0)","ov1ssoa8yqpd7yc667xw"
"3SZYX62S5G045TVIMPA2S09YH5K75A","34NBII25NZIOGJLGY73HHZ47TJY2JF","Reading a passage and responding to questions","You will read a short passage about a person, then answer questions related to the passage.","sentences, decisions, language","$0.40","Sun Jun 21 08:26:59 PDT 2020","115","BatchId:4087305;OriginalHitTemplateId:920937340;","7200","259200","Sun Jun 21 12:26:59 PDT 2020","","","3Z3ZLGNNSIUDJGBNU70G1EORCQZ3QF","A3ADWYJZ3391GS","Submitted","Sun Jun 21 08:28:18 PDT 2020","Sun Jun 21 08:42:50 PDT 2020","Wed Jun 24 08:42:50 PDT 2020","","","","872","0% (0/0)","0% (0/0)","0% (0/0)","jqfc1jtgj4uyv0szab7b"
"3SZYX62S5G045TVIMPA2S09YH5K75A","34NBII25NZIOGJLGY73HHZ47TJY2JF","Reading a passage and responding to questions","You will read a short passage about a person, then answer questions related to the passage.","sentences, decisions, language","$0.40","Sun Jun 21 08:26:59 PDT 2020","115","BatchId:4087305;OriginalHitTemplateId:920937340;","7200","259200","Sun Jun 21 12:26:59 PDT 2020","","","36NEMU28XFDJPZFJCY41P2FJ0IZMWK","A3B5YC4CCFA5ZD","Submitted","Sun Jun 21 08:53:12 PDT 2020","Sun Jun 21 09:05:58 PDT 2020","Wed Jun 24 09:05:58 PDT 2020","","","","766","0% (0/0)","0% (0/0)","0% (0/0)","977tkn4t96wjjqxfqf3p"
"3SZYX62S5G045TVIMPA2S09YH5K75A","34NBII25NZIOGJLGY73HHZ47TJY2JF","Reading a passage and responding to questions","You will read a short passage about a person, then answer questions related to the passage.","sentences, decisions, language","$0.40","Sun Jun 21 08:26:59 PDT 2020","115","BatchId:4087305;OriginalHitTemplateId:920937340;","7200","259200","Sun Jun 21 12:26:59 PDT 2020","","","3NPFYT4IZC4YMPONB02SEG9TDYRGXX","A3D0AZUKPRP7AN","Submitted","Sun Jun 21 08:29:11 PDT 2020","Sun Jun 21 08:34:23 PDT 2020","Wed Jun 24 08:34:23 PDT 2020","","","","312","0% (0/0)","0% (0/0)","0% (0/0)","4b8js2ptz4d3b7s895hu"
"3SZYX62S5G045TVIMPA2S09YH5K75A","34NBII25NZIOGJLGY73HHZ47TJY2JF","Reading a passage and responding to questions","You will read a short passage about a person, then answer questions related to the passage.","sentences, decisions, language","$0.40","Sun Jun 21 08:26:59 PDT 2020","115","BatchId:4087305;OriginalHitTemplateId:920937340;","7200","259200","Sun Jun 21 12:26:59 PDT 2020","","","3J88R45B2GY4Z2HMEJSF8PNLEPFXPJ","A3DIK68NIPEXNT","Submitted","Sun Jun 21 08:46:07 PDT 2020","Sun Jun 21 08:49:54 PDT 2020","Wed Jun 24 08:49:54 PDT 2020","","","","227","0% (0/0)","0% (0/0)","0% (0/0)","zcre9ye3fg6lxnpslmmc"
"3SZYX62S5G045TVIMPA2S09YH5K75A","34NBII25NZIOGJLGY73HHZ47TJY2JF","Reading a passage and responding to questions","You will read a short passage about a person, then answer questions related to the passage.","sentences, decisions, language","$0.40","Sun Jun 21 08:26:59 PDT 2020","115","BatchId:4087305;OriginalHitTemplateId:920937340;","7200","259200","Sun Jun 21 12:26:59 PDT 2020","","","34T446B1C0ED8N2762H2FB135ZH0CF","A3DYKOZJV1ZTTC","Submitted","Sun Jun 21 08:56:29 PDT 2020","Sun Jun 21 08:59:56 PDT 2020","Wed Jun 24 08:59:56 PDT 2020","","","","207","0% (0/0)","0% (0/0)","0% (0/0)","pyew9hmuj09cevv17go2"
"3SZYX62S5G045TVIMPA2S09YH5K75A","34NBII25NZIOGJLGY73HHZ47TJY2JF","Reading a passage and responding to questions","You will read a short passage about a person, then answer questions related to the passage.","sentences, decisions, language","$0.40","Sun Jun 21 08:26:59 PDT 2020","115","BatchId:4087305;OriginalHitTemplateId:920937340;","7200","259200","Sun Jun 21 12:26:59 PDT 2020","","","3GLB5JMZFXVKOJJ6K01GK961XGIGDY","A3GVUYY3TWRPZT","Submitted","Sun Jun 21 09:03:52 PDT 2020","Sun Jun 21 09:11:42 PDT 2020","Wed Jun 24 09:11:42 PDT 2020","","","","470","0% (0/0)","0% (0/0)","0% (0/0)","3fs860h75zf06dh2dx3u"
"3SZYX62S5G045TVIMPA2S09YH5K75A","34NBII25NZIOGJLGY73HHZ47TJY2JF","Reading a passage and responding to questions","You will read a short passage about a person, then answer questions related to the passage.","sentences, decisions, language","$0.40","Sun Jun 21 08:26:59 PDT 2020","115","BatchId:4087305;OriginalHitTemplateId:920937340;","7200","259200","Sun Jun 21 12:26:59 PDT 2020","","","31N2WW6R9RQGSRLEGRPMPFKD5OQ3FL","A3GW19YENYE08H","Submitted","Sun Jun 21 08:27:33 PDT 2020","Sun Jun 21 08:33:28 PDT 2020","Wed Jun 24 08:33:28 PDT 2020","","","","355","0% (0/0)","0% (0/0)","0% (0/0)","sve29w57tjq4btdeqz24"
"3SZYX62S5G045TVIMPA2S09YH5K75A","34NBII25NZIOGJLGY73HHZ47TJY2JF","Reading a passage and responding to questions","You will read a short passage about a person, then answer questions related to the passage.","sentences, decisions, language","$0.40","Sun Jun 21 08:26:59 PDT 2020","115","BatchId:4087305;OriginalHitTemplateId:920937340;","7200","259200","Sun Jun 21 12:26:59 PDT 2020","","","3GNA64GUZE4GXVYR8QO9GBMBQMQQ5S","A3HANLW5QDJHI6","Submitted","Sun Jun 21 08:35:03 PDT 2020","Sun Jun 21 08:41:28 PDT 2020","Wed Jun 24 08:41:28 PDT 2020","","","","385","0% (0/0)","0% (0/0)","0% (0/0)","9oherynqrr1bdg61r0od"
"3SZYX62S5G045TVIMPA2S09YH5K75A","34NBII25NZIOGJLGY73HHZ47TJY2JF","Reading a passage and responding to questions","You will read a short passage about a person, then answer questions related to the passage.","sentences, decisions, language","$0.40","Sun Jun 21 08:26:59 PDT 2020","115","BatchId:4087305;OriginalHitTemplateId:920937340;","7200","259200","Sun Jun 21 12:26:59 PDT 2020","","","3JC6VJ2SABJOAFRAJURNQB76M47A58","A3I4856GSB5WDS","Submitted","Sun Jun 21 09:00:35 PDT 2020","Sun Jun 21 09:19:10 PDT 2020","Wed Jun 24 09:19:10 PDT 2020","","","","1115","0% (0/0)","0% (0/0)","0% (0/0)","9bgzetntytkwb2awfn0l"
"3SZYX62S5G045TVIMPA2S09YH5K75A","34NBII25NZIOGJLGY73HHZ47TJY2JF","Reading a passage and responding to questions","You will read a short passage about a person, then answer questions related to the passage.","sentences, decisions, language","$0.40","Sun Jun 21 08:26:59 PDT 2020","115","BatchId:4087305;OriginalHitTemplateId:920937340;","7200","259200","Sun Jun 21 12:26:59 PDT 2020","","","3A4TN5196KIOJN834AONL30KRGGCHQ","A3IULPIP5JIWBC","Submitted","Sun Jun 21 08:31:43 PDT 2020","Sun Jun 21 09:18:07 PDT 2020","Wed Jun 24 09:18:07 PDT 2020","","","","2784","0% (0/0)","0% (0/0)","0% (0/0)","j21razv1jb8xsxfk2hme"
"3SZYX62S5G045TVIMPA2S09YH5K75A","34NBII25NZIOGJLGY73HHZ47TJY2JF","Reading a passage and responding to questions","You will read a short passage about a person, then answer questions related to the passage.","sentences, decisions, language","$0.40","Sun Jun 21 08:26:59 PDT 2020","115","BatchId:4087305;OriginalHitTemplateId:920937340;","7200","259200","Sun Jun 21 12:26:59 PDT 2020","","","3B837J3LDOWHFYB2X1QHEC680S2RSY","A3KC461LX7OFQ","Submitted","Sun Jun 21 08:59:22 PDT 2020","Sun Jun 21 09:06:37 PDT 2020","Wed Jun 24 09:06:37 PDT 2020","","","","435","0% (0/0)","0% (0/0)","0% (0/0)","2lohj333rqgpps94bl1b"
"3SZYX62S5G045TVIMPA2S09YH5K75A","34NBII25NZIOGJLGY73HHZ47TJY2JF","Reading a passage and responding to questions","You will read a short passage about a person, then answer questions related to the passage.","sentences, decisions, language","$0.40","Sun Jun 21 08:26:59 PDT 2020","115","BatchId:4087305;OriginalHitTemplateId:920937340;","7200","259200","Sun Jun 21 12:26:59 PDT 2020","","","3VP0C6EFSGWLVK0DLGRXR8G6CGLM6Y","A3KL5W9G6E19DR","Submitted","Sun Jun 21 10:58:45 PDT 2020","Sun Jun 21 11:01:36 PDT 2020","Wed Jun 24 11:01:36 PDT 2020","","","","171","0% (0/0)","0% (0/0)","0% (0/0)","nhbpg1jprf0eqskeuoax"
"3SZYX62S5G045TVIMPA2S09YH5K75A","34NBII25NZIOGJLGY73HHZ47TJY2JF","Reading a passage and responding to questions","You will read a short passage about a person, then answer questions related to the passage.","sentences, decisions, language","$0.40","Sun Jun 21 08:26:59 PDT 2020","115","BatchId:4087305;OriginalHitTemplateId:920937340;","7200","259200","Sun Jun 21 12:26:59 PDT 2020","","","32UTUBMZ7GWARJBHVZ9WPKLBHARVBS","A3LS19SPVZ1HWA","Submitted","Sun Jun 21 08:35:54 PDT 2020","Sun Jun 21 08:37:53 PDT 2020","Wed Jun 24 08:37:53 PDT 2020","","","","119","0% (0/0)","0% (0/0)","0% (0/0)","g2un6evohohu7focx8zb"
"3SZYX62S5G045TVIMPA2S09YH5K75A","34NBII25NZIOGJLGY73HHZ47TJY2JF","Reading a passage and responding to questions","You will read a short passage about a person, then answer questions related to the passage.","sentences, decisions, language","$0.40","Sun Jun 21 08:26:59 PDT 2020","115","BatchId:4087305;OriginalHitTemplateId:920937340;","7200","259200","Sun Jun 21 12:26:59 PDT 2020","","","3BQU611VFPKT6JJHUEQ46W1O2I799I","A3M32TZS0IETD0","Submitted","Sun Jun 21 08:50:10 PDT 2020","Sun Jun 21 08:57:47 PDT 2020","Wed Jun 24 08:57:47 PDT 2020","","","","457","0% (0/0)","0% (0/0)","0% (0/0)","a00uyd86hvux8wk839fk"
"3SZYX62S5G045TVIMPA2S09YH5K75A","34NBII25NZIOGJLGY73HHZ47TJY2JF","Reading a passage and responding to questions","You will read a short passage about a person, then answer questions related to the passage.","sentences, decisions, language","$0.40","Sun Jun 21 08:26:59 PDT 2020","115","BatchId:4087305;OriginalHitTemplateId:920937340;","7200","259200","Sun Jun 21 12:26:59 PDT 2020","","","3ATTHHXXWAOCIGUI1O2VZSM9SBKXI7","A3M6YNC0RI36QY","Submitted","Sun Jun 21 08:45:42 PDT 2020","Sun Jun 21 09:06:23 PDT 2020","Wed Jun 24 09:06:23 PDT 2020","","","","1241","0% (0/0)","0% (0/0)","0% (0/0)","as5fz5wqr4wg75qrha6k"
"3SZYX62S5G045TVIMPA2S09YH5K75A","34NBII25NZIOGJLGY73HHZ47TJY2JF","Reading a passage and responding to questions","You will read a short passage about a person, then answer questions related to the passage.","sentences, decisions, language","$0.40","Sun Jun 21 08:26:59 PDT 2020","115","BatchId:4087305;OriginalHitTemplateId:920937340;","7200","259200","Sun Jun 21 12:26:59 PDT 2020","","","3EJJQNKU9R5SPPXMM7EIAYZ6RHJHR1","A3MBZBRLV92W6","Submitted","Sun Jun 21 08:31:33 PDT 2020","Sun Jun 21 09:58:13 PDT 2020","Wed Jun 24 09:58:13 PDT 2020","","","","5200","0% (0/0)","0% (0/0)","0% (0/0)","1dld8g712kzckwa99xjo"
"3SZYX62S5G045TVIMPA2S09YH5K75A","34NBII25NZIOGJLGY73HHZ47TJY2JF","Reading a passage and responding to questions","You will read a short passage about a person, then answer questions related to the passage.","sentences, decisions, language","$0.40","Sun Jun 21 08:26:59 PDT 2020","115","BatchId:4087305;OriginalHitTemplateId:920937340;","7200","259200","Sun Jun 21 12:26:59 PDT 2020","","","37TRT2X24QR10OBNEAVDMWAHMNRBJU","A3N19KHQWLX5O5","Submitted","Sun Jun 21 09:41:56 PDT 2020","Sun Jun 21 09:46:26 PDT 2020","Wed Jun 24 09:46:26 PDT 2020","","","","270","0% (0/0)","0% (0/0)","0% (0/0)","jl8vgpshf10lhj42f66m"
"3SZYX62S5G045TVIMPA2S09YH5K75A","34NBII25NZIOGJLGY73HHZ47TJY2JF","Reading a passage and responding to questions","You will read a short passage about a person, then answer questions related to the passage.","sentences, decisions, language","$0.40","Sun Jun 21 08:26:59 PDT 2020","115","BatchId:4087305;OriginalHitTemplateId:920937340;","7200","259200","Sun Jun 21 12:26:59 PDT 2020","","","33CID57104T2SJVA22SKKSPX2KC3LQ","A3N7LX3J6MUIQ1","Submitted","Sun Jun 21 08:28:03 PDT 2020","Sun Jun 21 08:56:13 PDT 2020","Wed Jun 24 08:56:13 PDT 2020","","","","1690","0% (0/0)","0% (0/0)","0% (0/0)","lkjalrh9a41qw86kmmk3"
"3SZYX62S5G045TVIMPA2S09YH5K75A","34NBII25NZIOGJLGY73HHZ47TJY2JF","Reading a passage and responding to questions","You will read a short passage about a person, then answer questions related to the passage.","sentences, decisions, language","$0.40","Sun Jun 21 08:26:59 PDT 2020","115","BatchId:4087305;OriginalHitTemplateId:920937340;","7200","259200","Sun Jun 21 12:26:59 PDT 2020","","","37TRT2X24QR10OBNEAVDMWAHMN5BJ8","A3PQ8H95G71ZY8","Submitted","Sun Jun 21 11:31:39 PDT 2020","Sun Jun 21 11:36:34 PDT 2020","Wed Jun 24 11:36:34 PDT 2020","","","","295","0% (0/0)","0% (0/0)","0% (0/0)","73hu45ftghckygl86mjp"
"3SZYX62S5G045TVIMPA2S09YH5K75A","34NBII25NZIOGJLGY73HHZ47TJY2JF","Reading a passage and responding to questions","You will read a short passage about a person, then answer questions related to the passage.","sentences, decisions, language","$0.40","Sun Jun 21 08:26:59 PDT 2020","115","BatchId:4087305;OriginalHitTemplateId:920937340;","7200","259200","Sun Jun 21 12:26:59 PDT 2020","","","39N5ACM9HENEY6ZOB3M1SM137MNP9R","A3SOLBCXCRFQ49","Submitted","Sun Jun 21 08:31:57 PDT 2020","Sun Jun 21 08:42:39 PDT 2020","Wed Jun 24 08:42:39 PDT 2020","","","","642","0% (0/0)","0% (0/0)","0% (0/0)","a1xswpf3galeetsxcm6c"
"3SZYX62S5G045TVIMPA2S09YH5K75A","34NBII25NZIOGJLGY73HHZ47TJY2JF","Reading a passage and responding to questions","You will read a short passage about a person, then answer questions related to the passage.","sentences, decisions, language","$0.40","Sun Jun 21 08:26:59 PDT 2020","115","BatchId:4087305;OriginalHitTemplateId:920937340;","7200","259200","Sun Jun 21 12:26:59 PDT 2020","","","3H7XDTSHKCRJXPJX1V66CXVM4WLGW4","A3UJM426FEXI3E","Submitted","Sun Jun 21 08:29:10 PDT 2020","Sun Jun 21 08:36:02 PDT 2020","Wed Jun 24 08:36:02 PDT 2020","","","","412","0% (0/0)","0% (0/0)","0% (0/0)","hu6nszxoms0r22h8c7xl"
"3SZYX62S5G045TVIMPA2S09YH5K75A","34NBII25NZIOGJLGY73HHZ47TJY2JF","Reading a passage and responding to questions","You will read a short passage about a person, then answer questions related to the passage.","sentences, decisions, language","$0.40","Sun Jun 21 08:26:59 PDT 2020","115","BatchId:4087305;OriginalHitTemplateId:920937340;","7200","259200","Sun Jun 21 12:26:59 PDT 2020","","","33L7PJKHCGYCCT9LNSP7X07PCJ6T8R","A3VDBER2K4361T","Submitted","Sun Jun 21 10:56:16 PDT 2020","Sun Jun 21 11:00:13 PDT 2020","Wed Jun 24 11:00:13 PDT 2020","","","","237","0% (0/0)","0% (0/0)","0% (0/0)","bxo15d8ovhbh6sr7wpch"
"3SZYX62S5G045TVIMPA2S09YH5K75A","34NBII25NZIOGJLGY73HHZ47TJY2JF","Reading a passage and responding to questions","You will read a short passage about a person, then answer questions related to the passage.","sentences, decisions, language","$0.40","Sun Jun 21 08:26:59 PDT 2020","115","BatchId:4087305;OriginalHitTemplateId:920937340;","7200","259200","Sun Jun 21 12:26:59 PDT 2020","","","3XUHV3NRVKY3K2ZOP01F7XUAZZZH5S","A3W1CKM4PBLRC0","Submitted","Sun Jun 21 09:18:48 PDT 2020","Sun Jun 21 09:22:39 PDT 2020","Wed Jun 24 09:22:39 PDT 2020","","","","231","0% (0/0)","0% (0/0)","0% (0/0)","qelo6hj31bk106hv5boa"
"3SZYX62S5G045TVIMPA2S09YH5K75A","34NBII25NZIOGJLGY73HHZ47TJY2JF","Reading a passage and responding to questions","You will read a short passage about a person, then answer questions related to the passage.","sentences, decisions, language","$0.40","Sun Jun 21 08:26:59 PDT 2020","115","BatchId:4087305;OriginalHitTemplateId:920937340;","7200","259200","Sun Jun 21 12:26:59 PDT 2020","","","31JLPPHS2UUAY4Y7FU8CC9TRXPI3O8","A5CMNI7B03XL","Submitted","Sun Jun 21 08:39:07 PDT 2020","Sun Jun 21 08:44:19 PDT 2020","Wed Jun 24 08:44:19 PDT 2020","","","","312","0% (0/0)","0% (0/0)","0% (0/0)","wkdfdwcbeuns2gfpmz00"
"3SZYX62S5G045TVIMPA2S09YH5K75A","34NBII25NZIOGJLGY73HHZ47TJY2JF","Reading a passage and responding to questions","You will read a short passage about a person, then answer questions related to the passage.","sentences, decisions, language","$0.40","Sun Jun 21 08:26:59 PDT 2020","115","BatchId:4087305;OriginalHitTemplateId:920937340;","7200","259200","Sun Jun 21 12:26:59 PDT 2020","","","339ANSOTR526YGVB25N69YE7W25IK3","A5CWEFCZEHND","Submitted","Sun Jun 21 08:43:48 PDT 2020","Sun Jun 21 08:50:22 PDT 2020","Wed Jun 24 08:50:22 PDT 2020","","","","394","0% (0/0)","0% (0/0)","0% (0/0)","popf6e6nz0gme63kgltw"
"3SZYX62S5G045TVIMPA2S09YH5K75A","34NBII25NZIOGJLGY73HHZ47TJY2JF","Reading a passage and responding to questions","You will read a short passage about a person, then answer questions related to the passage.","sentences, decisions, language","$0.40","Sun Jun 21 08:26:59 PDT 2020","115","BatchId:4087305;OriginalHitTemplateId:920937340;","7200","259200","Sun Jun 21 12:26:59 PDT 2020","","","3HRMW88U16QQH9EYJRBGI76FZDIM0G","A5VOHRM5GM3SG","Submitted","Sun Jun 21 08:36:47 PDT 2020","Sun Jun 21 09:10:23 PDT 2020","Wed Jun 24 09:10:23 PDT 2020","","","","2016","0% (0/0)","0% (0/0)","0% (0/0)","za0597nkl7kprwoq529l"
"3SZYX62S5G045TVIMPA2S09YH5K75A","34NBII25NZIOGJLGY73HHZ47TJY2JF","Reading a passage and responding to questions","You will read a short passage about a person, then answer questions related to the passage.","sentences, decisions, language","$0.40","Sun Jun 21 08:26:59 PDT 2020","115","BatchId:4087305;OriginalHitTemplateId:920937340;","7200","259200","Sun Jun 21 12:26:59 PDT 2020","","","3YDGXNSEOZUSV8UV8ROZPSVXWK984U","A8BDA5J94B005","Submitted","Sun Jun 21 08:33:10 PDT 2020","Sun Jun 21 08:37:36 PDT 2020","Wed Jun 24 08:37:36 PDT 2020","","","","266","0% (0/0)","0% (0/0)","0% (0/0)","91c7qtwu2m49clmfdh3r"
"3SZYX62S5G045TVIMPA2S09YH5K75A","34NBII25NZIOGJLGY73HHZ47TJY2JF","Reading a passage and responding to questions","You will read a short passage about a person, then answer questions related to the passage.","sentences, decisions, language","$0.40","Sun Jun 21 08:26:59 PDT 2020","115","BatchId:4087305;OriginalHitTemplateId:920937340;","7200","259200","Sun Jun 21 12:26:59 PDT 2020","","","33L7PJKHCGYCCT9LNSP7X07PCJQ8TQ","A9JOBDUPQQ0I","Submitted","Sun Jun 21 08:28:01 PDT 2020","Sun Jun 21 08:31:01 PDT 2020","Wed Jun 24 08:31:01 PDT 2020","","","","180","0% (0/0)","0% (0/0)","0% (0/0)","0vak2n9xuwk923ltr9g7"
"3SZYX62S5G045TVIMPA2S09YH5K75A","34NBII25NZIOGJLGY73HHZ47TJY2JF","Reading a passage and responding to questions","You will read a short passage about a person, then answer questions related to the passage.","sentences, decisions, language","$0.40","Sun Jun 21 08:26:59 PDT 2020","115","BatchId:4087305;OriginalHitTemplateId:920937340;","7200","259200","Sun Jun 21 12:26:59 PDT 2020","","","3DH6GAKTYYPNDB926OCJI1W8QUTZYP","AEK7NCE5UMM9K","Submitted","Sun Jun 21 10:42:48 PDT 2020","Sun Jun 21 10:59:46 PDT 2020","Wed Jun 24 10:59:46 PDT 2020","","","","1018","0% (0/0)","0% (0/0)","0% (0/0)","nghzv2850gdwqaate0c1"
"3SZYX62S5G045TVIMPA2S09YH5K75A","34NBII25NZIOGJLGY73HHZ47TJY2JF","Reading a passage and responding to questions","You will read a short passage about a person, then answer questions related to the passage.","sentences, decisions, language","$0.40","Sun Jun 21 08:26:59 PDT 2020","115","BatchId:4087305;OriginalHitTemplateId:920937340;","7200","259200","Sun Jun 21 12:26:59 PDT 2020","","","3LRKMWOKB5HXCQGVD35O9XV3BFL2ZY","AFUJFPFEU3TAG","Submitted","Sun Jun 21 08:36:32 PDT 2020","Sun Jun 21 08:45:37 PDT 2020","Wed Jun 24 08:45:37 PDT 2020","","","","545","0% (0/0)","0% (0/0)","0% (0/0)","kn553lrecytchyqv96pz"
"3SZYX62S5G045TVIMPA2S09YH5K75A","34NBII25NZIOGJLGY73HHZ47TJY2JF","Reading a passage and responding to questions","You will read a short passage about a person, then answer questions related to the passage.","sentences, decisions, language","$0.40","Sun Jun 21 08:26:59 PDT 2020","115","BatchId:4087305;OriginalHitTemplateId:920937340;","7200","259200","Sun Jun 21 12:26:59 PDT 2020","","","3X4MXAO0BGOAMFSBH60IB19T65VWRF","AFY41GG5ONWIX","Submitted","Sun Jun 21 08:28:25 PDT 2020","Sun Jun 21 08:40:15 PDT 2020","Wed Jun 24 08:40:15 PDT 2020","","","","710","0% (0/0)","0% (0/0)","0% (0/0)","tg5ru6yl4ygh4ks5kbht"
"3SZYX62S5G045TVIMPA2S09YH5K75A","34NBII25NZIOGJLGY73HHZ47TJY2JF","Reading a passage and responding to questions","You will read a short passage about a person, then answer questions related to the passage.","sentences, decisions, language","$0.40","Sun Jun 21 08:26:59 PDT 2020","115","BatchId:4087305;OriginalHitTemplateId:920937340;","7200","259200","Sun Jun 21 12:26:59 PDT 2020","","","3XC1O3LBOSM7R0T4HHYB25TVWJOTLW","AGJX12QC9I6E6","Submitted","Sun Jun 21 08:27:18 PDT 2020","Sun Jun 21 08:34:29 PDT 2020","Wed Jun 24 08:34:29 PDT 2020","","","","431","0% (0/0)","0% (0/0)","0% (0/0)","3aw1aey6m1br0v9ztr97"
"3SZYX62S5G045TVIMPA2S09YH5K75A","34NBII25NZIOGJLGY73HHZ47TJY2JF","Reading a passage and responding to questions","You will read a short passage about a person, then answer questions related to the passage.","sentences, decisions, language","$0.40","Sun Jun 21 08:26:59 PDT 2020","115","BatchId:4087305;OriginalHitTemplateId:920937340;","7200","259200","Sun Jun 21 12:26:59 PDT 2020","","","3OE22WJIGIOXIAO69RWHONERP3KUQF","AGMGNVUDZLAG3","Submitted","Sun Jun 21 08:45:26 PDT 2020","Sun Jun 21 08:50:21 PDT 2020","Wed Jun 24 08:50:21 PDT 2020","","","","295","0% (0/0)","0% (0/0)","0% (0/0)","16n79x5ethtrf07ndcfg"
"3SZYX62S5G045TVIMPA2S09YH5K75A","34NBII25NZIOGJLGY73HHZ47TJY2JF","Reading a passage and responding to questions","You will read a short passage about a person, then answer questions related to the passage.","sentences, decisions, language","$0.40","Sun Jun 21 08:26:59 PDT 2020","115","BatchId:4087305;OriginalHitTemplateId:920937340;","7200","259200","Sun Jun 21 12:26:59 PDT 2020","","","3OVR4I9USPJY1CURUL5ZBJGXQQX4Q3","AHYMROQDBR2G4","Submitted","Sun Jun 21 08:52:04 PDT 2020","Sun Jun 21 08:59:52 PDT 2020","Wed Jun 24 08:59:52 PDT 2020","","","","468","0% (0/0)","0% (0/0)","0% (0/0)","x4utzdk2010tfmupy5at"
"3SZYX62S5G045TVIMPA2S09YH5K75A","34NBII25NZIOGJLGY73HHZ47TJY2JF","Reading a passage and responding to questions","You will read a short passage about a person, then answer questions related to the passage.","sentences, decisions, language","$0.40","Sun Jun 21 08:26:59 PDT 2020","115","BatchId:4087305;OriginalHitTemplateId:920937340;","7200","259200","Sun Jun 21 12:26:59 PDT 2020","","","3PH3VY7DJLXJO6E2RNUVX4BSFMGWZA","AIT9BZOULKWER","Submitted","Sun Jun 21 08:51:17 PDT 2020","Sun Jun 21 09:03:23 PDT 2020","Wed Jun 24 09:03:23 PDT 2020","","","","726","0% (0/0)","0% (0/0)","0% (0/0)","gyx8mlm0gl26o2sc3duj"
"3SZYX62S5G045TVIMPA2S09YH5K75A","34NBII25NZIOGJLGY73HHZ47TJY2JF","Reading a passage and responding to questions","You will read a short passage about a person, then answer questions related to the passage.","sentences, decisions, language","$0.40","Sun Jun 21 08:26:59 PDT 2020","115","BatchId:4087305;OriginalHitTemplateId:920937340;","7200","259200","Sun Jun 21 12:26:59 PDT 2020","","","3G5W44VEU7IS2PPGCHN3OM1RHPCGK8","AIZUOHKQT14OM","Submitted","Sun Jun 21 08:27:48 PDT 2020","Sun Jun 21 08:38:08 PDT 2020","Wed Jun 24 08:38:08 PDT 2020","","","","620","0% (0/0)","0% (0/0)","0% (0/0)","09zg79lygz37mmzv9jp8"
"3SZYX62S5G045TVIMPA2S09YH5K75A","34NBII25NZIOGJLGY73HHZ47TJY2JF","Reading a passage and responding to questions","You will read a short passage about a person, then answer questions related to the passage.","sentences, decisions, language","$0.40","Sun Jun 21 08:26:59 PDT 2020","115","BatchId:4087305;OriginalHitTemplateId:920937340;","7200","259200","Sun Jun 21 12:26:59 PDT 2020","","","3C6FJU71TQT6RCFS01DB19HTOC1UYI","AL3YML0PNT4LY","Submitted","Sun Jun 21 08:46:10 PDT 2020","Sun Jun 21 09:01:59 PDT 2020","Wed Jun 24 09:01:59 PDT 2020","","","","949","0% (0/0)","0% (0/0)","0% (0/0)","0j18g6e1t556b3oyutj8"
"3SZYX62S5G045TVIMPA2S09YH5K75A","34NBII25NZIOGJLGY73HHZ47TJY2JF","Reading a passage and responding to questions","You will read a short passage about a person, then answer questions related to the passage.","sentences, decisions, language","$0.40","Sun Jun 21 08:26:59 PDT 2020","115","BatchId:4087305;OriginalHitTemplateId:920937340;","7200","259200","Sun Jun 21 12:26:59 PDT 2020","","","3QECW5O0KH1TPBQJPUI4LGXYATZT5J","ALIE89ZQLTRTU","Submitted","Sun Jun 21 10:09:13 PDT 2020","Sun Jun 21 11:59:16 PDT 2020","Wed Jun 24 11:59:16 PDT 2020","","","","6603","0% (0/0)","0% (0/0)","0% (0/0)","1nj0zqpnalmds8svzkfw"
"3SZYX62S5G045TVIMPA2S09YH5K75A","34NBII25NZIOGJLGY73HHZ47TJY2JF","Reading a passage and responding to questions","You will read a short passage about a person, then answer questions related to the passage.","sentences, decisions, language","$0.40","Sun Jun 21 08:26:59 PDT 2020","115","BatchId:4087305;OriginalHitTemplateId:920937340;","7200","259200","Sun Jun 21 12:26:59 PDT 2020","","","3EICBYG644WKAT3TSAR8XGGZ48YCJ9","ALX5CH9HPZBKE","Submitted","Sun Jun 21 10:36:39 PDT 2020","Sun Jun 21 10:42:55 PDT 2020","Wed Jun 24 10:42:55 PDT 2020","","","","376","0% (0/0)","0% (0/0)","0% (0/0)","336jgb5aocfda8y0yuot"
"3SZYX62S5G045TVIMPA2S09YH5K75A","34NBII25NZIOGJLGY73HHZ47TJY2JF","Reading a passage and responding to questions","You will read a short passage about a person, then answer questions related to the passage.","sentences, decisions, language","$0.40","Sun Jun 21 08:26:59 PDT 2020","115","BatchId:4087305;OriginalHitTemplateId:920937340;","7200","259200","Sun Jun 21 12:26:59 PDT 2020","","","33FOTY3KEMLDFCNP2LL2TGKDARM1CI","AMLZN88TPROQK","Submitted","Sun Jun 21 08:48:13 PDT 2020","Sun Jun 21 08:50:21 PDT 2020","Wed Jun 24 08:50:21 PDT 2020","","","","128","0% (0/0)","0% (0/0)","0% (0/0)","0jjetu8q05q3h0tuxcbc"
"3SZYX62S5G045TVIMPA2S09YH5K75A","34NBII25NZIOGJLGY73HHZ47TJY2JF","Reading a passage and responding to questions","You will read a short passage about a person, then answer questions related to the passage.","sentences, decisions, language","$0.40","Sun Jun 21 08:26:59 PDT 2020","115","BatchId:4087305;OriginalHitTemplateId:920937340;","7200","259200","Sun Jun 21 12:26:59 PDT 2020","","","3OWEPKL089CAH2ZIGRBPA152CH0N7J","AQMLJYUQCSG22","Submitted","Sun Jun 21 08:53:59 PDT 2020","Sun Jun 21 09:00:23 PDT 2020","Wed Jun 24 09:00:23 PDT 2020","","","","384","0% (0/0)","0% (0/0)","0% (0/0)","fa210h8b0y47n1xuxj7k"
"3SZYX62S5G045TVIMPA2S09YH5K75A","34NBII25NZIOGJLGY73HHZ47TJY2JF","Reading a passage and responding to questions","You will read a short passage about a person, then answer questions related to the passage.","sentences, decisions, language","$0.40","Sun Jun 21 08:26:59 PDT 2020","115","BatchId:4087305;OriginalHitTemplateId:920937340;","7200","259200","Sun Jun 21 12:26:59 PDT 2020","","","3NL0RFNU0FNCQ9WWHGL2FX4ORK94KF","AS3HQWQNH7507","Submitted","Sun Jun 21 09:28:16 PDT 2020","Sun Jun 21 09:34:14 PDT 2020","Wed Jun 24 09:34:14 PDT 2020","","","","358","0% (0/0)","0% (0/0)","0% (0/0)","ujc3p69zpson0s2pkfu7"
"3SZYX62S5G045TVIMPA2S09YH5K75A","34NBII25NZIOGJLGY73HHZ47TJY2JF","Reading a passage and responding to questions","You will read a short passage about a person, then answer questions related to the passage.","sentences, decisions, language","$0.40","Sun Jun 21 08:26:59 PDT 2020","115","BatchId:4087305;OriginalHitTemplateId:920937340;","7200","259200","Sun Jun 21 12:26:59 PDT 2020","","","3IJXV6UZ1XJSLK86SPW3AA0LRU0IRX","AS4SXHJZMKQC7","Submitted","Sun Jun 21 08:57:34 PDT 2020","Sun Jun 21 09:02:35 PDT 2020","Wed Jun 24 09:02:35 PDT 2020","","","","301","0% (0/0)","0% (0/0)","0% (0/0)","sfpvtavexkkd26vt69lc"
"3SZYX62S5G045TVIMPA2S09YH5K75A","34NBII25NZIOGJLGY73HHZ47TJY2JF","Reading a passage and responding to questions","You will read a short passage about a person, then answer questions related to the passage.","sentences, decisions, language","$0.40","Sun Jun 21 08:26:59 PDT 2020","115","BatchId:4087305;OriginalHitTemplateId:920937340;","7200","259200","Sun Jun 21 12:26:59 PDT 2020","","","3H0W84IWBK2G5F6KW66CPV2TZ1RREV","AXPZAP62ZYWP8","Submitted","Sun Jun 21 08:37:54 PDT 2020","Sun Jun 21 08:43:39 PDT 2020","Wed Jun 24 08:43:39 PDT 2020","","","","345","0% (0/0)","0% (0/0)","0% (0/0)","dwrwhfm46vaptrlo53sv"