"HITId","HITTypeId","Title","Description","Keywords","Reward","CreationTime","MaxAssignments","RequesterAnnotation","AssignmentDurationInSeconds","AutoApprovalDelayInSeconds","Expiration","NumberOfSimilarHITs","LifetimeInSeconds","AssignmentId","WorkerId","AssignmentStatus","AcceptTime","SubmitTime","AutoApprovalTime","ApprovalTime","RejectionTime","RequesterFeedback","WorkTimeInSeconds","LifetimeApprovalRate","Last30DaysApprovalRate","Last7DaysApprovalRate","Answer.surveycode","Approve","Reject"
"3NQUW096N68ML1MWT9OTNLW1XNV9L2","32KI9HN0SH8Q5EEER27HJI3DITGU1K","Reading a passage and responding to questions","You will read a short passage about a person, then answer questions related to the passage.","sentences, decisions, language","$0.40","Fri May 22 07:22:56 PDT 2020","352","BatchId:4048858;OriginalHitTemplateId:920937340;","7200","172800","Fri May 22 11:22:56 PDT 2020","","","30LB5CDZNCAQGGDHYG1AQ92OC190ZM","A313QT1DPDE1RZ","Submitted","Fri May 22 07:42:16 PDT 2020","Fri May 22 07:46:25 PDT 2020","Sun May 24 07:46:25 PDT 2020","","","","249","0% (0/0)","0% (0/0)","0% (0/0)","mdzu5jrbma0jobcvnctg"
"3NQUW096N68ML1MWT9OTNLW1XNV9L2","32KI9HN0SH8Q5EEER27HJI3DITGU1K","Reading a passage and responding to questions","You will read a short passage about a person, then answer questions related to the passage.","sentences, decisions, language","$0.40","Fri May 22 07:22:56 PDT 2020","352","BatchId:4048858;OriginalHitTemplateId:920937340;","7200","172800","Fri May 22 11:22:56 PDT 2020","","","30LSNF239UVBH0RLDZH292SDDMP2I9","A3RIAIOHV70UN1","Submitted","Fri May 22 07:33:00 PDT 2020","Fri May 22 07:34:52 PDT 2020","Sun May 24 07:34:52 PDT 2020","","","","112","0% (0/0)","0% (0/0)","0% (0/0)","grubhjjjgesp7gmfr5hq"
"3NQUW096N68ML1MWT9OTNLW1XNV9L2","32KI9HN0SH8Q5EEER27HJI3DITGU1K","Reading a passage and responding to questions","You will read a short passage about a person, then answer questions related to the passage.","sentences, decisions, language","$0.40","Fri May 22 07:22:56 PDT 2020","352","BatchId:4048858;OriginalHitTemplateId:920937340;","7200","172800","Fri May 22 11:22:56 PDT 2020","","","30MVJZJNHMDICVWQGQHHVQFRW8BJ9J","A34AQDOT11OI5K","Submitted","Fri May 22 09:36:37 PDT 2020","Fri May 22 09:47:54 PDT 2020","Sun May 24 09:47:54 PDT 2020","","","","677","0% (0/0)","0% (0/0)","0% (0/0)","3jkhky3nmjao3eao82jx"
"3NQUW096N68ML1MWT9OTNLW1XNV9L2","32KI9HN0SH8Q5EEER27HJI3DITGU1K","Reading a passage and responding to questions","You will read a short passage about a person, then answer questions related to the passage.","sentences, decisions, language","$0.40","Fri May 22 07:22:56 PDT 2020","352","BatchId:4048858;OriginalHitTemplateId:920937340;","7200","172800","Fri May 22 11:22:56 PDT 2020","","","30MVJZJNHMDICVWQGQHHVQFRW8R9JP","A4TOAP5LQ3SW7","Submitted","Fri May 22 11:05:23 PDT 2020","Fri May 22 11:06:49 PDT 2020","Sun May 24 11:06:49 PDT 2020","","","","86","0% (0/0)","0% (0/0)","0% (0/0)","vsdus4yha7o72ne7tsf0"
"3NQUW096N68ML1MWT9OTNLW1XNV9L2","32KI9HN0SH8Q5EEER27HJI3DITGU1K","Reading a passage and responding to questions","You will read a short passage about a person, then answer questions related to the passage.","sentences, decisions, language","$0.40","Fri May 22 07:22:56 PDT 2020","352","BatchId:4048858;OriginalHitTemplateId:920937340;","7200","172800","Fri May 22 11:22:56 PDT 2020","","","317HQ483I7S76MGEZIFM1QVBOI6IN8","A19V3A2N7GWL77","Submitted","Fri May 22 09:53:01 PDT 2020","Fri May 22 09:58:55 PDT 2020","Sun May 24 09:58:55 PDT 2020","","","","354","0% (0/0)","0% (0/0)","0% (0/0)","ckywdsye98cvah9smsq9"
"3NQUW096N68ML1MWT9OTNLW1XNV9L2","32KI9HN0SH8Q5EEER27HJI3DITGU1K","Reading a passage and responding to questions","You will read a short passage about a person, then answer questions related to the passage.","sentences, decisions, language","$0.40","Fri May 22 07:22:56 PDT 2020","352","BatchId:4048858;OriginalHitTemplateId:920937340;","7200","172800","Fri May 22 11:22:56 PDT 2020","","","31LM9EDVOLS31X0KH00MDRAB1WIJN6","A1HVOK402PEXCJ","Submitted","Fri May 22 08:34:10 PDT 2020","Fri May 22 08:37:26 PDT 2020","Sun May 24 08:37:26 PDT 2020","","","","196","0% (0/0)","0% (0/0)","0% (0/0)","p44rk91wh9ahl9du793n"
"3NQUW096N68ML1MWT9OTNLW1XNV9L2","32KI9HN0SH8Q5EEER27HJI3DITGU1K","Reading a passage and responding to questions","You will read a short passage about a person, then answer questions related to the passage.","sentences, decisions, language","$0.40","Fri May 22 07:22:56 PDT 2020","352","BatchId:4048858;OriginalHitTemplateId:920937340;","7200","172800","Fri May 22 11:22:56 PDT 2020","","","326O153BMIYM45NFE5BSK6LPIKEEDS","A1G4MDRJ3Y36DA","Submitted","Fri May 22 08:03:17 PDT 2020","Fri May 22 08:11:25 PDT 2020","Sun May 24 08:11:25 PDT 2020","","","","488","0% (0/0)","0% (0/0)","0% (0/0)","cd7v63ts9z4jxxtw3f2h"
"3NQUW096N68ML1MWT9OTNLW1XNV9L2","32KI9HN0SH8Q5EEER27HJI3DITGU1K","Reading a passage and responding to questions","You will read a short passage about a person, then answer questions related to the passage.","sentences, decisions, language","$0.40","Fri May 22 07:22:56 PDT 2020","352","BatchId:4048858;OriginalHitTemplateId:920937340;","7200","172800","Fri May 22 11:22:56 PDT 2020","","","336KAV9KYQSX706QHH35VQM135KY28","A3CHN34VOB7PQQ","Submitted","Fri May 22 07:25:55 PDT 2020","Fri May 22 07:35:59 PDT 2020","Sun May 24 07:35:59 PDT 2020","","","","604","0% (0/0)","0% (0/0)","0% (0/0)","p20u4awj1zhtcy5kqku7"
"3NQUW096N68ML1MWT9OTNLW1XNV9L2","32KI9HN0SH8Q5EEER27HJI3DITGU1K","Reading a passage and responding to questions","You will read a short passage about a person, then answer questions related to the passage.","sentences, decisions, language","$0.40","Fri May 22 07:22:56 PDT 2020","352","BatchId:4048858;OriginalHitTemplateId:920937340;","7200","172800","Fri May 22 11:22:56 PDT 2020","","","33SA9F9TRXULDBN6V0GICUAAP0AWE9","A3VR4B1I5K2K86","Submitted","Fri May 22 07:23:52 PDT 2020","Fri May 22 08:37:30 PDT 2020","Sun May 24 08:37:30 PDT 2020","","","","4418","0% (0/0)","0% (0/0)","0% (0/0)","hc7egysmd57shufgc7yt"
"3NQUW096N68ML1MWT9OTNLW1XNV9L2","32KI9HN0SH8Q5EEER27HJI3DITGU1K","Reading a passage and responding to questions","You will read a short passage about a person, then answer questions related to the passage.","sentences, decisions, language","$0.40","Fri May 22 07:22:56 PDT 2020","352","BatchId:4048858;OriginalHitTemplateId:920937340;","7200","172800","Fri May 22 11:22:56 PDT 2020","","","34BBWHLWHABXTGPSRJ69X982HTLIW8","A2CHP6O281PKTZ","Submitted","Fri May 22 07:38:02 PDT 2020","Fri May 22 07:46:25 PDT 2020","Sun May 24 07:46:25 PDT 2020","","","","503","0% (0/0)","0% (0/0)","0% (0/0)","upnyuq79kvb1z3oh4rsm"
"3NQUW096N68ML1MWT9OTNLW1XNV9L2","32KI9HN0SH8Q5EEER27HJI3DITGU1K","Reading a passage and responding to questions","You will read a short passage about a person, then answer questions related to the passage.","sentences, decisions, language","$0.40","Fri May 22 07:22:56 PDT 2020","352","BatchId:4048858;OriginalHitTemplateId:920937340;","7200","172800","Fri May 22 11:22:56 PDT 2020","","","35GCEFQ6I5OMX8CEH3JTS70VFET3ZM","A1YUM7TRGXU6Z8","Submitted","Fri May 22 10:57:56 PDT 2020","Fri May 22 11:10:08 PDT 2020","Sun May 24 11:10:08 PDT 2020","","","","732","0% (0/0)","0% (0/0)","0% (0/0)","c9uz94p9vz33czyw9q92"
"3NQUW096N68ML1MWT9OTNLW1XNV9L2","32KI9HN0SH8Q5EEER27HJI3DITGU1K","Reading a passage and responding to questions","You will read a short passage about a person, then answer questions related to the passage.","sentences, decisions, language","$0.40","Fri May 22 07:22:56 PDT 2020","352","BatchId:4048858;OriginalHitTemplateId:920937340;","7200","172800","Fri May 22 11:22:56 PDT 2020","","","35GMH2SV3EHD82E44EP8V0XOMYVOE9","A3Q6H3NWY6GM5T","Submitted","Fri May 22 09:01:16 PDT 2020","Fri May 22 09:08:24 PDT 2020","Sun May 24 09:08:24 PDT 2020","","","","428","0% (0/0)","0% (0/0)","0% (0/0)","r9f5k2c40s8hw43bu45e"
"3NQUW096N68ML1MWT9OTNLW1XNV9L2","32KI9HN0SH8Q5EEER27HJI3DITGU1K","Reading a passage and responding to questions","You will read a short passage about a person, then answer questions related to the passage.","sentences, decisions, language","$0.40","Fri May 22 07:22:56 PDT 2020","352","BatchId:4048858;OriginalHitTemplateId:920937340;","7200","172800","Fri May 22 11:22:56 PDT 2020","","","36U2A8VAG1ZSOGAG6N99VM8VK56YKU","A2I2SSZKCRPPT5","Submitted","Fri May 22 07:23:31 PDT 2020","Fri May 22 07:29:43 PDT 2020","Sun May 24 07:29:43 PDT 2020","","","","372","0% (0/0)","0% (0/0)","0% (0/0)","869q48vnjww50tm45cqu"
"3NQUW096N68ML1MWT9OTNLW1XNV9L2","32KI9HN0SH8Q5EEER27HJI3DITGU1K","Reading a passage and responding to questions","You will read a short passage about a person, then answer questions related to the passage.","sentences, decisions, language","$0.40","Fri May 22 07:22:56 PDT 2020","352","BatchId:4048858;OriginalHitTemplateId:920937340;","7200","172800","Fri May 22 11:22:56 PDT 2020","","","36U2A8VAG1ZSOGAG6N99VM8VK5FYK3","A277UPR6JWGMWY","Submitted","Fri May 22 08:01:55 PDT 2020","Fri May 22 08:07:13 PDT 2020","Sun May 24 08:07:13 PDT 2020","","","","318","0% (0/0)","0% (0/0)","0% (0/0)","mbafylx1x5rmxnd9fd07"
"3NQUW096N68ML1MWT9OTNLW1XNV9L2","32KI9HN0SH8Q5EEER27HJI3DITGU1K","Reading a passage and responding to questions","You will read a short passage about a person, then answer questions related to the passage.","sentences, decisions, language","$0.40","Fri May 22 07:22:56 PDT 2020","352","BatchId:4048858;OriginalHitTemplateId:920937340;","7200","172800","Fri May 22 11:22:56 PDT 2020","","","36V4Q8R5ZK0E52JX0P5VXDXXA1KMQK","A3318TBRF5MOX4","Submitted","Fri May 22 07:23:45 PDT 2020","Fri May 22 07:33:18 PDT 2020","Sun May 24 07:33:18 PDT 2020","","","","573","0% (0/0)","0% (0/0)","0% (0/0)","nek5amnrdfpnq6g6zdhj"
"3NQUW096N68ML1MWT9OTNLW1XNV9L2","32KI9HN0SH8Q5EEER27HJI3DITGU1K","Reading a passage and responding to questions","You will read a short passage about a person, then answer questions related to the passage.","sentences, decisions, language","$0.40","Fri May 22 07:22:56 PDT 2020","352","BatchId:4048858;OriginalHitTemplateId:920937340;","7200","172800","Fri May 22 11:22:56 PDT 2020","","","37UQDCYH6XVNP78RIIXGKIZFW4BV7J","AWBE11AIHVI0I","Submitted","Fri May 22 07:52:07 PDT 2020","Fri May 22 08:00:56 PDT 2020","Sun May 24 08:00:56 PDT 2020","","","","529","0% (0/0)","0% (0/0)","0% (0/0)","cjpehputbv38oyd1kbnk"
"3NQUW096N68ML1MWT9OTNLW1XNV9L2","32KI9HN0SH8Q5EEER27HJI3DITGU1K","Reading a passage and responding to questions","You will read a short passage about a person, then answer questions related to the passage.","sentences, decisions, language","$0.40","Fri May 22 07:22:56 PDT 2020","352","BatchId:4048858;OriginalHitTemplateId:920937340;","7200","172800","Fri May 22 11:22:56 PDT 2020","","","37XITHEISW918HM60F0HZ72QC9JCRU","ATU9GP0AIM0C2","Submitted","Fri May 22 07:25:39 PDT 2020","Fri May 22 07:31:09 PDT 2020","Sun May 24 07:31:09 PDT 2020","","","","330","0% (0/0)","0% (0/0)","0% (0/0)","8rkgtx68k10x8c8kdcwr"
"3NQUW096N68ML1MWT9OTNLW1XNV9L2","32KI9HN0SH8Q5EEER27HJI3DITGU1K","Reading a passage and responding to questions","You will read a short passage about a person, then answer questions related to the passage.","sentences, decisions, language","$0.40","Fri May 22 07:22:56 PDT 2020","352","BatchId:4048858;OriginalHitTemplateId:920937340;","7200","172800","Fri May 22 11:22:56 PDT 2020","","","38F71OA9GTWHEDTOM9U1LETJ3ZFFMN","AT96KE4PMWUI3","Submitted","Fri May 22 07:37:16 PDT 2020","Fri May 22 07:39:08 PDT 2020","Sun May 24 07:39:08 PDT 2020","","","","112","0% (0/0)","0% (0/0)","0% (0/0)","z8oyuc5k6w2oa3xkcjpf"
"3NQUW096N68ML1MWT9OTNLW1XNV9L2","32KI9HN0SH8Q5EEER27HJI3DITGU1K","Reading a passage and responding to questions","You will read a short passage about a person, then answer questions related to the passage.","sentences, decisions, language","$0.40","Fri May 22 07:22:56 PDT 2020","352","BatchId:4048858;OriginalHitTemplateId:920937340;","7200","172800","Fri May 22 11:22:56 PDT 2020","","","392CY0QWG1RLKE68HD0Q2HPBX0J4I5","A159IA6F6H52HQ","Submitted","Fri May 22 07:24:32 PDT 2020","Fri May 22 08:52:24 PDT 2020","Sun May 24 08:52:24 PDT 2020","","","","5272","0% (0/0)","0% (0/0)","0% (0/0)","4lg2lxdq61dm1hrhpyv8"
"3NQUW096N68ML1MWT9OTNLW1XNV9L2","32KI9HN0SH8Q5EEER27HJI3DITGU1K","Reading a passage and responding to questions","You will read a short passage about a person, then answer questions related to the passage.","sentences, decisions, language","$0.40","Fri May 22 07:22:56 PDT 2020","352","BatchId:4048858;OriginalHitTemplateId:920937340;","7200","172800","Fri May 22 11:22:56 PDT 2020","","","39DD6S19JPBP76SB6N0PBY4S62FZE3","A3R1PVHH57HZLZ","Submitted","Fri May 22 07:28:19 PDT 2020","Fri May 22 07:31:35 PDT 2020","Sun May 24 07:31:35 PDT 2020","","","","196","0% (0/0)","0% (0/0)","0% (0/0)","ngf9wuda1huya0lk5xvn"
"3NQUW096N68ML1MWT9OTNLW1XNV9L2","32KI9HN0SH8Q5EEER27HJI3DITGU1K","Reading a passage and responding to questions","You will read a short passage about a person, then answer questions related to the passage.","sentences, decisions, language","$0.40","Fri May 22 07:22:56 PDT 2020","352","BatchId:4048858;OriginalHitTemplateId:920937340;","7200","172800","Fri May 22 11:22:56 PDT 2020","","","39O5D9O87TS9PF14PPZLH9ZA6VGC33","A9VK6DKXQWNVB","Submitted","Fri May 22 08:22:37 PDT 2020","Fri May 22 09:59:11 PDT 2020","Sun May 24 09:59:11 PDT 2020","","","","5794","0% (0/0)","0% (0/0)","0% (0/0)","v87ymf9jfcfo139dt9jr"
"3NQUW096N68ML1MWT9OTNLW1XNV9L2","32KI9HN0SH8Q5EEER27HJI3DITGU1K","Reading a passage and responding to questions","You will read a short passage about a person, then answer questions related to the passage.","sentences, decisions, language","$0.40","Fri May 22 07:22:56 PDT 2020","352","BatchId:4048858;OriginalHitTemplateId:920937340;","7200","172800","Fri May 22 11:22:56 PDT 2020","","","3A0EX8ZRN8ORVD6M0AWGWJP5XBCYBP","A31VIS6N5FNCOV","Submitted","Fri May 22 08:31:46 PDT 2020","Fri May 22 08:36:00 PDT 2020","Sun May 24 08:36:00 PDT 2020","","","","254","0% (0/0)","0% (0/0)","0% (0/0)","kzhgodj5bpjekypxh5wj"
"3NQUW096N68ML1MWT9OTNLW1XNV9L2","32KI9HN0SH8Q5EEER27HJI3DITGU1K","Reading a passage and responding to questions","You will read a short passage about a person, then answer questions related to the passage.","sentences, decisions, language","$0.40","Fri May 22 07:22:56 PDT 2020","352","BatchId:4048858;OriginalHitTemplateId:920937340;","7200","172800","Fri May 22 11:22:56 PDT 2020","","","3A7Y0R2P2OO8DREOJ6NVBT193AOXJ0","A24OEE808T0JYP","Submitted","Fri May 22 08:15:31 PDT 2020","Fri May 22 08:22:38 PDT 2020","Sun May 24 08:22:38 PDT 2020","","","","427","0% (0/0)","0% (0/0)","0% (0/0)","7rsu98e27wnpo3nmbs70"
"3NQUW096N68ML1MWT9OTNLW1XNV9L2","32KI9HN0SH8Q5EEER27HJI3DITGU1K","Reading a passage and responding to questions","You will read a short passage about a person, then answer questions related to the passage.","sentences, decisions, language","$0.40","Fri May 22 07:22:56 PDT 2020","352","BatchId:4048858;OriginalHitTemplateId:920937340;","7200","172800","Fri May 22 11:22:56 PDT 2020","","","3AMW0RGHOD2ZN83ICD56ANWNAVRPNF","A263P3VNONDW1H","Submitted","Fri May 22 08:54:06 PDT 2020","Fri May 22 08:58:13 PDT 2020","Sun May 24 08:58:13 PDT 2020","","","","247","0% (0/0)","0% (0/0)","0% (0/0)","jujb1mkllv8q2sahfvdk"
"3NQUW096N68ML1MWT9OTNLW1XNV9L2","32KI9HN0SH8Q5EEER27HJI3DITGU1K","Reading a passage and responding to questions","You will read a short passage about a person, then answer questions related to the passage.","sentences, decisions, language","$0.40","Fri May 22 07:22:56 PDT 2020","352","BatchId:4048858;OriginalHitTemplateId:920937340;","7200","172800","Fri May 22 11:22:56 PDT 2020","","","3AUQQEL7U5T97W87XJC753PSOQC0VV","A13I8IIP7O3WFC","Submitted","Fri May 22 08:21:40 PDT 2020","Fri May 22 08:27:32 PDT 2020","Sun May 24 08:27:32 PDT 2020","","","","352","0% (0/0)","0% (0/0)","0% (0/0)","3ceduglkxgptq8nq5jvz"
"3NQUW096N68ML1MWT9OTNLW1XNV9L2","32KI9HN0SH8Q5EEER27HJI3DITGU1K","Reading a passage and responding to questions","You will read a short passage about a person, then answer questions related to the passage.","sentences, decisions, language","$0.40","Fri May 22 07:22:56 PDT 2020","352","BatchId:4048858;OriginalHitTemplateId:920937340;","7200","172800","Fri May 22 11:22:56 PDT 2020","","","3AUQQEL7U5T97W87XJC753PSOR50VQ","AFZX8IWXFYL5B","Submitted","Fri May 22 11:09:21 PDT 2020","Fri May 22 11:18:14 PDT 2020","Sun May 24 11:18:14 PDT 2020","","","","533","0% (0/0)","0% (0/0)","0% (0/0)","5m6rpku03wstng72o2ny"
"3NQUW096N68ML1MWT9OTNLW1XNV9L2","32KI9HN0SH8Q5EEER27HJI3DITGU1K","Reading a passage and responding to questions","You will read a short passage about a person, then answer questions related to the passage.","sentences, decisions, language","$0.40","Fri May 22 07:22:56 PDT 2020","352","BatchId:4048858;OriginalHitTemplateId:920937340;","7200","172800","Fri May 22 11:22:56 PDT 2020","","","3CTOC39K37QEYC8X1TJXHUOL1IU7J2","A101Q6EW4S6ZWR","Submitted","Fri May 22 10:11:09 PDT 2020","Fri May 22 10:17:39 PDT 2020","Sun May 24 10:17:39 PDT 2020","","","","390","0% (0/0)","0% (0/0)","0% (0/0)","99bujlc9qce15w9kkq3w"
"3NQUW096N68ML1MWT9OTNLW1XNV9L2","32KI9HN0SH8Q5EEER27HJI3DITGU1K","Reading a passage and responding to questions","You will read a short passage about a person, then answer questions related to the passage.","sentences, decisions, language","$0.40","Fri May 22 07:22:56 PDT 2020","352","BatchId:4048858;OriginalHitTemplateId:920937340;","7200","172800","Fri May 22 11:22:56 PDT 2020","","","3D3VGR7TA0FDVHQN7MPG64YW6XAR3H","A9IVKB32DAYBS","Submitted","Fri May 22 11:03:50 PDT 2020","Fri May 22 11:12:11 PDT 2020","Sun May 24 11:12:11 PDT 2020","","","","501","0% (0/0)","0% (0/0)","0% (0/0)","roe4c52edvv0vfq3fral"
"3NQUW096N68ML1MWT9OTNLW1XNV9L2","32KI9HN0SH8Q5EEER27HJI3DITGU1K","Reading a passage and responding to questions","You will read a short passage about a person, then answer questions related to the passage.","sentences, decisions, language","$0.40","Fri May 22 07:22:56 PDT 2020","352","BatchId:4048858;OriginalHitTemplateId:920937340;","7200","172800","Fri May 22 11:22:56 PDT 2020","","","3DUZQ9U6SMO985SJ6LVRF9VBJIMVS4","A2AURUSE00R39J","Submitted","Fri May 22 07:45:02 PDT 2020","Fri May 22 07:50:22 PDT 2020","Sun May 24 07:50:22 PDT 2020","","","","320","0% (0/0)","0% (0/0)","0% (0/0)","am3w8cakysv2d89eyc3w"
"3NQUW096N68ML1MWT9OTNLW1XNV9L2","32KI9HN0SH8Q5EEER27HJI3DITGU1K","Reading a passage and responding to questions","You will read a short passage about a person, then answer questions related to the passage.","sentences, decisions, language","$0.40","Fri May 22 07:22:56 PDT 2020","352","BatchId:4048858;OriginalHitTemplateId:920937340;","7200","172800","Fri May 22 11:22:56 PDT 2020","","","3EG49X351UCWPWZHZNT62PW4H4T6XS","A2DZW5E52SJ93H","Submitted","Fri May 22 07:24:36 PDT 2020","Fri May 22 07:28:20 PDT 2020","Sun May 24 07:28:20 PDT 2020","","","","224","0% (0/0)","0% (0/0)","0% (0/0)","haj76v33uqf1yny9p8ve"
"3NQUW096N68ML1MWT9OTNLW1XNV9L2","32KI9HN0SH8Q5EEER27HJI3DITGU1K","Reading a passage and responding to questions","You will read a short passage about a person, then answer questions related to the passage.","sentences, decisions, language","$0.40","Fri May 22 07:22:56 PDT 2020","352","BatchId:4048858;OriginalHitTemplateId:920937340;","7200","172800","Fri May 22 11:22:56 PDT 2020","","","3EKVH9QMEY4U9PBZLLGRI5C0LHF2D5","AOWW3URQNRJ6U","Submitted","Fri May 22 07:24:43 PDT 2020","Fri May 22 09:17:25 PDT 2020","Sun May 24 09:17:25 PDT 2020","","","","6762","0% (0/0)","0% (0/0)","0% (0/0)","l5lz846r2lw4awp455ay"
"3NQUW096N68ML1MWT9OTNLW1XNV9L2","32KI9HN0SH8Q5EEER27HJI3DITGU1K","Reading a passage and responding to questions","You will read a short passage about a person, then answer questions related to the passage.","sentences, decisions, language","$0.40","Fri May 22 07:22:56 PDT 2020","352","BatchId:4048858;OriginalHitTemplateId:920937340;","7200","172800","Fri May 22 11:22:56 PDT 2020","","","3F6KKYWMNB1QYB0S74EBATFYWCHDNI","AWGCI5M1RK64G","Submitted","Fri May 22 08:12:14 PDT 2020","Fri May 22 08:18:39 PDT 2020","Sun May 24 08:18:39 PDT 2020","","","","385","0% (0/0)","0% (0/0)","0% (0/0)","nlzegar3udmjcs1lmn3e"
"3NQUW096N68ML1MWT9OTNLW1XNV9L2","32KI9HN0SH8Q5EEER27HJI3DITGU1K","Reading a passage and responding to questions","You will read a short passage about a person, then answer questions related to the passage.","sentences, decisions, language","$0.40","Fri May 22 07:22:56 PDT 2020","352","BatchId:4048858;OriginalHitTemplateId:920937340;","7200","172800","Fri May 22 11:22:56 PDT 2020","","","3FQ5JJ512LOYCH62ZL0YE6AOGLFKN3","A3022FLN8D5NSV","Submitted","Fri May 22 08:20:01 PDT 2020","Fri May 22 08:24:26 PDT 2020","Sun May 24 08:24:26 PDT 2020","","","","265","0% (0/0)","0% (0/0)","0% (0/0)","rycxx1w77epq8jsq8hkn"
"3NQUW096N68ML1MWT9OTNLW1XNV9L2","32KI9HN0SH8Q5EEER27HJI3DITGU1K","Reading a passage and responding to questions","You will read a short passage about a person, then answer questions related to the passage.","sentences, decisions, language","$0.40","Fri May 22 07:22:56 PDT 2020","352","BatchId:4048858;OriginalHitTemplateId:920937340;","7200","172800","Fri May 22 11:22:56 PDT 2020","","","3G0WWMR1UVKKNK4XCQKVASMXFR0NQR","A3VLKBVKQ3SXM9","Submitted","Fri May 22 07:48:05 PDT 2020","Fri May 22 07:51:26 PDT 2020","Sun May 24 07:51:26 PDT 2020","","","","201","0% (0/0)","0% (0/0)","0% (0/0)","f88adz6ffrc65tnha0ca"
"3NQUW096N68ML1MWT9OTNLW1XNV9L2","32KI9HN0SH8Q5EEER27HJI3DITGU1K","Reading a passage and responding to questions","You will read a short passage about a person, then answer questions related to the passage.","sentences, decisions, language","$0.40","Fri May 22 07:22:56 PDT 2020","352","BatchId:4048858;OriginalHitTemplateId:920937340;","7200","172800","Fri May 22 11:22:56 PDT 2020","","","3GGAI1SQEVYAB19EV740D88G6NHMCF","A3CT087EBNB58Z","Submitted","Fri May 22 10:20:42 PDT 2020","Fri May 22 10:52:38 PDT 2020","Sun May 24 10:52:38 PDT 2020","","","","1916","0% (0/0)","0% (0/0)","0% (0/0)","6rl6d45bcl0wjazqdsky"
"3NQUW096N68ML1MWT9OTNLW1XNV9L2","32KI9HN0SH8Q5EEER27HJI3DITGU1K","Reading a passage and responding to questions","You will read a short passage about a person, then answer questions related to the passage.","sentences, decisions, language","$0.40","Fri May 22 07:22:56 PDT 2020","352","BatchId:4048858;OriginalHitTemplateId:920937340;","7200","172800","Fri May 22 11:22:56 PDT 2020","","","3HPZF4IVNMTA5IYSEASB73VNFW8CY6","A2F4XKQO3MJW88","Submitted","Fri May 22 08:09:35 PDT 2020","Fri May 22 08:13:28 PDT 2020","Sun May 24 08:13:28 PDT 2020","","","","233","0% (0/0)","0% (0/0)","0% (0/0)","8tq8unna9c76wbdhaq7w"
"3NQUW096N68ML1MWT9OTNLW1XNV9L2","32KI9HN0SH8Q5EEER27HJI3DITGU1K","Reading a passage and responding to questions","You will read a short passage about a person, then answer questions related to the passage.","sentences, decisions, language","$0.40","Fri May 22 07:22:56 PDT 2020","352","BatchId:4048858;OriginalHitTemplateId:920937340;","7200","172800","Fri May 22 11:22:56 PDT 2020","","","3HUTX6F6VUNLDM2OBUU7TZOZPVOO2Q","A2P3UQZWK9Y3B3","Submitted","Fri May 22 07:34:55 PDT 2020","Fri May 22 07:52:46 PDT 2020","Sun May 24 07:52:46 PDT 2020","","","","1071","0% (0/0)","0% (0/0)","0% (0/0)","0daeatw9w9uvaq0lswkz"
"3NQUW096N68ML1MWT9OTNLW1XNV9L2","32KI9HN0SH8Q5EEER27HJI3DITGU1K","Reading a passage and responding to questions","You will read a short passage about a person, then answer questions related to the passage.","sentences, decisions, language","$0.40","Fri May 22 07:22:56 PDT 2020","352","BatchId:4048858;OriginalHitTemplateId:920937340;","7200","172800","Fri May 22 11:22:56 PDT 2020","","","3HVVDCPGTESRRZ030WN1WDVR3IBYTE","A16TB6KOY5OX79","Submitted","Fri May 22 08:26:02 PDT 2020","Fri May 22 08:39:47 PDT 2020","Sun May 24 08:39:47 PDT 2020","","","","825","0% (0/0)","0% (0/0)","0% (0/0)","aecrnj77omou0ayuzyxo"
"3NQUW096N68ML1MWT9OTNLW1XNV9L2","32KI9HN0SH8Q5EEER27HJI3DITGU1K","Reading a passage and responding to questions","You will read a short passage about a person, then answer questions related to the passage.","sentences, decisions, language","$0.40","Fri May 22 07:22:56 PDT 2020","352","BatchId:4048858;OriginalHitTemplateId:920937340;","7200","172800","Fri May 22 11:22:56 PDT 2020","","","3IOEN3P9S7JOZVEOSU8Z7GS3CPL617","A21ZIB3KHPF0YF","Submitted","Fri May 22 07:53:44 PDT 2020","Fri May 22 07:59:04 PDT 2020","Sun May 24 07:59:04 PDT 2020","","","","320","0% (0/0)","0% (0/0)","0% (0/0)","8zmzsf6cxcsodz05jk9d"
"3NQUW096N68ML1MWT9OTNLW1XNV9L2","32KI9HN0SH8Q5EEER27HJI3DITGU1K","Reading a passage and responding to questions","You will read a short passage about a person, then answer questions related to the passage.","sentences, decisions, language","$0.40","Fri May 22 07:22:56 PDT 2020","352","BatchId:4048858;OriginalHitTemplateId:920937340;","7200","172800","Fri May 22 11:22:56 PDT 2020","","","3JV9LGBJWTEBSGAVA9FWV3I0ZEWGO4","A1T8E0WLQ1VI1Q","Submitted","Fri May 22 07:46:12 PDT 2020","Fri May 22 08:01:10 PDT 2020","Sun May 24 08:01:10 PDT 2020","","","","898","0% (0/0)","0% (0/0)","0% (0/0)","2uleeud2x7ozqcjb837f"
"3NQUW096N68ML1MWT9OTNLW1XNV9L2","32KI9HN0SH8Q5EEER27HJI3DITGU1K","Reading a passage and responding to questions","You will read a short passage about a person, then answer questions related to the passage.","sentences, decisions, language","$0.40","Fri May 22 07:22:56 PDT 2020","352","BatchId:4048858;OriginalHitTemplateId:920937340;","7200","172800","Fri May 22 11:22:56 PDT 2020","","","3KMS4QQVK2QMOPTL1XHL611FEUKKFN","A2DZVF9Q8S03UG","Submitted","Fri May 22 07:39:31 PDT 2020","Fri May 22 07:40:58 PDT 2020","Sun May 24 07:40:58 PDT 2020","","","","87","0% (0/0)","0% (0/0)","0% (0/0)","8dua5n943b7g8b6vz316"
"3NQUW096N68ML1MWT9OTNLW1XNV9L2","32KI9HN0SH8Q5EEER27HJI3DITGU1K","Reading a passage and responding to questions","You will read a short passage about a person, then answer questions related to the passage.","sentences, decisions, language","$0.40","Fri May 22 07:22:56 PDT 2020","352","BatchId:4048858;OriginalHitTemplateId:920937340;","7200","172800","Fri May 22 11:22:56 PDT 2020","","","3LJ7UR74RHDDYFHZETDI7PLSJ01N4U","A2IXZ15YT4OWDM","Submitted","Fri May 22 09:33:11 PDT 2020","Fri May 22 09:41:48 PDT 2020","Sun May 24 09:41:48 PDT 2020","","","","517","0% (0/0)","0% (0/0)","0% (0/0)","60853tc5z1hwq95crvxq"
"3NQUW096N68ML1MWT9OTNLW1XNV9L2","32KI9HN0SH8Q5EEER27HJI3DITGU1K","Reading a passage and responding to questions","You will read a short passage about a person, then answer questions related to the passage.","sentences, decisions, language","$0.40","Fri May 22 07:22:56 PDT 2020","352","BatchId:4048858;OriginalHitTemplateId:920937340;","7200","172800","Fri May 22 11:22:56 PDT 2020","","","3N4BPTXIO8SB77QBWMCKS12IOIHUKG","A1MZV4RBQ8VXFC","Submitted","Fri May 22 09:16:11 PDT 2020","Fri May 22 09:26:40 PDT 2020","Sun May 24 09:26:40 PDT 2020","","","","629","0% (0/0)","0% (0/0)","0% (0/0)","wkd1f0kfmmlh4nnf5x68"
"3NQUW096N68ML1MWT9OTNLW1XNV9L2","32KI9HN0SH8Q5EEER27HJI3DITGU1K","Reading a passage and responding to questions","You will read a short passage about a person, then answer questions related to the passage.","sentences, decisions, language","$0.40","Fri May 22 07:22:56 PDT 2020","352","BatchId:4048858;OriginalHitTemplateId:920937340;","7200","172800","Fri May 22 11:22:56 PDT 2020","","","3NKQQ8O39Y53T1K145QXOO7S485DU5","ALN9GFZQLOZLY","Submitted","Fri May 22 07:49:49 PDT 2020","Fri May 22 07:54:06 PDT 2020","Sun May 24 07:54:06 PDT 2020","","","","257","0% (0/0)","0% (0/0)","0% (0/0)","tnp591phrhlduwqubj4z"
"3NQUW096N68ML1MWT9OTNLW1XNV9L2","32KI9HN0SH8Q5EEER27HJI3DITGU1K","Reading a passage and responding to questions","You will read a short passage about a person, then answer questions related to the passage.","sentences, decisions, language","$0.40","Fri May 22 07:22:56 PDT 2020","352","BatchId:4048858;OriginalHitTemplateId:920937340;","7200","172800","Fri May 22 11:22:56 PDT 2020","","","3NKQQ8O39Y53T1K145QXOO7S49VDUX","AD9CC82DLNPQS","Submitted","Fri May 22 10:12:51 PDT 2020","Fri May 22 10:16:19 PDT 2020","Sun May 24 10:16:19 PDT 2020","","","","208","0% (0/0)","0% (0/0)","0% (0/0)","vfqr0squbbdq3cgyxujh"
"3NQUW096N68ML1MWT9OTNLW1XNV9L2","32KI9HN0SH8Q5EEER27HJI3DITGU1K","Reading a passage and responding to questions","You will read a short passage about a person, then answer questions related to the passage.","sentences, decisions, language","$0.40","Fri May 22 07:22:56 PDT 2020","352","BatchId:4048858;OriginalHitTemplateId:920937340;","7200","172800","Fri May 22 11:22:56 PDT 2020","","","3P4RDNWND56BNWPTKKNU8JEUFXRJIT","A1JRS2LN73HXN7","Submitted","Fri May 22 08:55:09 PDT 2020","Fri May 22 09:07:31 PDT 2020","Sun May 24 09:07:31 PDT 2020","","","","742","0% (0/0)","0% (0/0)","0% (0/0)","k5nym6wo64yal8jjpp4a"
"3NQUW096N68ML1MWT9OTNLW1XNV9L2","32KI9HN0SH8Q5EEER27HJI3DITGU1K","Reading a passage and responding to questions","You will read a short passage about a person, then answer questions related to the passage.","sentences, decisions, language","$0.40","Fri May 22 07:22:56 PDT 2020","352","BatchId:4048858;OriginalHitTemplateId:920937340;","7200","172800","Fri May 22 11:22:56 PDT 2020","","","3PWWM24LHSYISUF84D5BWDYZAQI28Z","A1M1A03NO8X15V","Submitted","Fri May 22 07:24:54 PDT 2020","Fri May 22 07:54:19 PDT 2020","Sun May 24 07:54:19 PDT 2020","","","","1765","0% (0/0)","0% (0/0)","0% (0/0)","pzmw03x9qwylj92xcdr9"
"3NQUW096N68ML1MWT9OTNLW1XNV9L2","32KI9HN0SH8Q5EEER27HJI3DITGU1K","Reading a passage and responding to questions","You will read a short passage about a person, then answer questions related to the passage.","sentences, decisions, language","$0.40","Fri May 22 07:22:56 PDT 2020","352","BatchId:4048858;OriginalHitTemplateId:920937340;","7200","172800","Fri May 22 11:22:56 PDT 2020","","","3PZDLQMM0TLK4X5LLPLGYZUI0HEC2Q","A1L3F0WOHD0RBS","Submitted","Fri May 22 08:13:36 PDT 2020","Fri May 22 08:16:28 PDT 2020","Sun May 24 08:16:28 PDT 2020","","","","172","0% (0/0)","0% (0/0)","0% (0/0)","9m903e57sp3znfax7dug"
"3NQUW096N68ML1MWT9OTNLW1XNV9L2","32KI9HN0SH8Q5EEER27HJI3DITGU1K","Reading a passage and responding to questions","You will read a short passage about a person, then answer questions related to the passage.","sentences, decisions, language","$0.40","Fri May 22 07:22:56 PDT 2020","352","BatchId:4048858;OriginalHitTemplateId:920937340;","7200","172800","Fri May 22 11:22:56 PDT 2020","","","3QAPZX2QN4D0A5A599SW3YSHRSE20K","A2H0BNXVZ5ZFI1","Submitted","Fri May 22 07:59:05 PDT 2020","Fri May 22 08:10:09 PDT 2020","Sun May 24 08:10:09 PDT 2020","","","","664","0% (0/0)","0% (0/0)","0% (0/0)","8qjox979gpuv2c2f06o5"
"3NQUW096N68ML1MWT9OTNLW1XNV9L2","32KI9HN0SH8Q5EEER27HJI3DITGU1K","Reading a passage and responding to questions","You will read a short passage about a person, then answer questions related to the passage.","sentences, decisions, language","$0.40","Fri May 22 07:22:56 PDT 2020","352","BatchId:4048858;OriginalHitTemplateId:920937340;","7200","172800","Fri May 22 11:22:56 PDT 2020","","","3QEMNNSB2XZ1VQ85RXXMEWT8WX27DR","A9OSWRV7X10FW","Submitted","Fri May 22 07:28:50 PDT 2020","Fri May 22 07:32:00 PDT 2020","Sun May 24 07:32:00 PDT 2020","","","","190","0% (0/0)","0% (0/0)","0% (0/0)","zlg3qt93brbprytvyfnl"
"3NQUW096N68ML1MWT9OTNLW1XNV9L2","32KI9HN0SH8Q5EEER27HJI3DITGU1K","Reading a passage and responding to questions","You will read a short passage about a person, then answer questions related to the passage.","sentences, decisions, language","$0.40","Fri May 22 07:22:56 PDT 2020","352","BatchId:4048858;OriginalHitTemplateId:920937340;","7200","172800","Fri May 22 11:22:56 PDT 2020","","","3RGU30DZTA8XJFFK5ZLM0CLBW6SJMQ","A1070JFL7WGY3V","Submitted","Fri May 22 07:23:29 PDT 2020","Fri May 22 08:43:52 PDT 2020","Sun May 24 08:43:52 PDT 2020","","","","4823","0% (0/0)","0% (0/0)","0% (0/0)","shdtulelbpa4sjt6mmm6"
"3NQUW096N68ML1MWT9OTNLW1XNV9L2","32KI9HN0SH8Q5EEER27HJI3DITGU1K","Reading a passage and responding to questions","You will read a short passage about a person, then answer questions related to the passage.","sentences, decisions, language","$0.40","Fri May 22 07:22:56 PDT 2020","352","BatchId:4048858;OriginalHitTemplateId:920937340;","7200","172800","Fri May 22 11:22:56 PDT 2020","","","3TESA3PJ31ANKNL58WYEG4DS00OMMY","A2MK7XYATGQ5BE","Submitted","Fri May 22 07:27:41 PDT 2020","Fri May 22 07:31:47 PDT 2020","Sun May 24 07:31:47 PDT 2020","","","","246","0% (0/0)","0% (0/0)","0% (0/0)","6kcdwfak683c2ryw9pnw"
"3NQUW096N68ML1MWT9OTNLW1XNV9L2","32KI9HN0SH8Q5EEER27HJI3DITGU1K","Reading a passage and responding to questions","You will read a short passage about a person, then answer questions related to the passage.","sentences, decisions, language","$0.40","Fri May 22 07:22:56 PDT 2020","352","BatchId:4048858;OriginalHitTemplateId:920937340;","7200","172800","Fri May 22 11:22:56 PDT 2020","","","3UXUOQ9OKEX3XJ5T7N6KOVL2BUNA7A","A4IUVFS10MYX1","Submitted","Fri May 22 08:59:24 PDT 2020","Fri May 22 09:04:34 PDT 2020","Sun May 24 09:04:34 PDT 2020","","","","310","0% (0/0)","0% (0/0)","0% (0/0)","vhf4zwgxz4uryb4921rs"
"3NQUW096N68ML1MWT9OTNLW1XNV9L2","32KI9HN0SH8Q5EEER27HJI3DITGU1K","Reading a passage and responding to questions","You will read a short passage about a person, then answer questions related to the passage.","sentences, decisions, language","$0.40","Fri May 22 07:22:56 PDT 2020","352","BatchId:4048858;OriginalHitTemplateId:920937340;","7200","172800","Fri May 22 11:22:56 PDT 2020","","","3VBEN272MKZQQ82OHQW5F8S1W33SGH","AO1QGAUZ85T6L","Submitted","Fri May 22 08:05:15 PDT 2020","Fri May 22 08:12:17 PDT 2020","Sun May 24 08:12:17 PDT 2020","","","","422","0% (0/0)","0% (0/0)","0% (0/0)","a0zemz5qsbht5v3ny90u"
"3NQUW096N68ML1MWT9OTNLW1XNV9L2","32KI9HN0SH8Q5EEER27HJI3DITGU1K","Reading a passage and responding to questions","You will read a short passage about a person, then answer questions related to the passage.","sentences, decisions, language","$0.40","Fri May 22 07:22:56 PDT 2020","352","BatchId:4048858;OriginalHitTemplateId:920937340;","7200","172800","Fri May 22 11:22:56 PDT 2020","","","3W2LOLRXLBFJRFYUSSHFNQFYHISKRF","A772U6QFPZQH5","Submitted","Fri May 22 07:25:56 PDT 2020","Fri May 22 07:30:56 PDT 2020","Sun May 24 07:30:56 PDT 2020","","","","300","0% (0/0)","0% (0/0)","0% (0/0)","1emuphcssl2t05rzq16h"
"3NQUW096N68ML1MWT9OTNLW1XNV9L2","32KI9HN0SH8Q5EEER27HJI3DITGU1K","Reading a passage and responding to questions","You will read a short passage about a person, then answer questions related to the passage.","sentences, decisions, language","$0.40","Fri May 22 07:22:56 PDT 2020","352","BatchId:4048858;OriginalHitTemplateId:920937340;","7200","172800","Fri May 22 11:22:56 PDT 2020","","","3WJ1OXY92AG7XXACHSYQ2VHXMEOA8S","A3AY0315YWWNXY","Submitted","Fri May 22 08:29:00 PDT 2020","Fri May 22 10:24:42 PDT 2020","Sun May 24 10:24:42 PDT 2020","","","","6942","0% (0/0)","0% (0/0)","0% (0/0)","pnjf62ylvkdq21998e0d"
"3NQUW096N68ML1MWT9OTNLW1XNV9L2","32KI9HN0SH8Q5EEER27HJI3DITGU1K","Reading a passage and responding to questions","You will read a short passage about a person, then answer questions related to the passage.","sentences, decisions, language","$0.40","Fri May 22 07:22:56 PDT 2020","352","BatchId:4048858;OriginalHitTemplateId:920937340;","7200","172800","Fri May 22 11:22:56 PDT 2020","","","3WJEQKOXA82PMXQRI7PBNLUP88E1AV","AET9E1TW11BMX","Submitted","Fri May 22 08:07:28 PDT 2020","Fri May 22 08:11:24 PDT 2020","Sun May 24 08:11:24 PDT 2020","","","","236","0% (0/0)","0% (0/0)","0% (0/0)","vdjrzgmxgxx633xgarbl"
"3NQUW096N68ML1MWT9OTNLW1XNV9L2","32KI9HN0SH8Q5EEER27HJI3DITGU1K","Reading a passage and responding to questions","You will read a short passage about a person, then answer questions related to the passage.","sentences, decisions, language","$0.40","Fri May 22 07:22:56 PDT 2020","352","BatchId:4048858;OriginalHitTemplateId:920937340;","7200","172800","Fri May 22 11:22:56 PDT 2020","","","3WOKGM4L71GEHCZAW7QTABVKSYSO0W","A3UAZ9I7UM6MXZ","Submitted","Fri May 22 09:42:41 PDT 2020","Fri May 22 09:47:16 PDT 2020","Sun May 24 09:47:16 PDT 2020","","","","275","0% (0/0)","0% (0/0)","0% (0/0)","1pzko8cnrr563uz2cs1x"
"3NQUW096N68ML1MWT9OTNLW1XNV9L2","32KI9HN0SH8Q5EEER27HJI3DITGU1K","Reading a passage and responding to questions","You will read a short passage about a person, then answer questions related to the passage.","sentences, decisions, language","$0.40","Fri May 22 07:22:56 PDT 2020","352","BatchId:4048858;OriginalHitTemplateId:920937340;","7200","172800","Fri May 22 11:22:56 PDT 2020","","","3WSELTNVR32QVH20KQ9LTRDK0R0AT8","A3AIX82WZQZB5A","Submitted","Fri May 22 07:45:30 PDT 2020","Fri May 22 07:53:18 PDT 2020","Sun May 24 07:53:18 PDT 2020","","","","468","0% (0/0)","0% (0/0)","0% (0/0)","wk3ngnkh1lhx1u898fdn"
"3NQUW096N68ML1MWT9OTNLW1XNV9L2","32KI9HN0SH8Q5EEER27HJI3DITGU1K","Reading a passage and responding to questions","You will read a short passage about a person, then answer questions related to the passage.","sentences, decisions, language","$0.40","Fri May 22 07:22:56 PDT 2020","352","BatchId:4048858;OriginalHitTemplateId:920937340;","7200","172800","Fri May 22 11:22:56 PDT 2020","","","3X87C8JFV6BH3XW2KM1H9MW32RPSQR","A1LNJZS7T6BVJV","Submitted","Fri May 22 09:18:18 PDT 2020","Fri May 22 09:23:30 PDT 2020","Sun May 24 09:23:30 PDT 2020","","","","312","0% (0/0)","0% (0/0)","0% (0/0)","ol5zhqg7v2bzbxyg34lb"
"3NQUW096N68ML1MWT9OTNLW1XNV9L2","32KI9HN0SH8Q5EEER27HJI3DITGU1K","Reading a passage and responding to questions","You will read a short passage about a person, then answer questions related to the passage.","sentences, decisions, language","$0.40","Fri May 22 07:22:56 PDT 2020","352","BatchId:4048858;OriginalHitTemplateId:920937340;","7200","172800","Fri May 22 11:22:56 PDT 2020","","","3Y4W8Q93LZK36G919V02KA9BIF7VD5","A1DY3TBDY4VZG5","Submitted","Fri May 22 07:25:17 PDT 2020","Fri May 22 07:28:23 PDT 2020","Sun May 24 07:28:23 PDT 2020","","","","186","0% (0/0)","0% (0/0)","0% (0/0)","o05mj8c7qx8731k1uydn"
"3NQUW096N68ML1MWT9OTNLW1XNV9L2","32KI9HN0SH8Q5EEER27HJI3DITGU1K","Reading a passage and responding to questions","You will read a short passage about a person, then answer questions related to the passage.","sentences, decisions, language","$0.40","Fri May 22 07:22:56 PDT 2020","352","BatchId:4048858;OriginalHitTemplateId:920937340;","7200","172800","Fri May 22 11:22:56 PDT 2020","","","3YMTUJH0DSGBTSMJBPZUGORK8H04TN","A20YUUAAZRZ7BP","Submitted","Fri May 22 07:28:48 PDT 2020","Fri May 22 07:32:26 PDT 2020","Sun May 24 07:32:26 PDT 2020","","","","218","0% (0/0)","0% (0/0)","0% (0/0)","8tka489zkvq61ggachrl"
"3NQUW096N68ML1MWT9OTNLW1XNV9L2","32KI9HN0SH8Q5EEER27HJI3DITGU1K","Reading a passage and responding to questions","You will read a short passage about a person, then answer questions related to the passage.","sentences, decisions, language","$0.40","Fri May 22 07:22:56 PDT 2020","352","BatchId:4048858;OriginalHitTemplateId:920937340;","7200","172800","Fri May 22 11:22:56 PDT 2020","","","3ZOTGHDK5IBEILJM599DKH13NPPSOZ","AYOXZN5JZIHDT","Submitted","Fri May 22 07:44:38 PDT 2020","Fri May 22 09:36:34 PDT 2020","Sun May 24 09:36:34 PDT 2020","","","","6716","0% (0/0)","0% (0/0)","0% (0/0)","slz28y8038whxgundap0"
"3NQUW096N68ML1MWT9OTNLW1XNV9L2","32KI9HN0SH8Q5EEER27HJI3DITGU1K","Reading a passage and responding to questions","You will read a short passage about a person, then answer questions related to the passage.","sentences, decisions, language","$0.40","Fri May 22 07:22:56 PDT 2020","352","BatchId:4048858;OriginalHitTemplateId:920937340;","7200","172800","Fri May 22 11:22:56 PDT 2020","","","3ZPBJO59KP1YOFEH46JY59I2A0WHD1","A1FDT9TI1EUTUT","Submitted","Fri May 22 07:23:36 PDT 2020","Fri May 22 08:32:14 PDT 2020","Sun May 24 08:32:14 PDT 2020","","","","4118","0% (0/0)","0% (0/0)","0% (0/0)","nuuf2qy8w9r57ps673xa"
"3NQUW096N68ML1MWT9OTNLW1XNV9L2","32KI9HN0SH8Q5EEER27HJI3DITGU1K","Reading a passage and responding to questions","You will read a short passage about a person, then answer questions related to the passage.","sentences, decisions, language","$0.40","Fri May 22 07:22:56 PDT 2020","352","BatchId:4048858;OriginalHitTemplateId:920937340;","7200","172800","Fri May 22 11:22:56 PDT 2020","","","3ZSY5X72NXB2H6J9QK98U7W71O0OR3","A34HTP15B4Q0A4","Submitted","Fri May 22 10:25:16 PDT 2020","Fri May 22 10:33:33 PDT 2020","Sun May 24 10:33:33 PDT 2020","","","","497","0% (0/0)","0% (0/0)","0% (0/0)","ozcvqq55d3l7cknrccgw"
"3NQUW096N68ML1MWT9OTNLW1XNV9L2","32KI9HN0SH8Q5EEER27HJI3DITGU1K","Reading a passage and responding to questions","You will read a short passage about a person, then answer questions related to the passage.","sentences, decisions, language","$0.40","Fri May 22 07:22:56 PDT 2020","352","BatchId:4048858;OriginalHitTemplateId:920937340;","7200","172800","Fri May 22 11:22:56 PDT 2020","","","3ZY8KE4ISJ3XVPD6EH6MK9GA1VVVQB","A398WSH5LIDU22","Submitted","Fri May 22 10:29:06 PDT 2020","Fri May 22 10:33:13 PDT 2020","Sun May 24 10:33:13 PDT 2020","","","","247","0% (0/0)","0% (0/0)","0% (0/0)","osvwfy2sptpawht0zl0e"