"HITId","HITTypeId","Title","Description","Keywords","Reward","CreationTime","MaxAssignments","RequesterAnnotation","AssignmentDurationInSeconds","AutoApprovalDelayInSeconds","Expiration","NumberOfSimilarHITs","LifetimeInSeconds","AssignmentId","WorkerId","AssignmentStatus","AcceptTime","SubmitTime","AutoApprovalTime","ApprovalTime","RejectionTime","RequesterFeedback","WorkTimeInSeconds","LifetimeApprovalRate","Last30DaysApprovalRate","Last7DaysApprovalRate","Answer.surveycode","Approve","Reject"
"31J7RYECZLQ4WWJ1PW908FEIZ36L1O","32KI9HN0SH8Q5EEER27HJI3DITGU1K","Reading a passage and responding to questions","You will read a short passage about a person, then answer questions related to the passage.","sentences, decisions, language","$0.40","Sun May 17 12:07:28 PDT 2020","352","BatchId:4041312;OriginalHitTemplateId:920937340;","7200","172800","Sun May 17 16:07:28 PDT 2020","","","30H4UDGLT2IT5QII0CQ6X87N4RVMPX","AAA96Z6PLD746","Submitted","Sun May 17 15:03:08 PDT 2020","Sun May 17 16:37:37 PDT 2020","Tue May 19 16:37:37 PDT 2020","","","","5669","0% (0/0)","0% (0/0)","0% (0/0)","989vuk6qsvrn7coac06c"
"31J7RYECZLQ4WWJ1PW908FEIZ36L1O","32KI9HN0SH8Q5EEER27HJI3DITGU1K","Reading a passage and responding to questions","You will read a short passage about a person, then answer questions related to the passage.","sentences, decisions, language","$0.40","Sun May 17 12:07:28 PDT 2020","352","BatchId:4041312;OriginalHitTemplateId:920937340;","7200","172800","Sun May 17 16:07:28 PDT 2020","","","30LSNF239UVBH0RLDZH292SDC8B2I2","A38OVMF5OWW6JO","Submitted","Sun May 17 13:09:07 PDT 2020","Sun May 17 13:16:54 PDT 2020","Tue May 19 13:16:54 PDT 2020","","","","467","0% (0/0)","0% (0/0)","0% (0/0)","7bmspyqethgl2ckfl1ul"
"31J7RYECZLQ4WWJ1PW908FEIZ36L1O","32KI9HN0SH8Q5EEER27HJI3DITGU1K","Reading a passage and responding to questions","You will read a short passage about a person, then answer questions related to the passage.","sentences, decisions, language","$0.40","Sun May 17 12:07:28 PDT 2020","352","BatchId:4041312;OriginalHitTemplateId:920937340;","7200","172800","Sun May 17 16:07:28 PDT 2020","","","31LM9EDVOLS31X0KH00MDRAB0IQNJP","A2JFG8OYSX7F55","Submitted","Sun May 17 13:08:42 PDT 2020","Sun May 17 13:34:04 PDT 2020","Tue May 19 13:34:04 PDT 2020","","","","1522","0% (0/0)","0% (0/0)","0% (0/0)","fvuj4264mwbrfuntg2x3"
"31J7RYECZLQ4WWJ1PW908FEIZ36L1O","32KI9HN0SH8Q5EEER27HJI3DITGU1K","Reading a passage and responding to questions","You will read a short passage about a person, then answer questions related to the passage.","sentences, decisions, language","$0.40","Sun May 17 12:07:28 PDT 2020","352","BatchId:4041312;OriginalHitTemplateId:920937340;","7200","172800","Sun May 17 16:07:28 PDT 2020","","","31QNSG6A5RTPEVCEAPM6S4F7KSS78F","ADQYBLW89856C","Submitted","Sun May 17 13:16:57 PDT 2020","Sun May 17 13:19:47 PDT 2020","Tue May 19 13:19:47 PDT 2020","","","","170","0% (0/0)","0% (0/0)","0% (0/0)","a3emws0nhk242yfk593c"
"31J7RYECZLQ4WWJ1PW908FEIZ36L1O","32KI9HN0SH8Q5EEER27HJI3DITGU1K","Reading a passage and responding to questions","You will read a short passage about a person, then answer questions related to the passage.","sentences, decisions, language","$0.40","Sun May 17 12:07:28 PDT 2020","352","BatchId:4041312;OriginalHitTemplateId:920937340;","7200","172800","Sun May 17 16:07:28 PDT 2020","","","31T4R4OBOSGRQY2RR12BUQBQAI87CE","A1SC2RFB9W6BSG","Submitted","Sun May 17 12:13:19 PDT 2020","Sun May 17 12:17:08 PDT 2020","Tue May 19 12:17:08 PDT 2020","","","","229","0% (0/0)","0% (0/0)","0% (0/0)","gj0ud5jw6vdmkeeunvkj"
"31J7RYECZLQ4WWJ1PW908FEIZ36L1O","32KI9HN0SH8Q5EEER27HJI3DITGU1K","Reading a passage and responding to questions","You will read a short passage about a person, then answer questions related to the passage.","sentences, decisions, language","$0.40","Sun May 17 12:07:28 PDT 2020","352","BatchId:4041312;OriginalHitTemplateId:920937340;","7200","172800","Sun May 17 16:07:28 PDT 2020","","","32RIADZISS4AES94MPU46JVY5J44SL","A20HPKYOGZ4CCO","Submitted","Sun May 17 12:12:02 PDT 2020","Sun May 17 12:16:03 PDT 2020","Tue May 19 12:16:03 PDT 2020","","","","241","0% (0/0)","0% (0/0)","0% (0/0)","go9uj44e98pc99cza99x"
"31J7RYECZLQ4WWJ1PW908FEIZ36L1O","32KI9HN0SH8Q5EEER27HJI3DITGU1K","Reading a passage and responding to questions","You will read a short passage about a person, then answer questions related to the passage.","sentences, decisions, language","$0.40","Sun May 17 12:07:28 PDT 2020","352","BatchId:4041312;OriginalHitTemplateId:920937340;","7200","172800","Sun May 17 16:07:28 PDT 2020","","","33F859I566D59IGXQASSAJU2616HBN","A1TZX1LNE2DYG3","Submitted","Sun May 17 12:38:07 PDT 2020","Sun May 17 12:45:16 PDT 2020","Tue May 19 12:45:16 PDT 2020","","","","429","0% (0/0)","0% (0/0)","0% (0/0)","4m28s5bxzpzckl9m460k"
"31J7RYECZLQ4WWJ1PW908FEIZ36L1O","32KI9HN0SH8Q5EEER27HJI3DITGU1K","Reading a passage and responding to questions","You will read a short passage about a person, then answer questions related to the passage.","sentences, decisions, language","$0.40","Sun May 17 12:07:28 PDT 2020","352","BatchId:4041312;OriginalHitTemplateId:920937340;","7200","172800","Sun May 17 16:07:28 PDT 2020","","","33F859I566D59IGXQASSAJU261FBHQ","A1RTD65R1H8MQW","Submitted","Sun May 17 14:36:24 PDT 2020","Sun May 17 14:37:55 PDT 2020","Tue May 19 14:37:55 PDT 2020","","","","91","0% (0/0)","0% (0/0)","0% (0/0)","7kd3m998a0u6a6wgr9fo"
"31J7RYECZLQ4WWJ1PW908FEIZ36L1O","32KI9HN0SH8Q5EEER27HJI3DITGU1K","Reading a passage and responding to questions","You will read a short passage about a person, then answer questions related to the passage.","sentences, decisions, language","$0.40","Sun May 17 12:07:28 PDT 2020","352","BatchId:4041312;OriginalHitTemplateId:920937340;","7200","172800","Sun May 17 16:07:28 PDT 2020","","","33IZTU6J8111CUXE60W93USWYFJSX0","A2X322H4LG8WGF","Submitted","Sun May 17 14:29:58 PDT 2020","Sun May 17 14:32:38 PDT 2020","Tue May 19 14:32:38 PDT 2020","","","","160","0% (0/0)","0% (0/0)","0% (0/0)","hkbz3ve6uw0p7f15zmt4"
"31J7RYECZLQ4WWJ1PW908FEIZ36L1O","32KI9HN0SH8Q5EEER27HJI3DITGU1K","Reading a passage and responding to questions","You will read a short passage about a person, then answer questions related to the passage.","sentences, decisions, language","$0.40","Sun May 17 12:07:28 PDT 2020","352","BatchId:4041312;OriginalHitTemplateId:920937340;","7200","172800","Sun May 17 16:07:28 PDT 2020","","","33SA9F9TRXULDBN6V0GICUAAOMVWE1","AANW5VSHKSBVT","Submitted","Sun May 17 12:30:12 PDT 2020","Sun May 17 12:36:24 PDT 2020","Tue May 19 12:36:24 PDT 2020","","","","372","0% (0/0)","0% (0/0)","0% (0/0)","pz951vxcf4wur9qsxhre"
"31J7RYECZLQ4WWJ1PW908FEIZ36L1O","32KI9HN0SH8Q5EEER27HJI3DITGU1K","Reading a passage and responding to questions","You will read a short passage about a person, then answer questions related to the passage.","sentences, decisions, language","$0.40","Sun May 17 12:07:28 PDT 2020","352","BatchId:4041312;OriginalHitTemplateId:920937340;","7200","172800","Sun May 17 16:07:28 PDT 2020","","","3483FV8BEEJVOGWKBY8DCZ283HE62A","A1D61RL4XPB923","Submitted","Sun May 17 12:49:00 PDT 2020","Sun May 17 12:56:11 PDT 2020","Tue May 19 12:56:11 PDT 2020","","","","431","0% (0/0)","0% (0/0)","0% (0/0)","fdf356gfqc40gbbuavtc"
"31J7RYECZLQ4WWJ1PW908FEIZ36L1O","32KI9HN0SH8Q5EEER27HJI3DITGU1K","Reading a passage and responding to questions","You will read a short passage about a person, then answer questions related to the passage.","sentences, decisions, language","$0.40","Sun May 17 12:07:28 PDT 2020","352","BatchId:4041312;OriginalHitTemplateId:920937340;","7200","172800","Sun May 17 16:07:28 PDT 2020","","","34QN5IT0TZRBWKCUPQ1XDP5KCEP80J","A3HGCI4HL815H","Submitted","Sun May 17 14:00:26 PDT 2020","Sun May 17 14:10:29 PDT 2020","Tue May 19 14:10:29 PDT 2020","","","","603","0% (0/0)","0% (0/0)","0% (0/0)","m8uaqo3za79pwshceh5h"
"31J7RYECZLQ4WWJ1PW908FEIZ36L1O","32KI9HN0SH8Q5EEER27HJI3DITGU1K","Reading a passage and responding to questions","You will read a short passage about a person, then answer questions related to the passage.","sentences, decisions, language","$0.40","Sun May 17 12:07:28 PDT 2020","352","BatchId:4041312;OriginalHitTemplateId:920937340;","7200","172800","Sun May 17 16:07:28 PDT 2020","","","34X6J5FLPTYO4UDCXSS3HL5G5TKJQF","A3862RIFFUV141","Submitted","Sun May 17 14:37:44 PDT 2020","Sun May 17 14:48:04 PDT 2020","Tue May 19 14:48:04 PDT 2020","","","","620","100% (5/5)","0% (0/0)","0% (0/0)","fxp5mql53mlcml7681ua"
"31J7RYECZLQ4WWJ1PW908FEIZ36L1O","32KI9HN0SH8Q5EEER27HJI3DITGU1K","Reading a passage and responding to questions","You will read a short passage about a person, then answer questions related to the passage.","sentences, decisions, language","$0.40","Sun May 17 12:07:28 PDT 2020","352","BatchId:4041312;OriginalHitTemplateId:920937340;","7200","172800","Sun May 17 16:07:28 PDT 2020","","","354P56DE9K37XFRNONSB9VF8WMZ7SF","A2YRD4HMLMSUNG","Submitted","Sun May 17 13:11:23 PDT 2020","Sun May 17 13:14:41 PDT 2020","Tue May 19 13:14:41 PDT 2020","","","","198","0% (0/0)","0% (0/0)","0% (0/0)","fpxugtb33x6fn2cbp069"
"31J7RYECZLQ4WWJ1PW908FEIZ36L1O","32KI9HN0SH8Q5EEER27HJI3DITGU1K","Reading a passage and responding to questions","You will read a short passage about a person, then answer questions related to the passage.","sentences, decisions, language","$0.40","Sun May 17 12:07:28 PDT 2020","352","BatchId:4041312;OriginalHitTemplateId:920937340;","7200","172800","Sun May 17 16:07:28 PDT 2020","","","35USIKEBNRGRD2LDXH6X4N56ECI6NE","A34Z3DVUOHC61R","Submitted","Sun May 17 15:37:27 PDT 2020","Sun May 17 17:04:02 PDT 2020","Tue May 19 17:04:02 PDT 2020","","","","5195","0% (0/0)","0% (0/0)","0% (0/0)","4ulztllww0u7tfzz74j5"
"31J7RYECZLQ4WWJ1PW908FEIZ36L1O","32KI9HN0SH8Q5EEER27HJI3DITGU1K","Reading a passage and responding to questions","You will read a short passage about a person, then answer questions related to the passage.","sentences, decisions, language","$0.40","Sun May 17 12:07:28 PDT 2020","352","BatchId:4041312;OriginalHitTemplateId:920937340;","7200","172800","Sun May 17 16:07:28 PDT 2020","","","36V4Q8R5ZK0E52JX0P5VXDXX9NHMQO","A2CLPLB5VJJBTG","Submitted","Sun May 17 15:03:09 PDT 2020","Sun May 17 15:15:27 PDT 2020","Tue May 19 15:15:27 PDT 2020","","","","738","0% (0/0)","0% (0/0)","0% (0/0)","ot9r4fefl8zc6q4gmbfu"
"31J7RYECZLQ4WWJ1PW908FEIZ36L1O","32KI9HN0SH8Q5EEER27HJI3DITGU1K","Reading a passage and responding to questions","You will read a short passage about a person, then answer questions related to the passage.","sentences, decisions, language","$0.40","Sun May 17 12:07:28 PDT 2020","352","BatchId:4041312;OriginalHitTemplateId:920937340;","7200","172800","Sun May 17 16:07:28 PDT 2020","","","37FMASSAYCR55DRHWSADAVVH6ERBIG","A2TU9RUXWK95C2","Submitted","Sun May 17 13:56:08 PDT 2020","Sun May 17 14:05:42 PDT 2020","Tue May 19 14:05:42 PDT 2020","","","","574","0% (0/0)","0% (0/0)","0% (0/0)","z054yapya4na2hxdybhq"
"31J7RYECZLQ4WWJ1PW908FEIZ36L1O","32KI9HN0SH8Q5EEER27HJI3DITGU1K","Reading a passage and responding to questions","You will read a short passage about a person, then answer questions related to the passage.","sentences, decisions, language","$0.40","Sun May 17 12:07:28 PDT 2020","352","BatchId:4041312;OriginalHitTemplateId:920937340;","7200","172800","Sun May 17 16:07:28 PDT 2020","","","37TRT2X24QR10OBNEAVDMWAHJTNJB7","A1PVWZ8ZYJHCOJ","Submitted","Sun May 17 15:31:23 PDT 2020","Sun May 17 15:33:48 PDT 2020","Tue May 19 15:33:48 PDT 2020","","","","145","0% (0/0)","0% (0/0)","0% (0/0)","gnssehlku7a2covmw8ko"
"31J7RYECZLQ4WWJ1PW908FEIZ36L1O","32KI9HN0SH8Q5EEER27HJI3DITGU1K","Reading a passage and responding to questions","You will read a short passage about a person, then answer questions related to the passage.","sentences, decisions, language","$0.40","Sun May 17 12:07:28 PDT 2020","352","BatchId:4041312;OriginalHitTemplateId:920937340;","7200","172800","Sun May 17 16:07:28 PDT 2020","","","37U1UTWH9VMZWEWTJ3KCXL67L4N8RG","A2SYE8HZHFVGBX","Submitted","Sun May 17 13:27:08 PDT 2020","Sun May 17 13:32:15 PDT 2020","Tue May 19 13:32:15 PDT 2020","","","","307","0% (0/0)","0% (0/0)","0% (0/0)","mbcox0779o95hg5mvaxy"
"31J7RYECZLQ4WWJ1PW908FEIZ36L1O","32KI9HN0SH8Q5EEER27HJI3DITGU1K","Reading a passage and responding to questions","You will read a short passage about a person, then answer questions related to the passage.","sentences, decisions, language","$0.40","Sun May 17 12:07:28 PDT 2020","352","BatchId:4041312;OriginalHitTemplateId:920937340;","7200","172800","Sun May 17 16:07:28 PDT 2020","","","37UQDCYH6XVNP78RIIXGKIZFVQP7VG","A3R38I5CQL07HI","Submitted","Sun May 17 12:23:53 PDT 2020","Sun May 17 12:36:04 PDT 2020","Tue May 19 12:36:04 PDT 2020","","","","731","0% (0/0)","0% (0/0)","0% (0/0)","lq9w3vghzmkg9ew2021s"
"31J7RYECZLQ4WWJ1PW908FEIZ36L1O","32KI9HN0SH8Q5EEER27HJI3DITGU1K","Reading a passage and responding to questions","You will read a short passage about a person, then answer questions related to the passage.","sentences, decisions, language","$0.40","Sun May 17 12:07:28 PDT 2020","352","BatchId:4041312;OriginalHitTemplateId:920937340;","7200","172800","Sun May 17 16:07:28 PDT 2020","","","382M9COHEHF8L7Y1001HU6PD35JUEX","A3J2JD45CTYTP1","Submitted","Sun May 17 12:23:00 PDT 2020","Sun May 17 12:27:25 PDT 2020","Tue May 19 12:27:25 PDT 2020","","","","265","0% (0/0)","0% (0/0)","0% (0/0)","vkh65ryges68jnts1wde"
"31J7RYECZLQ4WWJ1PW908FEIZ36L1O","32KI9HN0SH8Q5EEER27HJI3DITGU1K","Reading a passage and responding to questions","You will read a short passage about a person, then answer questions related to the passage.","sentences, decisions, language","$0.40","Sun May 17 12:07:28 PDT 2020","352","BatchId:4041312;OriginalHitTemplateId:920937340;","7200","172800","Sun May 17 16:07:28 PDT 2020","","","3907X2AHF053YMEPQU7MIZTPYL0P2T","A1FGKIKJYSL1MI","Submitted","Sun May 17 12:08:29 PDT 2020","Sun May 17 12:13:26 PDT 2020","Tue May 19 12:13:26 PDT 2020","","","","297","100% (2/2)","0% (0/0)","0% (0/0)","jnuu3srowq2w3qz1ojq4"
"31J7RYECZLQ4WWJ1PW908FEIZ36L1O","32KI9HN0SH8Q5EEER27HJI3DITGU1K","Reading a passage and responding to questions","You will read a short passage about a person, then answer questions related to the passage.","sentences, decisions, language","$0.40","Sun May 17 12:07:28 PDT 2020","352","BatchId:4041312;OriginalHitTemplateId:920937340;","7200","172800","Sun May 17 16:07:28 PDT 2020","","","39GXDJN2OTERPLDASNPMYIVA6A6V82","A13QHSMJ1WJQPR","Submitted","Sun May 17 14:55:17 PDT 2020","Sun May 17 15:00:27 PDT 2020","Tue May 19 15:00:27 PDT 2020","","","","310","0% (0/0)","0% (0/0)","0% (0/0)","chrkgbknb37h2dh1fapu"
"31J7RYECZLQ4WWJ1PW908FEIZ36L1O","32KI9HN0SH8Q5EEER27HJI3DITGU1K","Reading a passage and responding to questions","You will read a short passage about a person, then answer questions related to the passage.","sentences, decisions, language","$0.40","Sun May 17 12:07:28 PDT 2020","352","BatchId:4041312;OriginalHitTemplateId:920937340;","7200","172800","Sun May 17 16:07:28 PDT 2020","","","39LNWE0K4UWK1C0NWJR8FLN5VZUUIC","A2H1QUGX0SOUMH","Submitted","Sun May 17 13:09:01 PDT 2020","Sun May 17 13:15:17 PDT 2020","Tue May 19 13:15:17 PDT 2020","","","","376","0% (0/0)","0% (0/0)","0% (0/0)","j7dlxbkl9bh0ds8qddzr"
"31J7RYECZLQ4WWJ1PW908FEIZ36L1O","32KI9HN0SH8Q5EEER27HJI3DITGU1K","Reading a passage and responding to questions","You will read a short passage about a person, then answer questions related to the passage.","sentences, decisions, language","$0.40","Sun May 17 12:07:28 PDT 2020","352","BatchId:4041312;OriginalHitTemplateId:920937340;","7200","172800","Sun May 17 16:07:28 PDT 2020","","","39LOEL67OS57DCBR8DJGFN3RFQB38B","A2JEN7C34EEUSV","Submitted","Sun May 17 14:18:58 PDT 2020","Sun May 17 14:31:33 PDT 2020","Tue May 19 14:31:33 PDT 2020","","","","755","0% (0/0)","0% (0/0)","0% (0/0)","qzz4dj64grxqn8sdhdy9"
"31J7RYECZLQ4WWJ1PW908FEIZ36L1O","32KI9HN0SH8Q5EEER27HJI3DITGU1K","Reading a passage and responding to questions","You will read a short passage about a person, then answer questions related to the passage.","sentences, decisions, language","$0.40","Sun May 17 12:07:28 PDT 2020","352","BatchId:4041312;OriginalHitTemplateId:920937340;","7200","172800","Sun May 17 16:07:28 PDT 2020","","","3AWETUDC92S1NBUX26QGWD2KXHIIZY","A1QWB22PR3CG8N","Submitted","Sun May 17 15:07:18 PDT 2020","Sun May 17 15:11:12 PDT 2020","Tue May 19 15:11:12 PDT 2020","","","","234","0% (0/0)","0% (0/0)","0% (0/0)","alm5jv1unupoz9ctmjkw"
"31J7RYECZLQ4WWJ1PW908FEIZ36L1O","32KI9HN0SH8Q5EEER27HJI3DITGU1K","Reading a passage and responding to questions","You will read a short passage about a person, then answer questions related to the passage.","sentences, decisions, language","$0.40","Sun May 17 12:07:28 PDT 2020","352","BatchId:4041312;OriginalHitTemplateId:920937340;","7200","172800","Sun May 17 16:07:28 PDT 2020","","","3BWI6RSP7G96NWM5NS86KEBTVVM7EA","A3IA1BJ5Y6ORWO","Submitted","Sun May 17 12:22:27 PDT 2020","Sun May 17 12:26:37 PDT 2020","Tue May 19 12:26:37 PDT 2020","","","","250","0% (0/0)","0% (0/0)","0% (0/0)","jck278qefjehnuc9j4o7"
"31J7RYECZLQ4WWJ1PW908FEIZ36L1O","32KI9HN0SH8Q5EEER27HJI3DITGU1K","Reading a passage and responding to questions","You will read a short passage about a person, then answer questions related to the passage.","sentences, decisions, language","$0.40","Sun May 17 12:07:28 PDT 2020","352","BatchId:4041312;OriginalHitTemplateId:920937340;","7200","172800","Sun May 17 16:07:28 PDT 2020","","","3DI28L7YXAESCA73YCRXJ4KGS9UE1S","ASNJYFNR2DST2","Submitted","Sun May 17 14:08:54 PDT 2020","Sun May 17 14:14:06 PDT 2020","Tue May 19 14:14:06 PDT 2020","","","","312","0% (0/0)","0% (0/0)","0% (0/0)","0v9utaytf9d05tmzyezh"
"31J7RYECZLQ4WWJ1PW908FEIZ36L1O","32KI9HN0SH8Q5EEER27HJI3DITGU1K","Reading a passage and responding to questions","You will read a short passage about a person, then answer questions related to the passage.","sentences, decisions, language","$0.40","Sun May 17 12:07:28 PDT 2020","352","BatchId:4041312;OriginalHitTemplateId:920937340;","7200","172800","Sun May 17 16:07:28 PDT 2020","","","3E4GGUZ1T8R2NVH9D22EMI7Q4CW2K9","A3L84ZDCBLN9E1","Submitted","Sun May 17 12:23:35 PDT 2020","Sun May 17 12:28:10 PDT 2020","Tue May 19 12:28:10 PDT 2020","","","","275","0% (0/0)","0% (0/0)","0% (0/0)","ehqpsqancybklc8cn442"
"31J7RYECZLQ4WWJ1PW908FEIZ36L1O","32KI9HN0SH8Q5EEER27HJI3DITGU1K","Reading a passage and responding to questions","You will read a short passage about a person, then answer questions related to the passage.","sentences, decisions, language","$0.40","Sun May 17 12:07:28 PDT 2020","352","BatchId:4041312;OriginalHitTemplateId:920937340;","7200","172800","Sun May 17 16:07:28 PDT 2020","","","3EF8EXOTT1V0NQTVCD2OGKX8XHU1J4","AV6OHMCX28R14","Submitted","Sun May 17 14:58:13 PDT 2020","Sun May 17 15:04:00 PDT 2020","Tue May 19 15:04:00 PDT 2020","","","","347","0% (0/0)","0% (0/0)","0% (0/0)","mgdyooy4lnduxk83esdw"
"31J7RYECZLQ4WWJ1PW908FEIZ36L1O","32KI9HN0SH8Q5EEER27HJI3DITGU1K","Reading a passage and responding to questions","You will read a short passage about a person, then answer questions related to the passage.","sentences, decisions, language","$0.40","Sun May 17 12:07:28 PDT 2020","352","BatchId:4041312;OriginalHitTemplateId:920937340;","7200","172800","Sun May 17 16:07:28 PDT 2020","","","3EJJQNKU9R5SPPXMM7EIAYZ6ONHRHI","AYUP53XD4O2LZ","Submitted","Sun May 17 14:33:05 PDT 2020","Sun May 17 14:36:51 PDT 2020","Tue May 19 14:36:51 PDT 2020","","","","226","0% (0/0)","0% (0/0)","0% (0/0)","t48besy15rq2h4620q7h"
"31J7RYECZLQ4WWJ1PW908FEIZ36L1O","32KI9HN0SH8Q5EEER27HJI3DITGU1K","Reading a passage and responding to questions","You will read a short passage about a person, then answer questions related to the passage.","sentences, decisions, language","$0.40","Sun May 17 12:07:28 PDT 2020","352","BatchId:4041312;OriginalHitTemplateId:920937340;","7200","172800","Sun May 17 16:07:28 PDT 2020","","","3EJPLAJKEMGLURZW05HRZACFOQCZ6A","A321WQIFK10UV3","Submitted","Sun May 17 12:41:35 PDT 2020","Sun May 17 12:52:28 PDT 2020","Tue May 19 12:52:28 PDT 2020","","","","653","0% (0/0)","0% (0/0)","0% (0/0)","z8aesflfto9kwmo03daj"
"31J7RYECZLQ4WWJ1PW908FEIZ36L1O","32KI9HN0SH8Q5EEER27HJI3DITGU1K","Reading a passage and responding to questions","You will read a short passage about a person, then answer questions related to the passage.","sentences, decisions, language","$0.40","Sun May 17 12:07:28 PDT 2020","352","BatchId:4041312;OriginalHitTemplateId:920937340;","7200","172800","Sun May 17 16:07:28 PDT 2020","","","3EQHHY4HQSSPK64D5UJXMXI9H5BG5Q","A14KLFYT7OCKDS","Submitted","Sun May 17 13:27:25 PDT 2020","Sun May 17 13:38:43 PDT 2020","Tue May 19 13:38:43 PDT 2020","","","","678","0% (0/0)","0% (0/0)","0% (0/0)","fkazzwr2405otq4jxtbp"
"31J7RYECZLQ4WWJ1PW908FEIZ36L1O","32KI9HN0SH8Q5EEER27HJI3DITGU1K","Reading a passage and responding to questions","You will read a short passage about a person, then answer questions related to the passage.","sentences, decisions, language","$0.40","Sun May 17 12:07:28 PDT 2020","352","BatchId:4041312;OriginalHitTemplateId:920937340;","7200","172800","Sun May 17 16:07:28 PDT 2020","","","3FDJT1UU748UMS0WVL4CKPA2OMPK5U","A37XBH865833FE","Submitted","Sun May 17 12:55:27 PDT 2020","Sun May 17 13:06:35 PDT 2020","Tue May 19 13:06:35 PDT 2020","","","","668","0% (0/0)","0% (0/0)","0% (0/0)","z0op182h4bjnjkn2zw8c"
"31J7RYECZLQ4WWJ1PW908FEIZ36L1O","32KI9HN0SH8Q5EEER27HJI3DITGU1K","Reading a passage and responding to questions","You will read a short passage about a person, then answer questions related to the passage.","sentences, decisions, language","$0.40","Sun May 17 12:07:28 PDT 2020","352","BatchId:4041312;OriginalHitTemplateId:920937340;","7200","172800","Sun May 17 16:07:28 PDT 2020","","","3FIJLY1B6U4NZGQ1EPMT2INE7QMPFW","A3U40SPCFHS3BY","Submitted","Sun May 17 15:54:53 PDT 2020","Sun May 17 16:00:22 PDT 2020","Tue May 19 16:00:22 PDT 2020","","","","329","0% (0/0)","0% (0/0)","0% (0/0)","yewdlfvyanqk7hnwar73"
"31J7RYECZLQ4WWJ1PW908FEIZ36L1O","32KI9HN0SH8Q5EEER27HJI3DITGU1K","Reading a passage and responding to questions","You will read a short passage about a person, then answer questions related to the passage.","sentences, decisions, language","$0.40","Sun May 17 12:07:28 PDT 2020","352","BatchId:4041312;OriginalHitTemplateId:920937340;","7200","172800","Sun May 17 16:07:28 PDT 2020","","","3FQ5JJ512LOYCH62ZL0YE6AOF6LNKH","AE63GABJL0FGJ","Submitted","Sun May 17 12:12:18 PDT 2020","Sun May 17 12:16:45 PDT 2020","Tue May 19 12:16:45 PDT 2020","","","","267","0% (0/0)","0% (0/0)","0% (0/0)","6yalb4j02qx2vuy5q47d"
"31J7RYECZLQ4WWJ1PW908FEIZ36L1O","32KI9HN0SH8Q5EEER27HJI3DITGU1K","Reading a passage and responding to questions","You will read a short passage about a person, then answer questions related to the passage.","sentences, decisions, language","$0.40","Sun May 17 12:07:28 PDT 2020","352","BatchId:4041312;OriginalHitTemplateId:920937340;","7200","172800","Sun May 17 16:07:28 PDT 2020","","","3G2UL9A02DE2AHTQHAP88QJGEWX67L","A3DNQLB6X7GTQQ","Submitted","Sun May 17 12:17:23 PDT 2020","Sun May 17 12:37:46 PDT 2020","Tue May 19 12:37:46 PDT 2020","","","","1223","0% (0/0)","0% (0/0)","0% (0/0)","410880783"
"31J7RYECZLQ4WWJ1PW908FEIZ36L1O","32KI9HN0SH8Q5EEER27HJI3DITGU1K","Reading a passage and responding to questions","You will read a short passage about a person, then answer questions related to the passage.","sentences, decisions, language","$0.40","Sun May 17 12:07:28 PDT 2020","352","BatchId:4041312;OriginalHitTemplateId:920937340;","7200","172800","Sun May 17 16:07:28 PDT 2020","","","3GD6L00D3SXQOYZGFAFGWCPP1BR1MA","APKDJ679NR201","Submitted","Sun May 17 15:20:26 PDT 2020","Sun May 17 15:22:24 PDT 2020","Tue May 19 15:22:24 PDT 2020","","","","118","0% (0/0)","0% (0/0)","0% (0/0)","3qq51jlkn9zek36v8gg0"
"31J7RYECZLQ4WWJ1PW908FEIZ36L1O","32KI9HN0SH8Q5EEER27HJI3DITGU1K","Reading a passage and responding to questions","You will read a short passage about a person, then answer questions related to the passage.","sentences, decisions, language","$0.40","Sun May 17 12:07:28 PDT 2020","352","BatchId:4041312;OriginalHitTemplateId:920937340;","7200","172800","Sun May 17 16:07:28 PDT 2020","","","3GM6G9ZBKNXRXIBPHTZQ2I8KTUAMTW","A32AQ4QSVFU7OZ","Submitted","Sun May 17 13:46:45 PDT 2020","Sun May 17 13:50:59 PDT 2020","Tue May 19 13:50:59 PDT 2020","","","","254","0% (0/0)","0% (0/0)","0% (0/0)","f8hh96n0fz8y4tsxemww"
"31J7RYECZLQ4WWJ1PW908FEIZ36L1O","32KI9HN0SH8Q5EEER27HJI3DITGU1K","Reading a passage and responding to questions","You will read a short passage about a person, then answer questions related to the passage.","sentences, decisions, language","$0.40","Sun May 17 12:07:28 PDT 2020","352","BatchId:4041312;OriginalHitTemplateId:920937340;","7200","172800","Sun May 17 16:07:28 PDT 2020","","","3HHRAGRYX85WD6NNW39M3MWDUNJ9OV","AR8AGQVBAQ488","Submitted","Sun May 17 13:04:31 PDT 2020","Sun May 17 13:16:47 PDT 2020","Tue May 19 13:16:47 PDT 2020","","","","736","0% (0/0)","0% (0/0)","0% (0/0)","xsq13j3us3n4o3outqaz"
"31J7RYECZLQ4WWJ1PW908FEIZ36L1O","32KI9HN0SH8Q5EEER27HJI3DITGU1K","Reading a passage and responding to questions","You will read a short passage about a person, then answer questions related to the passage.","sentences, decisions, language","$0.40","Sun May 17 12:07:28 PDT 2020","352","BatchId:4041312;OriginalHitTemplateId:920937340;","7200","172800","Sun May 17 16:07:28 PDT 2020","","","3HL8HNGX45127TAUX0QWGSNZ2MY9FF","A36P9M8601GLO9","Submitted","Sun May 17 14:21:27 PDT 2020","Sun May 17 14:36:11 PDT 2020","Tue May 19 14:36:11 PDT 2020","","","","884","0% (0/0)","0% (0/0)","0% (0/0)","9k68q227ln1l5vc8y7rr"
"31J7RYECZLQ4WWJ1PW908FEIZ36L1O","32KI9HN0SH8Q5EEER27HJI3DITGU1K","Reading a passage and responding to questions","You will read a short passage about a person, then answer questions related to the passage.","sentences, decisions, language","$0.40","Sun May 17 12:07:28 PDT 2020","352","BatchId:4041312;OriginalHitTemplateId:920937340;","7200","172800","Sun May 17 16:07:28 PDT 2020","","","3HWRJOOET52S6U6XBV6HF57PI90ES5","A2PA6ZS37KAG2M","Submitted","Sun May 17 12:39:27 PDT 2020","Sun May 17 12:44:13 PDT 2020","Tue May 19 12:44:13 PDT 2020","","","","286","0% (0/0)","0% (0/0)","0% (0/0)","ce0lksus763vja85oa58"
"31J7RYECZLQ4WWJ1PW908FEIZ36L1O","32KI9HN0SH8Q5EEER27HJI3DITGU1K","Reading a passage and responding to questions","You will read a short passage about a person, then answer questions related to the passage.","sentences, decisions, language","$0.40","Sun May 17 12:07:28 PDT 2020","352","BatchId:4041312;OriginalHitTemplateId:920937340;","7200","172800","Sun May 17 16:07:28 PDT 2020","","","3I0BTBYZAXLQBQ3C2UZRC2TM5TO0YL","AUJWMHYGN6VPW","Submitted","Sun May 17 13:01:41 PDT 2020","Sun May 17 13:06:46 PDT 2020","Tue May 19 13:06:46 PDT 2020","","","","305","0% (0/0)","0% (0/0)","0% (0/0)","m680r78z1u2zytuk4qkf"
"31J7RYECZLQ4WWJ1PW908FEIZ36L1O","32KI9HN0SH8Q5EEER27HJI3DITGU1K","Reading a passage and responding to questions","You will read a short passage about a person, then answer questions related to the passage.","sentences, decisions, language","$0.40","Sun May 17 12:07:28 PDT 2020","352","BatchId:4041312;OriginalHitTemplateId:920937340;","7200","172800","Sun May 17 16:07:28 PDT 2020","","","3I7DHKZYGN0J668IUADF4CIXGQH5FM","A18JQFU6QCTI6G","Submitted","Sun May 17 14:52:11 PDT 2020","Sun May 17 15:23:15 PDT 2020","Tue May 19 15:23:15 PDT 2020","","","","1864","0% (0/0)","0% (0/0)","0% (0/0)","r9z566ha61fa4pq3326p"
"31J7RYECZLQ4WWJ1PW908FEIZ36L1O","32KI9HN0SH8Q5EEER27HJI3DITGU1K","Reading a passage and responding to questions","You will read a short passage about a person, then answer questions related to the passage.","sentences, decisions, language","$0.40","Sun May 17 12:07:28 PDT 2020","352","BatchId:4041312;OriginalHitTemplateId:920937340;","7200","172800","Sun May 17 16:07:28 PDT 2020","","","3IAS3U3I0FG1USDF7PPLNFO0HIS2BU","ABEU56A0TRZ7S","Submitted","Sun May 17 13:20:51 PDT 2020","Sun May 17 13:29:41 PDT 2020","Tue May 19 13:29:41 PDT 2020","","","","530","0% (0/0)","0% (0/0)","0% (0/0)","sehtsk3zghpo3wat6rv7"
"31J7RYECZLQ4WWJ1PW908FEIZ36L1O","32KI9HN0SH8Q5EEER27HJI3DITGU1K","Reading a passage and responding to questions","You will read a short passage about a person, then answer questions related to the passage.","sentences, decisions, language","$0.40","Sun May 17 12:07:28 PDT 2020","352","BatchId:4041312;OriginalHitTemplateId:920937340;","7200","172800","Sun May 17 16:07:28 PDT 2020","","","3IHR8NYAM71D10TCU8QABEQNI0EP49","A31Z06KS8M1B88","Submitted","Sun May 17 16:06:59 PDT 2020","Sun May 17 16:10:34 PDT 2020","Tue May 19 16:10:34 PDT 2020","","","","215","0% (0/0)","0% (0/0)","0% (0/0)","3yntxo85z3v42lxv7upo"
"31J7RYECZLQ4WWJ1PW908FEIZ36L1O","32KI9HN0SH8Q5EEER27HJI3DITGU1K","Reading a passage and responding to questions","You will read a short passage about a person, then answer questions related to the passage.","sentences, decisions, language","$0.40","Sun May 17 12:07:28 PDT 2020","352","BatchId:4041312;OriginalHitTemplateId:920937340;","7200","172800","Sun May 17 16:07:28 PDT 2020","","","3J2UYBXQQLCOS6T6WB4ZTB9T6J806Y","A3LZVF6UH71ZUN","Submitted","Sun May 17 15:55:44 PDT 2020","Sun May 17 16:02:40 PDT 2020","Tue May 19 16:02:40 PDT 2020","","","","416","0% (0/0)","0% (0/0)","0% (0/0)","l2sopvg3wvgj39ld1y0j"
"31J7RYECZLQ4WWJ1PW908FEIZ36L1O","32KI9HN0SH8Q5EEER27HJI3DITGU1K","Reading a passage and responding to questions","You will read a short passage about a person, then answer questions related to the passage.","sentences, decisions, language","$0.40","Sun May 17 12:07:28 PDT 2020","352","BatchId:4041312;OriginalHitTemplateId:920937340;","7200","172800","Sun May 17 16:07:28 PDT 2020","","","3J2UYBXQQLCOS6T6WB4ZTB9T6JU60Q","A1KNJNQF15XKAK","Submitted","Sun May 17 12:48:16 PDT 2020","Sun May 17 13:32:36 PDT 2020","Tue May 19 13:32:36 PDT 2020","","","","2660","0% (0/0)","0% (0/0)","0% (0/0)","lbo6xryh1h1pu9mnbwln"
"31J7RYECZLQ4WWJ1PW908FEIZ36L1O","32KI9HN0SH8Q5EEER27HJI3DITGU1K","Reading a passage and responding to questions","You will read a short passage about a person, then answer questions related to the passage.","sentences, decisions, language","$0.40","Sun May 17 12:07:28 PDT 2020","352","BatchId:4041312;OriginalHitTemplateId:920937340;","7200","172800","Sun May 17 16:07:28 PDT 2020","","","3K772S5NP8B3GLSH01UIBR0N9XGHEI","A3SGNO9VQJFTGE","Submitted","Sun May 17 12:08:37 PDT 2020","Sun May 17 12:30:30 PDT 2020","Tue May 19 12:30:30 PDT 2020","","","","1313","0% (0/0)","0% (0/0)","0% (0/0)","n7q39k52dddellvl6gmx"
"31J7RYECZLQ4WWJ1PW908FEIZ36L1O","32KI9HN0SH8Q5EEER27HJI3DITGU1K","Reading a passage and responding to questions","You will read a short passage about a person, then answer questions related to the passage.","sentences, decisions, language","$0.40","Sun May 17 12:07:28 PDT 2020","352","BatchId:4041312;OriginalHitTemplateId:920937340;","7200","172800","Sun May 17 16:07:28 PDT 2020","","","3KXIR214I4GH9TS6SAFYF1IU7P542I","A19PHCM3FHZMC1","Submitted","Sun May 17 12:17:05 PDT 2020","Sun May 17 12:21:06 PDT 2020","Tue May 19 12:21:06 PDT 2020","","","","241","0% (0/0)","0% (0/0)","0% (0/0)","1dgjf5uedpz5ep5mwa70"
"31J7RYECZLQ4WWJ1PW908FEIZ36L1O","32KI9HN0SH8Q5EEER27HJI3DITGU1K","Reading a passage and responding to questions","You will read a short passage about a person, then answer questions related to the passage.","sentences, decisions, language","$0.40","Sun May 17 12:07:28 PDT 2020","352","BatchId:4041312;OriginalHitTemplateId:920937340;","7200","172800","Sun May 17 16:07:28 PDT 2020","","","3LJ7UR74RHDDYFHZETDI7PLSIKW4N9","A15T9HDPHV3X7Q","Submitted","Sun May 17 12:11:40 PDT 2020","Sun May 17 12:25:48 PDT 2020","Tue May 19 12:25:48 PDT 2020","","","","848","0% (0/0)","0% (0/0)","0% (0/0)","82xc4gkb2m5nmubkdzje"
"31J7RYECZLQ4WWJ1PW908FEIZ36L1O","32KI9HN0SH8Q5EEER27HJI3DITGU1K","Reading a passage and responding to questions","You will read a short passage about a person, then answer questions related to the passage.","sentences, decisions, language","$0.40","Sun May 17 12:07:28 PDT 2020","352","BatchId:4041312;OriginalHitTemplateId:920937340;","7200","172800","Sun May 17 16:07:28 PDT 2020","","","3LRLIPTPEQ9RSYCDQHVTS0QOG0UAKU","A4UVNGSXE2ANA","Submitted","Sun May 17 13:47:24 PDT 2020","Sun May 17 13:59:42 PDT 2020","Tue May 19 13:59:42 PDT 2020","","","","738","0% (0/0)","0% (0/0)","0% (0/0)","4ektlwhaa2u7xgtnujgt"
"31J7RYECZLQ4WWJ1PW908FEIZ36L1O","32KI9HN0SH8Q5EEER27HJI3DITGU1K","Reading a passage and responding to questions","You will read a short passage about a person, then answer questions related to the passage.","sentences, decisions, language","$0.40","Sun May 17 12:07:28 PDT 2020","352","BatchId:4041312;OriginalHitTemplateId:920937340;","7200","172800","Sun May 17 16:07:28 PDT 2020","","","3LYA37P8IQNWB8H5WVVPNBAUYIAKBU","A3CKTW6VXFXGBQ","Submitted","Sun May 17 12:41:05 PDT 2020","Sun May 17 12:46:24 PDT 2020","Tue May 19 12:46:24 PDT 2020","","","","319","0% (0/0)","0% (0/0)","0% (0/0)","g2zm9xo6jo6bpg41txrs"
"31J7RYECZLQ4WWJ1PW908FEIZ36L1O","32KI9HN0SH8Q5EEER27HJI3DITGU1K","Reading a passage and responding to questions","You will read a short passage about a person, then answer questions related to the passage.","sentences, decisions, language","$0.40","Sun May 17 12:07:28 PDT 2020","352","BatchId:4041312;OriginalHitTemplateId:920937340;","7200","172800","Sun May 17 16:07:28 PDT 2020","","","3M0BCWMB8VWN68BML9ESBM4PLPOWB7","A1S1WA8UKBQ131","Submitted","Sun May 17 13:55:20 PDT 2020","Sun May 17 14:00:21 PDT 2020","Tue May 19 14:00:21 PDT 2020","","","","301","0% (0/0)","0% (0/0)","0% (0/0)","rvs58ff98l51al4167g7"
"31J7RYECZLQ4WWJ1PW908FEIZ36L1O","32KI9HN0SH8Q5EEER27HJI3DITGU1K","Reading a passage and responding to questions","You will read a short passage about a person, then answer questions related to the passage.","sentences, decisions, language","$0.40","Sun May 17 12:07:28 PDT 2020","352","BatchId:4041312;OriginalHitTemplateId:920937340;","7200","172800","Sun May 17 16:07:28 PDT 2020","","","3M81GAB8A0JIMBF090FMJXM3XO5BQG","A1A5J9H2GVDZPJ","Submitted","Sun May 17 13:13:13 PDT 2020","Sun May 17 13:37:10 PDT 2020","Tue May 19 13:37:10 PDT 2020","","","","1437","0% (0/0)","0% (0/0)","0% (0/0)","9vmvvy5hswtf8kqzoox1"
"31J7RYECZLQ4WWJ1PW908FEIZ36L1O","32KI9HN0SH8Q5EEER27HJI3DITGU1K","Reading a passage and responding to questions","You will read a short passage about a person, then answer questions related to the passage.","sentences, decisions, language","$0.40","Sun May 17 12:07:28 PDT 2020","352","BatchId:4041312;OriginalHitTemplateId:920937340;","7200","172800","Sun May 17 16:07:28 PDT 2020","","","3MTMREQS4VIINY6UFVEWGBKJ377WAG","A2ASBOP6RG352M","Submitted","Sun May 17 14:49:09 PDT 2020","Sun May 17 14:52:31 PDT 2020","Tue May 19 14:52:31 PDT 2020","","","","202","0% (0/0)","0% (0/0)","0% (0/0)","fyjklwdukh10u9w4oxkk"
"31J7RYECZLQ4WWJ1PW908FEIZ36L1O","32KI9HN0SH8Q5EEER27HJI3DITGU1K","Reading a passage and responding to questions","You will read a short passage about a person, then answer questions related to the passage.","sentences, decisions, language","$0.40","Sun May 17 12:07:28 PDT 2020","352","BatchId:4041312;OriginalHitTemplateId:920937340;","7200","172800","Sun May 17 16:07:28 PDT 2020","","","3NC5L260MOM5EGE0ZP9EDIIOXKAOFW","A35JCNZJI2MQ20","Submitted","Sun May 17 12:16:15 PDT 2020","Sun May 17 12:21:28 PDT 2020","Tue May 19 12:21:28 PDT 2020","","","","313","0% (0/0)","0% (0/0)","0% (0/0)","bgla1s2age632s0yddbh"
"31J7RYECZLQ4WWJ1PW908FEIZ36L1O","32KI9HN0SH8Q5EEER27HJI3DITGU1K","Reading a passage and responding to questions","You will read a short passage about a person, then answer questions related to the passage.","sentences, decisions, language","$0.40","Sun May 17 12:07:28 PDT 2020","352","BatchId:4041312;OriginalHitTemplateId:920937340;","7200","172800","Sun May 17 16:07:28 PDT 2020","","","3NG53N1RLVJEK1GE6BGNSQ6SKLTP8X","A3PL7JEMIPFHI9","Submitted","Sun May 17 12:17:49 PDT 2020","Sun May 17 12:32:27 PDT 2020","Tue May 19 12:32:27 PDT 2020","","","","878","0% (0/0)","0% (0/0)","0% (0/0)","59frgb8cxp44mmksjswk"
"31J7RYECZLQ4WWJ1PW908FEIZ36L1O","32KI9HN0SH8Q5EEER27HJI3DITGU1K","Reading a passage and responding to questions","You will read a short passage about a person, then answer questions related to the passage.","sentences, decisions, language","$0.40","Sun May 17 12:07:28 PDT 2020","352","BatchId:4041312;OriginalHitTemplateId:920937340;","7200","172800","Sun May 17 16:07:28 PDT 2020","","","3NKQQ8O39Y53T1K145QXOO7S3URUDF","A24CVZVLRKKE52","Submitted","Sun May 17 14:14:52 PDT 2020","Sun May 17 14:24:13 PDT 2020","Tue May 19 14:24:13 PDT 2020","","","","561","0% (0/0)","0% (0/0)","0% (0/0)","4hfn4u4wpl0p2qxl6quu"
"31J7RYECZLQ4WWJ1PW908FEIZ36L1O","32KI9HN0SH8Q5EEER27HJI3DITGU1K","Reading a passage and responding to questions","You will read a short passage about a person, then answer questions related to the passage.","sentences, decisions, language","$0.40","Sun May 17 12:07:28 PDT 2020","352","BatchId:4041312;OriginalHitTemplateId:920937340;","7200","172800","Sun May 17 16:07:28 PDT 2020","","","3NVC2EB65QZMSI29LHHAE0RT85HY3N","A3PYB8Z6FFWSOV","Submitted","Sun May 17 15:09:39 PDT 2020","Sun May 17 15:12:44 PDT 2020","Tue May 19 15:12:44 PDT 2020","","","","185","100% (2/2)","0% (0/0)","0% (0/0)","p00xroe1nvhe7w5p7nwd"
"31J7RYECZLQ4WWJ1PW908FEIZ36L1O","32KI9HN0SH8Q5EEER27HJI3DITGU1K","Reading a passage and responding to questions","You will read a short passage about a person, then answer questions related to the passage.","sentences, decisions, language","$0.40","Sun May 17 12:07:28 PDT 2020","352","BatchId:4041312;OriginalHitTemplateId:920937340;","7200","172800","Sun May 17 16:07:28 PDT 2020","","","3O7L7BFSHEP3CG316JC3B3129AWEI9","AF0M3066S5UF1","Submitted","Sun May 17 12:18:39 PDT 2020","Sun May 17 12:24:22 PDT 2020","Tue May 19 12:24:22 PDT 2020","","","","343","0% (0/0)","0% (0/0)","0% (0/0)","fsgybnbfuubmyyqkyz0l"
"31J7RYECZLQ4WWJ1PW908FEIZ36L1O","32KI9HN0SH8Q5EEER27HJI3DITGU1K","Reading a passage and responding to questions","You will read a short passage about a person, then answer questions related to the passage.","sentences, decisions, language","$0.40","Sun May 17 12:07:28 PDT 2020","352","BatchId:4041312;OriginalHitTemplateId:920937340;","7200","172800","Sun May 17 16:07:28 PDT 2020","","","3OE22WJIGIOXIAO69RWHONERM9FUQJ","A2YDQBA23C2D94","Submitted","Sun May 17 14:02:19 PDT 2020","Sun May 17 14:06:17 PDT 2020","Tue May 19 14:06:17 PDT 2020","","","","238","0% (0/0)","0% (0/0)","0% (0/0)","aoz1g4mdck9f7co4peom"
"31J7RYECZLQ4WWJ1PW908FEIZ36L1O","32KI9HN0SH8Q5EEER27HJI3DITGU1K","Reading a passage and responding to questions","You will read a short passage about a person, then answer questions related to the passage.","sentences, decisions, language","$0.40","Sun May 17 12:07:28 PDT 2020","352","BatchId:4041312;OriginalHitTemplateId:920937340;","7200","172800","Sun May 17 16:07:28 PDT 2020","","","3OF2M9AATGOST6KL29BS9THXPL3KZ7","A1XBPXHY24NMG8","Submitted","Sun May 17 14:14:55 PDT 2020","Sun May 17 14:25:24 PDT 2020","Tue May 19 14:25:24 PDT 2020","","","","629","0% (0/0)","0% (0/0)","0% (0/0)","dwl3bdmzlshhodr5uwky"
"31J7RYECZLQ4WWJ1PW908FEIZ36L1O","32KI9HN0SH8Q5EEER27HJI3DITGU1K","Reading a passage and responding to questions","You will read a short passage about a person, then answer questions related to the passage.","sentences, decisions, language","$0.40","Sun May 17 12:07:28 PDT 2020","352","BatchId:4041312;OriginalHitTemplateId:920937340;","7200","172800","Sun May 17 16:07:28 PDT 2020","","","3OSWBBLG1EXVA5EW9A1K8V6WXC0XD2","A3JYD008VKTSVZ","Submitted","Sun May 17 12:32:37 PDT 2020","Sun May 17 12:37:30 PDT 2020","Tue May 19 12:37:30 PDT 2020","","","","293","0% (0/0)","0% (0/0)","0% (0/0)","ybarl03jfoud9sxt07bs"
"31J7RYECZLQ4WWJ1PW908FEIZ36L1O","32KI9HN0SH8Q5EEER27HJI3DITGU1K","Reading a passage and responding to questions","You will read a short passage about a person, then answer questions related to the passage.","sentences, decisions, language","$0.40","Sun May 17 12:07:28 PDT 2020","352","BatchId:4041312;OriginalHitTemplateId:920937340;","7200","172800","Sun May 17 16:07:28 PDT 2020","","","3PH3VY7DJLXJO6E2RNUVX4BSCR2WZ3","A3T5UAYFKJBVTA","Submitted","Sun May 17 12:07:54 PDT 2020","Sun May 17 12:10:31 PDT 2020","Tue May 19 12:10:31 PDT 2020","","","","157","0% (0/0)","0% (0/0)","0% (0/0)","7bn5uzeottanpm0xtgt1"
"31J7RYECZLQ4WWJ1PW908FEIZ36L1O","32KI9HN0SH8Q5EEER27HJI3DITGU1K","Reading a passage and responding to questions","You will read a short passage about a person, then answer questions related to the passage.","sentences, decisions, language","$0.40","Sun May 17 12:07:28 PDT 2020","352","BatchId:4041312;OriginalHitTemplateId:920937340;","7200","172800","Sun May 17 16:07:28 PDT 2020","","","3PS7W85Z8Z2CQYSVSKVLXW20TV3T94","A1RGF4GSGEUQRK","Submitted","Sun May 17 13:54:07 PDT 2020","Sun May 17 14:02:38 PDT 2020","Tue May 19 14:02:38 PDT 2020","","","","511","0% (0/0)","0% (0/0)","0% (0/0)","h8qlvaxlepzpham8k64s"
"31J7RYECZLQ4WWJ1PW908FEIZ36L1O","32KI9HN0SH8Q5EEER27HJI3DITGU1K","Reading a passage and responding to questions","You will read a short passage about a person, then answer questions related to the passage.","sentences, decisions, language","$0.40","Sun May 17 12:07:28 PDT 2020","352","BatchId:4041312;OriginalHitTemplateId:920937340;","7200","172800","Sun May 17 16:07:28 PDT 2020","","","3Q5ZZ9ZEVOFARRYVMW79UK1BTM885C","A2A8R84M9GVDIC","Submitted","Sun May 17 15:44:30 PDT 2020","Sun May 17 15:47:01 PDT 2020","Tue May 19 15:47:01 PDT 2020","","","","151","0% (0/0)","0% (0/0)","0% (0/0)","n2zadgcomwfhtynjdk62"
"31J7RYECZLQ4WWJ1PW908FEIZ36L1O","32KI9HN0SH8Q5EEER27HJI3DITGU1K","Reading a passage and responding to questions","You will read a short passage about a person, then answer questions related to the passage.","sentences, decisions, language","$0.40","Sun May 17 12:07:28 PDT 2020","352","BatchId:4041312;OriginalHitTemplateId:920937340;","7200","172800","Sun May 17 16:07:28 PDT 2020","","","3Q5ZZ9ZEVOFARRYVMW79UK1BTMT85X","A770OB1ZAGJ4G","Submitted","Sun May 17 12:25:00 PDT 2020","Sun May 17 12:30:35 PDT 2020","Tue May 19 12:30:35 PDT 2020","","","","335","0% (0/0)","0% (0/0)","0% (0/0)","f1d9sjk5afu2bansnuy2"
"31J7RYECZLQ4WWJ1PW908FEIZ36L1O","32KI9HN0SH8Q5EEER27HJI3DITGU1K","Reading a passage and responding to questions","You will read a short passage about a person, then answer questions related to the passage.","sentences, decisions, language","$0.40","Sun May 17 12:07:28 PDT 2020","352","BatchId:4041312;OriginalHitTemplateId:920937340;","7200","172800","Sun May 17 16:07:28 PDT 2020","","","3QXNC7EIPIVBAPV4UI7BDL0VWKB90D","A1TSD3O3C3ZUT6","Submitted","Sun May 17 14:46:56 PDT 2020","Sun May 17 14:50:19 PDT 2020","Tue May 19 14:50:19 PDT 2020","","","","203","100% (1/1)","0% (0/0)","0% (0/0)","to5wlh16wh66obopsegx"
"31J7RYECZLQ4WWJ1PW908FEIZ36L1O","32KI9HN0SH8Q5EEER27HJI3DITGU1K","Reading a passage and responding to questions","You will read a short passage about a person, then answer questions related to the passage.","sentences, decisions, language","$0.40","Sun May 17 12:07:28 PDT 2020","352","BatchId:4041312;OriginalHitTemplateId:920937340;","7200","172800","Sun May 17 16:07:28 PDT 2020","","","3R2UR8A0IAGME25LZJF0JPIV1QIXOA","A3JI00662MH8HS","Submitted","Sun May 17 14:55:37 PDT 2020","Sun May 17 14:59:52 PDT 2020","Tue May 19 14:59:52 PDT 2020","","","","255","0% (0/0)","0% (0/0)","0% (0/0)","vyk6j3r53l6gducrved7"
"31J7RYECZLQ4WWJ1PW908FEIZ36L1O","32KI9HN0SH8Q5EEER27HJI3DITGU1K","Reading a passage and responding to questions","You will read a short passage about a person, then answer questions related to the passage.","sentences, decisions, language","$0.40","Sun May 17 12:07:28 PDT 2020","352","BatchId:4041312;OriginalHitTemplateId:920937340;","7200","172800","Sun May 17 16:07:28 PDT 2020","","","3R6BYFZZP7CS8PSS0GWAWV9H9OFFXS","A2WYCY1FMQOD5F","Submitted","Sun May 17 12:14:40 PDT 2020","Sun May 17 12:18:32 PDT 2020","Tue May 19 12:18:32 PDT 2020","","","","232","100% (1/1)","0% (0/0)","0% (0/0)","0gdfnwv8fpqz0f7mamdj"
"31J7RYECZLQ4WWJ1PW908FEIZ36L1O","32KI9HN0SH8Q5EEER27HJI3DITGU1K","Reading a passage and responding to questions","You will read a short passage about a person, then answer questions related to the passage.","sentences, decisions, language","$0.40","Sun May 17 12:07:28 PDT 2020","352","BatchId:4041312;OriginalHitTemplateId:920937340;","7200","172800","Sun May 17 16:07:28 PDT 2020","","","3R6P78PK7KBR58F36Q1VPDONX85TG2","A16DZ8DQ637S4Z","Submitted","Sun May 17 15:19:41 PDT 2020","Sun May 17 15:24:26 PDT 2020","Tue May 19 15:24:26 PDT 2020","","","","285","0% (0/0)","0% (0/0)","0% (0/0)","mhkvxscprlwuwveqxvbf"
"31J7RYECZLQ4WWJ1PW908FEIZ36L1O","32KI9HN0SH8Q5EEER27HJI3DITGU1K","Reading a passage and responding to questions","You will read a short passage about a person, then answer questions related to the passage.","sentences, decisions, language","$0.40","Sun May 17 12:07:28 PDT 2020","352","BatchId:4041312;OriginalHitTemplateId:920937340;","7200","172800","Sun May 17 16:07:28 PDT 2020","","","3S06PH7KSR4NK4T32HGDDM2VSWKD1N","A3S06Q0RZ6SVE4","Submitted","Sun May 17 12:14:15 PDT 2020","Sun May 17 12:23:25 PDT 2020","Tue May 19 12:23:25 PDT 2020","","","","550","0% (0/0)","0% (0/0)","0% (0/0)","w8hq2q65j551hza8v8rs"
"31J7RYECZLQ4WWJ1PW908FEIZ36L1O","32KI9HN0SH8Q5EEER27HJI3DITGU1K","Reading a passage and responding to questions","You will read a short passage about a person, then answer questions related to the passage.","sentences, decisions, language","$0.40","Sun May 17 12:07:28 PDT 2020","352","BatchId:4041312;OriginalHitTemplateId:920937340;","7200","172800","Sun May 17 16:07:28 PDT 2020","","","3SLE99ER0NDR03GRWWYZAQY72RZZB7","A3KVTEC6137CS7","Submitted","Sun May 17 15:21:47 PDT 2020","Sun May 17 15:24:39 PDT 2020","Tue May 19 15:24:39 PDT 2020","","","","172","0% (0/0)","0% (0/0)","0% (0/0)","f8amgqvym2bnknd4txdc"
"31J7RYECZLQ4WWJ1PW908FEIZ36L1O","32KI9HN0SH8Q5EEER27HJI3DITGU1K","Reading a passage and responding to questions","You will read a short passage about a person, then answer questions related to the passage.","sentences, decisions, language","$0.40","Sun May 17 12:07:28 PDT 2020","352","BatchId:4041312;OriginalHitTemplateId:920937340;","7200","172800","Sun May 17 16:07:28 PDT 2020","","","3TVRFO09GKFE8H2OMRZ8R8E16K0XLE","A1E2E7SBZ5857M","Submitted","Sun May 17 12:09:39 PDT 2020","Sun May 17 12:20:31 PDT 2020","Tue May 19 12:20:31 PDT 2020","","","","652","0% (0/0)","0% (0/0)","0% (0/0)","v1jlc64bgx9w4u5nt6cd"
"31J7RYECZLQ4WWJ1PW908FEIZ36L1O","32KI9HN0SH8Q5EEER27HJI3DITGU1K","Reading a passage and responding to questions","You will read a short passage about a person, then answer questions related to the passage.","sentences, decisions, language","$0.40","Sun May 17 12:07:28 PDT 2020","352","BatchId:4041312;OriginalHitTemplateId:920937340;","7200","172800","Sun May 17 16:07:28 PDT 2020","","","3TXD01ZLD4HQT518BUP4LKDMQGOU4Q","A1F8PAM6S1QBB6","Submitted","Sun May 17 12:07:57 PDT 2020","Sun May 17 12:23:33 PDT 2020","Tue May 19 12:23:33 PDT 2020","","","","936","0% (0/0)","0% (0/0)","0% (0/0)","ou6dxjh0v7qat9xwswn6"
"31J7RYECZLQ4WWJ1PW908FEIZ36L1O","32KI9HN0SH8Q5EEER27HJI3DITGU1K","Reading a passage and responding to questions","You will read a short passage about a person, then answer questions related to the passage.","sentences, decisions, language","$0.40","Sun May 17 12:07:28 PDT 2020","352","BatchId:4041312;OriginalHitTemplateId:920937340;","7200","172800","Sun May 17 16:07:28 PDT 2020","","","3TY7ZAOG5FKVRLEVYFY03UEB7EKK0F","A5BCSSPC180AG","Submitted","Sun May 17 14:10:56 PDT 2020","Sun May 17 14:14:43 PDT 2020","Tue May 19 14:14:43 PDT 2020","","","","227","0% (0/0)","0% (0/0)","0% (0/0)","6yv9fs9rw94r7q9eph9c"
"31J7RYECZLQ4WWJ1PW908FEIZ36L1O","32KI9HN0SH8Q5EEER27HJI3DITGU1K","Reading a passage and responding to questions","You will read a short passage about a person, then answer questions related to the passage.","sentences, decisions, language","$0.40","Sun May 17 12:07:28 PDT 2020","352","BatchId:4041312;OriginalHitTemplateId:920937340;","7200","172800","Sun May 17 16:07:28 PDT 2020","","","3VE8AYVF8MX2TORKS8KIGWSOIF5F8J","AS6QMZB32HHYF","Submitted","Sun May 17 12:07:57 PDT 2020","Sun May 17 12:15:10 PDT 2020","Tue May 19 12:15:10 PDT 2020","","","","433","0% (0/0)","0% (0/0)","0% (0/0)","tv3emqcf3e3yn9ru8t3p"
"31J7RYECZLQ4WWJ1PW908FEIZ36L1O","32KI9HN0SH8Q5EEER27HJI3DITGU1K","Reading a passage and responding to questions","You will read a short passage about a person, then answer questions related to the passage.","sentences, decisions, language","$0.40","Sun May 17 12:07:28 PDT 2020","352","BatchId:4041312;OriginalHitTemplateId:920937340;","7200","172800","Sun May 17 16:07:28 PDT 2020","","","3VNL7UK1XFJLR8J8V6VD7SOBWSRFT9","A1TK6H21B6EP3S","Submitted","Sun May 17 12:15:00 PDT 2020","Sun May 17 12:19:38 PDT 2020","Tue May 19 12:19:38 PDT 2020","","","","278","0% (0/0)","0% (0/0)","0% (0/0)","kn9ek8z9nwvh3ktvx2h2"
"31J7RYECZLQ4WWJ1PW908FEIZ36L1O","32KI9HN0SH8Q5EEER27HJI3DITGU1K","Reading a passage and responding to questions","You will read a short passage about a person, then answer questions related to the passage.","sentences, decisions, language","$0.40","Sun May 17 12:07:28 PDT 2020","352","BatchId:4041312;OriginalHitTemplateId:920937340;","7200","172800","Sun May 17 16:07:28 PDT 2020","","","3VW6495TLJ0N8LZXA2A04UN6H60YYH","A4MNEMGPU0KAD","Submitted","Sun May 17 12:38:28 PDT 2020","Sun May 17 12:42:59 PDT 2020","Tue May 19 12:42:59 PDT 2020","","","","271","0% (0/0)","0% (0/0)","0% (0/0)","zujsxrr0z0evfo5ugvnh"
"31J7RYECZLQ4WWJ1PW908FEIZ36L1O","32KI9HN0SH8Q5EEER27HJI3DITGU1K","Reading a passage and responding to questions","You will read a short passage about a person, then answer questions related to the passage.","sentences, decisions, language","$0.40","Sun May 17 12:07:28 PDT 2020","352","BatchId:4041312;OriginalHitTemplateId:920937340;","7200","172800","Sun May 17 16:07:28 PDT 2020","","","3W2LOLRXLBFJRFYUSSHFNQFYG4KRKL","AGNEWBU7179GY","Submitted","Sun May 17 14:22:36 PDT 2020","Sun May 17 14:29:18 PDT 2020","Tue May 19 14:29:18 PDT 2020","","","","402","0% (0/0)","0% (0/0)","0% (0/0)","1jenyv1vve4z3k4qwj9s"
"31J7RYECZLQ4WWJ1PW908FEIZ36L1O","32KI9HN0SH8Q5EEER27HJI3DITGU1K","Reading a passage and responding to questions","You will read a short passage about a person, then answer questions related to the passage.","sentences, decisions, language","$0.40","Sun May 17 12:07:28 PDT 2020","352","BatchId:4041312;OriginalHitTemplateId:920937340;","7200","172800","Sun May 17 16:07:28 PDT 2020","","","3W8CV64QJ2ZMLP10SQEWJDZCI1F9HH","A3OOD9IMOHPPFQ","Submitted","Sun May 17 15:12:17 PDT 2020","Sun May 17 15:16:43 PDT 2020","Tue May 19 15:16:43 PDT 2020","","","","266","0% (0/0)","0% (0/0)","0% (0/0)","76828erypu48p3td039q"
"31J7RYECZLQ4WWJ1PW908FEIZ36L1O","32KI9HN0SH8Q5EEER27HJI3DITGU1K","Reading a passage and responding to questions","You will read a short passage about a person, then answer questions related to the passage.","sentences, decisions, language","$0.40","Sun May 17 12:07:28 PDT 2020","352","BatchId:4041312;OriginalHitTemplateId:920937340;","7200","172800","Sun May 17 16:07:28 PDT 2020","","","3WEV0KO0OMSNEOSXF0VX9NP4IWWSDL","A220ZCMBT1YMMU","Submitted","Sun May 17 12:11:03 PDT 2020","Sun May 17 12:16:19 PDT 2020","Tue May 19 12:16:19 PDT 2020","","","","316","0% (0/0)","0% (0/0)","0% (0/0)","bvgwrlutfgzzhcynxjpy"
"31J7RYECZLQ4WWJ1PW908FEIZ36L1O","32KI9HN0SH8Q5EEER27HJI3DITGU1K","Reading a passage and responding to questions","You will read a short passage about a person, then answer questions related to the passage.","sentences, decisions, language","$0.40","Sun May 17 12:07:28 PDT 2020","352","BatchId:4041312;OriginalHitTemplateId:920937340;","7200","172800","Sun May 17 16:07:28 PDT 2020","","","3WZ36BJEV3GVER7SQ49HO2XQHV6TBE","AAKYBPN9LA19E","Submitted","Sun May 17 13:54:08 PDT 2020","Sun May 17 13:58:06 PDT 2020","Tue May 19 13:58:06 PDT 2020","","","","238","0% (0/0)","0% (0/0)","0% (0/0)","p07r027zrhz0g4khkd6q"
"31J7RYECZLQ4WWJ1PW908FEIZ36L1O","32KI9HN0SH8Q5EEER27HJI3DITGU1K","Reading a passage and responding to questions","You will read a short passage about a person, then answer questions related to the passage.","sentences, decisions, language","$0.40","Sun May 17 12:07:28 PDT 2020","352","BatchId:4041312;OriginalHitTemplateId:920937340;","7200","172800","Sun May 17 16:07:28 PDT 2020","","","3X65QVEQI0NQ5JRTVV3LDVTR53ULCK","A1GTFOKBXYQIO8","Submitted","Sun May 17 16:03:13 PDT 2020","Sun May 17 16:14:16 PDT 2020","Tue May 19 16:14:16 PDT 2020","","","","663","0% (0/0)","0% (0/0)","0% (0/0)","v2hqmpongvln9rer4c97"
"31J7RYECZLQ4WWJ1PW908FEIZ36L1O","32KI9HN0SH8Q5EEER27HJI3DITGU1K","Reading a passage and responding to questions","You will read a short passage about a person, then answer questions related to the passage.","sentences, decisions, language","$0.40","Sun May 17 12:07:28 PDT 2020","352","BatchId:4041312;OriginalHitTemplateId:920937340;","7200","172800","Sun May 17 16:07:28 PDT 2020","","","3X73LLYYQ1E7AR5UT0X11EUWNQPHNH","A1YN3AGDWAB1ZE","Submitted","Sun May 17 13:48:23 PDT 2020","Sun May 17 13:52:33 PDT 2020","Tue May 19 13:52:33 PDT 2020","","","","250","0% (0/0)","0% (0/0)","0% (0/0)","cy9chvd00zr7845o582c"
"31J7RYECZLQ4WWJ1PW908FEIZ36L1O","32KI9HN0SH8Q5EEER27HJI3DITGU1K","Reading a passage and responding to questions","You will read a short passage about a person, then answer questions related to the passage.","sentences, decisions, language","$0.40","Sun May 17 12:07:28 PDT 2020","352","BatchId:4041312;OriginalHitTemplateId:920937340;","7200","172800","Sun May 17 16:07:28 PDT 2020","","","3X87C8JFV6BH3XW2KM1H9MW31CTSQ0","AI94HR33696XS","Submitted","Sun May 17 13:52:11 PDT 2020","Sun May 17 14:05:05 PDT 2020","Tue May 19 14:05:05 PDT 2020","","","","774","0% (0/0)","0% (0/0)","0% (0/0)","8f62bolv6jjtz8wrs9h0"
"31J7RYECZLQ4WWJ1PW908FEIZ36L1O","32KI9HN0SH8Q5EEER27HJI3DITGU1K","Reading a passage and responding to questions","You will read a short passage about a person, then answer questions related to the passage.","sentences, decisions, language","$0.40","Sun May 17 12:07:28 PDT 2020","352","BatchId:4041312;OriginalHitTemplateId:920937340;","7200","172800","Sun May 17 16:07:28 PDT 2020","","","3Z4XG4ZF48RJTAI5S2Q4M3SVMLDX86","A1JWLO7Q522ALB","Submitted","Sun May 17 14:52:34 PDT 2020","Sun May 17 15:00:38 PDT 2020","Tue May 19 15:00:38 PDT 2020","","","","484","0% (0/0)","0% (0/0)","0% (0/0)","3gzwgnxssl0wko0yhnlc"
"31J7RYECZLQ4WWJ1PW908FEIZ36L1O","32KI9HN0SH8Q5EEER27HJI3DITGU1K","Reading a passage and responding to questions","You will read a short passage about a person, then answer questions related to the passage.","sentences, decisions, language","$0.40","Sun May 17 12:07:28 PDT 2020","352","BatchId:4041312;OriginalHitTemplateId:920937340;","7200","172800","Sun May 17 16:07:28 PDT 2020","","","3Z7VU45IPYHQN5YZUZ5A4ELYGEUZ18","A128VDS8TMHBDP","Submitted","Sun May 17 12:20:42 PDT 2020","Sun May 17 12:31:49 PDT 2020","Tue May 19 12:31:49 PDT 2020","","","","667","0% (0/0)","0% (0/0)","0% (0/0)","wpg5jjwmfa9nfbndef66"
"31J7RYECZLQ4WWJ1PW908FEIZ36L1O","32KI9HN0SH8Q5EEER27HJI3DITGU1K","Reading a passage and responding to questions","You will read a short passage about a person, then answer questions related to the passage.","sentences, decisions, language","$0.40","Sun May 17 12:07:28 PDT 2020","352","BatchId:4041312;OriginalHitTemplateId:920937340;","7200","172800","Sun May 17 16:07:28 PDT 2020","","","3ZY8KE4ISJ3XVPD6EH6MK9GA0GJQVZ","AMBM9Q0KCHYQO","Submitted","Sun May 17 12:58:11 PDT 2020","Sun May 17 13:07:27 PDT 2020","Tue May 19 13:07:27 PDT 2020","","","","556","0% (0/0)","0% (0/0)","0% (0/0)","gbla5pl77y5hxx8fog5n"
"31J7RYECZLQ4WWJ1PW908FEIZ36L1O","32KI9HN0SH8Q5EEER27HJI3DITGU1K","Reading a passage and responding to questions","You will read a short passage about a person, then answer questions related to the passage.","sentences, decisions, language","$0.40","Sun May 17 12:07:28 PDT 2020","352","BatchId:4041312;OriginalHitTemplateId:920937340;","7200","172800","Sun May 17 16:07:28 PDT 2020","","","3ZY8KE4ISJ3XVPD6EH6MK9GA0GTQV9","A11BLQKVW1951L","Submitted","Sun May 17 15:08:32 PDT 2020","Sun May 17 15:15:30 PDT 2020","Tue May 19 15:15:30 PDT 2020","","","","418","0% (0/0)","0% (0/0)","0% (0/0)","omg6z3z15pp8689abkvu"