"HITId","HITTypeId","Title","Description","Keywords","Reward","CreationTime","MaxAssignments","RequesterAnnotation","AssignmentDurationInSeconds","AutoApprovalDelayInSeconds","Expiration","NumberOfSimilarHITs","LifetimeInSeconds","AssignmentId","WorkerId","AssignmentStatus","AcceptTime","SubmitTime","AutoApprovalTime","ApprovalTime","RejectionTime","RequesterFeedback","WorkTimeInSeconds","LifetimeApprovalRate","Last30DaysApprovalRate","Last7DaysApprovalRate","Answer.surveycode","Approve","Reject"
"3ACRLU860NER3OR1A7FL1W17CJMBE2","32KI9HN0SH8Q5EEER27HJI3DITGU1K","Reading a passage and responding to questions","You will read a short passage about a person, then answer questions related to the passage.","sentences, decisions, language","$0.40","Mon May 18 06:38:54 PDT 2020","352","BatchId:4042199;OriginalHitTemplateId:920937340;","7200","172800","Mon May 18 10:38:54 PDT 2020","","","30BXRYBRP4XXXLE8L1OOXX7NG38HWP","A33DS4O7X93BIG","Approved","Mon May 18 06:40:11 PDT 2020","Mon May 18 06:52:26 PDT 2020","Wed May 20 06:52:26 PDT 2020","Mon May 18 20:41:58 PDT 2020","","","735","100% (1/1)","100% (1/1)","0% (0/0)","xhzow7y456unwlvxt28w"
"3ACRLU860NER3OR1A7FL1W17CJMBE2","32KI9HN0SH8Q5EEER27HJI3DITGU1K","Reading a passage and responding to questions","You will read a short passage about a person, then answer questions related to the passage.","sentences, decisions, language","$0.40","Mon May 18 06:38:54 PDT 2020","352","BatchId:4042199;OriginalHitTemplateId:920937340;","7200","172800","Mon May 18 10:38:54 PDT 2020","","","31HQ4X3T3SA6C0GPSHTLS0X9R7NLSN","A3LPZ9NGCUYJEW","Approved","Mon May 18 07:07:59 PDT 2020","Mon May 18 07:13:13 PDT 2020","Wed May 20 07:13:13 PDT 2020","Mon May 18 20:41:58 PDT 2020","","","314","100% (1/1)","100% (1/1)","0% (0/0)","1m6kgm6cwftgsxad0amz"
"3ACRLU860NER3OR1A7FL1W17CJMBE2","32KI9HN0SH8Q5EEER27HJI3DITGU1K","Reading a passage and responding to questions","You will read a short passage about a person, then answer questions related to the passage.","sentences, decisions, language","$0.40","Mon May 18 06:38:54 PDT 2020","352","BatchId:4042199;OriginalHitTemplateId:920937340;","7200","172800","Mon May 18 10:38:54 PDT 2020","","","31QNSG6A5RTPEVCEAPM6S4F7KT978Y","A1BVQEM4JM0XH3","Approved","Mon May 18 06:40:42 PDT 2020","Mon May 18 06:46:58 PDT 2020","Wed May 20 06:46:58 PDT 2020","Mon May 18 20:41:58 PDT 2020","","","376","100% (1/1)","100% (1/1)","0% (0/0)","mgnnbe24uk180m0tjjc9"
"3ACRLU860NER3OR1A7FL1W17CJMBE2","32KI9HN0SH8Q5EEER27HJI3DITGU1K","Reading a passage and responding to questions","You will read a short passage about a person, then answer questions related to the passage.","sentences, decisions, language","$0.40","Mon May 18 06:38:54 PDT 2020","352","BatchId:4042199;OriginalHitTemplateId:920937340;","7200","172800","Mon May 18 10:38:54 PDT 2020","","","32AT8R96GL99VQ3J1VLMJNTS4YESUM","AQ53YJDPDDLZ","Approved","Mon May 18 06:42:54 PDT 2020","Mon May 18 06:51:39 PDT 2020","Wed May 20 06:51:39 PDT 2020","Mon May 18 20:41:58 PDT 2020","","","525","100% (1/1)","100% (1/1)","0% (0/0)","b1o68v52z8suofl0uwsq"
"3ACRLU860NER3OR1A7FL1W17CJMBE2","32KI9HN0SH8Q5EEER27HJI3DITGU1K","Reading a passage and responding to questions","You will read a short passage about a person, then answer questions related to the passage.","sentences, decisions, language","$0.40","Mon May 18 06:38:54 PDT 2020","352","BatchId:4042199;OriginalHitTemplateId:920937340;","7200","172800","Mon May 18 10:38:54 PDT 2020","","","32EYX73OY09XUB36M6LHTDOWIW4RU6","AYD5RO5SIGEZI","Rejected","Mon May 18 08:19:35 PDT 2020","Mon May 18 09:43:24 PDT 2020","Wed May 20 09:43:24 PDT 2020","","Mon May 18 20:41:58 PDT 2020","Failed to correctly answer one or both of the bot check questions","5029","0% (0/1)","0% (0/1)","0% (0/0)","qt0sr6orb4usu4ysql24"
"3ACRLU860NER3OR1A7FL1W17CJMBE2","32KI9HN0SH8Q5EEER27HJI3DITGU1K","Reading a passage and responding to questions","You will read a short passage about a person, then answer questions related to the passage.","sentences, decisions, language","$0.40","Mon May 18 06:38:54 PDT 2020","352","BatchId:4042199;OriginalHitTemplateId:920937340;","7200","172800","Mon May 18 10:38:54 PDT 2020","","","32M8BPYGATM1WUZSCE2RB6MEMSXIGK","A3THDM5J7FI225","Approved","Mon May 18 06:41:41 PDT 2020","Mon May 18 06:58:14 PDT 2020","Wed May 20 06:58:14 PDT 2020","Thu May 21 07:14:15 PDT 2020","Mon May 18 20:41:58 PDT 2020","","993","100% (1/1)","100% (1/1)","0% (0/0)","15et3ntmyth6x01znq9r"
"3ACRLU860NER3OR1A7FL1W17CJMBE2","32KI9HN0SH8Q5EEER27HJI3DITGU1K","Reading a passage and responding to questions","You will read a short passage about a person, then answer questions related to the passage.","sentences, decisions, language","$0.40","Mon May 18 06:38:54 PDT 2020","352","BatchId:4042199;OriginalHitTemplateId:920937340;","7200","172800","Mon May 18 10:38:54 PDT 2020","","","32UTUBMZ7GWARJBHVZ9WPKLBEH6VBI","A2PZ5DB9WQ7UNZ","Approved","Mon May 18 07:36:57 PDT 2020","Mon May 18 07:40:10 PDT 2020","Wed May 20 07:40:10 PDT 2020","Mon May 18 20:41:58 PDT 2020","","","193","100% (1/1)","100% (1/1)","0% (0/0)","15lz7ot4cl4kmgzc8jes"
"3ACRLU860NER3OR1A7FL1W17CJMBE2","32KI9HN0SH8Q5EEER27HJI3DITGU1K","Reading a passage and responding to questions","You will read a short passage about a person, then answer questions related to the passage.","sentences, decisions, language","$0.40","Mon May 18 06:38:54 PDT 2020","352","BatchId:4042199;OriginalHitTemplateId:920937340;","7200","172800","Mon May 18 10:38:54 PDT 2020","","","32VNZTT0A74YDD9R70UZG9Q2JJ84RO","A2L4HMCYEGF5OI","Approved","Mon May 18 06:49:50 PDT 2020","Mon May 18 07:03:13 PDT 2020","Wed May 20 07:03:13 PDT 2020","Mon May 18 20:41:58 PDT 2020","","","803","100% (1/1)","100% (1/1)","0% (0/0)","5y40rl0j8yld5o0ml0y2"
"3ACRLU860NER3OR1A7FL1W17CJMBE2","32KI9HN0SH8Q5EEER27HJI3DITGU1K","Reading a passage and responding to questions","You will read a short passage about a person, then answer questions related to the passage.","sentences, decisions, language","$0.40","Mon May 18 06:38:54 PDT 2020","352","BatchId:4042199;OriginalHitTemplateId:920937340;","7200","172800","Mon May 18 10:38:54 PDT 2020","","","3300DTYQT2HGTERKJRHCK5SO0MZQEE","A23TWTF4HP8J9R","Approved","Mon May 18 06:42:25 PDT 2020","Mon May 18 07:04:34 PDT 2020","Wed May 20 07:04:34 PDT 2020","Mon May 18 20:41:58 PDT 2020","","","1329","100% (1/1)","100% (1/1)","0% (0/0)","zotuse42ud03hcox96bm"
"3ACRLU860NER3OR1A7FL1W17CJMBE2","32KI9HN0SH8Q5EEER27HJI3DITGU1K","Reading a passage and responding to questions","You will read a short passage about a person, then answer questions related to the passage.","sentences, decisions, language","$0.40","Mon May 18 06:38:54 PDT 2020","352","BatchId:4042199;OriginalHitTemplateId:920937340;","7200","172800","Mon May 18 10:38:54 PDT 2020","","","338JKRMM26Z0Q8B5KWSWF8AWOK5AH7","A3N5ASIN8IU5A5","Approved","Mon May 18 06:40:49 PDT 2020","Mon May 18 06:47:40 PDT 2020","Wed May 20 06:47:40 PDT 2020","Mon May 18 20:41:59 PDT 2020","","","411","100% (1/1)","100% (1/1)","0% (0/0)","tk6rspmm5v6y36q4pm4t"
"3ACRLU860NER3OR1A7FL1W17CJMBE2","32KI9HN0SH8Q5EEER27HJI3DITGU1K","Reading a passage and responding to questions","You will read a short passage about a person, then answer questions related to the passage.","sentences, decisions, language","$0.40","Mon May 18 06:38:54 PDT 2020","352","BatchId:4042199;OriginalHitTemplateId:920937340;","7200","172800","Mon May 18 10:38:54 PDT 2020","","","33CUSNVVNNCTE9HXKUEC64B2VDI88P","ATTH3EB3Y0N85","Approved","Mon May 18 07:14:52 PDT 2020","Mon May 18 07:31:59 PDT 2020","Wed May 20 07:31:59 PDT 2020","Mon May 18 20:41:58 PDT 2020","","","1027","100% (1/1)","100% (1/1)","0% (0/0)","1x7ob24u3tq0ododb76x"
"3ACRLU860NER3OR1A7FL1W17CJMBE2","32KI9HN0SH8Q5EEER27HJI3DITGU1K","Reading a passage and responding to questions","You will read a short passage about a person, then answer questions related to the passage.","sentences, decisions, language","$0.40","Mon May 18 06:38:54 PDT 2020","352","BatchId:4042199;OriginalHitTemplateId:920937340;","7200","172800","Mon May 18 10:38:54 PDT 2020","","","33FBRBDW6OZVQC7A16UH8Q7LL40C8W","A2541C8MY0BYV3","Approved","Mon May 18 06:39:13 PDT 2020","Mon May 18 07:22:11 PDT 2020","Wed May 20 07:22:11 PDT 2020","Mon May 18 20:41:58 PDT 2020","","","2578","100% (4/4)","100% (1/1)","0% (0/0)","m90dp33oh6uz6rl3l4bp"
"3ACRLU860NER3OR1A7FL1W17CJMBE2","32KI9HN0SH8Q5EEER27HJI3DITGU1K","Reading a passage and responding to questions","You will read a short passage about a person, then answer questions related to the passage.","sentences, decisions, language","$0.40","Mon May 18 06:38:54 PDT 2020","352","BatchId:4042199;OriginalHitTemplateId:920937340;","7200","172800","Mon May 18 10:38:54 PDT 2020","","","33FOTY3KEMLDFCNP2LL2TGKD7Y11C8","A2YX1X2RFQVEX2","Rejected","Mon May 18 07:50:06 PDT 2020","Mon May 18 09:24:41 PDT 2020","Wed May 20 09:24:41 PDT 2020","","Mon May 18 20:41:58 PDT 2020","Failed to correctly answer one or both of the bot check questions","5675","0% (0/1)","0% (0/1)","0% (0/0)","5mwew7sr9t71zude6bz5"
"3ACRLU860NER3OR1A7FL1W17CJMBE2","32KI9HN0SH8Q5EEER27HJI3DITGU1K","Reading a passage and responding to questions","You will read a short passage about a person, then answer questions related to the passage.","sentences, decisions, language","$0.40","Mon May 18 06:38:54 PDT 2020","352","BatchId:4042199;OriginalHitTemplateId:920937340;","7200","172800","Mon May 18 10:38:54 PDT 2020","","","33IZTU6J8111CUXE60W93USWYGVXSJ","AGE0HRXTRHQPK","Rejected","Mon May 18 06:43:34 PDT 2020","Mon May 18 06:49:42 PDT 2020","Wed May 20 06:49:42 PDT 2020","","Mon May 18 20:41:59 PDT 2020","Failed to correctly answer one or both of the bot check questions","368","0% (0/1)","0% (0/1)","0% (0/0)","q2x3ya6329w73qkg2cga"
"3ACRLU860NER3OR1A7FL1W17CJMBE2","32KI9HN0SH8Q5EEER27HJI3DITGU1K","Reading a passage and responding to questions","You will read a short passage about a person, then answer questions related to the passage.","sentences, decisions, language","$0.40","Mon May 18 06:38:54 PDT 2020","352","BatchId:4042199;OriginalHitTemplateId:920937340;","7200","172800","Mon May 18 10:38:54 PDT 2020","","","33LKR6A5KEKU1TP0O7GSIQKHVK6T1O","A77OYVAEE5RUZ","Approved","Mon May 18 08:48:02 PDT 2020","Mon May 18 08:53:03 PDT 2020","Wed May 20 08:53:03 PDT 2020","Mon May 18 20:41:59 PDT 2020","","","301","100% (1/1)","100% (1/1)","0% (0/0)","2xp4t4nl4bdhyur57558"
"3ACRLU860NER3OR1A7FL1W17CJMBE2","32KI9HN0SH8Q5EEER27HJI3DITGU1K","Reading a passage and responding to questions","You will read a short passage about a person, then answer questions related to the passage.","sentences, decisions, language","$0.40","Mon May 18 06:38:54 PDT 2020","352","BatchId:4042199;OriginalHitTemplateId:920937340;","7200","172800","Mon May 18 10:38:54 PDT 2020","","","33LKR6A5KEKU1TP0O7GSIQKHVKYT1G","A1VSHM4NLZ705D","Approved","Mon May 18 07:30:25 PDT 2020","Mon May 18 07:36:27 PDT 2020","Wed May 20 07:36:27 PDT 2020","Mon May 18 20:41:59 PDT 2020","","","362","100% (2/2)","100% (1/1)","0% (0/0)","jt3ch31mto0oe1kl6k14"
"3ACRLU860NER3OR1A7FL1W17CJMBE2","32KI9HN0SH8Q5EEER27HJI3DITGU1K","Reading a passage and responding to questions","You will read a short passage about a person, then answer questions related to the passage.","sentences, decisions, language","$0.40","Mon May 18 06:38:54 PDT 2020","352","BatchId:4042199;OriginalHitTemplateId:920937340;","7200","172800","Mon May 18 10:38:54 PDT 2020","","","33OOO72IVHLEOWZY445CZM38ZHOCTO","A2I47G71BLZ10H","Approved","Mon May 18 07:15:49 PDT 2020","Mon May 18 07:35:51 PDT 2020","Wed May 20 07:35:51 PDT 2020","Mon May 18 20:41:59 PDT 2020","","","1202","100% (1/1)","100% (1/1)","0% (0/0)","ja3fc6jnmpma4hm93w63"
"3ACRLU860NER3OR1A7FL1W17CJMBE2","32KI9HN0SH8Q5EEER27HJI3DITGU1K","Reading a passage and responding to questions","You will read a short passage about a person, then answer questions related to the passage.","sentences, decisions, language","$0.40","Mon May 18 06:38:54 PDT 2020","352","BatchId:4042199;OriginalHitTemplateId:920937340;","7200","172800","Mon May 18 10:38:54 PDT 2020","","","33PPO7FECVFYKAP1AO1J5LJH90VDIJ","A1Z26KLD8VFYUD","Rejected","Mon May 18 09:00:32 PDT 2020","Mon May 18 09:08:15 PDT 2020","Wed May 20 09:08:15 PDT 2020","","Mon May 18 20:41:59 PDT 2020","Failed to correctly answer one or both of the bot check questions","463","0% (0/1)","0% (0/1)","0% (0/0)","yy5wq00249pxqchykw10"
"3ACRLU860NER3OR1A7FL1W17CJMBE2","32KI9HN0SH8Q5EEER27HJI3DITGU1K","Reading a passage and responding to questions","You will read a short passage about a person, then answer questions related to the passage.","sentences, decisions, language","$0.40","Mon May 18 06:38:54 PDT 2020","352","BatchId:4042199;OriginalHitTemplateId:920937340;","7200","172800","Mon May 18 10:38:54 PDT 2020","","","33SA9F9TRXULDBN6V0GICUAAONMWEU","A5E2P5F1AXYZ1","Approved","Mon May 18 07:50:14 PDT 2020","Mon May 18 07:55:18 PDT 2020","Wed May 20 07:55:18 PDT 2020","Mon May 18 20:41:59 PDT 2020","","","304","100% (1/1)","100% (1/1)","0% (0/0)","jvyos1z68vqhw04guwcg"
"3ACRLU860NER3OR1A7FL1W17CJMBE2","32KI9HN0SH8Q5EEER27HJI3DITGU1K","Reading a passage and responding to questions","You will read a short passage about a person, then answer questions related to the passage.","sentences, decisions, language","$0.40","Mon May 18 06:38:54 PDT 2020","352","BatchId:4042199;OriginalHitTemplateId:920937340;","7200","172800","Mon May 18 10:38:54 PDT 2020","","","34Z02EIMISDUU44ISOCS4L17QSQ0TI","A3S3VM98BI0DNN","Approved","Mon May 18 06:57:58 PDT 2020","Mon May 18 07:02:34 PDT 2020","Wed May 20 07:02:34 PDT 2020","Mon May 18 20:41:59 PDT 2020","","","276","100% (1/1)","100% (1/1)","0% (0/0)","fpe8wly7t56mua8by5j5"
"3ACRLU860NER3OR1A7FL1W17CJMBE2","32KI9HN0SH8Q5EEER27HJI3DITGU1K","Reading a passage and responding to questions","You will read a short passage about a person, then answer questions related to the passage.","sentences, decisions, language","$0.40","Mon May 18 06:38:54 PDT 2020","352","BatchId:4042199;OriginalHitTemplateId:920937340;","7200","172800","Mon May 18 10:38:54 PDT 2020","","","35H6S234SA0NNDF7THABA65KNSZ566","A2Y8JRVRJTZYQ4","Approved","Mon May 18 08:32:23 PDT 2020","Mon May 18 08:45:15 PDT 2020","Wed May 20 08:45:15 PDT 2020","Mon May 18 20:42:00 PDT 2020","","","772","100% (1/1)","100% (1/1)","0% (0/0)","2rrn7a4wlxc5oj1t836a"
"3ACRLU860NER3OR1A7FL1W17CJMBE2","32KI9HN0SH8Q5EEER27HJI3DITGU1K","Reading a passage and responding to questions","You will read a short passage about a person, then answer questions related to the passage.","sentences, decisions, language","$0.40","Mon May 18 06:38:54 PDT 2020","352","BatchId:4042199;OriginalHitTemplateId:920937340;","7200","172800","Mon May 18 10:38:54 PDT 2020","","","3634BBTX0OUVIU3X1UW9TLM2LDXFII","AXPO6QGLZUXDD","Approved","Mon May 18 06:39:29 PDT 2020","Mon May 18 06:43:29 PDT 2020","Wed May 20 06:43:29 PDT 2020","Mon May 18 20:42:00 PDT 2020","","","240","100% (1/1)","100% (1/1)","0% (0/0)","atsjchbdrsrdt89gwb5y"
"3ACRLU860NER3OR1A7FL1W17CJMBE2","32KI9HN0SH8Q5EEER27HJI3DITGU1K","Reading a passage and responding to questions","You will read a short passage about a person, then answer questions related to the passage.","sentences, decisions, language","$0.40","Mon May 18 06:38:54 PDT 2020","352","BatchId:4042199;OriginalHitTemplateId:920937340;","7200","172800","Mon May 18 10:38:54 PDT 2020","","","36DSNE9QZ5YLJI0WIF0ZSGAGQTQJOX","AMI4OR8CUAIED","Approved","Mon May 18 08:54:01 PDT 2020","Mon May 18 08:58:37 PDT 2020","Wed May 20 08:58:37 PDT 2020","Mon May 18 20:42:00 PDT 2020","","","276","100% (1/1)","100% (1/1)","0% (0/0)","e8pczcttppsdgsbjfea5"
"3ACRLU860NER3OR1A7FL1W17CJMBE2","32KI9HN0SH8Q5EEER27HJI3DITGU1K","Reading a passage and responding to questions","You will read a short passage about a person, then answer questions related to the passage.","sentences, decisions, language","$0.40","Mon May 18 06:38:54 PDT 2020","352","BatchId:4042199;OriginalHitTemplateId:920937340;","7200","172800","Mon May 18 10:38:54 PDT 2020","","","36NEMU28XFDJPZFJCY41P2FJXPLMWH","A11P77TKJB2XDR","Approved","Mon May 18 09:03:46 PDT 2020","Mon May 18 09:08:18 PDT 2020","Wed May 20 09:08:18 PDT 2020","Mon May 18 20:42:00 PDT 2020","","","272","100% (1/1)","100% (1/1)","0% (0/0)","3096dm91gysangetbnrm"
"3ACRLU860NER3OR1A7FL1W17CJMBE2","32KI9HN0SH8Q5EEER27HJI3DITGU1K","Reading a passage and responding to questions","You will read a short passage about a person, then answer questions related to the passage.","sentences, decisions, language","$0.40","Mon May 18 06:38:54 PDT 2020","352","BatchId:4042199;OriginalHitTemplateId:920937340;","7200","172800","Mon May 18 10:38:54 PDT 2020","","","36W0OB37HWE1RGJDWO8VW115X5CHZF","A8L7DH0W68PDP","Approved","Mon May 18 06:40:31 PDT 2020","Mon May 18 06:52:02 PDT 2020","Wed May 20 06:52:02 PDT 2020","Mon May 18 20:42:00 PDT 2020","","","691","100% (1/1)","100% (1/1)","0% (0/0)","4f8mve790uy63g68q76d"
"3ACRLU860NER3OR1A7FL1W17CJMBE2","32KI9HN0SH8Q5EEER27HJI3DITGU1K","Reading a passage and responding to questions","You will read a short passage about a person, then answer questions related to the passage.","sentences, decisions, language","$0.40","Mon May 18 06:38:54 PDT 2020","352","BatchId:4042199;OriginalHitTemplateId:920937340;","7200","172800","Mon May 18 10:38:54 PDT 2020","","","37KGEN7NJ3QZQTFVSSIYEC1I9XQPPI","A35Y5LOUZ5YHA6","Approved","Mon May 18 08:41:22 PDT 2020","Mon May 18 08:56:56 PDT 2020","Wed May 20 08:56:56 PDT 2020","Mon May 18 20:42:00 PDT 2020","","","934","100% (1/1)","100% (1/1)","0% (0/0)","8kp4xcgypgsvzsnzr14a"
"3ACRLU860NER3OR1A7FL1W17CJMBE2","32KI9HN0SH8Q5EEER27HJI3DITGU1K","Reading a passage and responding to questions","You will read a short passage about a person, then answer questions related to the passage.","sentences, decisions, language","$0.40","Mon May 18 06:38:54 PDT 2020","352","BatchId:4042199;OriginalHitTemplateId:920937340;","7200","172800","Mon May 18 10:38:54 PDT 2020","","","39GAF6DQWR09ELTPT2G7J882S6RV1D","A3LE1BIVORW3VR","Approved","Mon May 18 09:32:06 PDT 2020","Mon May 18 10:12:57 PDT 2020","Wed May 20 10:12:57 PDT 2020","Mon May 18 20:42:00 PDT 2020","","","2451","100% (1/1)","100% (1/1)","0% (0/0)","atqvaz64k7k57uofz6cr"
"3ACRLU860NER3OR1A7FL1W17CJMBE2","32KI9HN0SH8Q5EEER27HJI3DITGU1K","Reading a passage and responding to questions","You will read a short passage about a person, then answer questions related to the passage.","sentences, decisions, language","$0.40","Mon May 18 06:38:54 PDT 2020","352","BatchId:4042199;OriginalHitTemplateId:920937340;","7200","172800","Mon May 18 10:38:54 PDT 2020","","","39L1G8WVWQRP2CR69SA10DGJ1LI134","A3IQ9V1JSB2RJO","Approved","Mon May 18 06:45:06 PDT 2020","Mon May 18 07:02:15 PDT 2020","Wed May 20 07:02:15 PDT 2020","Mon May 18 20:42:00 PDT 2020","","","1029","100% (1/1)","100% (1/1)","0% (0/0)","p71loohh5eb04g200mu4"
"3ACRLU860NER3OR1A7FL1W17CJMBE2","32KI9HN0SH8Q5EEER27HJI3DITGU1K","Reading a passage and responding to questions","You will read a short passage about a person, then answer questions related to the passage.","sentences, decisions, language","$0.40","Mon May 18 06:38:54 PDT 2020","352","BatchId:4042199;OriginalHitTemplateId:920937340;","7200","172800","Mon May 18 10:38:54 PDT 2020","","","39OWYR0EPKRH8UI25CICF9GQBWVFYO","AF0U1VM7J9DLM","Approved","Mon May 18 06:40:16 PDT 2020","Mon May 18 08:08:20 PDT 2020","Wed May 20 08:08:20 PDT 2020","Mon May 18 20:42:00 PDT 2020","","","5284","100% (1/1)","100% (1/1)","0% (0/0)","k1cnak2am5w06wspsv5k"
"3ACRLU860NER3OR1A7FL1W17CJMBE2","32KI9HN0SH8Q5EEER27HJI3DITGU1K","Reading a passage and responding to questions","You will read a short passage about a person, then answer questions related to the passage.","sentences, decisions, language","$0.40","Mon May 18 06:38:54 PDT 2020","352","BatchId:4042199;OriginalHitTemplateId:920937340;","7200","172800","Mon May 18 10:38:54 PDT 2020","","","39RP059MEHTR1WH8H7852O2YNORBME","AZD771HUDKHRS","Approved","Mon May 18 06:59:28 PDT 2020","Mon May 18 07:04:15 PDT 2020","Wed May 20 07:04:15 PDT 2020","Mon May 18 20:42:00 PDT 2020","","","287","100% (1/1)","100% (1/1)","0% (0/0)","flh48t3bbyxkh6a4notu"
"3ACRLU860NER3OR1A7FL1W17CJMBE2","32KI9HN0SH8Q5EEER27HJI3DITGU1K","Reading a passage and responding to questions","You will read a short passage about a person, then answer questions related to the passage.","sentences, decisions, language","$0.40","Mon May 18 06:38:54 PDT 2020","352","BatchId:4042199;OriginalHitTemplateId:920937340;","7200","172800","Mon May 18 10:38:54 PDT 2020","","","3A4NIXBJ76Z3E53K8KXZGRY3ZI9LMF","A1RH3X41J9J05R","Approved","Mon May 18 07:46:46 PDT 2020","Mon May 18 07:47:25 PDT 2020","Wed May 20 07:47:25 PDT 2020","Mon May 18 20:42:00 PDT 2020","","","39","100% (1/1)","100% (1/1)","0% (0/0)","c0p8tyuyghcpm0y9ghb5"
"3ACRLU860NER3OR1A7FL1W17CJMBE2","32KI9HN0SH8Q5EEER27HJI3DITGU1K","Reading a passage and responding to questions","You will read a short passage about a person, then answer questions related to the passage.","sentences, decisions, language","$0.40","Mon May 18 06:38:54 PDT 2020","352","BatchId:4042199;OriginalHitTemplateId:920937340;","7200","172800","Mon May 18 10:38:54 PDT 2020","","","3AAPLD8UCCH554AEQWJDAD0OC9QHTZ","A3PM587EFO3U7K","Rejected","Mon May 18 06:40:10 PDT 2020","Mon May 18 06:42:58 PDT 2020","Wed May 20 06:42:58 PDT 2020","","Mon May 18 20:42:01 PDT 2020","Failed to correctly answer one or both of the bot check questions","168","0% (0/1)","0% (0/1)","0% (0/0)","d9pvl7wnzx1eor4z9aah"
"3ACRLU860NER3OR1A7FL1W17CJMBE2","32KI9HN0SH8Q5EEER27HJI3DITGU1K","Reading a passage and responding to questions","You will read a short passage about a person, then answer questions related to the passage.","sentences, decisions, language","$0.40","Mon May 18 06:38:54 PDT 2020","352","BatchId:4042199;OriginalHitTemplateId:920937340;","7200","172800","Mon May 18 10:38:54 PDT 2020","","","3AMW0RGHOD2ZN83ICD56ANWN9IKPNH","A2PLJREKV92BZN","Approved","Mon May 18 07:44:03 PDT 2020","Mon May 18 07:52:18 PDT 2020","Wed May 20 07:52:18 PDT 2020","Mon May 18 20:42:01 PDT 2020","","","495","100% (1/1)","100% (1/1)","0% (0/0)","fvm6wlztlevdks3bn7el"
"3ACRLU860NER3OR1A7FL1W17CJMBE2","32KI9HN0SH8Q5EEER27HJI3DITGU1K","Reading a passage and responding to questions","You will read a short passage about a person, then answer questions related to the passage.","sentences, decisions, language","$0.40","Mon May 18 06:38:54 PDT 2020","352","BatchId:4042199;OriginalHitTemplateId:920937340;","7200","172800","Mon May 18 10:38:54 PDT 2020","","","3AMYWKA6YBM9VNLPYW6AJC5B4NV6O3","A3B96BW9I8IZA2","Approved","Mon May 18 06:59:59 PDT 2020","Mon May 18 07:08:45 PDT 2020","Wed May 20 07:08:45 PDT 2020","Mon May 18 20:42:01 PDT 2020","","","526","100% (1/1)","100% (1/1)","0% (0/0)","g56yrtdbnuoetv1kcc7f"
"3ACRLU860NER3OR1A7FL1W17CJMBE2","32KI9HN0SH8Q5EEER27HJI3DITGU1K","Reading a passage and responding to questions","You will read a short passage about a person, then answer questions related to the passage.","sentences, decisions, language","$0.40","Mon May 18 06:38:54 PDT 2020","352","BatchId:4042199;OriginalHitTemplateId:920937340;","7200","172800","Mon May 18 10:38:54 PDT 2020","","","3B2X28YI3WFPCTWGUR1ODS5CXOJB6B","AMH52LUVPIB2M","Rejected","Mon May 18 08:15:16 PDT 2020","Mon May 18 08:19:44 PDT 2020","Wed May 20 08:19:44 PDT 2020","","Mon May 18 20:42:01 PDT 2020","Failed to correctly answer one or both of the bot check questions","268","0% (0/1)","0% (0/1)","0% (0/0)","ocum8u721wrp1sazf2cj"
"3ACRLU860NER3OR1A7FL1W17CJMBE2","32KI9HN0SH8Q5EEER27HJI3DITGU1K","Reading a passage and responding to questions","You will read a short passage about a person, then answer questions related to the passage.","sentences, decisions, language","$0.40","Mon May 18 06:38:54 PDT 2020","352","BatchId:4042199;OriginalHitTemplateId:920937340;","7200","172800","Mon May 18 10:38:54 PDT 2020","","","3B3WTRP3DB2I6ZYI95BPW9TATJ892C","AUY1DKXIL4W08","Approved","Mon May 18 07:11:57 PDT 2020","Mon May 18 07:17:36 PDT 2020","Wed May 20 07:17:36 PDT 2020","Mon May 18 20:42:01 PDT 2020","","","339","100% (1/1)","100% (1/1)","0% (0/0)","vl72vhswamwc61tyfegp"
"3ACRLU860NER3OR1A7FL1W17CJMBE2","32KI9HN0SH8Q5EEER27HJI3DITGU1K","Reading a passage and responding to questions","You will read a short passage about a person, then answer questions related to the passage.","sentences, decisions, language","$0.40","Mon May 18 06:38:54 PDT 2020","352","BatchId:4042199;OriginalHitTemplateId:920937340;","7200","172800","Mon May 18 10:38:54 PDT 2020","","","3CTOC39K37QEYC8X1TJXHUOL04G7JV","A1SEDU33YKA840","Approved","Mon May 18 08:51:15 PDT 2020","Mon May 18 08:56:34 PDT 2020","Wed May 20 08:56:34 PDT 2020","Mon May 18 20:42:02 PDT 2020","","","319","100% (1/1)","100% (1/1)","0% (0/0)","6571sapyvyec6ep657r4"
"3ACRLU860NER3OR1A7FL1W17CJMBE2","32KI9HN0SH8Q5EEER27HJI3DITGU1K","Reading a passage and responding to questions","You will read a short passage about a person, then answer questions related to the passage.","sentences, decisions, language","$0.40","Mon May 18 06:38:54 PDT 2020","352","BatchId:4042199;OriginalHitTemplateId:920937340;","7200","172800","Mon May 18 10:38:54 PDT 2020","","","3DYGAII7PL8KQ5GAS5XNEHRSET1PQY","A23EGLIF8IEH11","Approved","Mon May 18 06:40:59 PDT 2020","Mon May 18 06:45:38 PDT 2020","Wed May 20 06:45:38 PDT 2020","Mon May 18 20:42:02 PDT 2020","","","279","100% (1/1)","100% (1/1)","0% (0/0)","xxj2rjyy0lzyr1mhspl5"
"3ACRLU860NER3OR1A7FL1W17CJMBE2","32KI9HN0SH8Q5EEER27HJI3DITGU1K","Reading a passage and responding to questions","You will read a short passage about a person, then answer questions related to the passage.","sentences, decisions, language","$0.40","Mon May 18 06:38:54 PDT 2020","352","BatchId:4042199;OriginalHitTemplateId:920937340;","7200","172800","Mon May 18 10:38:54 PDT 2020","","","3DZQRBDBSLFPWWQ0MBPLWE3SRL53S0","A2D5U0AACT6WS1","Approved","Mon May 18 08:29:02 PDT 2020","Mon May 18 10:24:44 PDT 2020","Wed May 20 10:24:44 PDT 2020","Mon May 18 20:42:03 PDT 2020","","","6942","100% (1/1)","100% (1/1)","0% (0/0)","5zar435joabh7h8txd4v"
"3ACRLU860NER3OR1A7FL1W17CJMBE2","32KI9HN0SH8Q5EEER27HJI3DITGU1K","Reading a passage and responding to questions","You will read a short passage about a person, then answer questions related to the passage.","sentences, decisions, language","$0.40","Mon May 18 06:38:54 PDT 2020","352","BatchId:4042199;OriginalHitTemplateId:920937340;","7200","172800","Mon May 18 10:38:54 PDT 2020","","","3EG49X351UCWPWZHZNT62PW4GR06X8","A2JKVAB2TIVMH2","Approved","Mon May 18 07:00:54 PDT 2020","Mon May 18 07:05:29 PDT 2020","Wed May 20 07:05:29 PDT 2020","Mon May 18 20:42:03 PDT 2020","","","275","100% (1/1)","100% (1/1)","0% (0/0)","uop5a449ajkrna4p27jy"
"3ACRLU860NER3OR1A7FL1W17CJMBE2","32KI9HN0SH8Q5EEER27HJI3DITGU1K","Reading a passage and responding to questions","You will read a short passage about a person, then answer questions related to the passage.","sentences, decisions, language","$0.40","Mon May 18 06:38:54 PDT 2020","352","BatchId:4042199;OriginalHitTemplateId:920937340;","7200","172800","Mon May 18 10:38:54 PDT 2020","","","3FPRZHYEPY75OO74G6UQ71NZQPSV3Q","A1EC0A8K4VPP76","Approved","Mon May 18 07:29:08 PDT 2020","Mon May 18 07:33:17 PDT 2020","Wed May 20 07:33:17 PDT 2020","Mon May 18 20:42:03 PDT 2020","","","249","100% (1/1)","100% (1/1)","0% (0/0)","xm13jg7p4ttghdf2j9ov"
"3ACRLU860NER3OR1A7FL1W17CJMBE2","32KI9HN0SH8Q5EEER27HJI3DITGU1K","Reading a passage and responding to questions","You will read a short passage about a person, then answer questions related to the passage.","sentences, decisions, language","$0.40","Mon May 18 06:38:54 PDT 2020","352","BatchId:4042199;OriginalHitTemplateId:920937340;","7200","172800","Mon May 18 10:38:54 PDT 2020","","","3GS6S824SQXP7H0JOZJ12H4J2FRWNN","A1J7N95EW8EGCX","Approved","Mon May 18 08:30:34 PDT 2020","Mon May 18 08:36:37 PDT 2020","Wed May 20 08:36:37 PDT 2020","Mon May 18 20:42:03 PDT 2020","","","363","100% (1/1)","100% (1/1)","0% (0/0)","3hhey3mrnmx5bt8f4xqf"
"3ACRLU860NER3OR1A7FL1W17CJMBE2","32KI9HN0SH8Q5EEER27HJI3DITGU1K","Reading a passage and responding to questions","You will read a short passage about a person, then answer questions related to the passage.","sentences, decisions, language","$0.40","Mon May 18 06:38:54 PDT 2020","352","BatchId:4042199;OriginalHitTemplateId:920937340;","7200","172800","Mon May 18 10:38:54 PDT 2020","","","3GU1KF0O4I1XMZEL9N0XJSWTSTDBPL","A2KQ8Y6LAP8HAP","Approved","Mon May 18 08:53:52 PDT 2020","Mon May 18 09:07:13 PDT 2020","Wed May 20 09:07:13 PDT 2020","Mon May 18 20:42:03 PDT 2020","","","801","100% (1/1)","100% (1/1)","0% (0/0)","tcownlh9naa8368osp7z"
"3ACRLU860NER3OR1A7FL1W17CJMBE2","32KI9HN0SH8Q5EEER27HJI3DITGU1K","Reading a passage and responding to questions","You will read a short passage about a person, then answer questions related to the passage.","sentences, decisions, language","$0.40","Mon May 18 06:38:54 PDT 2020","352","BatchId:4042199;OriginalHitTemplateId:920937340;","7200","172800","Mon May 18 10:38:54 PDT 2020","","","3H7XDTSHKCRJXPJX1V66CXVM130GWU","A60NQCQFBBD6Z","Approved","Mon May 18 07:39:22 PDT 2020","Mon May 18 07:58:07 PDT 2020","Wed May 20 07:58:07 PDT 2020","Mon May 18 20:42:03 PDT 2020","","","1125","100% (1/1)","100% (1/1)","0% (0/0)","q71wywjom98o61n178kr"
"3ACRLU860NER3OR1A7FL1W17CJMBE2","32KI9HN0SH8Q5EEER27HJI3DITGU1K","Reading a passage and responding to questions","You will read a short passage about a person, then answer questions related to the passage.","sentences, decisions, language","$0.40","Mon May 18 06:38:54 PDT 2020","352","BatchId:4042199;OriginalHitTemplateId:920937340;","7200","172800","Mon May 18 10:38:54 PDT 2020","","","3H7Z272LX779Z80X00PRXVSY4OTPLQ","A27T7EID225TC3","Approved","Mon May 18 09:13:47 PDT 2020","Mon May 18 09:20:56 PDT 2020","Wed May 20 09:20:56 PDT 2020","Mon May 18 20:42:03 PDT 2020","","","429","100% (1/1)","100% (1/1)","0% (0/0)","mc4epjpfh82oyrh2zs24"
"3ACRLU860NER3OR1A7FL1W17CJMBE2","32KI9HN0SH8Q5EEER27HJI3DITGU1K","Reading a passage and responding to questions","You will read a short passage about a person, then answer questions related to the passage.","sentences, decisions, language","$0.40","Mon May 18 06:38:54 PDT 2020","352","BatchId:4042199;OriginalHitTemplateId:920937340;","7200","172800","Mon May 18 10:38:54 PDT 2020","","","3HHRAGRYX85WD6NNW39M3MWDUOC9OQ","A7GRBF6S2SBDP","Rejected","Mon May 18 08:30:18 PDT 2020","Mon May 18 09:43:57 PDT 2020","Wed May 20 09:43:57 PDT 2020","","Mon May 18 20:42:03 PDT 2020","Failed to correctly answer one or both of the bot check questions","4419","0% (0/1)","0% (0/1)","0% (0/0)","truqk7bo15rexfo6h1jq"
"3ACRLU860NER3OR1A7FL1W17CJMBE2","32KI9HN0SH8Q5EEER27HJI3DITGU1K","Reading a passage and responding to questions","You will read a short passage about a person, then answer questions related to the passage.","sentences, decisions, language","$0.40","Mon May 18 06:38:54 PDT 2020","352","BatchId:4042199;OriginalHitTemplateId:920937340;","7200","172800","Mon May 18 10:38:54 PDT 2020","","","3HUTX6F6VUNLDM2OBUU7TZOZOIRO22","A1MS8GKOJWXZ0R","Rejected","Mon May 18 06:43:16 PDT 2020","Mon May 18 06:46:19 PDT 2020","Wed May 20 06:46:19 PDT 2020","","Mon May 18 20:42:03 PDT 2020","Failed to correctly answer one or both of the bot check questions","183","0% (0/1)","0% (0/1)","0% (0/0)","0x7qgz2rx36lqafay542"
"3ACRLU860NER3OR1A7FL1W17CJMBE2","32KI9HN0SH8Q5EEER27HJI3DITGU1K","Reading a passage and responding to questions","You will read a short passage about a person, then answer questions related to the passage.","sentences, decisions, language","$0.40","Mon May 18 06:38:54 PDT 2020","352","BatchId:4042199;OriginalHitTemplateId:920937340;","7200","172800","Mon May 18 10:38:54 PDT 2020","","","3HVVDCPGTESRRZ030WN1WDVR25DYTP","A3KWM8WSJMGI45","Approved","Mon May 18 08:29:35 PDT 2020","Mon May 18 08:54:47 PDT 2020","Wed May 20 08:54:47 PDT 2020","Mon May 18 20:42:03 PDT 2020","","","1512","100% (1/1)","100% (1/1)","0% (0/0)","yzd7ffgsxonycgctlwga"
"3ACRLU860NER3OR1A7FL1W17CJMBE2","32KI9HN0SH8Q5EEER27HJI3DITGU1K","Reading a passage and responding to questions","You will read a short passage about a person, then answer questions related to the passage.","sentences, decisions, language","$0.40","Mon May 18 06:38:54 PDT 2020","352","BatchId:4042199;OriginalHitTemplateId:920937340;","7200","172800","Mon May 18 10:38:54 PDT 2020","","","3II4UPYCOJ7B18DKNW6SENA30A1DQB","A1OZRLVS8ZOZY5","Approved","Mon May 18 07:17:09 PDT 2020","Mon May 18 07:23:48 PDT 2020","Wed May 20 07:23:48 PDT 2020","Mon May 18 20:42:03 PDT 2020","","","399","100% (1/1)","100% (1/1)","0% (0/0)","et3rnqk6cgmos45b6qa0"
"3ACRLU860NER3OR1A7FL1W17CJMBE2","32KI9HN0SH8Q5EEER27HJI3DITGU1K","Reading a passage and responding to questions","You will read a short passage about a person, then answer questions related to the passage.","sentences, decisions, language","$0.40","Mon May 18 06:38:54 PDT 2020","352","BatchId:4042199;OriginalHitTemplateId:920937340;","7200","172800","Mon May 18 10:38:54 PDT 2020","","","3J88R45B2GY4Z2HMEJSF8PNLBWTPX0","AFQKLIYNCVZTL","Approved","Mon May 18 07:36:42 PDT 2020","Mon May 18 07:40:03 PDT 2020","Wed May 20 07:40:03 PDT 2020","Mon May 18 20:42:04 PDT 2020","","","201","100% (2/2)","100% (1/1)","0% (0/0)","cofqsz3fg33281seq5cb"
"3ACRLU860NER3OR1A7FL1W17CJMBE2","32KI9HN0SH8Q5EEER27HJI3DITGU1K","Reading a passage and responding to questions","You will read a short passage about a person, then answer questions related to the passage.","sentences, decisions, language","$0.40","Mon May 18 06:38:54 PDT 2020","352","BatchId:4042199;OriginalHitTemplateId:920937340;","7200","172800","Mon May 18 10:38:54 PDT 2020","","","3K9FOBBF2HJ9WNOKKLCZT6N348JLNF","A1I0ENHGUJZNZG","Approved","Mon May 18 07:48:50 PDT 2020","Mon May 18 08:11:54 PDT 2020","Wed May 20 08:11:54 PDT 2020","Mon May 18 20:42:04 PDT 2020","","","1384","100% (1/1)","100% (1/1)","0% (0/0)","ex0c1lgw65sgo2h72yte"
"3ACRLU860NER3OR1A7FL1W17CJMBE2","32KI9HN0SH8Q5EEER27HJI3DITGU1K","Reading a passage and responding to questions","You will read a short passage about a person, then answer questions related to the passage.","sentences, decisions, language","$0.40","Mon May 18 06:38:54 PDT 2020","352","BatchId:4042199;OriginalHitTemplateId:920937340;","7200","172800","Mon May 18 10:38:54 PDT 2020","","","3K9FOBBF2HJ9WNOKKLCZT6N349YNLY","A1T4HD710XDB47","Rejected","Mon May 18 10:08:30 PDT 2020","Mon May 18 10:13:35 PDT 2020","Wed May 20 10:13:35 PDT 2020","","Mon May 18 20:42:04 PDT 2020","Failed to correctly answer one or both of the bot check questions","305","0% (0/1)","0% (0/1)","0% (0/0)","65mwo63qwl4sdt3abr60"
"3ACRLU860NER3OR1A7FL1W17CJMBE2","32KI9HN0SH8Q5EEER27HJI3DITGU1K","Reading a passage and responding to questions","You will read a short passage about a person, then answer questions related to the passage.","sentences, decisions, language","$0.40","Mon May 18 06:38:54 PDT 2020","352","BatchId:4042199;OriginalHitTemplateId:920937340;","7200","172800","Mon May 18 10:38:54 PDT 2020","","","3KAKFY4PGU202IN4HZV7SCX5INZI3J","A12YGHUPJN155L","Approved","Mon May 18 07:56:14 PDT 2020","Mon May 18 08:01:38 PDT 2020","Wed May 20 08:01:38 PDT 2020","Mon May 18 20:42:04 PDT 2020","","","324","100% (1/1)","100% (1/1)","0% (0/0)","y38a41sgm6hs76f0rv3b"
"3ACRLU860NER3OR1A7FL1W17CJMBE2","32KI9HN0SH8Q5EEER27HJI3DITGU1K","Reading a passage and responding to questions","You will read a short passage about a person, then answer questions related to the passage.","sentences, decisions, language","$0.40","Mon May 18 06:38:54 PDT 2020","352","BatchId:4042199;OriginalHitTemplateId:920937340;","7200","172800","Mon May 18 10:38:54 PDT 2020","","","3KRVW3HTZNLQIIYASTU0SDCYRCBSMU","ABSTVXSZIJGN5","Approved","Mon May 18 06:42:33 PDT 2020","Mon May 18 06:50:37 PDT 2020","Wed May 20 06:50:37 PDT 2020","Mon May 18 20:42:04 PDT 2020","","","484","100% (1/1)","100% (1/1)","0% (0/0)","aojxvhdwrbhxj1bp9z5o"
"3ACRLU860NER3OR1A7FL1W17CJMBE2","32KI9HN0SH8Q5EEER27HJI3DITGU1K","Reading a passage and responding to questions","You will read a short passage about a person, then answer questions related to the passage.","sentences, decisions, language","$0.40","Mon May 18 06:38:54 PDT 2020","352","BatchId:4042199;OriginalHitTemplateId:920937340;","7200","172800","Mon May 18 10:38:54 PDT 2020","","","3L2IS5HSFAICFDBETZ40KTJMHZ6UNC","A1FYASYV32IGEY","Approved","Mon May 18 06:42:33 PDT 2020","Mon May 18 06:50:32 PDT 2020","Wed May 20 06:50:32 PDT 2020","Mon May 18 20:42:05 PDT 2020","","","479","100% (1/1)","100% (1/1)","0% (0/0)","51b66dkwcg33gtj75667"
"3ACRLU860NER3OR1A7FL1W17CJMBE2","32KI9HN0SH8Q5EEER27HJI3DITGU1K","Reading a passage and responding to questions","You will read a short passage about a person, then answer questions related to the passage.","sentences, decisions, language","$0.40","Mon May 18 06:38:54 PDT 2020","352","BatchId:4042199;OriginalHitTemplateId:920937340;","7200","172800","Mon May 18 10:38:54 PDT 2020","","","3LBXNTKX0RVJ7F1FXUWIMZN66S69XK","A6UN7HGIHYZ58","Approved","Mon May 18 06:41:32 PDT 2020","Mon May 18 06:45:02 PDT 2020","Wed May 20 06:45:02 PDT 2020","Mon May 18 20:42:04 PDT 2020","","","210","100% (1/1)","100% (1/1)","0% (0/0)","ux5btlfrw1rtp6kwg6d6"
"3ACRLU860NER3OR1A7FL1W17CJMBE2","32KI9HN0SH8Q5EEER27HJI3DITGU1K","Reading a passage and responding to questions","You will read a short passage about a person, then answer questions related to the passage.","sentences, decisions, language","$0.40","Mon May 18 06:38:54 PDT 2020","352","BatchId:4042199;OriginalHitTemplateId:920937340;","7200","172800","Mon May 18 10:38:54 PDT 2020","","","3LO69W1SU3D3MV7YXHZ43ME63WVGL0","A3J60DY0UM6A0C","Approved","Mon May 18 07:28:16 PDT 2020","Mon May 18 07:34:25 PDT 2020","Wed May 20 07:34:25 PDT 2020","Mon May 18 20:42:05 PDT 2020","","","369","100% (1/1)","100% (1/1)","0% (0/0)","4jjte1k9vmarrwknde83"
"3ACRLU860NER3OR1A7FL1W17CJMBE2","32KI9HN0SH8Q5EEER27HJI3DITGU1K","Reading a passage and responding to questions","You will read a short passage about a person, then answer questions related to the passage.","sentences, decisions, language","$0.40","Mon May 18 06:38:54 PDT 2020","352","BatchId:4042199;OriginalHitTemplateId:920937340;","7200","172800","Mon May 18 10:38:54 PDT 2020","","","3LPW2N6LKT28PO58PZ8EQCJ0QE75UY","A1U3I75OPL8UZA","Approved","Mon May 18 06:44:02 PDT 2020","Mon May 18 06:58:50 PDT 2020","Wed May 20 06:58:50 PDT 2020","Mon May 18 20:42:06 PDT 2020","","","888","100% (1/1)","100% (1/1)","0% (0/0)","t6tp97tdvukz91k7y6ou"
"3ACRLU860NER3OR1A7FL1W17CJMBE2","32KI9HN0SH8Q5EEER27HJI3DITGU1K","Reading a passage and responding to questions","You will read a short passage about a person, then answer questions related to the passage.","sentences, decisions, language","$0.40","Mon May 18 06:38:54 PDT 2020","352","BatchId:4042199;OriginalHitTemplateId:920937340;","7200","172800","Mon May 18 10:38:54 PDT 2020","","","3LYA37P8IQNWB8H5WVVPNBAUYJ4KBQ","ARV9OPLKFFXIK","Approved","Mon May 18 08:23:03 PDT 2020","Mon May 18 08:31:48 PDT 2020","Wed May 20 08:31:48 PDT 2020","Mon May 18 20:42:05 PDT 2020","","","525","100% (1/1)","100% (1/1)","0% (0/0)","huunbk4v23l5w58c91fx"
"3ACRLU860NER3OR1A7FL1W17CJMBE2","32KI9HN0SH8Q5EEER27HJI3DITGU1K","Reading a passage and responding to questions","You will read a short passage about a person, then answer questions related to the passage.","sentences, decisions, language","$0.40","Mon May 18 06:38:54 PDT 2020","352","BatchId:4042199;OriginalHitTemplateId:920937340;","7200","172800","Mon May 18 10:38:54 PDT 2020","","","3MH9DQ757WC65LUS6VR5U9APGNLUG5","ACFPXI6LMHSZU","Approved","Mon May 18 06:53:45 PDT 2020","Mon May 18 07:43:48 PDT 2020","Wed May 20 07:43:48 PDT 2020","Mon May 18 20:42:04 PDT 2020","","","3003","100% (1/1)","100% (1/1)","0% (0/0)","bja41veyzv8fj3u4ksl1"
"3ACRLU860NER3OR1A7FL1W17CJMBE2","32KI9HN0SH8Q5EEER27HJI3DITGU1K","Reading a passage and responding to questions","You will read a short passage about a person, then answer questions related to the passage.","sentences, decisions, language","$0.40","Mon May 18 06:38:54 PDT 2020","352","BatchId:4042199;OriginalHitTemplateId:920937340;","7200","172800","Mon May 18 10:38:54 PDT 2020","","","3MH9DQ757WC65LUS6VR5U9APGNMUG6","A26YJJHOW9HXUY","Approved","Mon May 18 07:11:18 PDT 2020","Mon May 18 07:15:21 PDT 2020","Wed May 20 07:15:21 PDT 2020","Mon May 18 20:42:05 PDT 2020","","","243","100% (1/1)","100% (1/1)","0% (0/0)","anljk2umjum15rksu0x8"
"3ACRLU860NER3OR1A7FL1W17CJMBE2","32KI9HN0SH8Q5EEER27HJI3DITGU1K","Reading a passage and responding to questions","You will read a short passage about a person, then answer questions related to the passage.","sentences, decisions, language","$0.40","Mon May 18 06:38:54 PDT 2020","352","BatchId:4042199;OriginalHitTemplateId:920937340;","7200","172800","Mon May 18 10:38:54 PDT 2020","","","3MYYFCXHJ377ON0DRP0NH5CVHAY4GT","A9AMSIWO0HFWI","Rejected","Mon May 18 06:59:26 PDT 2020","Mon May 18 07:10:54 PDT 2020","Wed May 20 07:10:54 PDT 2020","","Mon May 18 20:42:06 PDT 2020","Failed to correctly answer one or both of the bot check questions","688","0% (0/1)","0% (0/1)","0% (0/0)","4hpbm64fh78q61epyco5"
"3ACRLU860NER3OR1A7FL1W17CJMBE2","32KI9HN0SH8Q5EEER27HJI3DITGU1K","Reading a passage and responding to questions","You will read a short passage about a person, then answer questions related to the passage.","sentences, decisions, language","$0.40","Mon May 18 06:38:54 PDT 2020","352","BatchId:4042199;OriginalHitTemplateId:920937340;","7200","172800","Mon May 18 10:38:54 PDT 2020","","","3N1FSUEFL504C3QMPZZFBK9Y4IU4DV","A3LW9WQOQQMA5V","Approved","Mon May 18 08:55:40 PDT 2020","Mon May 18 09:01:27 PDT 2020","Wed May 20 09:01:27 PDT 2020","Mon May 18 20:42:06 PDT 2020","","","347","100% (1/1)","100% (1/1)","0% (0/0)","vuye94scw4kaj6xwdaqk"
"3ACRLU860NER3OR1A7FL1W17CJMBE2","32KI9HN0SH8Q5EEER27HJI3DITGU1K","Reading a passage and responding to questions","You will read a short passage about a person, then answer questions related to the passage.","sentences, decisions, language","$0.40","Mon May 18 06:38:54 PDT 2020","352","BatchId:4042199;OriginalHitTemplateId:920937340;","7200","172800","Mon May 18 10:38:54 PDT 2020","","","3NAPMVF0ZWFESGAPU8D5ID24YTH72V","AO881TCFA9TY8","Approved","Mon May 18 06:40:05 PDT 2020","Mon May 18 06:45:58 PDT 2020","Wed May 20 06:45:58 PDT 2020","Mon May 18 20:42:06 PDT 2020","","","353","100% (1/1)","100% (1/1)","0% (0/0)","u663xs37fjjmp2ctea6n"
"3ACRLU860NER3OR1A7FL1W17CJMBE2","32KI9HN0SH8Q5EEER27HJI3DITGU1K","Reading a passage and responding to questions","You will read a short passage about a person, then answer questions related to the passage.","sentences, decisions, language","$0.40","Mon May 18 06:38:54 PDT 2020","352","BatchId:4042199;OriginalHitTemplateId:920937340;","7200","172800","Mon May 18 10:38:54 PDT 2020","","","3NC5L260MOM5EGE0ZP9EDIIOXMWFOD","AAHVZF0ZP7HMD","Rejected","Mon May 18 06:39:45 PDT 2020","Mon May 18 07:09:16 PDT 2020","Wed May 20 07:09:16 PDT 2020","","Mon May 18 20:42:06 PDT 2020","Failed to correctly answer one or both of the bot check questions","1771","0% (0/1)","0% (0/1)","0% (0/0)","znh3a83goq26mssa42j9"
"3ACRLU860NER3OR1A7FL1W17CJMBE2","32KI9HN0SH8Q5EEER27HJI3DITGU1K","Reading a passage and responding to questions","You will read a short passage about a person, then answer questions related to the passage.","sentences, decisions, language","$0.40","Mon May 18 06:38:54 PDT 2020","352","BatchId:4042199;OriginalHitTemplateId:920937340;","7200","172800","Mon May 18 10:38:54 PDT 2020","","","3NGI5ARFTT5W91WT7Q78DGJK6H9P13","AM478J9YCDX8","Approved","Mon May 18 06:39:14 PDT 2020","Mon May 18 06:43:06 PDT 2020","Wed May 20 06:43:06 PDT 2020","Mon May 18 20:42:06 PDT 2020","","","232","100% (1/1)","100% (1/1)","0% (0/0)","fd314sby99qxhc3za24u"
"3ACRLU860NER3OR1A7FL1W17CJMBE2","32KI9HN0SH8Q5EEER27HJI3DITGU1K","Reading a passage and responding to questions","You will read a short passage about a person, then answer questions related to the passage.","sentences, decisions, language","$0.40","Mon May 18 06:38:54 PDT 2020","352","BatchId:4042199;OriginalHitTemplateId:920937340;","7200","172800","Mon May 18 10:38:54 PDT 2020","","","3NJM2BJS4W6GW46RNNWSUC2BAE0CPG","A1QU6P9ETXMJCW","Approved","Mon May 18 06:40:52 PDT 2020","Mon May 18 06:45:58 PDT 2020","Wed May 20 06:45:58 PDT 2020","Mon May 18 20:42:06 PDT 2020","","","306","100% (1/1)","100% (1/1)","0% (0/0)","2phr70cqrp51uj6pmmve"
"3ACRLU860NER3OR1A7FL1W17CJMBE2","32KI9HN0SH8Q5EEER27HJI3DITGU1K","Reading a passage and responding to questions","You will read a short passage about a person, then answer questions related to the passage.","sentences, decisions, language","$0.40","Mon May 18 06:38:54 PDT 2020","352","BatchId:4042199;OriginalHitTemplateId:920937340;","7200","172800","Mon May 18 10:38:54 PDT 2020","","","3NKQQ8O39Y53T1K145QXOO7S3V7UDX","A3DAMO1OF24IS9","Approved","Mon May 18 07:21:29 PDT 2020","Mon May 18 07:28:56 PDT 2020","Wed May 20 07:28:56 PDT 2020","Mon May 18 20:42:06 PDT 2020","","","447","100% (1/1)","100% (1/1)","0% (0/0)","mbdqqfxpa8l9ermhpyop"
"3ACRLU860NER3OR1A7FL1W17CJMBE2","32KI9HN0SH8Q5EEER27HJI3DITGU1K","Reading a passage and responding to questions","You will read a short passage about a person, then answer questions related to the passage.","sentences, decisions, language","$0.40","Mon May 18 06:38:54 PDT 2020","352","BatchId:4042199;OriginalHitTemplateId:920937340;","7200","172800","Mon May 18 10:38:54 PDT 2020","","","3NS0A6KXC48NRKO2CIQDB1P4I52GZI","A1JF2WO5JT7WSX","Approved","Mon May 18 07:12:41 PDT 2020","Mon May 18 07:18:45 PDT 2020","Wed May 20 07:18:45 PDT 2020","Mon May 18 20:42:06 PDT 2020","","","364","100% (1/1)","100% (1/1)","0% (0/0)","wpdkspftq121oetc6aag"
"3ACRLU860NER3OR1A7FL1W17CJMBE2","32KI9HN0SH8Q5EEER27HJI3DITGU1K","Reading a passage and responding to questions","You will read a short passage about a person, then answer questions related to the passage.","sentences, decisions, language","$0.40","Mon May 18 06:38:54 PDT 2020","352","BatchId:4042199;OriginalHitTemplateId:920937340;","7200","172800","Mon May 18 10:38:54 PDT 2020","","","3NXNZ5RS1AXPS0VOFHSKS0AI4ZV97T","AXKM02NVXNGOM","Approved","Mon May 18 07:22:43 PDT 2020","Mon May 18 08:03:02 PDT 2020","Wed May 20 08:03:02 PDT 2020","Mon May 18 20:42:06 PDT 2020","","","2419","100% (1/1)","100% (1/1)","0% (0/0)","ytmsgnyu13s7xts3u1xw"
"3ACRLU860NER3OR1A7FL1W17CJMBE2","32KI9HN0SH8Q5EEER27HJI3DITGU1K","Reading a passage and responding to questions","You will read a short passage about a person, then answer questions related to the passage.","sentences, decisions, language","$0.40","Mon May 18 06:38:54 PDT 2020","352","BatchId:4042199;OriginalHitTemplateId:920937340;","7200","172800","Mon May 18 10:38:54 PDT 2020","","","3O6CYIULED1227KSL0VNGCWDACSUWN","A3JNSBGUKVX3D7","Approved","Mon May 18 09:40:56 PDT 2020","Mon May 18 09:43:35 PDT 2020","Wed May 20 09:43:35 PDT 2020","Mon May 18 20:42:06 PDT 2020","","","159","100% (1/1)","100% (1/1)","0% (0/0)","5krmp66kwqb6g3b81wob"
"3ACRLU860NER3OR1A7FL1W17CJMBE2","32KI9HN0SH8Q5EEER27HJI3DITGU1K","Reading a passage and responding to questions","You will read a short passage about a person, then answer questions related to the passage.","sentences, decisions, language","$0.40","Mon May 18 06:38:54 PDT 2020","352","BatchId:4042199;OriginalHitTemplateId:920937340;","7200","172800","Mon May 18 10:38:54 PDT 2020","","","3OHYZ19UGC5AIPXSO9NMZH7X06QOAG","A1G5SJRE9E7Q2O","Approved","Mon May 18 07:58:24 PDT 2020","Mon May 18 08:22:54 PDT 2020","Wed May 20 08:22:54 PDT 2020","Mon May 18 20:42:06 PDT 2020","","","1470","100% (1/1)","100% (1/1)","0% (0/0)","btd9xt5k52dgkt5jsgyf"
"3ACRLU860NER3OR1A7FL1W17CJMBE2","32KI9HN0SH8Q5EEER27HJI3DITGU1K","Reading a passage and responding to questions","You will read a short passage about a person, then answer questions related to the passage.","sentences, decisions, language","$0.40","Mon May 18 06:38:54 PDT 2020","352","BatchId:4042199;OriginalHitTemplateId:920937340;","7200","172800","Mon May 18 10:38:54 PDT 2020","","","3OLF68YTN91GCCKZP64WCNYJ85SFAE","A3CI73EFDLS3OF","Approved","Mon May 18 06:38:57 PDT 2020","Mon May 18 08:20:54 PDT 2020","Wed May 20 08:20:54 PDT 2020","Mon May 18 20:42:06 PDT 2020","","","6117","100% (1/1)","100% (1/1)","0% (0/0)","dtzzuswztyo10ehyvfyb"
"3ACRLU860NER3OR1A7FL1W17CJMBE2","32KI9HN0SH8Q5EEER27HJI3DITGU1K","Reading a passage and responding to questions","You will read a short passage about a person, then answer questions related to the passage.","sentences, decisions, language","$0.40","Mon May 18 06:38:54 PDT 2020","352","BatchId:4042199;OriginalHitTemplateId:920937340;","7200","172800","Mon May 18 10:38:54 PDT 2020","","","3OONKJ5DKCJF1Z2KUNNIUSR3IO4OB4","A1SORA7J1IJ57L","Approved","Mon May 18 06:44:04 PDT 2020","Mon May 18 06:54:41 PDT 2020","Wed May 20 06:54:41 PDT 2020","Mon May 18 20:42:06 PDT 2020","","","637","100% (1/1)","100% (1/1)","0% (0/0)","vffmekkvdw9zwn6vhf5v"
"3ACRLU860NER3OR1A7FL1W17CJMBE2","32KI9HN0SH8Q5EEER27HJI3DITGU1K","Reading a passage and responding to questions","You will read a short passage about a person, then answer questions related to the passage.","sentences, decisions, language","$0.40","Mon May 18 06:38:54 PDT 2020","352","BatchId:4042199;OriginalHitTemplateId:920937340;","7200","172800","Mon May 18 10:38:54 PDT 2020","","","3OONKJ5DKCJF1Z2KUNNIUSR3IO6BOT","A2JOWELSHII30A","Approved","Mon May 18 06:59:46 PDT 2020","Mon May 18 07:05:53 PDT 2020","Wed May 20 07:05:53 PDT 2020","Mon May 18 20:42:06 PDT 2020","","","367","100% (1/1)","100% (1/1)","0% (0/0)","mxwp8d1b1hcmrvp62s2u"
"3ACRLU860NER3OR1A7FL1W17CJMBE2","32KI9HN0SH8Q5EEER27HJI3DITGU1K","Reading a passage and responding to questions","You will read a short passage about a person, then answer questions related to the passage.","sentences, decisions, language","$0.40","Mon May 18 06:38:54 PDT 2020","352","BatchId:4042199;OriginalHitTemplateId:920937340;","7200","172800","Mon May 18 10:38:54 PDT 2020","","","3OONKJ5DKCJF1Z2KUNNIUSR3IO7BOU","A38YVAV4ACW8KA","Approved","Mon May 18 07:13:10 PDT 2020","Mon May 18 07:35:53 PDT 2020","Wed May 20 07:35:53 PDT 2020","Mon May 18 20:42:07 PDT 2020","","","1363","100% (1/1)","100% (1/1)","0% (0/0)","ad2jft7ugseoxw3elf42"
"3ACRLU860NER3OR1A7FL1W17CJMBE2","32KI9HN0SH8Q5EEER27HJI3DITGU1K","Reading a passage and responding to questions","You will read a short passage about a person, then answer questions related to the passage.","sentences, decisions, language","$0.40","Mon May 18 06:38:54 PDT 2020","352","BatchId:4042199;OriginalHitTemplateId:920937340;","7200","172800","Mon May 18 10:38:54 PDT 2020","","","3OWEPKL089CAH2ZIGRBPA1529O87NM","A3UUTFA63Y9TPX","Rejected","Mon May 18 06:41:47 PDT 2020","Mon May 18 06:50:35 PDT 2020","Wed May 20 06:50:35 PDT 2020","","Mon May 18 20:42:06 PDT 2020","Failed to correctly answer one or both of the bot check questions","528","50% (1/2)","0% (0/1)","0% (0/0)","3nfm50r171l6het5fabj"
"3ACRLU860NER3OR1A7FL1W17CJMBE2","32KI9HN0SH8Q5EEER27HJI3DITGU1K","Reading a passage and responding to questions","You will read a short passage about a person, then answer questions related to the passage.","sentences, decisions, language","$0.40","Mon May 18 06:38:54 PDT 2020","352","BatchId:4042199;OriginalHitTemplateId:920937340;","7200","172800","Mon May 18 10:38:54 PDT 2020","","","3P1L2B7AD1PRE8OWL0CC8VN8UIIOLR","A2EE1ES8TUMNCM","Approved","Mon May 18 06:45:17 PDT 2020","Mon May 18 07:10:09 PDT 2020","Wed May 20 07:10:09 PDT 2020","Mon May 18 20:42:08 PDT 2020","","","1492","100% (2/2)","100% (1/1)","0% (0/0)","2fgx0e179atm1f3892wu"
"3ACRLU860NER3OR1A7FL1W17CJMBE2","32KI9HN0SH8Q5EEER27HJI3DITGU1K","Reading a passage and responding to questions","You will read a short passage about a person, then answer questions related to the passage.","sentences, decisions, language","$0.40","Mon May 18 06:38:54 PDT 2020","352","BatchId:4042199;OriginalHitTemplateId:920937340;","7200","172800","Mon May 18 10:38:54 PDT 2020","","","3P529IW9KYLX8VB3MXTML1EU2HZFL4","A1HHRFU7T42HMJ","Approved","Mon May 18 08:03:46 PDT 2020","Mon May 18 08:08:39 PDT 2020","Wed May 20 08:08:39 PDT 2020","Mon May 18 20:42:08 PDT 2020","","","293","100% (1/1)","100% (1/1)","0% (0/0)","7fthe8d68cw2rfsrrbwn"
"3ACRLU860NER3OR1A7FL1W17CJMBE2","32KI9HN0SH8Q5EEER27HJI3DITGU1K","Reading a passage and responding to questions","You will read a short passage about a person, then answer questions related to the passage.","sentences, decisions, language","$0.40","Mon May 18 06:38:54 PDT 2020","352","BatchId:4042199;OriginalHitTemplateId:920937340;","7200","172800","Mon May 18 10:38:54 PDT 2020","","","3P529IW9KYLX8VB3MXTML1EU2IEFLL","A26EBSO9W8VK9","Approved","Mon May 18 10:24:54 PDT 2020","Mon May 18 10:39:47 PDT 2020","Wed May 20 10:39:47 PDT 2020","Mon May 18 20:42:07 PDT 2020","","","893","100% (1/1)","100% (1/1)","0% (0/0)","54qb8035028bh857l6lg"
"3ACRLU860NER3OR1A7FL1W17CJMBE2","32KI9HN0SH8Q5EEER27HJI3DITGU1K","Reading a passage and responding to questions","You will read a short passage about a person, then answer questions related to the passage.","sentences, decisions, language","$0.40","Mon May 18 06:38:54 PDT 2020","352","BatchId:4042199;OriginalHitTemplateId:920937340;","7200","172800","Mon May 18 10:38:54 PDT 2020","","","3PJUZCGDJ6GTSE07PMKQ606DFJZ89D","A37R0JYAB3QEX9","Approved","Mon May 18 06:57:38 PDT 2020","Mon May 18 07:08:02 PDT 2020","Wed May 20 07:08:02 PDT 2020","Mon May 18 20:42:07 PDT 2020","","","624","100% (1/1)","100% (1/1)","0% (0/0)","lg10wuv6e0qcd3gx5kq8"
"3ACRLU860NER3OR1A7FL1W17CJMBE2","32KI9HN0SH8Q5EEER27HJI3DITGU1K","Reading a passage and responding to questions","You will read a short passage about a person, then answer questions related to the passage.","sentences, decisions, language","$0.40","Mon May 18 06:38:54 PDT 2020","352","BatchId:4042199;OriginalHitTemplateId:920937340;","7200","172800","Mon May 18 10:38:54 PDT 2020","","","3PPTZCWALQKE49IGFEVP5FT6OS8QZK","A219Y0MX694TM2","Approved","Mon May 18 06:43:59 PDT 2020","Mon May 18 07:28:56 PDT 2020","Wed May 20 07:28:56 PDT 2020","Mon May 18 20:42:07 PDT 2020","","","2697","100% (1/1)","100% (1/1)","0% (0/0)","1tz81382x568uc8xuque"
"3ACRLU860NER3OR1A7FL1W17CJMBE2","32KI9HN0SH8Q5EEER27HJI3DITGU1K","Reading a passage and responding to questions","You will read a short passage about a person, then answer questions related to the passage.","sentences, decisions, language","$0.40","Mon May 18 06:38:54 PDT 2020","352","BatchId:4042199;OriginalHitTemplateId:920937340;","7200","172800","Mon May 18 10:38:54 PDT 2020","","","3R2PKQ87NW81O4VENH0MOB6BIEAIMT","A2ND52KJ1AIYEK","Approved","Mon May 18 06:53:34 PDT 2020","Mon May 18 07:38:59 PDT 2020","Wed May 20 07:38:59 PDT 2020","Mon May 18 20:42:08 PDT 2020","","","2725","100% (1/1)","100% (1/1)","0% (0/0)","1sj81c1pd86z7jj5hfbl"
"3ACRLU860NER3OR1A7FL1W17CJMBE2","32KI9HN0SH8Q5EEER27HJI3DITGU1K","Reading a passage and responding to questions","You will read a short passage about a person, then answer questions related to the passage.","sentences, decisions, language","$0.40","Mon May 18 06:38:54 PDT 2020","352","BatchId:4042199;OriginalHitTemplateId:920937340;","7200","172800","Mon May 18 10:38:54 PDT 2020","","","3SB5N7Y3O34QPZIC8ODL52MI0YUG01","A1GGL9ZXVR7WG0","Rejected","Mon May 18 09:00:54 PDT 2020","Mon May 18 09:29:27 PDT 2020","Wed May 20 09:29:27 PDT 2020","","Mon May 18 20:42:08 PDT 2020","Failed to correctly answer one or both of the bot check questions","1713","0% (0/1)","0% (0/1)","0% (0/0)","ekr18wrycfof0m7umdyr"
"3ACRLU860NER3OR1A7FL1W17CJMBE2","32KI9HN0SH8Q5EEER27HJI3DITGU1K","Reading a passage and responding to questions","You will read a short passage about a person, then answer questions related to the passage.","sentences, decisions, language","$0.40","Mon May 18 06:38:54 PDT 2020","352","BatchId:4042199;OriginalHitTemplateId:920937340;","7200","172800","Mon May 18 10:38:54 PDT 2020","","","3SNVL38CI4SFLD9BAVRKYVGCG4UKCN","ALTMSSCYKZS8Z","Approved","Mon May 18 06:39:13 PDT 2020","Mon May 18 07:29:51 PDT 2020","Wed May 20 07:29:51 PDT 2020","Mon May 18 20:42:08 PDT 2020","","","3038","100% (1/1)","100% (1/1)","0% (0/0)","sohl107r02ohpfuzwomm"
"3ACRLU860NER3OR1A7FL1W17CJMBE2","32KI9HN0SH8Q5EEER27HJI3DITGU1K","Reading a passage and responding to questions","You will read a short passage about a person, then answer questions related to the passage.","sentences, decisions, language","$0.40","Mon May 18 06:38:54 PDT 2020","352","BatchId:4042199;OriginalHitTemplateId:920937340;","7200","172800","Mon May 18 10:38:54 PDT 2020","","","3SUWZRL0MYDNJW804I3EE0BX0LZE6H","A3QJ65X28EAZS0","Approved","Mon May 18 08:47:22 PDT 2020","Mon May 18 08:52:01 PDT 2020","Wed May 20 08:52:01 PDT 2020","Mon May 18 20:42:08 PDT 2020","","","279","100% (1/1)","100% (1/1)","0% (0/0)","bpfomq0qxph75sgbjwwq"
"3ACRLU860NER3OR1A7FL1W17CJMBE2","32KI9HN0SH8Q5EEER27HJI3DITGU1K","Reading a passage and responding to questions","You will read a short passage about a person, then answer questions related to the passage.","sentences, decisions, language","$0.40","Mon May 18 06:38:54 PDT 2020","352","BatchId:4042199;OriginalHitTemplateId:920937340;","7200","172800","Mon May 18 10:38:54 PDT 2020","","","3TGOYF991XMPA3VNQ0GMYOBGPV3UU8","AHVM9ORYY3F5J","Approved","Mon May 18 07:27:51 PDT 2020","Mon May 18 08:39:14 PDT 2020","Wed May 20 08:39:14 PDT 2020","Mon May 18 20:42:08 PDT 2020","","","4283","100% (1/1)","100% (1/1)","0% (0/0)","5x2ymmvuftrpv6ebpzl5"
"3ACRLU860NER3OR1A7FL1W17CJMBE2","32KI9HN0SH8Q5EEER27HJI3DITGU1K","Reading a passage and responding to questions","You will read a short passage about a person, then answer questions related to the passage.","sentences, decisions, language","$0.40","Mon May 18 06:38:54 PDT 2020","352","BatchId:4042199;OriginalHitTemplateId:920937340;","7200","172800","Mon May 18 10:38:54 PDT 2020","","","3TK8OJTYM1LCVDCRE4RXK4Q0VLKVP2","A23BRTL5PQ6X1E","Approved","Mon May 18 07:30:21 PDT 2020","Mon May 18 07:41:37 PDT 2020","Wed May 20 07:41:37 PDT 2020","Mon May 18 20:42:08 PDT 2020","","","676","100% (1/1)","100% (1/1)","0% (0/0)","dwmuk450f9snv9jdfg3t"
"3ACRLU860NER3OR1A7FL1W17CJMBE2","32KI9HN0SH8Q5EEER27HJI3DITGU1K","Reading a passage and responding to questions","You will read a short passage about a person, then answer questions related to the passage.","sentences, decisions, language","$0.40","Mon May 18 06:38:54 PDT 2020","352","BatchId:4042199;OriginalHitTemplateId:920937340;","7200","172800","Mon May 18 10:38:54 PDT 2020","","","3TMSXRD2X60MTATUJCL35ARGZECW15","APLK0S78H1AF7","Approved","Mon May 18 06:46:39 PDT 2020","Mon May 18 06:52:34 PDT 2020","Wed May 20 06:52:34 PDT 2020","Mon May 18 20:42:09 PDT 2020","","","355","100% (1/1)","100% (1/1)","0% (0/0)","6rfmwmzr79ozthsvraug"
"3ACRLU860NER3OR1A7FL1W17CJMBE2","32KI9HN0SH8Q5EEER27HJI3DITGU1K","Reading a passage and responding to questions","You will read a short passage about a person, then answer questions related to the passage.","sentences, decisions, language","$0.40","Mon May 18 06:38:54 PDT 2020","352","BatchId:4042199;OriginalHitTemplateId:920937340;","7200","172800","Mon May 18 10:38:54 PDT 2020","","","3TOK3KHVJTISZNZUH6B2PQ57ZYDO7I","A18WSAKX5YN2FB","Approved","Mon May 18 06:43:38 PDT 2020","Mon May 18 06:47:57 PDT 2020","Wed May 20 06:47:57 PDT 2020","Mon May 18 20:42:09 PDT 2020","","","259","100% (1/1)","100% (1/1)","0% (0/0)","crvomu4wcsfype7noevf"
"3ACRLU860NER3OR1A7FL1W17CJMBE2","32KI9HN0SH8Q5EEER27HJI3DITGU1K","Reading a passage and responding to questions","You will read a short passage about a person, then answer questions related to the passage.","sentences, decisions, language","$0.40","Mon May 18 06:38:54 PDT 2020","352","BatchId:4042199;OriginalHitTemplateId:920937340;","7200","172800","Mon May 18 10:38:54 PDT 2020","","","3TPZPLC3M0CSJ4A8UULR19YH41NP3V","AYCAZ33HR15BB","Rejected","Mon May 18 06:39:37 PDT 2020","Mon May 18 06:47:58 PDT 2020","Wed May 20 06:47:58 PDT 2020","","Mon May 18 20:42:09 PDT 2020","Failed to correctly answer one or both of the bot check questions","501","0% (0/1)","0% (0/1)","0% (0/0)","3wbjnddj9dsfg8sk3q3d"
"3ACRLU860NER3OR1A7FL1W17CJMBE2","32KI9HN0SH8Q5EEER27HJI3DITGU1K","Reading a passage and responding to questions","You will read a short passage about a person, then answer questions related to the passage.","sentences, decisions, language","$0.40","Mon May 18 06:38:54 PDT 2020","352","BatchId:4042199;OriginalHitTemplateId:920937340;","7200","172800","Mon May 18 10:38:54 PDT 2020","","","3TS1AR6UQQEYTAM1I3SC2WWT7XN7FG","A1JHK99KCN0O1A","Approved","Mon May 18 06:50:29 PDT 2020","Mon May 18 06:54:31 PDT 2020","Wed May 20 06:54:31 PDT 2020","Mon May 18 20:42:09 PDT 2020","","","242","100% (1/1)","100% (1/1)","0% (0/0)","1cav2q6spefxh8vrm5pp"
"3ACRLU860NER3OR1A7FL1W17CJMBE2","32KI9HN0SH8Q5EEER27HJI3DITGU1K","Reading a passage and responding to questions","You will read a short passage about a person, then answer questions related to the passage.","sentences, decisions, language","$0.40","Mon May 18 06:38:54 PDT 2020","352","BatchId:4042199;OriginalHitTemplateId:920937340;","7200","172800","Mon May 18 10:38:54 PDT 2020","","","3TU5ZICBRD1ZKDHT6OVCSVW2PJC8Q8","A1K4TPR9XYVTV1","Approved","Mon May 18 08:34:05 PDT 2020","Mon May 18 08:56:42 PDT 2020","Wed May 20 08:56:42 PDT 2020","Mon May 18 20:42:09 PDT 2020","","","1357","100% (1/1)","100% (1/1)","0% (0/0)","8fjp3a4fujrucnsfkso9"
"3ACRLU860NER3OR1A7FL1W17CJMBE2","32KI9HN0SH8Q5EEER27HJI3DITGU1K","Reading a passage and responding to questions","You will read a short passage about a person, then answer questions related to the passage.","sentences, decisions, language","$0.40","Mon May 18 06:38:54 PDT 2020","352","BatchId:4042199;OriginalHitTemplateId:920937340;","7200","172800","Mon May 18 10:38:54 PDT 2020","","","3TY7ZAOG5FKVRLEVYFY03UEB7F80KL","A2SYVYIW6NGFGM","Approved","Mon May 18 08:34:00 PDT 2020","Mon May 18 09:16:57 PDT 2020","Wed May 20 09:16:57 PDT 2020","Mon May 18 20:42:09 PDT 2020","","","2577","100% (1/1)","100% (1/1)","0% (0/0)","s8bzg5prxg2q8owlc2qs"
"3ACRLU860NER3OR1A7FL1W17CJMBE2","32KI9HN0SH8Q5EEER27HJI3DITGU1K","Reading a passage and responding to questions","You will read a short passage about a person, then answer questions related to the passage.","sentences, decisions, language","$0.40","Mon May 18 06:38:54 PDT 2020","352","BatchId:4042199;OriginalHitTemplateId:920937340;","7200","172800","Mon May 18 10:38:54 PDT 2020","","","3UXUOQ9OKEX3XJ5T7N6KOVL2AH97A2","A1U8E29BSX6JDW","Approved","Mon May 18 06:40:53 PDT 2020","Mon May 18 06:46:11 PDT 2020","Wed May 20 06:46:11 PDT 2020","Mon May 18 20:42:09 PDT 2020","","","318","100% (1/1)","100% (1/1)","0% (0/0)","kh7ogxzerh5og70yo3eb"
"3ACRLU860NER3OR1A7FL1W17CJMBE2","32KI9HN0SH8Q5EEER27HJI3DITGU1K","Reading a passage and responding to questions","You will read a short passage about a person, then answer questions related to the passage.","sentences, decisions, language","$0.40","Mon May 18 06:38:54 PDT 2020","352","BatchId:4042199;OriginalHitTemplateId:920937340;","7200","172800","Mon May 18 10:38:54 PDT 2020","","","3V5Q80FXIXRWRX92SWAF5WQOTR223S","AR117V5SHH230","Approved","Mon May 18 07:51:17 PDT 2020","Mon May 18 08:00:53 PDT 2020","Wed May 20 08:00:53 PDT 2020","Mon May 18 20:42:09 PDT 2020","","","576","100% (1/1)","100% (1/1)","0% (0/0)","ntc4sho6vcqll63upfom"
"3ACRLU860NER3OR1A7FL1W17CJMBE2","32KI9HN0SH8Q5EEER27HJI3DITGU1K","Reading a passage and responding to questions","You will read a short passage about a person, then answer questions related to the passage.","sentences, decisions, language","$0.40","Mon May 18 06:38:54 PDT 2020","352","BatchId:4042199;OriginalHitTemplateId:920937340;","7200","172800","Mon May 18 10:38:54 PDT 2020","","","3V5Q80FXIXRWRX92SWAF5WQOTSD326","A1NI2XR885GJRB","Approved","Mon May 18 09:31:55 PDT 2020","Mon May 18 09:36:02 PDT 2020","Wed May 20 09:36:02 PDT 2020","Mon May 18 20:42:09 PDT 2020","","","247","100% (1/1)","100% (1/1)","0% (0/0)","m6kpwnl8kcll4u59yv9k"
"3ACRLU860NER3OR1A7FL1W17CJMBE2","32KI9HN0SH8Q5EEER27HJI3DITGU1K","Reading a passage and responding to questions","You will read a short passage about a person, then answer questions related to the passage.","sentences, decisions, language","$0.40","Mon May 18 06:38:54 PDT 2020","352","BatchId:4042199;OriginalHitTemplateId:920937340;","7200","172800","Mon May 18 10:38:54 PDT 2020","","","3VHHR074H3HKT2WX4EVAX91D4TKL7A","AW1O249VRHIYV","Approved","Mon May 18 08:45:27 PDT 2020","Mon May 18 09:57:18 PDT 2020","Wed May 20 09:57:18 PDT 2020","Mon May 18 20:42:09 PDT 2020","","","4311","100% (1/1)","100% (1/1)","0% (0/0)","bp2nknt6v237w4njlzkx"
"3ACRLU860NER3OR1A7FL1W17CJMBE2","32KI9HN0SH8Q5EEER27HJI3DITGU1K","Reading a passage and responding to questions","You will read a short passage about a person, then answer questions related to the passage.","sentences, decisions, language","$0.40","Mon May 18 06:38:54 PDT 2020","352","BatchId:4042199;OriginalHitTemplateId:920937340;","7200","172800","Mon May 18 10:38:54 PDT 2020","","","3VHP9MDGRNK45RHX9K0NIIO788DCFD","A19TD2J8506A4Y","Approved","Mon May 18 06:39:51 PDT 2020","Mon May 18 06:50:16 PDT 2020","Wed May 20 06:50:16 PDT 2020","Mon May 18 20:42:09 PDT 2020","","","625","100% (1/1)","100% (1/1)","0% (0/0)","0vcn7b5c06bg6ghcgrwc"
"3ACRLU860NER3OR1A7FL1W17CJMBE2","32KI9HN0SH8Q5EEER27HJI3DITGU1K","Reading a passage and responding to questions","You will read a short passage about a person, then answer questions related to the passage.","sentences, decisions, language","$0.40","Mon May 18 06:38:54 PDT 2020","352","BatchId:4042199;OriginalHitTemplateId:920937340;","7200","172800","Mon May 18 10:38:54 PDT 2020","","","3VHP9MDGRNK45RHX9K0NIIO788HFCK","A31VPLHGBBR9XF","Approved","Mon May 18 07:25:17 PDT 2020","Mon May 18 07:36:33 PDT 2020","Wed May 20 07:36:33 PDT 2020","Mon May 18 20:42:09 PDT 2020","","","676","100% (1/1)","100% (1/1)","0% (0/0)","ljsu7rg3psvoxsjlvd6n"
"3ACRLU860NER3OR1A7FL1W17CJMBE2","32KI9HN0SH8Q5EEER27HJI3DITGU1K","Reading a passage and responding to questions","You will read a short passage about a person, then answer questions related to the passage.","sentences, decisions, language","$0.40","Mon May 18 06:38:54 PDT 2020","352","BatchId:4042199;OriginalHitTemplateId:920937340;","7200","172800","Mon May 18 10:38:54 PDT 2020","","","3VHP9MDGRNK45RHX9K0NIIO788IFCL","AUJVF2FELZW96","Approved","Mon May 18 07:35:03 PDT 2020","Mon May 18 07:41:30 PDT 2020","Wed May 20 07:41:30 PDT 2020","Mon May 18 20:42:10 PDT 2020","","","387","100% (1/1)","100% (1/1)","0% (0/0)","h5mzh3b9412sph8zrbu7"
"3ACRLU860NER3OR1A7FL1W17CJMBE2","32KI9HN0SH8Q5EEER27HJI3DITGU1K","Reading a passage and responding to questions","You will read a short passage about a person, then answer questions related to the passage.","sentences, decisions, language","$0.40","Mon May 18 06:38:54 PDT 2020","352","BatchId:4042199;OriginalHitTemplateId:920937340;","7200","172800","Mon May 18 10:38:54 PDT 2020","","","3W2LOLRXLBFJRFYUSSHFNQFYG5XKRT","A2WDXNFZWJ6513","Approved","Mon May 18 06:40:18 PDT 2020","Mon May 18 07:02:20 PDT 2020","Wed May 20 07:02:20 PDT 2020","Mon May 18 20:42:10 PDT 2020","","","1322","100% (1/1)","100% (1/1)","0% (0/0)","zk7dwvhdro8od3xtf6ll"
"3ACRLU860NER3OR1A7FL1W17CJMBE2","32KI9HN0SH8Q5EEER27HJI3DITGU1K","Reading a passage and responding to questions","You will read a short passage about a person, then answer questions related to the passage.","sentences, decisions, language","$0.40","Mon May 18 06:38:54 PDT 2020","352","BatchId:4042199;OriginalHitTemplateId:920937340;","7200","172800","Mon May 18 10:38:54 PDT 2020","","","3WI0P0II61SBD9SK0BVSJDK8WW4RDR","A2C0HFMBT35BCY","Rejected","Mon May 18 07:31:21 PDT 2020","Mon May 18 07:31:56 PDT 2020","Wed May 20 07:31:56 PDT 2020","","Mon May 18 20:42:09 PDT 2020","Failed to correctly answer one or both of the bot check questions","35","0% (0/1)","0% (0/1)","0% (0/0)","https://quiz.ucsd.edu/~sttrott/Experiments/nlp_cancer_metaphor/experimental/web/experiment.html"
"3ACRLU860NER3OR1A7FL1W17CJMBE2","32KI9HN0SH8Q5EEER27HJI3DITGU1K","Reading a passage and responding to questions","You will read a short passage about a person, then answer questions related to the passage.","sentences, decisions, language","$0.40","Mon May 18 06:38:54 PDT 2020","352","BatchId:4042199;OriginalHitTemplateId:920937340;","7200","172800","Mon May 18 10:38:54 PDT 2020","","","3WMINLGALB39900PY4EV4HDGBS8AC6","A3SG9Z3TANEGBG","Approved","Mon May 18 08:04:05 PDT 2020","Mon May 18 08:09:16 PDT 2020","Wed May 20 08:09:16 PDT 2020","Mon May 18 20:42:10 PDT 2020","","","311","100% (1/1)","100% (1/1)","0% (0/0)","lzgoll6ttagumqkojv9p"
"3ACRLU860NER3OR1A7FL1W17CJMBE2","32KI9HN0SH8Q5EEER27HJI3DITGU1K","Reading a passage and responding to questions","You will read a short passage about a person, then answer questions related to the passage.","sentences, decisions, language","$0.40","Mon May 18 06:38:54 PDT 2020","352","BatchId:4042199;OriginalHitTemplateId:920937340;","7200","172800","Mon May 18 10:38:54 PDT 2020","","","3WOKGM4L71GEHCZAW7QTABVKRK9O0K","A3I9FTHSULHPYS","Approved","Mon May 18 07:15:35 PDT 2020","Mon May 18 07:24:33 PDT 2020","Wed May 20 07:24:33 PDT 2020","Mon May 18 20:42:10 PDT 2020","","","538","100% (2/2)","100% (1/1)","0% (0/0)","1tcv0r1zx6bhxdlpboa0"
"3ACRLU860NER3OR1A7FL1W17CJMBE2","32KI9HN0SH8Q5EEER27HJI3DITGU1K","Reading a passage and responding to questions","You will read a short passage about a person, then answer questions related to the passage.","sentences, decisions, language","$0.40","Mon May 18 06:38:54 PDT 2020","352","BatchId:4042199;OriginalHitTemplateId:920937340;","7200","172800","Mon May 18 10:38:54 PDT 2020","","","3WQQ9FUS6AUCG7F4N6YMX6133JBB8Z","A1WADU2JUTHE9I","Rejected","Mon May 18 08:34:12 PDT 2020","Mon May 18 09:13:25 PDT 2020","Wed May 20 09:13:25 PDT 2020","","Mon May 18 20:42:10 PDT 2020","Failed to correctly answer one or both of the bot check questions","2353","0% (0/1)","0% (0/1)","0% (0/0)","qjtf3rokgfb9kme6vrtf"
"3ACRLU860NER3OR1A7FL1W17CJMBE2","32KI9HN0SH8Q5EEER27HJI3DITGU1K","Reading a passage and responding to questions","You will read a short passage about a person, then answer questions related to the passage.","sentences, decisions, language","$0.40","Mon May 18 06:38:54 PDT 2020","352","BatchId:4042199;OriginalHitTemplateId:920937340;","7200","172800","Mon May 18 10:38:54 PDT 2020","","","3X66WABAJWIM6RH9RBV470KP3A13G6","A1DUTZ5NJWRSQV","Approved","Mon May 18 06:45:09 PDT 2020","Mon May 18 07:09:24 PDT 2020","Wed May 20 07:09:24 PDT 2020","Mon May 18 20:42:10 PDT 2020","","","1455","100% (1/1)","100% (1/1)","0% (0/0)","kdsjtzjw55s8yavwg2do"
"3ACRLU860NER3OR1A7FL1W17CJMBE2","32KI9HN0SH8Q5EEER27HJI3DITGU1K","Reading a passage and responding to questions","You will read a short passage about a person, then answer questions related to the passage.","sentences, decisions, language","$0.40","Mon May 18 06:38:54 PDT 2020","352","BatchId:4042199;OriginalHitTemplateId:920937340;","7200","172800","Mon May 18 10:38:54 PDT 2020","","","3X73LLYYQ1E7AR5UT0X11EUWNR4HNY","APBSSC1MHBQMI","Rejected","Mon May 18 06:39:31 PDT 2020","Mon May 18 06:42:31 PDT 2020","Wed May 20 06:42:31 PDT 2020","","Mon May 18 20:42:10 PDT 2020","Failed to correctly answer one or both of the bot check questions","180","0% (0/1)","0% (0/1)","0% (0/0)","ng6z1e80yhslwttm1n8h"
"3ACRLU860NER3OR1A7FL1W17CJMBE2","32KI9HN0SH8Q5EEER27HJI3DITGU1K","Reading a passage and responding to questions","You will read a short passage about a person, then answer questions related to the passage.","sentences, decisions, language","$0.40","Mon May 18 06:38:54 PDT 2020","352","BatchId:4042199;OriginalHitTemplateId:920937340;","7200","172800","Mon May 18 10:38:54 PDT 2020","","","3Y5140Z9DXG797SRFXSE5F06NJMIPQ","A2YNWB6RWLLKRO","Rejected","Mon May 18 07:06:32 PDT 2020","Mon May 18 07:08:11 PDT 2020","Wed May 20 07:08:11 PDT 2020","","Mon May 18 20:42:10 PDT 2020","Failed to correctly answer one or both of the bot check questions","99","0% (0/1)","0% (0/1)","0% (0/0)","v07pmoknrnvvl29283e4"
"3ACRLU860NER3OR1A7FL1W17CJMBE2","32KI9HN0SH8Q5EEER27HJI3DITGU1K","Reading a passage and responding to questions","You will read a short passage about a person, then answer questions related to the passage.","sentences, decisions, language","$0.40","Mon May 18 06:38:54 PDT 2020","352","BatchId:4042199;OriginalHitTemplateId:920937340;","7200","172800","Mon May 18 10:38:54 PDT 2020","","","3Y54SXRO1LLAAQGYQVQCTSPE6HTTUD","A1YOPV259XM59Z","Rejected","Mon May 18 06:57:17 PDT 2020","Mon May 18 07:09:16 PDT 2020","Wed May 20 07:09:16 PDT 2020","","Mon May 18 20:42:10 PDT 2020","Failed to correctly answer one or both of the bot check questions","719","0% (0/1)","0% (0/1)","0% (0/0)","2dosfv5zlrkn8k55y09k"
"3ACRLU860NER3OR1A7FL1W17CJMBE2","32KI9HN0SH8Q5EEER27HJI3DITGU1K","Reading a passage and responding to questions","You will read a short passage about a person, then answer questions related to the passage.","sentences, decisions, language","$0.40","Mon May 18 06:38:54 PDT 2020","352","BatchId:4042199;OriginalHitTemplateId:920937340;","7200","172800","Mon May 18 10:38:54 PDT 2020","","","3YHH42UU5BF6BRWDJFA1IURQWF30LE","A17G89QTQYZ43D","Approved","Mon May 18 06:44:18 PDT 2020","Mon May 18 06:51:35 PDT 2020","Wed May 20 06:51:35 PDT 2020","Mon May 18 20:42:11 PDT 2020","","","437","100% (1/1)","100% (1/1)","0% (0/0)","peawr84xduyoqx8zsv62"
"3ACRLU860NER3OR1A7FL1W17CJMBE2","32KI9HN0SH8Q5EEER27HJI3DITGU1K","Reading a passage and responding to questions","You will read a short passage about a person, then answer questions related to the passage.","sentences, decisions, language","$0.40","Mon May 18 06:38:54 PDT 2020","352","BatchId:4042199;OriginalHitTemplateId:920937340;","7200","172800","Mon May 18 10:38:54 PDT 2020","","","3YJ6NA41JBG34ICXXFDEHGF60Y9PJ7","AQ7NWTNTX51VA","Rejected","Mon May 18 06:40:36 PDT 2020","Mon May 18 07:53:09 PDT 2020","Wed May 20 07:53:09 PDT 2020","","Mon May 18 20:42:11 PDT 2020","Failed to correctly answer one or both of the bot check questions","4353","0% (0/1)","0% (0/1)","0% (0/0)","1pyuxl75w0q5p15nldgo"
"3ACRLU860NER3OR1A7FL1W17CJMBE2","32KI9HN0SH8Q5EEER27HJI3DITGU1K","Reading a passage and responding to questions","You will read a short passage about a person, then answer questions related to the passage.","sentences, decisions, language","$0.40","Mon May 18 06:38:54 PDT 2020","352","BatchId:4042199;OriginalHitTemplateId:920937340;","7200","172800","Mon May 18 10:38:54 PDT 2020","","","3YMU66OBIN810ZO86WK6BULZMG3HGD","A2ZAL0HAIBS9QH","Approved","Mon May 18 10:03:17 PDT 2020","Mon May 18 10:09:23 PDT 2020","Wed May 20 10:09:23 PDT 2020","Mon May 18 20:42:11 PDT 2020","","","366","100% (1/1)","100% (1/1)","0% (0/0)","mzab7n8brafl8l34qkgd"
"3ACRLU860NER3OR1A7FL1W17CJMBE2","32KI9HN0SH8Q5EEER27HJI3DITGU1K","Reading a passage and responding to questions","You will read a short passage about a person, then answer questions related to the passage.","sentences, decisions, language","$0.40","Mon May 18 06:38:54 PDT 2020","352","BatchId:4042199;OriginalHitTemplateId:920937340;","7200","172800","Mon May 18 10:38:54 PDT 2020","","","3YOH7BII097BKMFB1CMPON411BJVK6","AWWR9PY50W0Z9","Approved","Mon May 18 08:15:34 PDT 2020","Mon May 18 09:14:02 PDT 2020","Wed May 20 09:14:02 PDT 2020","Mon May 18 20:42:11 PDT 2020","","","3508","100% (1/1)","100% (1/1)","0% (0/0)","dlv0drws7gu6f6n81epa"
"3ACRLU860NER3OR1A7FL1W17CJMBE2","32KI9HN0SH8Q5EEER27HJI3DITGU1K","Reading a passage and responding to questions","You will read a short passage about a person, then answer questions related to the passage.","sentences, decisions, language","$0.40","Mon May 18 06:38:54 PDT 2020","352","BatchId:4042199;OriginalHitTemplateId:920937340;","7200","172800","Mon May 18 10:38:54 PDT 2020","","","3Z9WI9EOZZO62LKRWN5L9MDSTW5HKZ","A4ZD9A71VVQYM","Approved","Mon May 18 07:43:04 PDT 2020","Mon May 18 07:47:45 PDT 2020","Wed May 20 07:47:45 PDT 2020","Mon May 18 20:42:11 PDT 2020","","","281","100% (1/1)","100% (1/1)","0% (0/0)","rv7wqefacz44q6cj46om"
"3ACRLU860NER3OR1A7FL1W17CJMBE2","32KI9HN0SH8Q5EEER27HJI3DITGU1K","Reading a passage and responding to questions","You will read a short passage about a person, then answer questions related to the passage.","sentences, decisions, language","$0.40","Mon May 18 06:38:54 PDT 2020","352","BatchId:4042199;OriginalHitTemplateId:920937340;","7200","172800","Mon May 18 10:38:54 PDT 2020","","","3Z9WI9EOZZO62LKRWN5L9MDSTWZHKT","AF3CATMC37JYC","Approved","Mon May 18 06:39:24 PDT 2020","Mon May 18 06:43:49 PDT 2020","Wed May 20 06:43:49 PDT 2020","Mon May 18 20:42:11 PDT 2020","","","265","100% (1/1)","100% (1/1)","0% (0/0)","14bcygrc56w11vaav02q"
"3ACRLU860NER3OR1A7FL1W17CJMBE2","32KI9HN0SH8Q5EEER27HJI3DITGU1K","Reading a passage and responding to questions","You will read a short passage about a person, then answer questions related to the passage.","sentences, decisions, language","$0.40","Mon May 18 06:38:54 PDT 2020","352","BatchId:4042199;OriginalHitTemplateId:920937340;","7200","172800","Mon May 18 10:38:54 PDT 2020","","","3ZGVPD4G6THRWPA8WIPKAK4T8Z7TZ1","A1BN3HZ6LMOCPY","Approved","Mon May 18 06:46:09 PDT 2020","Mon May 18 06:54:27 PDT 2020","Wed May 20 06:54:27 PDT 2020","Mon May 18 20:42:11 PDT 2020","","","498","100% (1/1)","100% (1/1)","0% (0/0)","n4264hjqerxnzcsfx7ka"
"3ACRLU860NER3OR1A7FL1W17CJMBE2","32KI9HN0SH8Q5EEER27HJI3DITGU1K","Reading a passage and responding to questions","You will read a short passage about a person, then answer questions related to the passage.","sentences, decisions, language","$0.40","Mon May 18 06:38:54 PDT 2020","352","BatchId:4042199;OriginalHitTemplateId:920937340;","7200","172800","Mon May 18 10:38:54 PDT 2020","","","3ZR9AIQJUB9ADJPSDNBKWDPFAT940Q","A3D21KWEL1511E","Approved","Mon May 18 06:58:33 PDT 2020","Mon May 18 07:02:24 PDT 2020","Wed May 20 07:02:24 PDT 2020","Mon May 18 20:42:11 PDT 2020","","","231","100% (1/1)","100% (1/1)","0% (0/0)","bblw8qe5w0rbfdbsowzz"
"3ACRLU860NER3OR1A7FL1W17CJMBE2","32KI9HN0SH8Q5EEER27HJI3DITGU1K","Reading a passage and responding to questions","You will read a short passage about a person, then answer questions related to the passage.","sentences, decisions, language","$0.40","Mon May 18 06:38:54 PDT 2020","352","BatchId:4042199;OriginalHitTemplateId:920937340;","7200","172800","Mon May 18 10:38:54 PDT 2020","","","3ZWFC4W1UU78BT6GRHQI7DNT89QRF8","AC9ZEFHZTL7KZ","Rejected","Mon May 18 08:29:32 PDT 2020","Mon May 18 09:07:43 PDT 2020","Wed May 20 09:07:43 PDT 2020","","Mon May 18 20:42:11 PDT 2020","Failed to correctly answer one or both of the bot check questions","2291","0% (0/1)","0% (0/1)","0% (0/0)","BAHM1"