"HITId","HITTypeId","Title","Description","Keywords","Reward","CreationTime","MaxAssignments","RequesterAnnotation","AssignmentDurationInSeconds","AutoApprovalDelayInSeconds","Expiration","NumberOfSimilarHITs","LifetimeInSeconds","AssignmentId","WorkerId","AssignmentStatus","AcceptTime","SubmitTime","AutoApprovalTime","ApprovalTime","RejectionTime","RequesterFeedback","WorkTimeInSeconds","LifetimeApprovalRate","Last30DaysApprovalRate","Last7DaysApprovalRate","Answer.surveycode","Approve","Reject"
"30OITAWPBQ3KZ5362O9VVT3UG2LH9U","32KI9HN0SH8Q5EEER27HJI3DITGU1K","Reading a passage and responding to questions","You will read a short passage about a person, then answer questions related to the passage.","sentences, decisions, language","$0.40","Thu May 21 07:06:19 PDT 2020","352","BatchId:4047292;OriginalHitTemplateId:920937340;","7200","172800","Thu May 21 11:06:19 PDT 2020","","","3018Q3ZVOIQDF2P8G14QTCC2C29ART","A25RUAJ0JRJ610","Submitted","Thu May 21 10:48:12 PDT 2020","Thu May 21 10:51:55 PDT 2020","Sat May 23 10:51:55 PDT 2020","","","","223","0% (0/0)","0% (0/0)","0% (0/0)","j5ov7qmzv6ymoltpw00t"
"30OITAWPBQ3KZ5362O9VVT3UG2LH9U","32KI9HN0SH8Q5EEER27HJI3DITGU1K","Reading a passage and responding to questions","You will read a short passage about a person, then answer questions related to the passage.","sentences, decisions, language","$0.40","Thu May 21 07:06:19 PDT 2020","352","BatchId:4047292;OriginalHitTemplateId:920937340;","7200","172800","Thu May 21 11:06:19 PDT 2020","","","3018Q3ZVOIQDF2P8G14QTCC2C2SARC","A3DKLZQ9T353MH","Submitted","Thu May 21 07:32:13 PDT 2020","Thu May 21 07:56:29 PDT 2020","Sat May 23 07:56:29 PDT 2020","","","","1456","0% (0/0)","0% (0/0)","0% (0/0)","t3gv0jma9xaaoodjpv5m"
"30OITAWPBQ3KZ5362O9VVT3UG2LH9U","32KI9HN0SH8Q5EEER27HJI3DITGU1K","Reading a passage and responding to questions","You will read a short passage about a person, then answer questions related to the passage.","sentences, decisions, language","$0.40","Thu May 21 07:06:19 PDT 2020","352","BatchId:4047292;OriginalHitTemplateId:920937340;","7200","172800","Thu May 21 11:06:19 PDT 2020","","","304SM51WA34UZRUD144REX14GMUSBB","A3E58A3JQ7OAPD","Submitted","Thu May 21 07:15:32 PDT 2020","Thu May 21 07:17:52 PDT 2020","Sat May 23 07:17:52 PDT 2020","","","","140","0% (0/0)","0% (0/0)","0% (0/0)","xvs17xwa0l4cmv511hug"
"30OITAWPBQ3KZ5362O9VVT3UG2LH9U","32KI9HN0SH8Q5EEER27HJI3DITGU1K","Reading a passage and responding to questions","You will read a short passage about a person, then answer questions related to the passage.","sentences, decisions, language","$0.40","Thu May 21 07:06:19 PDT 2020","352","BatchId:4047292;OriginalHitTemplateId:920937340;","7200","172800","Thu May 21 11:06:19 PDT 2020","","","30MVJZJNHMDICVWQGQHHVQFRW3OJ9M","A1U7FKR24KBN69","Submitted","Thu May 21 09:10:26 PDT 2020","Thu May 21 09:14:56 PDT 2020","Sat May 23 09:14:56 PDT 2020","","","","270","0% (0/0)","0% (0/0)","0% (0/0)","vx509x3sbggnb970p26c"
"30OITAWPBQ3KZ5362O9VVT3UG2LH9U","32KI9HN0SH8Q5EEER27HJI3DITGU1K","Reading a passage and responding to questions","You will read a short passage about a person, then answer questions related to the passage.","sentences, decisions, language","$0.40","Thu May 21 07:06:19 PDT 2020","352","BatchId:4047292;OriginalHitTemplateId:920937340;","7200","172800","Thu May 21 11:06:19 PDT 2020","","","31EUONYN2V3UAD0QZ4EIV4LAMP7VON","A2BGRGVU9HG0C6","Submitted","Thu May 21 07:11:30 PDT 2020","Thu May 21 07:17:49 PDT 2020","Sat May 23 07:17:49 PDT 2020","","","","379","0% (0/0)","0% (0/0)","0% (0/0)","5cdf1g7aqreppbd3ad4n"
"30OITAWPBQ3KZ5362O9VVT3UG2LH9U","32KI9HN0SH8Q5EEER27HJI3DITGU1K","Reading a passage and responding to questions","You will read a short passage about a person, then answer questions related to the passage.","sentences, decisions, language","$0.40","Thu May 21 07:06:19 PDT 2020","352","BatchId:4047292;OriginalHitTemplateId:920937340;","7200","172800","Thu May 21 11:06:19 PDT 2020","","","31N2WW6R9RQGSRLEGRPMPFKD34N3FC","A3MG9U0TT7WGYR","Submitted","Thu May 21 07:08:37 PDT 2020","Thu May 21 07:13:17 PDT 2020","Sat May 23 07:13:17 PDT 2020","","","","280","0% (0/0)","0% (0/0)","0% (0/0)","y32vjq71ypork2jrul7j"
"30OITAWPBQ3KZ5362O9VVT3UG2LH9U","32KI9HN0SH8Q5EEER27HJI3DITGU1K","Reading a passage and responding to questions","You will read a short passage about a person, then answer questions related to the passage.","sentences, decisions, language","$0.40","Thu May 21 07:06:19 PDT 2020","352","BatchId:4047292;OriginalHitTemplateId:920937340;","7200","172800","Thu May 21 11:06:19 PDT 2020","","","31Q0U3WYDPF73VSTB4DRDUSZ7W417S","AE015UO038LEC","Submitted","Thu May 21 09:50:22 PDT 2020","Thu May 21 10:22:22 PDT 2020","Sat May 23 10:22:22 PDT 2020","","","","1920","0% (0/0)","0% (0/0)","0% (0/0)","rbd75zlgn79s6y77h401"
"30OITAWPBQ3KZ5362O9VVT3UG2LH9U","32KI9HN0SH8Q5EEER27HJI3DITGU1K","Reading a passage and responding to questions","You will read a short passage about a person, then answer questions related to the passage.","sentences, decisions, language","$0.40","Thu May 21 07:06:19 PDT 2020","352","BatchId:4047292;OriginalHitTemplateId:920937340;","7200","172800","Thu May 21 11:06:19 PDT 2020","","","31Z0PCVWUKF8CF42DNX1J0BUZFR7T3","A2VH3BJ356DWGX","Submitted","Thu May 21 09:06:59 PDT 2020","Thu May 21 09:12:19 PDT 2020","Sat May 23 09:12:19 PDT 2020","","","","320","0% (0/0)","0% (0/0)","0% (0/0)","ybweme4tu68up5b6f1gc"
"30OITAWPBQ3KZ5362O9VVT3UG2LH9U","32KI9HN0SH8Q5EEER27HJI3DITGU1K","Reading a passage and responding to questions","You will read a short passage about a person, then answer questions related to the passage.","sentences, decisions, language","$0.40","Thu May 21 07:06:19 PDT 2020","352","BatchId:4047292;OriginalHitTemplateId:920937340;","7200","172800","Thu May 21 11:06:19 PDT 2020","","","320DUZ38G7MXR5JYUWNRN71E0GBGJ2","AZ3AYM91GGJW0","Submitted","Thu May 21 07:37:17 PDT 2020","Thu May 21 07:44:19 PDT 2020","Sat May 23 07:44:19 PDT 2020","","","","422","0% (0/0)","0% (0/0)","0% (0/0)","h95gowkz81pwwmtgynqe"
"30OITAWPBQ3KZ5362O9VVT3UG2LH9U","32KI9HN0SH8Q5EEER27HJI3DITGU1K","Reading a passage and responding to questions","You will read a short passage about a person, then answer questions related to the passage.","sentences, decisions, language","$0.40","Thu May 21 07:06:19 PDT 2020","352","BatchId:4047292;OriginalHitTemplateId:920937340;","7200","172800","Thu May 21 11:06:19 PDT 2020","","","324G5B4FB387W67BFL9RZP9P24L70I","A2SNIQ9FD2T58Z","Submitted","Thu May 21 07:15:23 PDT 2020","Thu May 21 07:21:01 PDT 2020","Sat May 23 07:21:01 PDT 2020","","","","338","0% (0/0)","0% (0/0)","0% (0/0)","br6k6v0t1nnylckdp92c"
"30OITAWPBQ3KZ5362O9VVT3UG2LH9U","32KI9HN0SH8Q5EEER27HJI3DITGU1K","Reading a passage and responding to questions","You will read a short passage about a person, then answer questions related to the passage.","sentences, decisions, language","$0.40","Thu May 21 07:06:19 PDT 2020","352","BatchId:4047292;OriginalHitTemplateId:920937340;","7200","172800","Thu May 21 11:06:19 PDT 2020","","","32XVDSJFPZXXDJHCYEFU1VZUURZM2R","A34YJ1PY7O65TB","Submitted","Thu May 21 07:11:30 PDT 2020","Thu May 21 07:17:26 PDT 2020","Sat May 23 07:17:26 PDT 2020","","","","356","0% (0/0)","0% (0/0)","0% (0/0)","y8z2x5xljfy4cjfy19yr"
"30OITAWPBQ3KZ5362O9VVT3UG2LH9U","32KI9HN0SH8Q5EEER27HJI3DITGU1K","Reading a passage and responding to questions","You will read a short passage about a person, then answer questions related to the passage.","sentences, decisions, language","$0.40","Thu May 21 07:06:19 PDT 2020","352","BatchId:4047292;OriginalHitTemplateId:920937340;","7200","172800","Thu May 21 11:06:19 PDT 2020","","","33FOTY3KEMLDFCNP2LL2TGKD87I1C8","A1BJHCIV6OLT63","Submitted","Thu May 21 07:13:01 PDT 2020","Thu May 21 07:19:18 PDT 2020","Sat May 23 07:19:18 PDT 2020","","","","377","0% (0/0)","0% (0/0)","0% (0/0)","15x8qkfurtdle547qb8a"
"30OITAWPBQ3KZ5362O9VVT3UG2LH9U","32KI9HN0SH8Q5EEER27HJI3DITGU1K","Reading a passage and responding to questions","You will read a short passage about a person, then answer questions related to the passage.","sentences, decisions, language","$0.40","Thu May 21 07:06:19 PDT 2020","352","BatchId:4047292;OriginalHitTemplateId:920937340;","7200","172800","Thu May 21 11:06:19 PDT 2020","","","33L7PJKHCGYCCT9LNSP7X07PAZNT82","A1TFLP4I45Q9HU","Submitted","Thu May 21 07:10:51 PDT 2020","Thu May 21 07:15:44 PDT 2020","Sat May 23 07:15:44 PDT 2020","","","","293","0% (0/0)","0% (0/0)","0% (0/0)","sewyf5nu4l5lb0nu4re0"
"30OITAWPBQ3KZ5362O9VVT3UG2LH9U","32KI9HN0SH8Q5EEER27HJI3DITGU1K","Reading a passage and responding to questions","You will read a short passage about a person, then answer questions related to the passage.","sentences, decisions, language","$0.40","Thu May 21 07:06:19 PDT 2020","352","BatchId:4047292;OriginalHitTemplateId:920937340;","7200","172800","Thu May 21 11:06:19 PDT 2020","","","3483FV8BEEJVOGWKBY8DCZ284R362K","A38DM7D9RDDZPA","Submitted","Thu May 21 10:42:08 PDT 2020","Thu May 21 10:46:08 PDT 2020","Sat May 23 10:46:08 PDT 2020","","","","240","0% (0/0)","0% (0/0)","0% (0/0)","m6peg8ysaw4jyjfp7qr7"
"30OITAWPBQ3KZ5362O9VVT3UG2LH9U","32KI9HN0SH8Q5EEER27HJI3DITGU1K","Reading a passage and responding to questions","You will read a short passage about a person, then answer questions related to the passage.","sentences, decisions, language","$0.40","Thu May 21 07:06:19 PDT 2020","352","BatchId:4047292;OriginalHitTemplateId:920937340;","7200","172800","Thu May 21 11:06:19 PDT 2020","","","34BBWHLWHABXTGPSRJ69X982HPAWI3","A27RVVHK9M81ST","Submitted","Thu May 21 07:15:25 PDT 2020","Thu May 21 07:20:56 PDT 2020","Sat May 23 07:20:56 PDT 2020","","","","331","0% (0/0)","0% (0/0)","0% (0/0)","bsha6kmvp4yp9agqh0l8"
"30OITAWPBQ3KZ5362O9VVT3UG2LH9U","32KI9HN0SH8Q5EEER27HJI3DITGU1K","Reading a passage and responding to questions","You will read a short passage about a person, then answer questions related to the passage.","sentences, decisions, language","$0.40","Thu May 21 07:06:19 PDT 2020","352","BatchId:4047292;OriginalHitTemplateId:920937340;","7200","172800","Thu May 21 11:06:19 PDT 2020","","","34HJIJKLP5WQ6KQ8GKZ9H6F55YFV4L","A9KFVQD08ESQI","Submitted","Thu May 21 08:56:50 PDT 2020","Thu May 21 09:30:51 PDT 2020","Sat May 23 09:30:51 PDT 2020","","","","2041","0% (0/0)","0% (0/0)","0% (0/0)","qttcubrkhe7p812opf09"
"30OITAWPBQ3KZ5362O9VVT3UG2LH9U","32KI9HN0SH8Q5EEER27HJI3DITGU1K","Reading a passage and responding to questions","You will read a short passage about a person, then answer questions related to the passage.","sentences, decisions, language","$0.40","Thu May 21 07:06:19 PDT 2020","352","BatchId:4047292;OriginalHitTemplateId:920937340;","7200","172800","Thu May 21 11:06:19 PDT 2020","","","34QN5IT0TZRBWKCUPQ1XDP5KDOQ805","AMIFJAWWSQ2AM","Submitted","Thu May 21 07:06:58 PDT 2020","Thu May 21 07:10:45 PDT 2020","Sat May 23 07:10:45 PDT 2020","","","","227","0% (0/0)","0% (0/0)","0% (0/0)","b9n63nky5or8q88wumo9"
"30OITAWPBQ3KZ5362O9VVT3UG2LH9U","32KI9HN0SH8Q5EEER27HJI3DITGU1K","Reading a passage and responding to questions","You will read a short passage about a person, then answer questions related to the passage.","sentences, decisions, language","$0.40","Thu May 21 07:06:19 PDT 2020","352","BatchId:4047292;OriginalHitTemplateId:920937340;","7200","172800","Thu May 21 11:06:19 PDT 2020","","","34Z02EIMISDUU44ISOCS4L17R1B0TM","A9OVGHDW5JVD9","Submitted","Thu May 21 07:07:45 PDT 2020","Thu May 21 07:12:49 PDT 2020","Sat May 23 07:12:49 PDT 2020","","","","304","0% (0/0)","0% (0/0)","0% (0/0)","6wmqlc4z3za29olge5ox"
"30OITAWPBQ3KZ5362O9VVT3UG2LH9U","32KI9HN0SH8Q5EEER27HJI3DITGU1K","Reading a passage and responding to questions","You will read a short passage about a person, then answer questions related to the passage.","sentences, decisions, language","$0.40","Thu May 21 07:06:19 PDT 2020","352","BatchId:4047292;OriginalHitTemplateId:920937340;","7200","172800","Thu May 21 11:06:19 PDT 2020","","","35GCEFQ6I5OMX8CEH3JTS70VF9J3Z2","A1IZ4NX41GKU4X","Submitted","Thu May 21 07:27:34 PDT 2020","Thu May 21 07:31:12 PDT 2020","Sat May 23 07:31:12 PDT 2020","","","","218","100% (1/1)","0% (0/0)","0% (0/0)","p6hwkysgk2vrbug08fln"
"30OITAWPBQ3KZ5362O9VVT3UG2LH9U","32KI9HN0SH8Q5EEER27HJI3DITGU1K","Reading a passage and responding to questions","You will read a short passage about a person, then answer questions related to the passage.","sentences, decisions, language","$0.40","Thu May 21 07:06:19 PDT 2020","352","BatchId:4047292;OriginalHitTemplateId:920937340;","7200","172800","Thu May 21 11:06:19 PDT 2020","","","3634BBTX0OUVIU3X1UW9TLM2MMLFIP","ALOYY3E72AQ1K","Submitted","Thu May 21 07:19:32 PDT 2020","Thu May 21 07:22:56 PDT 2020","Sat May 23 07:22:56 PDT 2020","","","","204","0% (0/0)","0% (0/0)","0% (0/0)","58sbj8q5btolrtd4l1z6"
"30OITAWPBQ3KZ5362O9VVT3UG2LH9U","32KI9HN0SH8Q5EEER27HJI3DITGU1K","Reading a passage and responding to questions","You will read a short passage about a person, then answer questions related to the passage.","sentences, decisions, language","$0.40","Thu May 21 07:06:19 PDT 2020","352","BatchId:4047292;OriginalHitTemplateId:920937340;","7200","172800","Thu May 21 11:06:19 PDT 2020","","","36TFCYNS44ACMLJYV6KAZGLUQE2XH5","ARZEZGD9TYK3Q","Submitted","Thu May 21 07:29:37 PDT 2020","Thu May 21 07:49:55 PDT 2020","Sat May 23 07:49:55 PDT 2020","","","","1218","100% (1/1)","0% (0/0)","0% (0/0)","y3c7dmw9e1uamgow9sfk"
"30OITAWPBQ3KZ5362O9VVT3UG2LH9U","32KI9HN0SH8Q5EEER27HJI3DITGU1K","Reading a passage and responding to questions","You will read a short passage about a person, then answer questions related to the passage.","sentences, decisions, language","$0.40","Thu May 21 07:06:19 PDT 2020","352","BatchId:4047292;OriginalHitTemplateId:920937340;","7200","172800","Thu May 21 11:06:19 PDT 2020","","","378XPAWRUCD0M3MPQEAHFKBBP6EAID","A32LU0BX4NYPYL","Submitted","Thu May 21 08:36:03 PDT 2020","Thu May 21 08:42:50 PDT 2020","Sat May 23 08:42:50 PDT 2020","","","","407","0% (0/0)","0% (0/0)","0% (0/0)","vws8paxk3o2utamz1n9l"
"30OITAWPBQ3KZ5362O9VVT3UG2LH9U","32KI9HN0SH8Q5EEER27HJI3DITGU1K","Reading a passage and responding to questions","You will read a short passage about a person, then answer questions related to the passage.","sentences, decisions, language","$0.40","Thu May 21 07:06:19 PDT 2020","352","BatchId:4047292;OriginalHitTemplateId:920937340;","7200","172800","Thu May 21 11:06:19 PDT 2020","","","37QW5D2ZRGMBXTW6YSKHNVB38GKS8N","A2SW4E5KZ6WZJ9","Submitted","Thu May 21 09:22:29 PDT 2020","Thu May 21 09:22:41 PDT 2020","Sat May 23 09:22:41 PDT 2020","","","","12","0% (0/0)","0% (0/0)","0% (0/0)","fw3345k4yace7afcsy1d"
"30OITAWPBQ3KZ5362O9VVT3UG2LH9U","32KI9HN0SH8Q5EEER27HJI3DITGU1K","Reading a passage and responding to questions","You will read a short passage about a person, then answer questions related to the passage.","sentences, decisions, language","$0.40","Thu May 21 07:06:19 PDT 2020","352","BatchId:4047292;OriginalHitTemplateId:920937340;","7200","172800","Thu May 21 11:06:19 PDT 2020","","","37TD41K0AH9D9WMJF40MPH7MY7USCI","A3OLRWACCCCUTU","Submitted","Thu May 21 07:15:50 PDT 2020","Thu May 21 07:19:08 PDT 2020","Sat May 23 07:19:08 PDT 2020","","","","198","0% (0/0)","0% (0/0)","0% (0/0)","qrsq18ztuw42ujjft9vm"
"30OITAWPBQ3KZ5362O9VVT3UG2LH9U","32KI9HN0SH8Q5EEER27HJI3DITGU1K","Reading a passage and responding to questions","You will read a short passage about a person, then answer questions related to the passage.","sentences, decisions, language","$0.40","Thu May 21 07:06:19 PDT 2020","352","BatchId:4047292;OriginalHitTemplateId:920937340;","7200","172800","Thu May 21 11:06:19 PDT 2020","","","37ZHEEHM6WM3DY68Y8RA1N7W5G573D","A1O8V8H2K3XTMO","Submitted","Thu May 21 07:15:44 PDT 2020","Thu May 21 07:20:36 PDT 2020","Sat May 23 07:20:36 PDT 2020","","","","292","0% (0/0)","0% (0/0)","0% (0/0)","yu3bab4xu5f4pv56yjmd"
"30OITAWPBQ3KZ5362O9VVT3UG2LH9U","32KI9HN0SH8Q5EEER27HJI3DITGU1K","Reading a passage and responding to questions","You will read a short passage about a person, then answer questions related to the passage.","sentences, decisions, language","$0.40","Thu May 21 07:06:19 PDT 2020","352","BatchId:4047292;OriginalHitTemplateId:920937340;","7200","172800","Thu May 21 11:06:19 PDT 2020","","","386PBUZZXFXDDXXZ5NK70Z6MWX3JLH","A28YU7O2MAZM6K","Submitted","Thu May 21 08:51:56 PDT 2020","Thu May 21 09:02:09 PDT 2020","Sat May 23 09:02:09 PDT 2020","","","","613","0% (0/0)","0% (0/0)","0% (0/0)","nfo9vqzaq36jsjkxr14h"
"30OITAWPBQ3KZ5362O9VVT3UG2LH9U","32KI9HN0SH8Q5EEER27HJI3DITGU1K","Reading a passage and responding to questions","You will read a short passage about a person, then answer questions related to the passage.","sentences, decisions, language","$0.40","Thu May 21 07:06:19 PDT 2020","352","BatchId:4047292;OriginalHitTemplateId:920937340;","7200","172800","Thu May 21 11:06:19 PDT 2020","","","38BQUHLA9W0BKQ6HLCDR882XVW3MO5","ATO2NB5K2MT26","Submitted","Thu May 21 08:54:44 PDT 2020","Thu May 21 08:56:46 PDT 2020","Sat May 23 08:56:46 PDT 2020","","","","122","0% (0/0)","0% (0/0)","0% (0/0)","pg8u1tg1d315rqvmews1"
"30OITAWPBQ3KZ5362O9VVT3UG2LH9U","32KI9HN0SH8Q5EEER27HJI3DITGU1K","Reading a passage and responding to questions","You will read a short passage about a person, then answer questions related to the passage.","sentences, decisions, language","$0.40","Thu May 21 07:06:19 PDT 2020","352","BatchId:4047292;OriginalHitTemplateId:920937340;","7200","172800","Thu May 21 11:06:19 PDT 2020","","","38BQUHLA9W0BKQ6HLCDR882XVWYOM2","A2QB33X66H73S","Submitted","Thu May 21 07:52:11 PDT 2020","Thu May 21 07:56:40 PDT 2020","Sat May 23 07:56:40 PDT 2020","","","","269","0% (0/0)","0% (0/0)","0% (0/0)","c1dfg7hezcnpltn8l2qt"
"30OITAWPBQ3KZ5362O9VVT3UG2LH9U","32KI9HN0SH8Q5EEER27HJI3DITGU1K","Reading a passage and responding to questions","You will read a short passage about a person, then answer questions related to the passage.","sentences, decisions, language","$0.40","Thu May 21 07:06:19 PDT 2020","352","BatchId:4047292;OriginalHitTemplateId:920937340;","7200","172800","Thu May 21 11:06:19 PDT 2020","","","38F71OA9GTWHEDTOM9U1LETJ3V4MFB","A3QQYAKZK0N6AE","Submitted","Thu May 21 07:13:06 PDT 2020","Thu May 21 07:17:56 PDT 2020","Sat May 23 07:17:56 PDT 2020","","","","290","0% (0/0)","0% (0/0)","0% (0/0)","ep3ycku95lwg31fbrdbg"
"30OITAWPBQ3KZ5362O9VVT3UG2LH9U","32KI9HN0SH8Q5EEER27HJI3DITGU1K","Reading a passage and responding to questions","You will read a short passage about a person, then answer questions related to the passage.","sentences, decisions, language","$0.40","Thu May 21 07:06:19 PDT 2020","352","BatchId:4047292;OriginalHitTemplateId:920937340;","7200","172800","Thu May 21 11:06:19 PDT 2020","","","3A1COHJ8NJVM7KIQNY8IJH41Z508HF","A2YL0CS9EKHLCN","Submitted","Thu May 21 08:49:27 PDT 2020","Thu May 21 09:44:59 PDT 2020","Sat May 23 09:44:59 PDT 2020","","","","3332","0% (0/0)","0% (0/0)","0% (0/0)","ujure5ozno2p6hxtel00"
"30OITAWPBQ3KZ5362O9VVT3UG2LH9U","32KI9HN0SH8Q5EEER27HJI3DITGU1K","Reading a passage and responding to questions","You will read a short passage about a person, then answer questions related to the passage.","sentences, decisions, language","$0.40","Thu May 21 07:06:19 PDT 2020","352","BatchId:4047292;OriginalHitTemplateId:920937340;","7200","172800","Thu May 21 11:06:19 PDT 2020","","","3A4NIXBJ76Z3E53K8KXZGRY30RRMLH","A15EF7P9VE9KDO","Submitted","Thu May 21 07:27:37 PDT 2020","Thu May 21 07:40:44 PDT 2020","Sat May 23 07:40:44 PDT 2020","","","","787","0% (0/0)","0% (0/0)","0% (0/0)","r0z76oosbe8c7mjuu9e1"
"30OITAWPBQ3KZ5362O9VVT3UG2LH9U","32KI9HN0SH8Q5EEER27HJI3DITGU1K","Reading a passage and responding to questions","You will read a short passage about a person, then answer questions related to the passage.","sentences, decisions, language","$0.40","Thu May 21 07:06:19 PDT 2020","352","BatchId:4047292;OriginalHitTemplateId:920937340;","7200","172800","Thu May 21 11:06:19 PDT 2020","","","3A9AA95ATWMVXJXC8D9KG6W1J6G5PM","A14DCK7K1XGW5W","Submitted","Thu May 21 09:58:34 PDT 2020","Thu May 21 10:03:00 PDT 2020","Sat May 23 10:03:00 PDT 2020","","","","266","0% (0/0)","0% (0/0)","0% (0/0)","hjkj7f9gsrwpdjnsqd5c"
"30OITAWPBQ3KZ5362O9VVT3UG2LH9U","32KI9HN0SH8Q5EEER27HJI3DITGU1K","Reading a passage and responding to questions","You will read a short passage about a person, then answer questions related to the passage.","sentences, decisions, language","$0.40","Thu May 21 07:06:19 PDT 2020","352","BatchId:4047292;OriginalHitTemplateId:920937340;","7200","172800","Thu May 21 11:06:19 PDT 2020","","","3AZHRG4CU4KPVN6OD961M8X9X2330D","A35N8ILHISO4RW","Submitted","Thu May 21 08:10:41 PDT 2020","Thu May 21 08:13:21 PDT 2020","Sat May 23 08:13:21 PDT 2020","","","","160","0% (0/0)","0% (0/0)","0% (0/0)","aox397c1y5awg0hahgl2"
"30OITAWPBQ3KZ5362O9VVT3UG2LH9U","32KI9HN0SH8Q5EEER27HJI3DITGU1K","Reading a passage and responding to questions","You will read a short passage about a person, then answer questions related to the passage.","sentences, decisions, language","$0.40","Thu May 21 07:06:19 PDT 2020","352","BatchId:4047292;OriginalHitTemplateId:920937340;","7200","172800","Thu May 21 11:06:19 PDT 2020","","","3AZHRG4CU4KPVN6OD961M8X9X2Y308","AYXN53TNFG71P","Submitted","Thu May 21 07:07:34 PDT 2020","Thu May 21 07:13:28 PDT 2020","Sat May 23 07:13:28 PDT 2020","","","","354","0% (0/0)","0% (0/0)","0% (0/0)","zo1h9kn4zlcx3xyc3sad"
"30OITAWPBQ3KZ5362O9VVT3UG2LH9U","32KI9HN0SH8Q5EEER27HJI3DITGU1K","Reading a passage and responding to questions","You will read a short passage about a person, then answer questions related to the passage.","sentences, decisions, language","$0.40","Thu May 21 07:06:19 PDT 2020","352","BatchId:4047292;OriginalHitTemplateId:920937340;","7200","172800","Thu May 21 11:06:19 PDT 2020","","","3C5W7UE9CFQYEZK9M30NRLTQ700MX2","A3U02QWNRBFA4M","Submitted","Thu May 21 07:15:43 PDT 2020","Thu May 21 07:20:07 PDT 2020","Sat May 23 07:20:07 PDT 2020","","","","264","0% (0/0)","0% (0/0)","0% (0/0)","sl1fvsyqh13defpszmf9"
"30OITAWPBQ3KZ5362O9VVT3UG2LH9U","32KI9HN0SH8Q5EEER27HJI3DITGU1K","Reading a passage and responding to questions","You will read a short passage about a person, then answer questions related to the passage.","sentences, decisions, language","$0.40","Thu May 21 07:06:19 PDT 2020","352","BatchId:4047292;OriginalHitTemplateId:920937340;","7200","172800","Thu May 21 11:06:19 PDT 2020","","","3DPNQGW4LLF5RUB7FCR15EZ6O5R466","A1LUA9E1D7FIA8","Submitted","Thu May 21 09:19:20 PDT 2020","Thu May 21 09:27:05 PDT 2020","Sat May 23 09:27:05 PDT 2020","","","","465","0% (0/0)","0% (0/0)","0% (0/0)","mlfnumpyz8dxp68ahgth"
"30OITAWPBQ3KZ5362O9VVT3UG2LH9U","32KI9HN0SH8Q5EEER27HJI3DITGU1K","Reading a passage and responding to questions","You will read a short passage about a person, then answer questions related to the passage.","sentences, decisions, language","$0.40","Thu May 21 07:06:19 PDT 2020","352","BatchId:4047292;OriginalHitTemplateId:920937340;","7200","172800","Thu May 21 11:06:19 PDT 2020","","","3FFJ6VRIL1O4LQO7YCDOQEZYGK4I0W","A2AIR561PPZLT8","Submitted","Thu May 21 09:04:23 PDT 2020","Thu May 21 09:10:31 PDT 2020","Sat May 23 09:10:31 PDT 2020","","","","368","0% (0/0)","0% (0/0)","0% (0/0)","xl49agbcftz7pzbryzvf"
"30OITAWPBQ3KZ5362O9VVT3UG2LH9U","32KI9HN0SH8Q5EEER27HJI3DITGU1K","Reading a passage and responding to questions","You will read a short passage about a person, then answer questions related to the passage.","sentences, decisions, language","$0.40","Thu May 21 07:06:19 PDT 2020","352","BatchId:4047292;OriginalHitTemplateId:920937340;","7200","172800","Thu May 21 11:06:19 PDT 2020","","","3FFJ6VRIL1O4LQO7YCDOQEZYGKV0I5","A2634FRXOCDHYB","Submitted","Thu May 21 07:07:41 PDT 2020","Thu May 21 07:19:53 PDT 2020","Sat May 23 07:19:53 PDT 2020","","","","732","0% (0/0)","0% (0/0)","0% (0/0)","1yoxvu6jh1639noyld5s"
"30OITAWPBQ3KZ5362O9VVT3UG2LH9U","32KI9HN0SH8Q5EEER27HJI3DITGU1K","Reading a passage and responding to questions","You will read a short passage about a person, then answer questions related to the passage.","sentences, decisions, language","$0.40","Thu May 21 07:06:19 PDT 2020","352","BatchId:4047292;OriginalHitTemplateId:920937340;","7200","172800","Thu May 21 11:06:19 PDT 2020","","","3G5W44VEU7IS2PPGCHN3OM1RF5CGK2","A2BOYVIC716BAC","Submitted","Thu May 21 07:50:07 PDT 2020","Thu May 21 07:53:32 PDT 2020","Sat May 23 07:53:32 PDT 2020","","","","205","0% (0/0)","0% (0/0)","0% (0/0)","tpsapy135pjyw69rjvto"
"30OITAWPBQ3KZ5362O9VVT3UG2LH9U","32KI9HN0SH8Q5EEER27HJI3DITGU1K","Reading a passage and responding to questions","You will read a short passage about a person, then answer questions related to the passage.","sentences, decisions, language","$0.40","Thu May 21 07:06:19 PDT 2020","352","BatchId:4047292;OriginalHitTemplateId:920937340;","7200","172800","Thu May 21 11:06:19 PDT 2020","","","3GNA64GUZE4GXVYR8QO9GBMBO275QI","A3RGU6RBFV2VM9","Submitted","Thu May 21 10:58:07 PDT 2020","Thu May 21 11:09:14 PDT 2020","Sat May 23 11:09:14 PDT 2020","","","","667","0% (0/0)","0% (0/0)","0% (0/0)","3jh33bjqa5stsevwpc0m"
"30OITAWPBQ3KZ5362O9VVT3UG2LH9U","32KI9HN0SH8Q5EEER27HJI3DITGU1K","Reading a passage and responding to questions","You will read a short passage about a person, then answer questions related to the passage.","sentences, decisions, language","$0.40","Thu May 21 07:06:19 PDT 2020","352","BatchId:4047292;OriginalHitTemplateId:920937340;","7200","172800","Thu May 21 11:06:19 PDT 2020","","","3GNA64GUZE4GXVYR8QO9GBMBO2OQ5K","A2V66KLFVJTLKC","Submitted","Thu May 21 07:22:18 PDT 2020","Thu May 21 07:26:36 PDT 2020","Sat May 23 07:26:36 PDT 2020","","","","258","0% (0/0)","0% (0/0)","0% (0/0)","9hcuoavks77zw6alxkpj"
"30OITAWPBQ3KZ5362O9VVT3UG2LH9U","32KI9HN0SH8Q5EEER27HJI3DITGU1K","Reading a passage and responding to questions","You will read a short passage about a person, then answer questions related to the passage.","sentences, decisions, language","$0.40","Thu May 21 07:06:19 PDT 2020","352","BatchId:4047292;OriginalHitTemplateId:920937340;","7200","172800","Thu May 21 11:06:19 PDT 2020","","","3HL8HNGX45127TAUX0QWGSNZ3WXF95","AH0K0H04EBTP8","Submitted","Thu May 21 07:06:28 PDT 2020","Thu May 21 07:08:19 PDT 2020","Sat May 23 07:08:19 PDT 2020","","","","111","0% (0/0)","0% (0/0)","0% (0/0)","crhqeydzucf681fujwt7"
"30OITAWPBQ3KZ5362O9VVT3UG2LH9U","32KI9HN0SH8Q5EEER27HJI3DITGU1K","Reading a passage and responding to questions","You will read a short passage about a person, then answer questions related to the passage.","sentences, decisions, language","$0.40","Thu May 21 07:06:19 PDT 2020","352","BatchId:4047292;OriginalHitTemplateId:920937340;","7200","172800","Thu May 21 11:06:19 PDT 2020","","","3HPZF4IVNMTA5IYSEASB73VNFS6CYW","A2KRPK3GQR0GA9","Submitted","Thu May 21 10:14:18 PDT 2020","Thu May 21 10:21:34 PDT 2020","Sat May 23 10:21:34 PDT 2020","","","","436","0% (0/0)","0% (0/0)","0% (0/0)","7vqofpz9518hh47rb9ur"
"30OITAWPBQ3KZ5362O9VVT3UG2LH9U","32KI9HN0SH8Q5EEER27HJI3DITGU1K","Reading a passage and responding to questions","You will read a short passage about a person, then answer questions related to the passage.","sentences, decisions, language","$0.40","Thu May 21 07:06:19 PDT 2020","352","BatchId:4047292;OriginalHitTemplateId:920937340;","7200","172800","Thu May 21 11:06:19 PDT 2020","","","3HWRJOOET52S6U6XBV6HF57PJJPSET","A2E164MZC6M81L","Submitted","Thu May 21 10:38:51 PDT 2020","Thu May 21 10:45:40 PDT 2020","Sat May 23 10:45:40 PDT 2020","","","","409","0% (0/0)","0% (0/0)","0% (0/0)","2rfx7bey50aefptzqfkl"
"30OITAWPBQ3KZ5362O9VVT3UG2LH9U","32KI9HN0SH8Q5EEER27HJI3DITGU1K","Reading a passage and responding to questions","You will read a short passage about a person, then answer questions related to the passage.","sentences, decisions, language","$0.40","Thu May 21 07:06:19 PDT 2020","352","BatchId:4047292;OriginalHitTemplateId:920937340;","7200","172800","Thu May 21 11:06:19 PDT 2020","","","3HYA4D452RJR79PVCRBH65FLXQSF2I","A23M0FLTUOFV5Y","Submitted","Thu May 21 08:17:07 PDT 2020","Thu May 21 08:37:15 PDT 2020","Sat May 23 08:37:15 PDT 2020","","","","1208","0% (0/0)","0% (0/0)","0% (0/0)","813b9pqvecck0l7qz5ea"
"30OITAWPBQ3KZ5362O9VVT3UG2LH9U","32KI9HN0SH8Q5EEER27HJI3DITGU1K","Reading a passage and responding to questions","You will read a short passage about a person, then answer questions related to the passage.","sentences, decisions, language","$0.40","Thu May 21 07:06:19 PDT 2020","352","BatchId:4047292;OriginalHitTemplateId:920937340;","7200","172800","Thu May 21 11:06:19 PDT 2020","","","3J4Q2Z4UTY3AAEDB4RBI6BZO8ZUWQ9","A324FQ64NCN2YS","Submitted","Thu May 21 07:51:25 PDT 2020","Thu May 21 08:00:17 PDT 2020","Sat May 23 08:00:17 PDT 2020","","","","532","0% (0/0)","0% (0/0)","0% (0/0)","8qf30d57fx7q8npd33vp"
"30OITAWPBQ3KZ5362O9VVT3UG2LH9U","32KI9HN0SH8Q5EEER27HJI3DITGU1K","Reading a passage and responding to questions","You will read a short passage about a person, then answer questions related to the passage.","sentences, decisions, language","$0.40","Thu May 21 07:06:19 PDT 2020","352","BatchId:4047292;OriginalHitTemplateId:920937340;","7200","172800","Thu May 21 11:06:19 PDT 2020","","","3JJVG1YBEBXTTPW2P8RJLMRC22O5BO","A1UCWQNS6WL35N","Submitted","Thu May 21 07:31:39 PDT 2020","Thu May 21 07:35:58 PDT 2020","Sat May 23 07:35:58 PDT 2020","","","","259","0% (0/0)","0% (0/0)","0% (0/0)","jvc6oy225070w2205qfb"
"30OITAWPBQ3KZ5362O9VVT3UG2LH9U","32KI9HN0SH8Q5EEER27HJI3DITGU1K","Reading a passage and responding to questions","You will read a short passage about a person, then answer questions related to the passage.","sentences, decisions, language","$0.40","Thu May 21 07:06:19 PDT 2020","352","BatchId:4047292;OriginalHitTemplateId:920937340;","7200","172800","Thu May 21 11:06:19 PDT 2020","","","3JV9LGBJWTEBSGAVA9FWV3I0ZAZOG7","A3CPGBZQ6RS3T7","Submitted","Thu May 21 10:19:42 PDT 2020","Thu May 21 11:08:10 PDT 2020","Sat May 23 11:08:10 PDT 2020","","","","2908","0% (0/0)","0% (0/0)","0% (0/0)","6pg2mzy6s247emhkju7e"
"30OITAWPBQ3KZ5362O9VVT3UG2LH9U","32KI9HN0SH8Q5EEER27HJI3DITGU1K","Reading a passage and responding to questions","You will read a short passage about a person, then answer questions related to the passage.","sentences, decisions, language","$0.40","Thu May 21 07:06:19 PDT 2020","352","BatchId:4047292;OriginalHitTemplateId:920937340;","7200","172800","Thu May 21 11:06:19 PDT 2020","","","3K9FOBBF2HJ9WNOKKLCZT6N35H0NLH","A3VV0YEUF02F3R","Submitted","Thu May 21 07:09:44 PDT 2020","Thu May 21 07:40:11 PDT 2020","Sat May 23 07:40:11 PDT 2020","","","","1827","0% (0/0)","0% (0/0)","0% (0/0)","10ftasn2whoa7wq72yg5"
"30OITAWPBQ3KZ5362O9VVT3UG2LH9U","32KI9HN0SH8Q5EEER27HJI3DITGU1K","Reading a passage and responding to questions","You will read a short passage about a person, then answer questions related to the passage.","sentences, decisions, language","$0.40","Thu May 21 07:06:19 PDT 2020","352","BatchId:4047292;OriginalHitTemplateId:920937340;","7200","172800","Thu May 21 11:06:19 PDT 2020","","","3KAKFY4PGU202IN4HZV7SCX5JWL3I9","A3JWLESPXWZSBS","Submitted","Thu May 21 08:24:11 PDT 2020","Thu May 21 08:28:40 PDT 2020","Sat May 23 08:28:40 PDT 2020","","","","269","0% (0/0)","0% (0/0)","0% (0/0)","exdkhkq6j9v5f6wkk3k6"
"30OITAWPBQ3KZ5362O9VVT3UG2LH9U","32KI9HN0SH8Q5EEER27HJI3DITGU1K","Reading a passage and responding to questions","You will read a short passage about a person, then answer questions related to the passage.","sentences, decisions, language","$0.40","Thu May 21 07:06:19 PDT 2020","352","BatchId:4047292;OriginalHitTemplateId:920937340;","7200","172800","Thu May 21 11:06:19 PDT 2020","","","3L70J4KAZGMJES63Y096ONVYX16ADB","ABX6PXM91BLE3","Submitted","Thu May 21 08:35:41 PDT 2020","Thu May 21 09:33:40 PDT 2020","Sat May 23 09:33:40 PDT 2020","","","","3479","0% (0/0)","0% (0/0)","0% (0/0)","a576wkzcd4tgvjv3oww4"
"30OITAWPBQ3KZ5362O9VVT3UG2LH9U","32KI9HN0SH8Q5EEER27HJI3DITGU1K","Reading a passage and responding to questions","You will read a short passage about a person, then answer questions related to the passage.","sentences, decisions, language","$0.40","Thu May 21 07:06:19 PDT 2020","352","BatchId:4047292;OriginalHitTemplateId:920937340;","7200","172800","Thu May 21 11:06:19 PDT 2020","","","3LOTDFNYA7ZDJPN2QB0OUCVA1XOFW1","AQ86PSV0W7IPH","Submitted","Thu May 21 08:25:04 PDT 2020","Thu May 21 08:32:45 PDT 2020","Sat May 23 08:32:45 PDT 2020","","","","461","0% (0/0)","0% (0/0)","0% (0/0)","2wqzc1zjmmyeaneadgfs"
"30OITAWPBQ3KZ5362O9VVT3UG2LH9U","32KI9HN0SH8Q5EEER27HJI3DITGU1K","Reading a passage and responding to questions","You will read a short passage about a person, then answer questions related to the passage.","sentences, decisions, language","$0.40","Thu May 21 07:06:19 PDT 2020","352","BatchId:4047292;OriginalHitTemplateId:920937340;","7200","172800","Thu May 21 11:06:19 PDT 2020","","","3LQ8PUHQFLSFWQU3WKK9W6YF21XHIO","A1PNV7S8N61LOF","Submitted","Thu May 21 07:13:17 PDT 2020","Thu May 21 07:17:34 PDT 2020","Sat May 23 07:17:34 PDT 2020","","","","257","0% (0/0)","0% (0/0)","0% (0/0)","r84b4wcgo9r3yqyxaks5"
"30OITAWPBQ3KZ5362O9VVT3UG2LH9U","32KI9HN0SH8Q5EEER27HJI3DITGU1K","Reading a passage and responding to questions","You will read a short passage about a person, then answer questions related to the passage.","sentences, decisions, language","$0.40","Thu May 21 07:06:19 PDT 2020","352","BatchId:4047292;OriginalHitTemplateId:920937340;","7200","172800","Thu May 21 11:06:19 PDT 2020","","","3LYA37P8IQNWB8H5WVVPNBAUZSWBKS","A1VCELFTBZ8PTJ","Submitted","Thu May 21 10:01:54 PDT 2020","Thu May 21 10:06:44 PDT 2020","Sat May 23 10:06:44 PDT 2020","","","","290","0% (0/0)","0% (0/0)","0% (0/0)","r6r9j69f9Injterqeuwb"
"30OITAWPBQ3KZ5362O9VVT3UG2LH9U","32KI9HN0SH8Q5EEER27HJI3DITGU1K","Reading a passage and responding to questions","You will read a short passage about a person, then answer questions related to the passage.","sentences, decisions, language","$0.40","Thu May 21 07:06:19 PDT 2020","352","BatchId:4047292;OriginalHitTemplateId:920937340;","7200","172800","Thu May 21 11:06:19 PDT 2020","","","3M81GAB8A0JIMBF090FMJXM3YYKBQG","A1PNADEJTZTN6T","Submitted","Thu May 21 09:21:09 PDT 2020","Thu May 21 09:28:50 PDT 2020","Sat May 23 09:28:50 PDT 2020","","","","461","0% (0/0)","0% (0/0)","0% (0/0)","1mf0rcvydjgx804n24w2"
"30OITAWPBQ3KZ5362O9VVT3UG2LH9U","32KI9HN0SH8Q5EEER27HJI3DITGU1K","Reading a passage and responding to questions","You will read a short passage about a person, then answer questions related to the passage.","sentences, decisions, language","$0.40","Thu May 21 07:06:19 PDT 2020","352","BatchId:4047292;OriginalHitTemplateId:920937340;","7200","172800","Thu May 21 11:06:19 PDT 2020","","","3N4BPTXIO8SB77QBWMCKS12IODYUKN","A3RI9RLBGPG2B6","Submitted","Thu May 21 09:15:06 PDT 2020","Thu May 21 09:17:36 PDT 2020","Sat May 23 09:17:36 PDT 2020","","","","150","0% (0/0)","0% (0/0)","0% (0/0)","wtmc49hag9rtrb47feyo"
"30OITAWPBQ3KZ5362O9VVT3UG2LH9U","32KI9HN0SH8Q5EEER27HJI3DITGU1K","Reading a passage and responding to questions","You will read a short passage about a person, then answer questions related to the passage.","sentences, decisions, language","$0.40","Thu May 21 07:06:19 PDT 2020","352","BatchId:4047292;OriginalHitTemplateId:920937340;","7200","172800","Thu May 21 11:06:19 PDT 2020","","","3NC5L260MOM5EGE0ZP9EDIIOYVKOFT","A4M0D0IZH9XCE","Submitted","Thu May 21 07:24:02 PDT 2020","Thu May 21 07:32:28 PDT 2020","Sat May 23 07:32:28 PDT 2020","","","","506","0% (0/0)","0% (0/0)","0% (0/0)","0gu4jmkj6eldk2uooxwz"
"30OITAWPBQ3KZ5362O9VVT3UG2LH9U","32KI9HN0SH8Q5EEER27HJI3DITGU1K","Reading a passage and responding to questions","You will read a short passage about a person, then answer questions related to the passage.","sentences, decisions, language","$0.40","Thu May 21 07:06:19 PDT 2020","352","BatchId:4047292;OriginalHitTemplateId:920937340;","7200","172800","Thu May 21 11:06:19 PDT 2020","","","3NJM2BJS4W6GW46RNNWSUC2BBN1CP0","A3J0MCY1BZOY0W","Submitted","Thu May 21 09:54:04 PDT 2020","Thu May 21 09:56:51 PDT 2020","Sat May 23 09:56:51 PDT 2020","","","","167","0% (0/0)","0% (0/0)","0% (0/0)","yy28cb6unw532p7a7do0"
"30OITAWPBQ3KZ5362O9VVT3UG2LH9U","32KI9HN0SH8Q5EEER27HJI3DITGU1K","Reading a passage and responding to questions","You will read a short passage about a person, then answer questions related to the passage.","sentences, decisions, language","$0.40","Thu May 21 07:06:19 PDT 2020","352","BatchId:4047292;OriginalHitTemplateId:920937340;","7200","172800","Thu May 21 11:06:19 PDT 2020","","","3OXV7EAXLEQK9YS3FYMIV970A5L36A","A2PZ8MVVT6TQJM","Submitted","Thu May 21 07:19:06 PDT 2020","Thu May 21 07:25:04 PDT 2020","Sat May 23 07:25:04 PDT 2020","","","","358","0% (0/0)","0% (0/0)","0% (0/0)","z62n74343xsjd5ouumt7"
"30OITAWPBQ3KZ5362O9VVT3UG2LH9U","32KI9HN0SH8Q5EEER27HJI3DITGU1K","Reading a passage and responding to questions","You will read a short passage about a person, then answer questions related to the passage.","sentences, decisions, language","$0.40","Thu May 21 07:06:19 PDT 2020","352","BatchId:4047292;OriginalHitTemplateId:920937340;","7200","172800","Thu May 21 11:06:19 PDT 2020","","","3PDJHANYK5GZ36Z2UJBKZ38ATAHH69","A3CE4J7CFDAN5A","Submitted","Thu May 21 10:03:11 PDT 2020","Thu May 21 10:07:11 PDT 2020","Sat May 23 10:07:11 PDT 2020","","","","240","0% (0/0)","0% (0/0)","0% (0/0)","m53h474zckogbp50jha4"
"30OITAWPBQ3KZ5362O9VVT3UG2LH9U","32KI9HN0SH8Q5EEER27HJI3DITGU1K","Reading a passage and responding to questions","You will read a short passage about a person, then answer questions related to the passage.","sentences, decisions, language","$0.40","Thu May 21 07:06:19 PDT 2020","352","BatchId:4047292;OriginalHitTemplateId:920937340;","7200","172800","Thu May 21 11:06:19 PDT 2020","","","3PMBY0YE273V4HQK6Y0V8M2W6JMC98","A1PXIIDBEHCLIJ","Submitted","Thu May 21 10:23:44 PDT 2020","Thu May 21 10:27:24 PDT 2020","Sat May 23 10:27:24 PDT 2020","","","","220","0% (0/0)","0% (0/0)","0% (0/0)","562f072bzkh0j8cg81cz"
"30OITAWPBQ3KZ5362O9VVT3UG2LH9U","32KI9HN0SH8Q5EEER27HJI3DITGU1K","Reading a passage and responding to questions","You will read a short passage about a person, then answer questions related to the passage.","sentences, decisions, language","$0.40","Thu May 21 07:06:19 PDT 2020","352","BatchId:4047292;OriginalHitTemplateId:920937340;","7200","172800","Thu May 21 11:06:19 PDT 2020","","","3QJOXOW4XJRP8ZTSRYAV3W8JRUPMET","A13HSR88OUNIVP","Submitted","Thu May 21 07:12:59 PDT 2020","Thu May 21 07:20:59 PDT 2020","Sat May 23 07:20:59 PDT 2020","","","","480","0% (0/0)","0% (0/0)","0% (0/0)","ga9abl2j2d3sqp8k6nrl"
"30OITAWPBQ3KZ5362O9VVT3UG2LH9U","32KI9HN0SH8Q5EEER27HJI3DITGU1K","Reading a passage and responding to questions","You will read a short passage about a person, then answer questions related to the passage.","sentences, decisions, language","$0.40","Thu May 21 07:06:19 PDT 2020","352","BatchId:4047292;OriginalHitTemplateId:920937340;","7200","172800","Thu May 21 11:06:19 PDT 2020","","","3R08VXYT7CV04W8W8S2C6KIT39ZW78","A1REJE4H1KLBXY","Submitted","Thu May 21 07:13:40 PDT 2020","Thu May 21 07:21:35 PDT 2020","Sat May 23 07:21:35 PDT 2020","","","","475","0% (0/0)","0% (0/0)","0% (0/0)","1euhxognmyzdah0gkppc"
"30OITAWPBQ3KZ5362O9VVT3UG2LH9U","32KI9HN0SH8Q5EEER27HJI3DITGU1K","Reading a passage and responding to questions","You will read a short passage about a person, then answer questions related to the passage.","sentences, decisions, language","$0.40","Thu May 21 07:06:19 PDT 2020","352","BatchId:4047292;OriginalHitTemplateId:920937340;","7200","172800","Thu May 21 11:06:19 PDT 2020","","","3R0T90IZ1SCAJRDSK46503OJAW0GCM","A215VSM181SC0F","Submitted","Thu May 21 07:09:41 PDT 2020","Thu May 21 08:54:06 PDT 2020","Sat May 23 08:54:06 PDT 2020","","","","6265","0% (0/0)","0% (0/0)","0% (0/0)","vu3c4d8rjnslz7ce0vvl"
"30OITAWPBQ3KZ5362O9VVT3UG2LH9U","32KI9HN0SH8Q5EEER27HJI3DITGU1K","Reading a passage and responding to questions","You will read a short passage about a person, then answer questions related to the passage.","sentences, decisions, language","$0.40","Thu May 21 07:06:19 PDT 2020","352","BatchId:4047292;OriginalHitTemplateId:920937340;","7200","172800","Thu May 21 11:06:19 PDT 2020","","","3R8YZBNQ9HIVKZCAWJ36EV07F8SQ78","A2ZZ7GUR0MNWDC","Submitted","Thu May 21 09:16:46 PDT 2020","Thu May 21 09:21:39 PDT 2020","Sat May 23 09:21:39 PDT 2020","","","","293","0% (0/0)","0% (0/0)","0% (0/0)","2vrl67geq3edby0ks0f8"
"30OITAWPBQ3KZ5362O9VVT3UG2LH9U","32KI9HN0SH8Q5EEER27HJI3DITGU1K","Reading a passage and responding to questions","You will read a short passage about a person, then answer questions related to the passage.","sentences, decisions, language","$0.40","Thu May 21 07:06:19 PDT 2020","352","BatchId:4047292;OriginalHitTemplateId:920937340;","7200","172800","Thu May 21 11:06:19 PDT 2020","","","3RXCAC0YIRP87ONF3SQ0YHS0K5GG8H","A1N06BCXCMAABQ","Submitted","Thu May 21 07:22:04 PDT 2020","Thu May 21 07:24:36 PDT 2020","Sat May 23 07:24:36 PDT 2020","","","","152","0% (0/0)","0% (0/0)","0% (0/0)","gvjltd3pzt9tpmb6316s"
"30OITAWPBQ3KZ5362O9VVT3UG2LH9U","32KI9HN0SH8Q5EEER27HJI3DITGU1K","Reading a passage and responding to questions","You will read a short passage about a person, then answer questions related to the passage.","sentences, decisions, language","$0.40","Thu May 21 07:06:19 PDT 2020","352","BatchId:4047292;OriginalHitTemplateId:920937340;","7200","172800","Thu May 21 11:06:19 PDT 2020","","","3RXCAC0YIRP87ONF3SQ0YHS0K5LG8M","A3GQ3N00IBM717","Submitted","Thu May 21 08:26:56 PDT 2020","Thu May 21 08:51:26 PDT 2020","Sat May 23 08:51:26 PDT 2020","","","","1470","0% (0/0)","0% (0/0)","0% (0/0)","8r870059ux5jv1afx5df"
"30OITAWPBQ3KZ5362O9VVT3UG2LH9U","32KI9HN0SH8Q5EEER27HJI3DITGU1K","Reading a passage and responding to questions","You will read a short passage about a person, then answer questions related to the passage.","sentences, decisions, language","$0.40","Thu May 21 07:06:19 PDT 2020","352","BatchId:4047292;OriginalHitTemplateId:920937340;","7200","172800","Thu May 21 11:06:19 PDT 2020","","","3RXCAC0YIRP87ONF3SQ0YHS0K5WG8X","A23J0VONL8E3S7","Submitted","Thu May 21 10:27:58 PDT 2020","Thu May 21 10:33:36 PDT 2020","Sat May 23 10:33:36 PDT 2020","","","","338","0% (0/0)","0% (0/0)","0% (0/0)","y7dcj28udnuwtnakxq88"
"30OITAWPBQ3KZ5362O9VVT3UG2LH9U","32KI9HN0SH8Q5EEER27HJI3DITGU1K","Reading a passage and responding to questions","You will read a short passage about a person, then answer questions related to the passage.","sentences, decisions, language","$0.40","Thu May 21 07:06:19 PDT 2020","352","BatchId:4047292;OriginalHitTemplateId:920937340;","7200","172800","Thu May 21 11:06:19 PDT 2020","","","3SNLUL3WO4NMRD8THMOL71FXDD3ULQ","A6G7GPZ3ZR3JL","Submitted","Thu May 21 09:14:43 PDT 2020","Thu May 21 09:54:21 PDT 2020","Sat May 23 09:54:21 PDT 2020","","","","2378","0% (0/0)","0% (0/0)","0% (0/0)","lt2hqhjb7gsugc3by8k0"
"30OITAWPBQ3KZ5362O9VVT3UG2LH9U","32KI9HN0SH8Q5EEER27HJI3DITGU1K","Reading a passage and responding to questions","You will read a short passage about a person, then answer questions related to the passage.","sentences, decisions, language","$0.40","Thu May 21 07:06:19 PDT 2020","352","BatchId:4047292;OriginalHitTemplateId:920937340;","7200","172800","Thu May 21 11:06:19 PDT 2020","","","3SNLUL3WO4NMRD8THMOL71FXDDVULI","A1LM8OCZ4TNAJ5","Submitted","Thu May 21 07:41:34 PDT 2020","Thu May 21 07:48:12 PDT 2020","Sat May 23 07:48:12 PDT 2020","","","","398","0% (0/0)","0% (0/0)","0% (0/0)","cet864t4bgeokeds33v2"
"30OITAWPBQ3KZ5362O9VVT3UG2LH9U","32KI9HN0SH8Q5EEER27HJI3DITGU1K","Reading a passage and responding to questions","You will read a short passage about a person, then answer questions related to the passage.","sentences, decisions, language","$0.40","Thu May 21 07:06:19 PDT 2020","352","BatchId:4047292;OriginalHitTemplateId:920937340;","7200","172800","Thu May 21 11:06:19 PDT 2020","","","3TMSXRD2X60MTATUJCL35ARG0N01WH","A1ZU34GWXNU45E","Submitted","Thu May 21 07:14:39 PDT 2020","Thu May 21 07:18:46 PDT 2020","Sat May 23 07:18:46 PDT 2020","","","","247","0% (0/0)","0% (0/0)","0% (0/0)","wwnech27nwhbyj9nqlvk"
"30OITAWPBQ3KZ5362O9VVT3UG2LH9U","32KI9HN0SH8Q5EEER27HJI3DITGU1K","Reading a passage and responding to questions","You will read a short passage about a person, then answer questions related to the passage.","sentences, decisions, language","$0.40","Thu May 21 07:06:19 PDT 2020","352","BatchId:4047292;OriginalHitTemplateId:920937340;","7200","172800","Thu May 21 11:06:19 PDT 2020","","","3TUI152ZZBNH9DX873MXDL9UCMSQ1B","A1AFOBARMIFUSW","Submitted","Thu May 21 09:16:32 PDT 2020","Thu May 21 09:25:44 PDT 2020","Sat May 23 09:25:44 PDT 2020","","","","552","0% (0/0)","0% (0/0)","0% (0/0)","ka76osxpv55jqubbsjj7"
"30OITAWPBQ3KZ5362O9VVT3UG2LH9U","32KI9HN0SH8Q5EEER27HJI3DITGU1K","Reading a passage and responding to questions","You will read a short passage about a person, then answer questions related to the passage.","sentences, decisions, language","$0.40","Thu May 21 07:06:19 PDT 2020","352","BatchId:4047292;OriginalHitTemplateId:920937340;","7200","172800","Thu May 21 11:06:19 PDT 2020","","","3TY7ZAOG5FKVRLEVYFY03UEB8O40K0","A2A3WIYPZD8XSC","Submitted","Thu May 21 10:52:04 PDT 2020","Thu May 21 11:26:55 PDT 2020","Sat May 23 11:26:55 PDT 2020","","","","2091","0% (0/0)","0% (0/0)","0% (0/0)","7z0622c5m7reft58bdzp"
"30OITAWPBQ3KZ5362O9VVT3UG2LH9U","32KI9HN0SH8Q5EEER27HJI3DITGU1K","Reading a passage and responding to questions","You will read a short passage about a person, then answer questions related to the passage.","sentences, decisions, language","$0.40","Thu May 21 07:06:19 PDT 2020","352","BatchId:4047292;OriginalHitTemplateId:920937340;","7200","172800","Thu May 21 11:06:19 PDT 2020","","","3TY7ZAOG5FKVRLEVYFY03UEB8OM0KI","A3RU8IVCE9DJDE","Submitted","Thu May 21 07:36:42 PDT 2020","Thu May 21 07:42:39 PDT 2020","Sat May 23 07:42:39 PDT 2020","","","","357","0% (0/0)","0% (0/0)","0% (0/0)","u6zxxej91bxzf3s5o02a"
"30OITAWPBQ3KZ5362O9VVT3UG2LH9U","32KI9HN0SH8Q5EEER27HJI3DITGU1K","Reading a passage and responding to questions","You will read a short passage about a person, then answer questions related to the passage.","sentences, decisions, language","$0.40","Thu May 21 07:06:19 PDT 2020","352","BatchId:4047292;OriginalHitTemplateId:920937340;","7200","172800","Thu May 21 11:06:19 PDT 2020","","","3TYCR1GOTCJ3DC23N9NTOTUCFVFLZ3","A2KMHUYFMCXRJ9","Submitted","Thu May 21 08:41:25 PDT 2020","Thu May 21 08:47:56 PDT 2020","Sat May 23 08:47:56 PDT 2020","","","","391","0% (0/0)","0% (0/0)","0% (0/0)","046m2ts96dkq043rgyc4"
"30OITAWPBQ3KZ5362O9VVT3UG2LH9U","32KI9HN0SH8Q5EEER27HJI3DITGU1K","Reading a passage and responding to questions","You will read a short passage about a person, then answer questions related to the passage.","sentences, decisions, language","$0.40","Thu May 21 07:06:19 PDT 2020","352","BatchId:4047292;OriginalHitTemplateId:920937340;","7200","172800","Thu May 21 11:06:19 PDT 2020","","","3U088ZLJVKTMML8CNTH3R586VVZ0WI","A38ABD0NGJTPVS","Submitted","Thu May 21 08:23:50 PDT 2020","Thu May 21 08:28:42 PDT 2020","Sat May 23 08:28:42 PDT 2020","","","","292","0% (0/0)","0% (0/0)","0% (0/0)","xqw72nfzwazneggd73ft"
"30OITAWPBQ3KZ5362O9VVT3UG2LH9U","32KI9HN0SH8Q5EEER27HJI3DITGU1K","Reading a passage and responding to questions","You will read a short passage about a person, then answer questions related to the passage.","sentences, decisions, language","$0.40","Thu May 21 07:06:19 PDT 2020","352","BatchId:4047292;OriginalHitTemplateId:920937340;","7200","172800","Thu May 21 11:06:19 PDT 2020","","","3UNH76FOCS5NE4AJRZMPAZ0Z96UMY8","A2UPZW1UAN7UG1","Submitted","Thu May 21 07:15:49 PDT 2020","Thu May 21 07:18:29 PDT 2020","Sat May 23 07:18:29 PDT 2020","","","","160","0% (0/0)","0% (0/0)","0% (0/0)","25mutow3mrdlgmjk83yw"
"30OITAWPBQ3KZ5362O9VVT3UG2LH9U","32KI9HN0SH8Q5EEER27HJI3DITGU1K","Reading a passage and responding to questions","You will read a short passage about a person, then answer questions related to the passage.","sentences, decisions, language","$0.40","Thu May 21 07:06:19 PDT 2020","352","BatchId:4047292;OriginalHitTemplateId:920937340;","7200","172800","Thu May 21 11:06:19 PDT 2020","","","3W2LOLRXLBFJRFYUSSHFNQFYHEVKRA","AYZ85PU887QY1","Submitted","Thu May 21 09:23:48 PDT 2020","Thu May 21 09:27:45 PDT 2020","Sat May 23 09:27:45 PDT 2020","","","","237","0% (0/0)","0% (0/0)","0% (0/0)","o69xr53n1eh1nbhsh0bt"
"30OITAWPBQ3KZ5362O9VVT3UG2LH9U","32KI9HN0SH8Q5EEER27HJI3DITGU1K","Reading a passage and responding to questions","You will read a short passage about a person, then answer questions related to the passage.","sentences, decisions, language","$0.40","Thu May 21 07:06:19 PDT 2020","352","BatchId:4047292;OriginalHitTemplateId:920937340;","7200","172800","Thu May 21 11:06:19 PDT 2020","","","3W8CV64QJ2ZMLP10SQEWJDZCJBBH96","A3IBWUPP3Y5M5D","Submitted","Thu May 21 07:25:51 PDT 2020","Thu May 21 07:33:20 PDT 2020","Sat May 23 07:33:20 PDT 2020","","","","449","0% (0/0)","0% (0/0)","0% (0/0)","55D8CYW37"
"30OITAWPBQ3KZ5362O9VVT3UG2LH9U","32KI9HN0SH8Q5EEER27HJI3DITGU1K","Reading a passage and responding to questions","You will read a short passage about a person, then answer questions related to the passage.","sentences, decisions, language","$0.40","Thu May 21 07:06:19 PDT 2020","352","BatchId:4047292;OriginalHitTemplateId:920937340;","7200","172800","Thu May 21 11:06:19 PDT 2020","","","3WJ1OXY92AG7XXACHSYQ2VHXMA28AW","A2WLYZ61QLTN9H","Submitted","Thu May 21 07:08:19 PDT 2020","Thu May 21 07:10:55 PDT 2020","Sat May 23 07:10:55 PDT 2020","","","","156","0% (0/0)","0% (0/0)","0% (0/0)","t9d88ps8k57at36ye7un"
"30OITAWPBQ3KZ5362O9VVT3UG2LH9U","32KI9HN0SH8Q5EEER27HJI3DITGU1K","Reading a passage and responding to questions","You will read a short passage about a person, then answer questions related to the passage.","sentences, decisions, language","$0.40","Thu May 21 07:06:19 PDT 2020","352","BatchId:4047292;OriginalHitTemplateId:920937340;","7200","172800","Thu May 21 11:06:19 PDT 2020","","","3WMOAN2SRBXCSS0EYPE5GFL5WF9VNF","AEBAU4TBXN5K9","Submitted","Thu May 21 08:47:41 PDT 2020","Thu May 21 08:52:45 PDT 2020","Sat May 23 08:52:45 PDT 2020","","","","304","0% (0/0)","0% (0/0)","0% (0/0)","97186fl94n2v5hggs693"
"30OITAWPBQ3KZ5362O9VVT3UG2LH9U","32KI9HN0SH8Q5EEER27HJI3DITGU1K","Reading a passage and responding to questions","You will read a short passage about a person, then answer questions related to the passage.","sentences, decisions, language","$0.40","Thu May 21 07:06:19 PDT 2020","352","BatchId:4047292;OriginalHitTemplateId:920937340;","7200","172800","Thu May 21 11:06:19 PDT 2020","","","3WOKGM4L71GEHCZAW7QTABVKSTU0O0","A3JBAUWN5T7E0Q","Submitted","Thu May 21 07:07:40 PDT 2020","Thu May 21 07:12:37 PDT 2020","Sat May 23 07:12:37 PDT 2020","","","","297","0% (0/0)","0% (0/0)","0% (0/0)","bhqchbse34edmf6mt06l"
"30OITAWPBQ3KZ5362O9VVT3UG2LH9U","32KI9HN0SH8Q5EEER27HJI3DITGU1K","Reading a passage and responding to questions","You will read a short passage about a person, then answer questions related to the passage.","sentences, decisions, language","$0.40","Thu May 21 07:06:19 PDT 2020","352","BatchId:4047292;OriginalHitTemplateId:920937340;","7200","172800","Thu May 21 11:06:19 PDT 2020","","","3WT783CTPBHESA5H4IERZSXMUJ9CB2","A1V9A9ZXRNPMD","Submitted","Thu May 21 07:21:19 PDT 2020","Thu May 21 07:27:23 PDT 2020","Sat May 23 07:27:23 PDT 2020","","","","364","0% (0/0)","0% (0/0)","0% (0/0)","m3l5c7zbxvbaz9mq0tgf"
"30OITAWPBQ3KZ5362O9VVT3UG2LH9U","32KI9HN0SH8Q5EEER27HJI3DITGU1K","Reading a passage and responding to questions","You will read a short passage about a person, then answer questions related to the passage.","sentences, decisions, language","$0.40","Thu May 21 07:06:19 PDT 2020","352","BatchId:4047292;OriginalHitTemplateId:920937340;","7200","172800","Thu May 21 11:06:19 PDT 2020","","","3X31TUMD7XM6IGHVFYE1WZA02GXL19","A3QMBS39J8P1M8","Submitted","Thu May 21 07:33:59 PDT 2020","Thu May 21 07:59:08 PDT 2020","Sat May 23 07:59:08 PDT 2020","","","","1509","0% (0/0)","0% (0/0)","0% (0/0)","0x55te26qds0pzesmkkq"
"30OITAWPBQ3KZ5362O9VVT3UG2LH9U","32KI9HN0SH8Q5EEER27HJI3DITGU1K","Reading a passage and responding to questions","You will read a short passage about a person, then answer questions related to the passage.","sentences, decisions, language","$0.40","Thu May 21 07:06:19 PDT 2020","352","BatchId:4047292;OriginalHitTemplateId:920937340;","7200","172800","Thu May 21 11:06:19 PDT 2020","","","3X3OR7WPZZ0OTG1GEJNGB9X8GM28LF","A25D66AC4QUW2U","Submitted","Thu May 21 07:21:29 PDT 2020","Thu May 21 08:39:08 PDT 2020","Sat May 23 08:39:08 PDT 2020","","","","4659","0% (0/0)","0% (0/0)","0% (0/0)","ylf0zec1aqhkqucnyvon"
"30OITAWPBQ3KZ5362O9VVT3UG2LH9U","32KI9HN0SH8Q5EEER27HJI3DITGU1K","Reading a passage and responding to questions","You will read a short passage about a person, then answer questions related to the passage.","sentences, decisions, language","$0.40","Thu May 21 07:06:19 PDT 2020","352","BatchId:4047292;OriginalHitTemplateId:920937340;","7200","172800","Thu May 21 11:06:19 PDT 2020","","","3YDGXNSEOZUSV8UV8ROZPSVXU0748I","A19S4W3QLLQJ0T","Submitted","Thu May 21 07:16:38 PDT 2020","Thu May 21 07:25:42 PDT 2020","Sat May 23 07:25:42 PDT 2020","","","","544","0% (0/0)","0% (0/0)","0% (0/0)","qyonjvn2vekzhs6fckwx"
"30OITAWPBQ3KZ5362O9VVT3UG2LH9U","32KI9HN0SH8Q5EEER27HJI3DITGU1K","Reading a passage and responding to questions","You will read a short passage about a person, then answer questions related to the passage.","sentences, decisions, language","$0.40","Thu May 21 07:06:19 PDT 2020","352","BatchId:4047292;OriginalHitTemplateId:920937340;","7200","172800","Thu May 21 11:06:19 PDT 2020","","","3YDGXNSEOZUSV8UV8ROZPSVXU0984O","A3DLQZ6UB427RI","Submitted","Thu May 21 07:44:28 PDT 2020","Thu May 21 07:49:07 PDT 2020","Sat May 23 07:49:07 PDT 2020","","","","279","0% (0/0)","0% (0/0)","0% (0/0)","e0pyxdr081mfcqts56ve"
"30OITAWPBQ3KZ5362O9VVT3UG2LH9U","32KI9HN0SH8Q5EEER27HJI3DITGU1K","Reading a passage and responding to questions","You will read a short passage about a person, then answer questions related to the passage.","sentences, decisions, language","$0.40","Thu May 21 07:06:19 PDT 2020","352","BatchId:4047292;OriginalHitTemplateId:920937340;","7200","172800","Thu May 21 11:06:19 PDT 2020","","","3YDGXNSEOZUSV8UV8ROZPSVXU0Q845","ANRBO2UZVYWCY","Submitted","Thu May 21 10:59:19 PDT 2020","Thu May 21 11:08:18 PDT 2020","Sat May 23 11:08:18 PDT 2020","","","","539","0% (0/0)","0% (0/0)","0% (0/0)","2zfh3rre2hgtmfrxs8ms"
"30OITAWPBQ3KZ5362O9VVT3UG2LH9U","32KI9HN0SH8Q5EEER27HJI3DITGU1K","Reading a passage and responding to questions","You will read a short passage about a person, then answer questions related to the passage.","sentences, decisions, language","$0.40","Thu May 21 07:06:19 PDT 2020","352","BatchId:4047292;OriginalHitTemplateId:920937340;","7200","172800","Thu May 21 11:06:19 PDT 2020","","","3YOH7BII097BKMFB1CMPON412K8VKE","AP37YWN7PJOS8","Submitted","Thu May 21 09:27:14 PDT 2020","Thu May 21 09:32:25 PDT 2020","Sat May 23 09:32:25 PDT 2020","","","","311","0% (0/0)","0% (0/0)","0% (0/0)","ypcery006x5n8n4pwwkx"
"30OITAWPBQ3KZ5362O9VVT3UG2LH9U","32KI9HN0SH8Q5EEER27HJI3DITGU1K","Reading a passage and responding to questions","You will read a short passage about a person, then answer questions related to the passage.","sentences, decisions, language","$0.40","Thu May 21 07:06:19 PDT 2020","352","BatchId:4047292;OriginalHitTemplateId:920937340;","7200","172800","Thu May 21 11:06:19 PDT 2020","","","3Z7EFSHGN9EL5D8I9E69OPOEDMBXCA","A1PJDWQ8LK5BMF","Submitted","Thu May 21 10:07:44 PDT 2020","Thu May 21 10:17:47 PDT 2020","Sat May 23 10:17:47 PDT 2020","","","","603","0% (0/0)","0% (0/0)","0% (0/0)","kdet2xahr6j7e1rh5fsx"