"HITId","HITTypeId","Title","Description","Keywords","Reward","CreationTime","MaxAssignments","RequesterAnnotation","AssignmentDurationInSeconds","AutoApprovalDelayInSeconds","Expiration","NumberOfSimilarHITs","LifetimeInSeconds","AssignmentId","WorkerId","AssignmentStatus","AcceptTime","SubmitTime","AutoApprovalTime","ApprovalTime","RejectionTime","RequesterFeedback","WorkTimeInSeconds","LifetimeApprovalRate","Last30DaysApprovalRate","Last7DaysApprovalRate","Answer.surveycode","Approve","Reject"
"3TY2U1TEB7A5WNB5C03TW0XCQD2JJQ","34NBII25NZIOGJLGY73HHZ47TJY2JF","Reading a passage and responding to questions","You will read a short passage about a person, then answer questions related to the passage.","sentences, decisions, language","$0.40","Sun May 31 07:48:26 PDT 2020","352","BatchId:4061069;OriginalHitTemplateId:920937340;","7200","259200","Sun May 31 11:48:26 PDT 2020","","","31IBVUNM9SZ040NX01VS8ACWVMJVF1","A2XY3P6435ETRG","Submitted","Sun May 31 07:51:03 PDT 2020","Sun May 31 07:53:49 PDT 2020","Wed Jun 03 07:53:49 PDT 2020","","","","166","0% (0/0)","0% (0/0)","0% (0/0)","jsuq8x8touusuj55ah0z"
"3TY2U1TEB7A5WNB5C03TW0XCQD2JJQ","34NBII25NZIOGJLGY73HHZ47TJY2JF","Reading a passage and responding to questions","You will read a short passage about a person, then answer questions related to the passage.","sentences, decisions, language","$0.40","Sun May 31 07:48:26 PDT 2020","352","BatchId:4061069;OriginalHitTemplateId:920937340;","7200","259200","Sun May 31 11:48:26 PDT 2020","","","31N2WW6R9RQGSRLEGRPMPFKD42V3FH","A8TOXZCLDP72G","Submitted","Sun May 31 08:51:13 PDT 2020","Sun May 31 09:00:00 PDT 2020","Wed Jun 03 09:00:00 PDT 2020","","","","527","0% (0/0)","0% (0/0)","0% (0/0)","ftwax1nzhgmq1ap1qsho"
"3TY2U1TEB7A5WNB5C03TW0XCQD2JJQ","34NBII25NZIOGJLGY73HHZ47TJY2JF","Reading a passage and responding to questions","You will read a short passage about a person, then answer questions related to the passage.","sentences, decisions, language","$0.40","Sun May 31 07:48:26 PDT 2020","352","BatchId:4061069;OriginalHitTemplateId:920937340;","7200","259200","Sun May 31 11:48:26 PDT 2020","","","320DUZ38G7MXR5JYUWNRN71E1EJJGA","A1KPOY8TUVWK0Z","Submitted","Sun May 31 09:28:49 PDT 2020","Sun May 31 09:33:16 PDT 2020","Wed Jun 03 09:33:16 PDT 2020","","","","267","0% (0/0)","0% (0/0)","0% (0/0)","qhb6cokb0oxrpedy2vw1"
"3TY2U1TEB7A5WNB5C03TW0XCQD2JJQ","34NBII25NZIOGJLGY73HHZ47TJY2JF","Reading a passage and responding to questions","You will read a short passage about a person, then answer questions related to the passage.","sentences, decisions, language","$0.40","Sun May 31 07:48:26 PDT 2020","352","BatchId:4061069;OriginalHitTemplateId:920937340;","7200","259200","Sun May 31 11:48:26 PDT 2020","","","32N49TQG3GI5896PPL90U915Y67VAP","A104RROXFLSTR6","Submitted","Sun May 31 08:05:33 PDT 2020","Sun May 31 08:11:39 PDT 2020","Wed Jun 03 08:11:39 PDT 2020","","","","366","0% (0/0)","0% (0/0)","0% (0/0)","ycnokdcoln2cv5ukly60"
"3TY2U1TEB7A5WNB5C03TW0XCQD2JJQ","34NBII25NZIOGJLGY73HHZ47TJY2JF","Reading a passage and responding to questions","You will read a short passage about a person, then answer questions related to the passage.","sentences, decisions, language","$0.40","Sun May 31 07:48:26 PDT 2020","352","BatchId:4061069;OriginalHitTemplateId:920937340;","7200","259200","Sun May 31 11:48:26 PDT 2020","","","32SVAV9L3F9LW0465B3UBE9M7MEA37","A13MW922XD6IHK","Submitted","Sun May 31 07:49:33 PDT 2020","Sun May 31 07:52:43 PDT 2020","Wed Jun 03 07:52:43 PDT 2020","","","","190","0% (0/0)","0% (0/0)","0% (0/0)","2uahv7e6q1w2l10y5fe4"
"3TY2U1TEB7A5WNB5C03TW0XCQD2JJQ","34NBII25NZIOGJLGY73HHZ47TJY2JF","Reading a passage and responding to questions","You will read a short passage about a person, then answer questions related to the passage.","sentences, decisions, language","$0.40","Sun May 31 07:48:26 PDT 2020","352","BatchId:4061069;OriginalHitTemplateId:920937340;","7200","259200","Sun May 31 11:48:26 PDT 2020","","","33OOO72IVHLEOWZY445CZM381OJTCG","A1EUQ1RRX88UR8","Submitted","Sun May 31 09:51:27 PDT 2020","Sun May 31 10:03:13 PDT 2020","Wed Jun 03 10:03:13 PDT 2020","","","","706","0% (0/0)","0% (0/0)","0% (0/0)","wyk6cuv8dh3hy33e9l0w"
"3TY2U1TEB7A5WNB5C03TW0XCQD2JJQ","34NBII25NZIOGJLGY73HHZ47TJY2JF","Reading a passage and responding to questions","You will read a short passage about a person, then answer questions related to the passage.","sentences, decisions, language","$0.40","Sun May 31 07:48:26 PDT 2020","352","BatchId:4061069;OriginalHitTemplateId:920937340;","7200","259200","Sun May 31 11:48:26 PDT 2020","","","33TIN5LC04A87KRP2QIK5DUFA5R9YX","A19WXS1CLVLEEX","Submitted","Sun May 31 07:48:42 PDT 2020","Sun May 31 07:53:44 PDT 2020","Wed Jun 03 07:53:44 PDT 2020","","","","302","100% (1/1)","0% (0/0)","0% (0/0)","nyrvb598vd4bsgkk3g6g"
"3TY2U1TEB7A5WNB5C03TW0XCQD2JJQ","34NBII25NZIOGJLGY73HHZ47TJY2JF","Reading a passage and responding to questions","You will read a short passage about a person, then answer questions related to the passage.","sentences, decisions, language","$0.40","Sun May 31 07:48:26 PDT 2020","352","BatchId:4061069;OriginalHitTemplateId:920937340;","7200","259200","Sun May 31 11:48:26 PDT 2020","","","354GIDR5ZB6TEV7RUMOIKAZ2VOJ00C","AG7VQMFMBNPUM","Submitted","Sun May 31 08:05:57 PDT 2020","Sun May 31 08:19:40 PDT 2020","Wed Jun 03 08:19:40 PDT 2020","","","","823","0% (0/0)","0% (0/0)","0% (0/0)","8d96oc2tntjkus06snb3"
"3TY2U1TEB7A5WNB5C03TW0XCQD2JJQ","34NBII25NZIOGJLGY73HHZ47TJY2JF","Reading a passage and responding to questions","You will read a short passage about a person, then answer questions related to the passage.","sentences, decisions, language","$0.40","Sun May 31 07:48:26 PDT 2020","352","BatchId:4061069;OriginalHitTemplateId:920937340;","7200","259200","Sun May 31 11:48:26 PDT 2020","","","35LDD5557A4SUZL2NKLY1RLOCPXMKM","A2GGM5VCLYU50","Submitted","Sun May 31 09:59:56 PDT 2020","Sun May 31 10:03:00 PDT 2020","Wed Jun 03 10:03:00 PDT 2020","","","","184","0% (0/0)","0% (0/0)","0% (0/0)","b6qet4yvqxce2nu4tdf6"
"3TY2U1TEB7A5WNB5C03TW0XCQD2JJQ","34NBII25NZIOGJLGY73HHZ47TJY2JF","Reading a passage and responding to questions","You will read a short passage about a person, then answer questions related to the passage.","sentences, decisions, language","$0.40","Sun May 31 07:48:26 PDT 2020","352","BatchId:4061069;OriginalHitTemplateId:920937340;","7200","259200","Sun May 31 11:48:26 PDT 2020","","","36TFCYNS44ACMLJYV6KAZGLURC9XH9","ACR3C126Y36O7","Submitted","Sun May 31 09:05:58 PDT 2020","Sun May 31 09:14:39 PDT 2020","Wed Jun 03 09:14:39 PDT 2020","","","","521","0% (0/0)","0% (0/0)","0% (0/0)","fdz18japydb9s43ga17l"
"3TY2U1TEB7A5WNB5C03TW0XCQD2JJQ","34NBII25NZIOGJLGY73HHZ47TJY2JF","Reading a passage and responding to questions","You will read a short passage about a person, then answer questions related to the passage.","sentences, decisions, language","$0.40","Sun May 31 07:48:26 PDT 2020","352","BatchId:4061069;OriginalHitTemplateId:920937340;","7200","259200","Sun May 31 11:48:26 PDT 2020","","","36U2A8VAG1ZSOGAG6N99VM8VLZ5KY4","AS328ZEN3TYQ4","Submitted","Sun May 31 08:24:37 PDT 2020","Sun May 31 08:29:55 PDT 2020","Wed Jun 03 08:29:55 PDT 2020","","","","318","0% (0/0)","0% (0/0)","0% (0/0)","kqzng6laswwhxnlnq8p5"
"3TY2U1TEB7A5WNB5C03TW0XCQD2JJQ","34NBII25NZIOGJLGY73HHZ47TJY2JF","Reading a passage and responding to questions","You will read a short passage about a person, then answer questions related to the passage.","sentences, decisions, language","$0.40","Sun May 31 07:48:26 PDT 2020","352","BatchId:4061069;OriginalHitTemplateId:920937340;","7200","259200","Sun May 31 11:48:26 PDT 2020","","","36ZN444YTRYPO7GQ0XFZGFVGFLMIOL","A1N0Q3QP4OMTZ2","Submitted","Sun May 31 09:48:28 PDT 2020","Sun May 31 09:51:28 PDT 2020","Wed Jun 03 09:51:28 PDT 2020","","","","180","0% (0/0)","0% (0/0)","0% (0/0)","p656bcqv0vkdx5gcejdh"
"3TY2U1TEB7A5WNB5C03TW0XCQD2JJQ","34NBII25NZIOGJLGY73HHZ47TJY2JF","Reading a passage and responding to questions","You will read a short passage about a person, then answer questions related to the passage.","sentences, decisions, language","$0.40","Sun May 31 07:48:26 PDT 2020","352","BatchId:4061069;OriginalHitTemplateId:920937340;","7200","259200","Sun May 31 11:48:26 PDT 2020","","","374TNBHA8BVEZJ8BJST6R8K4K5VQY0","AIOLG7U4ZM44P","Submitted","Sun May 31 07:58:17 PDT 2020","Sun May 31 08:02:54 PDT 2020","Wed Jun 03 08:02:54 PDT 2020","","","","277","0% (0/0)","0% (0/0)","0% (0/0)","2qbwzhzz1ruyyhlaft10"
"3TY2U1TEB7A5WNB5C03TW0XCQD2JJQ","34NBII25NZIOGJLGY73HHZ47TJY2JF","Reading a passage and responding to questions","You will read a short passage about a person, then answer questions related to the passage.","sentences, decisions, language","$0.40","Sun May 31 07:48:26 PDT 2020","352","BatchId:4061069;OriginalHitTemplateId:920937340;","7200","259200","Sun May 31 11:48:26 PDT 2020","","","37M28K1J0QDWHE6V8WVHRLQB3J1AJK","A12TZ1W76AGOF9","Submitted","Sun May 31 08:07:31 PDT 2020","Sun May 31 08:12:06 PDT 2020","Wed Jun 03 08:12:06 PDT 2020","","","","275","0% (0/0)","0% (0/0)","0% (0/0)","2hngogdwj3p6fwhr2wey"
"3TY2U1TEB7A5WNB5C03TW0XCQD2JJQ","34NBII25NZIOGJLGY73HHZ47TJY2JF","Reading a passage and responding to questions","You will read a short passage about a person, then answer questions related to the passage.","sentences, decisions, language","$0.40","Sun May 31 07:48:26 PDT 2020","352","BatchId:4061069;OriginalHitTemplateId:920937340;","7200","259200","Sun May 31 11:48:26 PDT 2020","","","39DD6S19JPBP76SB6N0PBY4S7WPEZH","A2UZ9Q4PLH1G8M","Submitted","Sun May 31 11:18:34 PDT 2020","Sun May 31 11:22:57 PDT 2020","Wed Jun 03 11:22:57 PDT 2020","","","","263","0% (0/0)","0% (0/0)","0% (0/0)","9dbl3ymkdo1st5cth2zd"
"3TY2U1TEB7A5WNB5C03TW0XCQD2JJQ","34NBII25NZIOGJLGY73HHZ47TJY2JF","Reading a passage and responding to questions","You will read a short passage about a person, then answer questions related to the passage.","sentences, decisions, language","$0.40","Sun May 31 07:48:26 PDT 2020","352","BatchId:4061069;OriginalHitTemplateId:920937340;","7200","259200","Sun May 31 11:48:26 PDT 2020","","","39JEC7537U1T1O3N9Z5R04RTY9RVCQ","A9JAQORCHH5WF","Submitted","Sun May 31 07:49:14 PDT 2020","Sun May 31 07:53:28 PDT 2020","Wed Jun 03 07:53:28 PDT 2020","","","","254","0% (0/0)","0% (0/0)","0% (0/0)","ft9y2rlqnz1j7v9a4lw9"
"3TY2U1TEB7A5WNB5C03TW0XCQD2JJQ","34NBII25NZIOGJLGY73HHZ47TJY2JF","Reading a passage and responding to questions","You will read a short passage about a person, then answer questions related to the passage.","sentences, decisions, language","$0.40","Sun May 31 07:48:26 PDT 2020","352","BatchId:4061069;OriginalHitTemplateId:920937340;","7200","259200","Sun May 31 11:48:26 PDT 2020","","","39KFRKBFINVBE7VV4F1223P454JYO6","A2JZT1SP5F3PR1","Submitted","Sun May 31 09:42:20 PDT 2020","Sun May 31 09:48:19 PDT 2020","Wed Jun 03 09:48:19 PDT 2020","","","","359","0% (0/0)","0% (0/0)","0% (0/0)","rw7s79quxorr0bnrm16f"
"3TY2U1TEB7A5WNB5C03TW0XCQD2JJQ","34NBII25NZIOGJLGY73HHZ47TJY2JF","Reading a passage and responding to questions","You will read a short passage about a person, then answer questions related to the passage.","sentences, decisions, language","$0.40","Sun May 31 07:48:26 PDT 2020","352","BatchId:4061069;OriginalHitTemplateId:920937340;","7200","259200","Sun May 31 11:48:26 PDT 2020","","","39U1BHVTDLRQBW3FBBUB6JZEVBE3T0","A2OKQ213B5LXGF","Submitted","Sun May 31 11:25:25 PDT 2020","Sun May 31 11:28:00 PDT 2020","Wed Jun 03 11:28:00 PDT 2020","","","","155","0% (0/0)","0% (0/0)","0% (0/0)","x9793rlddlllc90nkays"
"3TY2U1TEB7A5WNB5C03TW0XCQD2JJQ","34NBII25NZIOGJLGY73HHZ47TJY2JF","Reading a passage and responding to questions","You will read a short passage about a person, then answer questions related to the passage.","sentences, decisions, language","$0.40","Sun May 31 07:48:26 PDT 2020","352","BatchId:4061069;OriginalHitTemplateId:920937340;","7200","259200","Sun May 31 11:48:26 PDT 2020","","","3A7Y0R2P2OO8DREOJ6NVBT19448XJ9","A3QNCW3LR2AVOV","Submitted","Sun May 31 07:48:50 PDT 2020","Sun May 31 07:53:22 PDT 2020","Wed Jun 03 07:53:22 PDT 2020","","","","272","0% (0/0)","0% (0/0)","0% (0/0)","48vl904zv2f5a9yr98gs"
"3TY2U1TEB7A5WNB5C03TW0XCQD2JJQ","34NBII25NZIOGJLGY73HHZ47TJY2JF","Reading a passage and responding to questions","You will read a short passage about a person, then answer questions related to the passage.","sentences, decisions, language","$0.40","Sun May 31 07:48:26 PDT 2020","352","BatchId:4061069;OriginalHitTemplateId:920937340;","7200","259200","Sun May 31 11:48:26 PDT 2020","","","3A7Y0R2P2OO8DREOJ6NVBT1944IXJJ","ABJQEZ5P6NB0H","Submitted","Sun May 31 10:17:36 PDT 2020","Sun May 31 10:20:32 PDT 2020","Wed Jun 03 10:20:32 PDT 2020","","","","176","0% (0/0)","0% (0/0)","0% (0/0)","ooav0phbgs238p9p39hs"
"3TY2U1TEB7A5WNB5C03TW0XCQD2JJQ","34NBII25NZIOGJLGY73HHZ47TJY2JF","Reading a passage and responding to questions","You will read a short passage about a person, then answer questions related to the passage.","sentences, decisions, language","$0.40","Sun May 31 07:48:26 PDT 2020","352","BatchId:4061069;OriginalHitTemplateId:920937340;","7200","259200","Sun May 31 11:48:26 PDT 2020","","","3ATTHHXXWAOCIGUI1O2VZSM9RPXXIB","A39J7HS3JV8CN","Submitted","Sun May 31 11:09:49 PDT 2020","Sun May 31 11:13:46 PDT 2020","Wed Jun 03 11:13:46 PDT 2020","","","","237","0% (0/0)","0% (0/0)","0% (0/0)","a9bjteoj0vegp6p481qo"
"3TY2U1TEB7A5WNB5C03TW0XCQD2JJQ","34NBII25NZIOGJLGY73HHZ47TJY2JF","Reading a passage and responding to questions","You will read a short passage about a person, then answer questions related to the passage.","sentences, decisions, language","$0.40","Sun May 31 07:48:26 PDT 2020","352","BatchId:4061069;OriginalHitTemplateId:920937340;","7200","259200","Sun May 31 11:48:26 PDT 2020","","","3B3WTRP3DB2I6ZYI95BPW9TAVQZ92J","A3PFNM6T9X9035","Submitted","Sun May 31 08:41:40 PDT 2020","Sun May 31 08:49:16 PDT 2020","Wed Jun 03 08:49:16 PDT 2020","","","","456","0% (0/0)","0% (0/0)","0% (0/0)","uood9lcakq7vuwseq3ut"
"3TY2U1TEB7A5WNB5C03TW0XCQD2JJQ","34NBII25NZIOGJLGY73HHZ47TJY2JF","Reading a passage and responding to questions","You will read a short passage about a person, then answer questions related to the passage.","sentences, decisions, language","$0.40","Sun May 31 07:48:26 PDT 2020","352","BatchId:4061069;OriginalHitTemplateId:920937340;","7200","259200","Sun May 31 11:48:26 PDT 2020","","","3BV8HQ2ZZW1KTJROOD1SIHL6HDLA6I","A1FM6SGM8994P0","Submitted","Sun May 31 09:03:43 PDT 2020","Sun May 31 09:07:06 PDT 2020","Wed Jun 03 09:07:06 PDT 2020","","","","203","0% (0/0)","0% (0/0)","0% (0/0)","ubrjuckjpq5cocjchxko"
"3TY2U1TEB7A5WNB5C03TW0XCQD2JJQ","34NBII25NZIOGJLGY73HHZ47TJY2JF","Reading a passage and responding to questions","You will read a short passage about a person, then answer questions related to the passage.","sentences, decisions, language","$0.40","Sun May 31 07:48:26 PDT 2020","352","BatchId:4061069;OriginalHitTemplateId:920937340;","7200","259200","Sun May 31 11:48:26 PDT 2020","","","3CFJTT4SXTQI31ORJBYX5T9LPW57ID","A2FN9JKX1RKD03","Submitted","Sun May 31 07:50:31 PDT 2020","Sun May 31 08:01:45 PDT 2020","Wed Jun 03 08:01:45 PDT 2020","","","","674","0% (0/0)","0% (0/0)","0% (0/0)","ojwutj72fjz9o9xtewn1"
"3TY2U1TEB7A5WNB5C03TW0XCQD2JJQ","34NBII25NZIOGJLGY73HHZ47TJY2JF","Reading a passage and responding to questions","You will read a short passage about a person, then answer questions related to the passage.","sentences, decisions, language","$0.40","Sun May 31 07:48:26 PDT 2020","352","BatchId:4061069;OriginalHitTemplateId:920937340;","7200","259200","Sun May 31 11:48:26 PDT 2020","","","3CN4LGXD5XO7AELDLVMTO5JZODGY4T","A20M7MAG6N0C4D","Submitted","Sun May 31 08:52:34 PDT 2020","Sun May 31 08:57:22 PDT 2020","Wed Jun 03 08:57:22 PDT 2020","","","","288","0% (0/0)","0% (0/0)","0% (0/0)","1tg8f3dmzxd3elfkgl3b"
"3TY2U1TEB7A5WNB5C03TW0XCQD2JJQ","34NBII25NZIOGJLGY73HHZ47TJY2JF","Reading a passage and responding to questions","You will read a short passage about a person, then answer questions related to the passage.","sentences, decisions, language","$0.40","Sun May 31 07:48:26 PDT 2020","352","BatchId:4061069;OriginalHitTemplateId:920937340;","7200","259200","Sun May 31 11:48:26 PDT 2020","","","3DY46V3X3PIR49FTOY06I0RKT4D55V","AANVMI7MLHB2G","Submitted","Sun May 31 10:02:05 PDT 2020","Sun May 31 10:09:43 PDT 2020","Wed Jun 03 10:09:43 PDT 2020","","","","458","0% (0/0)","0% (0/0)","0% (0/0)","0lp61k6wzqudqbffd01c"
"3TY2U1TEB7A5WNB5C03TW0XCQD2JJQ","34NBII25NZIOGJLGY73HHZ47TJY2JF","Reading a passage and responding to questions","You will read a short passage about a person, then answer questions related to the passage.","sentences, decisions, language","$0.40","Sun May 31 07:48:26 PDT 2020","352","BatchId:4061069;OriginalHitTemplateId:920937340;","7200","259200","Sun May 31 11:48:26 PDT 2020","","","3EQHHY4HQSSPK64D5UJXMXI9JDY5GK","A1W3NDLI67S8P7","Submitted","Sun May 31 11:38:37 PDT 2020","Sun May 31 11:43:41 PDT 2020","Wed Jun 03 11:43:41 PDT 2020","","","","304","0% (0/0)","0% (0/0)","0% (0/0)","lo2ldts1nrlg7c0h3py2"
"3TY2U1TEB7A5WNB5C03TW0XCQD2JJQ","34NBII25NZIOGJLGY73HHZ47TJY2JF","Reading a passage and responding to questions","You will read a short passage about a person, then answer questions related to the passage.","sentences, decisions, language","$0.40","Sun May 31 07:48:26 PDT 2020","352","BatchId:4061069;OriginalHitTemplateId:920937340;","7200","259200","Sun May 31 11:48:26 PDT 2020","","","3ERET4BTVM9DNF28YBHTW5F4CQQK9L","A1CUBRUF72F76J","Submitted","Sun May 31 09:58:01 PDT 2020","Sun May 31 10:00:39 PDT 2020","Wed Jun 03 10:00:39 PDT 2020","","","","158","0% (0/0)","0% (0/0)","0% (0/0)","y3vfmwawgwrev4yeljdq"
"3TY2U1TEB7A5WNB5C03TW0XCQD2JJQ","34NBII25NZIOGJLGY73HHZ47TJY2JF","Reading a passage and responding to questions","You will read a short passage about a person, then answer questions related to the passage.","sentences, decisions, language","$0.40","Sun May 31 07:48:26 PDT 2020","352","BatchId:4061069;OriginalHitTemplateId:920937340;","7200","259200","Sun May 31 11:48:26 PDT 2020","","","3G5W44VEU7IS2PPGCHN3OM1RG3EKG5","A3I3657XR9QUVV","Submitted","Sun May 31 08:17:31 PDT 2020","Sun May 31 08:20:07 PDT 2020","Wed Jun 03 08:20:07 PDT 2020","","","","156","0% (0/0)","0% (0/0)","0% (0/0)","vwpl9zbmhhdlf84rfolr"
"3TY2U1TEB7A5WNB5C03TW0XCQD2JJQ","34NBII25NZIOGJLGY73HHZ47TJY2JF","Reading a passage and responding to questions","You will read a short passage about a person, then answer questions related to the passage.","sentences, decisions, language","$0.40","Sun May 31 07:48:26 PDT 2020","352","BatchId:4061069;OriginalHitTemplateId:920937340;","7200","259200","Sun May 31 11:48:26 PDT 2020","","","3GS6S824SQXP7H0JOZJ12H4J4MFWNR","A1FPKTMP6ZVFZ0","Submitted","Sun May 31 09:45:13 PDT 2020","Sun May 31 09:50:01 PDT 2020","Wed Jun 03 09:50:01 PDT 2020","","","","288","0% (0/0)","0% (0/0)","0% (0/0)","5lglovdp5o0vy9d9yw0x"
"3TY2U1TEB7A5WNB5C03TW0XCQD2JJQ","34NBII25NZIOGJLGY73HHZ47TJY2JF","Reading a passage and responding to questions","You will read a short passage about a person, then answer questions related to the passage.","sentences, decisions, language","$0.40","Sun May 31 07:48:26 PDT 2020","352","BatchId:4061069;OriginalHitTemplateId:920937340;","7200","259200","Sun May 31 11:48:26 PDT 2020","","","3GU1KF0O4I1XMZEL9N0XJSWTU05PB7","A3NNJASZ12VR5L","Submitted","Sun May 31 11:17:59 PDT 2020","Sun May 31 11:24:29 PDT 2020","Wed Jun 03 11:24:29 PDT 2020","","","","390","0% (0/0)","0% (0/0)","0% (0/0)","o3bymzd4dpu1505e7f4d"
"3TY2U1TEB7A5WNB5C03TW0XCQD2JJQ","34NBII25NZIOGJLGY73HHZ47TJY2JF","Reading a passage and responding to questions","You will read a short passage about a person, then answer questions related to the passage.","sentences, decisions, language","$0.40","Sun May 31 07:48:26 PDT 2020","352","BatchId:4061069;OriginalHitTemplateId:920937340;","7200","259200","Sun May 31 11:48:26 PDT 2020","","","3H7Z272LX779Z80X00PRXVSY6UCLPJ","AT25HW4O2XW2H","Submitted","Sun May 31 09:43:41 PDT 2020","Sun May 31 09:46:26 PDT 2020","Wed Jun 03 09:46:26 PDT 2020","","","","165","0% (0/0)","0% (0/0)","0% (0/0)","dbcdvvehm9q1v1rtdbnf"
"3TY2U1TEB7A5WNB5C03TW0XCQD2JJQ","34NBII25NZIOGJLGY73HHZ47TJY2JF","Reading a passage and responding to questions","You will read a short passage about a person, then answer questions related to the passage.","sentences, decisions, language","$0.40","Sun May 31 07:48:26 PDT 2020","352","BatchId:4061069;OriginalHitTemplateId:920937340;","7200","259200","Sun May 31 11:48:26 PDT 2020","","","3HMIGG0U4L68TF8FXYC65HZ4QZLY89","A1RJXO7AYB9UYU","Submitted","Sun May 31 10:57:44 PDT 2020","Sun May 31 11:00:57 PDT 2020","Wed Jun 03 11:00:57 PDT 2020","","","","193","0% (0/0)","0% (0/0)","0% (0/0)","yo9d3fv4ajh4w1z9f69e"
"3TY2U1TEB7A5WNB5C03TW0XCQD2JJQ","34NBII25NZIOGJLGY73HHZ47TJY2JF","Reading a passage and responding to questions","You will read a short passage about a person, then answer questions related to the passage.","sentences, decisions, language","$0.40","Sun May 31 07:48:26 PDT 2020","352","BatchId:4061069;OriginalHitTemplateId:920937340;","7200","259200","Sun May 31 11:48:26 PDT 2020","","","3IFS6Q0HJIJ4MZ8J7EW80K5HCAUISN","A2FRIYN41ML5OC","Submitted","Sun May 31 10:55:20 PDT 2020","Sun May 31 10:59:20 PDT 2020","Wed Jun 03 10:59:20 PDT 2020","","","","240","0% (0/0)","0% (0/0)","0% (0/0)","teltd6cbcv6tkd0z87nv"
"3TY2U1TEB7A5WNB5C03TW0XCQD2JJQ","34NBII25NZIOGJLGY73HHZ47TJY2JF","Reading a passage and responding to questions","You will read a short passage about a person, then answer questions related to the passage.","sentences, decisions, language","$0.40","Sun May 31 07:48:26 PDT 2020","352","BatchId:4061069;OriginalHitTemplateId:920937340;","7200","259200","Sun May 31 11:48:26 PDT 2020","","","3IQ1VMJRYTK7B2TMMK442RC87EPA9P","A1MHR9LQH01Z9E","Submitted","Sun May 31 08:06:41 PDT 2020","Sun May 31 08:15:25 PDT 2020","Wed Jun 03 08:15:25 PDT 2020","","","","524","0% (0/0)","0% (0/0)","0% (0/0)","erwfreg6odu9qscksunn"
"3TY2U1TEB7A5WNB5C03TW0XCQD2JJQ","34NBII25NZIOGJLGY73HHZ47TJY2JF","Reading a passage and responding to questions","You will read a short passage about a person, then answer questions related to the passage.","sentences, decisions, language","$0.40","Sun May 31 07:48:26 PDT 2020","352","BatchId:4061069;OriginalHitTemplateId:920937340;","7200","259200","Sun May 31 11:48:26 PDT 2020","","","3JC6VJ2SABJOAFRAJURNQB76LI55AS","A8FTJT8WT1986","Submitted","Sun May 31 07:50:02 PDT 2020","Sun May 31 07:57:50 PDT 2020","Wed Jun 03 07:57:50 PDT 2020","","","","468","0% (0/0)","0% (0/0)","0% (0/0)","pjp5vlq8a01rdkfa58c6"
"3TY2U1TEB7A5WNB5C03TW0XCQD2JJQ","34NBII25NZIOGJLGY73HHZ47TJY2JF","Reading a passage and responding to questions","You will read a short passage about a person, then answer questions related to the passage.","sentences, decisions, language","$0.40","Sun May 31 07:48:26 PDT 2020","352","BatchId:4061069;OriginalHitTemplateId:920937340;","7200","259200","Sun May 31 11:48:26 PDT 2020","","","3KGTPGBS6XLGQRML7G6GS5GO8B62U0","A3GUF18IX4RGJK","Submitted","Sun May 31 07:49:08 PDT 2020","Sun May 31 07:52:57 PDT 2020","Wed Jun 03 07:52:57 PDT 2020","","","","229","0% (0/0)","0% (0/0)","0% (0/0)","bwvahfvnqr6qspro4h9g"
"3TY2U1TEB7A5WNB5C03TW0XCQD2JJQ","34NBII25NZIOGJLGY73HHZ47TJY2JF","Reading a passage and responding to questions","You will read a short passage about a person, then answer questions related to the passage.","sentences, decisions, language","$0.40","Sun May 31 07:48:26 PDT 2020","352","BatchId:4061069;OriginalHitTemplateId:920937340;","7200","259200","Sun May 31 11:48:26 PDT 2020","","","3KOPY89HM82WXT7AZHG74DC5X9GJ34","AIHHRINW9IN1I","Submitted","Sun May 31 09:54:53 PDT 2020","Sun May 31 09:59:00 PDT 2020","Wed Jun 03 09:59:00 PDT 2020","","","","247","0% (0/0)","0% (0/0)","0% (0/0)","gup680sveaab47han61u"
"3TY2U1TEB7A5WNB5C03TW0XCQD2JJQ","34NBII25NZIOGJLGY73HHZ47TJY2JF","Reading a passage and responding to questions","You will read a short passage about a person, then answer questions related to the passage.","sentences, decisions, language","$0.40","Sun May 31 07:48:26 PDT 2020","352","BatchId:4061069;OriginalHitTemplateId:920937340;","7200","259200","Sun May 31 11:48:26 PDT 2020","","","3KRVW3HTZNLQIIYASTU0SDCYTJ3SM2","A2O1UUV6JTEGXQ","Submitted","Sun May 31 08:22:23 PDT 2020","Sun May 31 08:26:54 PDT 2020","Wed Jun 03 08:26:54 PDT 2020","","","","271","0% (0/0)","0% (0/0)","0% (0/0)","bnlabjm4n5olrhwwl3l1"
"3TY2U1TEB7A5WNB5C03TW0XCQD2JJQ","34NBII25NZIOGJLGY73HHZ47TJY2JF","Reading a passage and responding to questions","You will read a short passage about a person, then answer questions related to the passage.","sentences, decisions, language","$0.40","Sun May 31 07:48:26 PDT 2020","352","BatchId:4061069;OriginalHitTemplateId:920937340;","7200","259200","Sun May 31 11:48:26 PDT 2020","","","3L2IS5HSFAICFDBETZ40KTJMJ6YUNK","A2JRE2LR9HBA4S","Submitted","Sun May 31 08:17:43 PDT 2020","Sun May 31 08:22:11 PDT 2020","Wed Jun 03 08:22:11 PDT 2020","","","","268","0% (0/0)","0% (0/0)","0% (0/0)","ropwymcxs2mj7t5cul3n"
"3TY2U1TEB7A5WNB5C03TW0XCQD2JJQ","34NBII25NZIOGJLGY73HHZ47TJY2JF","Reading a passage and responding to questions","You will read a short passage about a person, then answer questions related to the passage.","sentences, decisions, language","$0.40","Sun May 31 07:48:26 PDT 2020","352","BatchId:4061069;OriginalHitTemplateId:920937340;","7200","259200","Sun May 31 11:48:26 PDT 2020","","","3MTMREQS4VIINY6UFVEWGBKJ5FBWA2","A37LZED187CKU3","Submitted","Sun May 31 08:31:08 PDT 2020","Sun May 31 08:35:50 PDT 2020","Wed Jun 03 08:35:50 PDT 2020","","","","282","100% (1/1)","0% (0/0)","0% (0/0)","8lypp2jpa4lltgkyupry"
"3TY2U1TEB7A5WNB5C03TW0XCQD2JJQ","34NBII25NZIOGJLGY73HHZ47TJY2JF","Reading a passage and responding to questions","You will read a short passage about a person, then answer questions related to the passage.","sentences, decisions, language","$0.40","Sun May 31 07:48:26 PDT 2020","352","BatchId:4061069;OriginalHitTemplateId:920937340;","7200","259200","Sun May 31 11:48:26 PDT 2020","","","3MYYFCXHJ377ON0DRP0NH5CVJHU4G5","AMJDEMVSM0M9B","Submitted","Sun May 31 09:40:15 PDT 2020","Sun May 31 09:43:30 PDT 2020","Wed Jun 03 09:43:30 PDT 2020","","","","195","0% (0/0)","0% (0/0)","0% (0/0)","jpnbssx6je6eotgs70zn"
"3TY2U1TEB7A5WNB5C03TW0XCQD2JJQ","34NBII25NZIOGJLGY73HHZ47TJY2JF","Reading a passage and responding to questions","You will read a short passage about a person, then answer questions related to the passage.","sentences, decisions, language","$0.40","Sun May 31 07:48:26 PDT 2020","352","BatchId:4061069;OriginalHitTemplateId:920937340;","7200","259200","Sun May 31 11:48:26 PDT 2020","","","3NGMS9VZTLIB83170MQOQO9A7S3FF5","A2GOJW4KRJWK4H","Submitted","Sun May 31 09:45:51 PDT 2020","Sun May 31 10:02:31 PDT 2020","Wed Jun 03 10:02:31 PDT 2020","","","","1000","0% (0/0)","0% (0/0)","0% (0/0)","a7m2tcweev30pgu563cd"
"3TY2U1TEB7A5WNB5C03TW0XCQD2JJQ","34NBII25NZIOGJLGY73HHZ47TJY2JF","Reading a passage and responding to questions","You will read a short passage about a person, then answer questions related to the passage.","sentences, decisions, language","$0.40","Sun May 31 07:48:26 PDT 2020","352","BatchId:4061069;OriginalHitTemplateId:920937340;","7200","259200","Sun May 31 11:48:26 PDT 2020","","","3OE22WJIGIOXIAO69RWHONEROHWUQI","A2551DKGKGHJHB","Submitted","Sun May 31 10:53:09 PDT 2020","Sun May 31 11:24:36 PDT 2020","Wed Jun 03 11:24:36 PDT 2020","","","","1887","0% (0/0)","0% (0/0)","0% (0/0)","crcx39osssff35vhw5bx"
"3TY2U1TEB7A5WNB5C03TW0XCQD2JJQ","34NBII25NZIOGJLGY73HHZ47TJY2JF","Reading a passage and responding to questions","You will read a short passage about a person, then answer questions related to the passage.","sentences, decisions, language","$0.40","Sun May 31 07:48:26 PDT 2020","352","BatchId:4061069;OriginalHitTemplateId:920937340;","7200","259200","Sun May 31 11:48:26 PDT 2020","","","3OJSZ2ATDSW6RDTCCRF3GK5GKA2756","A18K6NFLMOM6C4","Submitted","Sun May 31 08:34:33 PDT 2020","Sun May 31 08:42:04 PDT 2020","Wed Jun 03 08:42:04 PDT 2020","","","","451","100% (1/1)","100% (1/1)","100% (1/1)","ko7wnr9yyswf9t1v7vz0"
"3TY2U1TEB7A5WNB5C03TW0XCQD2JJQ","34NBII25NZIOGJLGY73HHZ47TJY2JF","Reading a passage and responding to questions","You will read a short passage about a person, then answer questions related to the passage.","sentences, decisions, language","$0.40","Sun May 31 07:48:26 PDT 2020","352","BatchId:4061069;OriginalHitTemplateId:920937340;","7200","259200","Sun May 31 11:48:26 PDT 2020","","","3OJSZ2ATDSW6RDTCCRF3GK5GKAA75E","A1Y5BRWM506O8G","Submitted","Sun May 31 10:34:03 PDT 2020","Sun May 31 10:39:55 PDT 2020","Wed Jun 03 10:39:55 PDT 2020","","","","352","0% (0/0)","0% (0/0)","0% (0/0)","xulo165tw5tdgzao0gyw"
"3TY2U1TEB7A5WNB5C03TW0XCQD2JJQ","34NBII25NZIOGJLGY73HHZ47TJY2JF","Reading a passage and responding to questions","You will read a short passage about a person, then answer questions related to the passage.","sentences, decisions, language","$0.40","Sun May 31 07:48:26 PDT 2020","352","BatchId:4061069;OriginalHitTemplateId:920937340;","7200","259200","Sun May 31 11:48:26 PDT 2020","","","3ON104KXQKW3L9QD6U4538YJD5HW4T","ATQXKMW5OAWC8","Submitted","Sun May 31 09:10:07 PDT 2020","Sun May 31 09:13:35 PDT 2020","Wed Jun 03 09:13:35 PDT 2020","","","","208","0% (0/0)","0% (0/0)","0% (0/0)","rtvrcu9fkvtsbpnffgfb"
"3TY2U1TEB7A5WNB5C03TW0XCQD2JJQ","34NBII25NZIOGJLGY73HHZ47TJY2JF","Reading a passage and responding to questions","You will read a short passage about a person, then answer questions related to the passage.","sentences, decisions, language","$0.40","Sun May 31 07:48:26 PDT 2020","352","BatchId:4061069;OriginalHitTemplateId:920937340;","7200","259200","Sun May 31 11:48:26 PDT 2020","","","3OS4RQUCR9FLVMPRVK4S7YIPSU6FBI","A1UVBURWCILA07","Submitted","Sun May 31 08:31:44 PDT 2020","Sun May 31 08:39:02 PDT 2020","Wed Jun 03 08:39:02 PDT 2020","","","","438","0% (0/0)","0% (0/0)","0% (0/0)","49gohwzs56e8nodfzlax"
"3TY2U1TEB7A5WNB5C03TW0XCQD2JJQ","34NBII25NZIOGJLGY73HHZ47TJY2JF","Reading a passage and responding to questions","You will read a short passage about a person, then answer questions related to the passage.","sentences, decisions, language","$0.40","Sun May 31 07:48:26 PDT 2020","352","BatchId:4061069;OriginalHitTemplateId:920937340;","7200","259200","Sun May 31 11:48:26 PDT 2020","","","3P529IW9KYLX8VB3MXTML1EU4OPLFG","A27UETI3RC7IHU","Submitted","Sun May 31 09:48:09 PDT 2020","Sun May 31 09:52:26 PDT 2020","Wed Jun 03 09:52:26 PDT 2020","","","","257","0% (0/0)","0% (0/0)","0% (0/0)","om12aa2tqm9molfw8w03"
"3TY2U1TEB7A5WNB5C03TW0XCQD2JJQ","34NBII25NZIOGJLGY73HHZ47TJY2JF","Reading a passage and responding to questions","You will read a short passage about a person, then answer questions related to the passage.","sentences, decisions, language","$0.40","Sun May 31 07:48:26 PDT 2020","352","BatchId:4061069;OriginalHitTemplateId:920937340;","7200","259200","Sun May 31 11:48:26 PDT 2020","","","3QEMNNSB2XZ1VQ85RXXMEWT8XRX7DB","AXCYHDNRLFO7A","Submitted","Sun May 31 07:50:04 PDT 2020","Sun May 31 07:53:23 PDT 2020","Wed Jun 03 07:53:23 PDT 2020","","","","199","0% (0/0)","0% (0/0)","0% (0/0)","5zqe76gakn2hzxugzh60"
"3TY2U1TEB7A5WNB5C03TW0XCQD2JJQ","34NBII25NZIOGJLGY73HHZ47TJY2JF","Reading a passage and responding to questions","You will read a short passage about a person, then answer questions related to the passage.","sentences, decisions, language","$0.40","Sun May 31 07:48:26 PDT 2020","352","BatchId:4061069;OriginalHitTemplateId:920937340;","7200","259200","Sun May 31 11:48:26 PDT 2020","","","3R8YZBNQ9HIVKZCAWJ36EV07G627QW","A3KM6AF7CGASHJ","Submitted","Sun May 31 11:39:45 PDT 2020","Sun May 31 11:41:00 PDT 2020","Wed Jun 03 11:41:00 PDT 2020","","","","75","0% (0/0)","0% (0/0)","0% (0/0)","1bxgz12k1ehdesxpgt8c"
"3TY2U1TEB7A5WNB5C03TW0XCQD2JJQ","34NBII25NZIOGJLGY73HHZ47TJY2JF","Reading a passage and responding to questions","You will read a short passage about a person, then answer questions related to the passage.","sentences, decisions, language","$0.40","Sun May 31 07:48:26 PDT 2020","352","BatchId:4061069;OriginalHitTemplateId:920937340;","7200","259200","Sun May 31 11:48:26 PDT 2020","","","3SBEHTYCWN31ILKS6KOXI6TITVMIYX","A3H394QJ3YJ6J9","Submitted","Sun May 31 09:54:05 PDT 2020","Sun May 31 10:16:10 PDT 2020","Wed Jun 03 10:16:10 PDT 2020","","","","1325","0% (0/0)","0% (0/0)","0% (0/0)","uj1f1s8z8a5zsjq8pz34"
"3TY2U1TEB7A5WNB5C03TW0XCQD2JJQ","34NBII25NZIOGJLGY73HHZ47TJY2JF","Reading a passage and responding to questions","You will read a short passage about a person, then answer questions related to the passage.","sentences, decisions, language","$0.40","Sun May 31 07:48:26 PDT 2020","352","BatchId:4061069;OriginalHitTemplateId:920937340;","7200","259200","Sun May 31 11:48:26 PDT 2020","","","3TEM0PF1Q5XNDF8L6YCDZHJLPDRD0H","A1QC7C2J5AE0LK","Submitted","Sun May 31 07:49:46 PDT 2020","Sun May 31 07:54:39 PDT 2020","Wed Jun 03 07:54:39 PDT 2020","","","","293","0% (0/0)","0% (0/0)","0% (0/0)","tvhgvk0l748bywk5v790"
"3TY2U1TEB7A5WNB5C03TW0XCQD2JJQ","34NBII25NZIOGJLGY73HHZ47TJY2JF","Reading a passage and responding to questions","You will read a short passage about a person, then answer questions related to the passage.","sentences, decisions, language","$0.40","Sun May 31 07:48:26 PDT 2020","352","BatchId:4061069;OriginalHitTemplateId:920937340;","7200","259200","Sun May 31 11:48:26 PDT 2020","","","3TEM0PF1Q5XNDF8L6YCDZHJLPDZD0P","A10WVZR7FX1PBR","Submitted","Sun May 31 10:00:36 PDT 2020","Sun May 31 10:09:42 PDT 2020","Wed Jun 03 10:09:42 PDT 2020","","","","546","0% (0/0)","0% (0/0)","0% (0/0)","x945p498a9fc7qbvh76k"
"3TY2U1TEB7A5WNB5C03TW0XCQD2JJQ","34NBII25NZIOGJLGY73HHZ47TJY2JF","Reading a passage and responding to questions","You will read a short passage about a person, then answer questions related to the passage.","sentences, decisions, language","$0.40","Sun May 31 07:48:26 PDT 2020","352","BatchId:4061069;OriginalHitTemplateId:920937340;","7200","259200","Sun May 31 11:48:26 PDT 2020","","","3U0SRXB7CD5KZLJXP59VFIW2C7WRNF","A1TF2NI0FD8JIV","Submitted","Sun May 31 08:45:52 PDT 2020","Sun May 31 09:01:16 PDT 2020","Wed Jun 03 09:01:16 PDT 2020","","","","924","0% (0/0)","0% (0/0)","0% (0/0)","78zv9cxqw15u0zpg01x3"
"3TY2U1TEB7A5WNB5C03TW0XCQD2JJQ","34NBII25NZIOGJLGY73HHZ47TJY2JF","Reading a passage and responding to questions","You will read a short passage about a person, then answer questions related to the passage.","sentences, decisions, language","$0.40","Sun May 31 07:48:26 PDT 2020","352","BatchId:4061069;OriginalHitTemplateId:920937340;","7200","259200","Sun May 31 11:48:26 PDT 2020","","","3U4J9857OEB8GTALD16GJ658U6L7B4","A28VOJYW06BFXN","Submitted","Sun May 31 07:49:44 PDT 2020","Sun May 31 08:00:16 PDT 2020","Wed Jun 03 08:00:16 PDT 2020","","","","632","0% (0/0)","0% (0/0)","0% (0/0)","ub5xgt7d91noxp4j5vo3"
"3TY2U1TEB7A5WNB5C03TW0XCQD2JJQ","34NBII25NZIOGJLGY73HHZ47TJY2JF","Reading a passage and responding to questions","You will read a short passage about a person, then answer questions related to the passage.","sentences, decisions, language","$0.40","Sun May 31 07:48:26 PDT 2020","352","BatchId:4061069;OriginalHitTemplateId:920937340;","7200","259200","Sun May 31 11:48:26 PDT 2020","","","3U5JL4WY5K9IA9V3GZ0R5RCQM7UX4U","A0505289TSH2NC1YOHYK","Submitted","Sun May 31 10:39:03 PDT 2020","Sun May 31 11:43:32 PDT 2020","Wed Jun 03 11:43:32 PDT 2020","","","","3869","0% (0/0)","0% (0/0)","0% (0/0)","xdfy3sm77lph4lg6b89b"
"3TY2U1TEB7A5WNB5C03TW0XCQD2JJQ","34NBII25NZIOGJLGY73HHZ47TJY2JF","Reading a passage and responding to questions","You will read a short passage about a person, then answer questions related to the passage.","sentences, decisions, language","$0.40","Sun May 31 07:48:26 PDT 2020","352","BatchId:4061069;OriginalHitTemplateId:920937340;","7200","259200","Sun May 31 11:48:26 PDT 2020","","","3VELCLL3GKJKIO7ZTNB31M5G6INF17","A6ULXWG14D1SR","Submitted","Sun May 31 10:24:25 PDT 2020","Sun May 31 10:28:13 PDT 2020","Wed Jun 03 10:28:13 PDT 2020","","","","228","0% (0/0)","0% (0/0)","0% (0/0)","hccl6c65y2fk754fpwwh"
"3TY2U1TEB7A5WNB5C03TW0XCQD2JJQ","34NBII25NZIOGJLGY73HHZ47TJY2JF","Reading a passage and responding to questions","You will read a short passage about a person, then answer questions related to the passage.","sentences, decisions, language","$0.40","Sun May 31 07:48:26 PDT 2020","352","BatchId:4061069;OriginalHitTemplateId:920937340;","7200","259200","Sun May 31 11:48:26 PDT 2020","","","3VELCLL3GKJKIO7ZTNB31M5G6IU1F0","A1GZNVVE3PMM7Y","Submitted","Sun May 31 11:45:42 PDT 2020","Sun May 31 11:50:06 PDT 2020","Wed Jun 03 11:50:06 PDT 2020","","","","264","0% (0/0)","0% (0/0)","0% (0/0)","fm5y5smrgpraeura4het"
"3TY2U1TEB7A5WNB5C03TW0XCQD2JJQ","34NBII25NZIOGJLGY73HHZ47TJY2JF","Reading a passage and responding to questions","You will read a short passage about a person, then answer questions related to the passage.","sentences, decisions, language","$0.40","Sun May 31 07:48:26 PDT 2020","352","BatchId:4061069;OriginalHitTemplateId:920937340;","7200","259200","Sun May 31 11:48:26 PDT 2020","","","3VNL7UK1XFJLR8J8V6VD7SOBY14FT6","A3T9OPOX78GYUI","Submitted","Sun May 31 07:53:01 PDT 2020","Sun May 31 07:59:18 PDT 2020","Wed Jun 03 07:59:18 PDT 2020","","","","377","0% (0/0)","0% (0/0)","0% (0/0)","1huhqm95gtp16wax0q56"
"3TY2U1TEB7A5WNB5C03TW0XCQD2JJQ","34NBII25NZIOGJLGY73HHZ47TJY2JF","Reading a passage and responding to questions","You will read a short passage about a person, then answer questions related to the passage.","sentences, decisions, language","$0.40","Sun May 31 07:48:26 PDT 2020","352","BatchId:4061069;OriginalHitTemplateId:920937340;","7200","259200","Sun May 31 11:48:26 PDT 2020","","","3VSOLARPKB97RHU1D5PUFJY214093V","AJV1ZY5UG5PZS","Submitted","Sun May 31 08:56:29 PDT 2020","Sun May 31 09:01:42 PDT 2020","Wed Jun 03 09:01:42 PDT 2020","","","","313","0% (0/0)","0% (0/0)","0% (0/0)","459evu6hopcmvf1kqfu6"
"3TY2U1TEB7A5WNB5C03TW0XCQD2JJQ","34NBII25NZIOGJLGY73HHZ47TJY2JF","Reading a passage and responding to questions","You will read a short passage about a person, then answer questions related to the passage.","sentences, decisions, language","$0.40","Sun May 31 07:48:26 PDT 2020","352","BatchId:4061069;OriginalHitTemplateId:920937340;","7200","259200","Sun May 31 11:48:26 PDT 2020","","","3W8CV64QJ2ZMLP10SQEWJDZCK9F9HZ","A3V8FN8YW3YHAV","Submitted","Sun May 31 08:14:43 PDT 2020","Sun May 31 08:19:14 PDT 2020","Wed Jun 03 08:19:14 PDT 2020","","","","271","0% (0/0)","0% (0/0)","0% (0/0)","pfmmzz536zftw6y11twe"
"3TY2U1TEB7A5WNB5C03TW0XCQD2JJQ","34NBII25NZIOGJLGY73HHZ47TJY2JF","Reading a passage and responding to questions","You will read a short passage about a person, then answer questions related to the passage.","sentences, decisions, language","$0.40","Sun May 31 07:48:26 PDT 2020","352","BatchId:4061069;OriginalHitTemplateId:920937340;","7200","259200","Sun May 31 11:48:26 PDT 2020","","","3WQQ9FUS6AUCG7F4N6YMX6135QZ8B0","AUA1L25QFNOTR","Submitted","Sun May 31 09:51:56 PDT 2020","Sun May 31 09:58:19 PDT 2020","Wed Jun 03 09:58:19 PDT 2020","","","","383","0% (0/0)","0% (0/0)","0% (0/0)","on6ns5q8443wueg2zg9p"
"3TY2U1TEB7A5WNB5C03TW0XCQD2JJQ","34NBII25NZIOGJLGY73HHZ47TJY2JF","Reading a passage and responding to questions","You will read a short passage about a person, then answer questions related to the passage.","sentences, decisions, language","$0.40","Sun May 31 07:48:26 PDT 2020","352","BatchId:4061069;OriginalHitTemplateId:920937340;","7200","259200","Sun May 31 11:48:26 PDT 2020","","","3X4MXAO0BGOAMFSBH60IB19T5JBWRM","A1TO9C7AZND1VO","Submitted","Sun May 31 11:26:04 PDT 2020","Sun May 31 11:32:17 PDT 2020","Wed Jun 03 11:32:17 PDT 2020","","","","373","0% (0/0)","0% (0/0)","0% (0/0)","hyasxc4nygwha3aem97m"
"3TY2U1TEB7A5WNB5C03TW0XCQD2JJQ","34NBII25NZIOGJLGY73HHZ47TJY2JF","Reading a passage and responding to questions","You will read a short passage about a person, then answer questions related to the passage.","sentences, decisions, language","$0.40","Sun May 31 07:48:26 PDT 2020","352","BatchId:4061069;OriginalHitTemplateId:920937340;","7200","259200","Sun May 31 11:48:26 PDT 2020","","","3X66WABAJWIM6RH9RBV470KP5HWG3U","AUKGKZKPI8W3F","Submitted","Sun May 31 09:09:15 PDT 2020","Sun May 31 10:57:49 PDT 2020","Wed Jun 03 10:57:49 PDT 2020","","","","6514","0% (0/0)","0% (0/0)","0% (0/0)","hu8ltup3he0mmx45fhv3"
"3TY2U1TEB7A5WNB5C03TW0XCQD2JJQ","34NBII25NZIOGJLGY73HHZ47TJY2JF","Reading a passage and responding to questions","You will read a short passage about a person, then answer questions related to the passage.","sentences, decisions, language","$0.40","Sun May 31 07:48:26 PDT 2020","352","BatchId:4061069;OriginalHitTemplateId:920937340;","7200","259200","Sun May 31 11:48:26 PDT 2020","","","3XXU1SWE8MVPF859MOLB9GBF4AVA0D","A1DMLM2EKNJ007","Submitted","Sun May 31 08:06:04 PDT 2020","Sun May 31 08:11:51 PDT 2020","Wed Jun 03 08:11:51 PDT 2020","","","","347","0% (0/0)","0% (0/0)","0% (0/0)","aaemrjlgd5568qw0r0fy"
"3TY2U1TEB7A5WNB5C03TW0XCQD2JJQ","34NBII25NZIOGJLGY73HHZ47TJY2JF","Reading a passage and responding to questions","You will read a short passage about a person, then answer questions related to the passage.","sentences, decisions, language","$0.40","Sun May 31 07:48:26 PDT 2020","352","BatchId:4061069;OriginalHitTemplateId:920937340;","7200","259200","Sun May 31 11:48:26 PDT 2020","","","3YOH7BII097BKMFB1CMPON413ICVKF","AL42FMEWCSVK4","Submitted","Sun May 31 10:42:45 PDT 2020","Sun May 31 10:51:55 PDT 2020","Wed Jun 03 10:51:55 PDT 2020","","","","550","0% (0/0)","0% (0/0)","0% (0/0)","gf5d1f97p66dozr2x87a"
"3TY2U1TEB7A5WNB5C03TW0XCQD2JJQ","34NBII25NZIOGJLGY73HHZ47TJY2JF","Reading a passage and responding to questions","You will read a short passage about a person, then answer questions related to the passage.","sentences, decisions, language","$0.40","Sun May 31 07:48:26 PDT 2020","352","BatchId:4061069;OriginalHitTemplateId:920937340;","7200","259200","Sun May 31 11:48:26 PDT 2020","","","3Z4XG4ZF48RJTAI5S2Q4M3SVOTJ8X5","A2RI50KB7RANN6","Submitted","Sun May 31 08:55:53 PDT 2020","Sun May 31 08:59:25 PDT 2020","Wed Jun 03 08:59:25 PDT 2020","","","","212","0% (0/0)","0% (0/0)","0% (0/0)","nlr31gu6mrl6pzjng1mc"
"3TY2U1TEB7A5WNB5C03TW0XCQD2JJQ","34NBII25NZIOGJLGY73HHZ47TJY2JF","Reading a passage and responding to questions","You will read a short passage about a person, then answer questions related to the passage.","sentences, decisions, language","$0.40","Sun May 31 07:48:26 PDT 2020","352","BatchId:4061069;OriginalHitTemplateId:920937340;","7200","259200","Sun May 31 11:48:26 PDT 2020","","","3ZGVPD4G6THRWPA8WIPKAK4TA6YTZ8","ABLVDJQD5L65L","Submitted","Sun May 31 08:00:47 PDT 2020","Sun May 31 09:52:41 PDT 2020","Wed Jun 03 09:52:41 PDT 2020","","","","6714","0% (0/0)","0% (0/0)","0% (0/0)","og0o76hkfs9oyk4lgk92"