"HITId","HITTypeId","Title","Description","Keywords","Reward","CreationTime","MaxAssignments","RequesterAnnotation","AssignmentDurationInSeconds","AutoApprovalDelayInSeconds","Expiration","NumberOfSimilarHITs","LifetimeInSeconds","AssignmentId","WorkerId","AssignmentStatus","AcceptTime","SubmitTime","AutoApprovalTime","ApprovalTime","RejectionTime","RequesterFeedback","WorkTimeInSeconds","LifetimeApprovalRate","Last30DaysApprovalRate","Last7DaysApprovalRate","Answer.surveycode","Approve","Reject"
"37M4O367VJINQW25QVCRBI6OC6D5M5","34NBII25NZIOGJLGY73HHZ47TJY2JF","Reading a passage and responding to questions","You will read a short passage about a person, then answer questions related to the passage.","sentences, decisions, language","$0.40","Sun May 31 13:19:33 PDT 2020","352","BatchId:4061375;OriginalHitTemplateId:920937340;","7200","259200","Sun May 31 17:19:33 PDT 2020","","","308XBLVESI4IYCU0MF4MONW8VJFRBP","AULU4VSUPO1CW","Submitted","Sun May 31 17:00:30 PDT 2020","Sun May 31 17:06:09 PDT 2020","Wed Jun 03 17:06:09 PDT 2020","","","","339","0% (0/0)","0% (0/0)","0% (0/0)","p250olru6v2xmgpnm8qa"
"37M4O367VJINQW25QVCRBI6OC6D5M5","34NBII25NZIOGJLGY73HHZ47TJY2JF","Reading a passage and responding to questions","You will read a short passage about a person, then answer questions related to the passage.","sentences, decisions, language","$0.40","Sun May 31 13:19:33 PDT 2020","352","BatchId:4061375;OriginalHitTemplateId:920937340;","7200","259200","Sun May 31 17:19:33 PDT 2020","","","30LSNF239UVBH0RLDZH292SDEG62IF","A1X0IC6CG46MYX","Submitted","Sun May 31 13:26:07 PDT 2020","Sun May 31 13:33:28 PDT 2020","Wed Jun 03 13:33:28 PDT 2020","","","","441","0% (0/0)","0% (0/0)","0% (0/0)","xp38545z4stp71j8w3ug"
"37M4O367VJINQW25QVCRBI6OC6D5M5","34NBII25NZIOGJLGY73HHZ47TJY2JF","Reading a passage and responding to questions","You will read a short passage about a person, then answer questions related to the passage.","sentences, decisions, language","$0.40","Sun May 31 13:19:33 PDT 2020","352","BatchId:4061375;OriginalHitTemplateId:920937340;","7200","259200","Sun May 31 17:19:33 PDT 2020","","","31JLPPHS2UUAY4Y7FU8CC9TRW473OQ","A21ZNPDJNBKCWG","Submitted","Sun May 31 14:12:31 PDT 2020","Sun May 31 14:16:51 PDT 2020","Wed Jun 03 14:16:51 PDT 2020","","","","260","0% (0/0)","0% (0/0)","0% (0/0)","dc1mfjjfldk5986do51z"
"37M4O367VJINQW25QVCRBI6OC6D5M5","34NBII25NZIOGJLGY73HHZ47TJY2JF","Reading a passage and responding to questions","You will read a short passage about a person, then answer questions related to the passage.","sentences, decisions, language","$0.40","Sun May 31 13:19:33 PDT 2020","352","BatchId:4061375;OriginalHitTemplateId:920937340;","7200","259200","Sun May 31 17:19:33 PDT 2020","","","31Z0PCVWUKF8CF42DNX1J0BU0EC7TN","A2D80MB93RM5TH","Submitted","Sun May 31 14:35:27 PDT 2020","Sun May 31 14:42:07 PDT 2020","Wed Jun 03 14:42:07 PDT 2020","","","","400","0% (0/0)","0% (0/0)","0% (0/0)","qvszn98glgyc1atfmpew"
"37M4O367VJINQW25QVCRBI6OC6D5M5","34NBII25NZIOGJLGY73HHZ47TJY2JF","Reading a passage and responding to questions","You will read a short passage about a person, then answer questions related to the passage.","sentences, decisions, language","$0.40","Sun May 31 13:19:33 PDT 2020","352","BatchId:4061375;OriginalHitTemplateId:920937340;","7200","259200","Sun May 31 17:19:33 PDT 2020","","","33CKWXB73JKTS9DRMOWICK1M59J119","A14LB043RZZYW6","Submitted","Sun May 31 14:09:44 PDT 2020","Sun May 31 14:12:34 PDT 2020","Wed Jun 03 14:12:34 PDT 2020","","","","170","0% (0/1)","0% (0/0)","0% (0/0)","67wl0ker9hoavwkwqcrp"
"37M4O367VJINQW25QVCRBI6OC6D5M5","34NBII25NZIOGJLGY73HHZ47TJY2JF","Reading a passage and responding to questions","You will read a short passage about a person, then answer questions related to the passage.","sentences, decisions, language","$0.40","Sun May 31 13:19:33 PDT 2020","352","BatchId:4061375;OriginalHitTemplateId:920937340;","7200","259200","Sun May 31 17:19:33 PDT 2020","","","33PPUNGG385EGAXGSTKPA53BMM2RZW","A274TYG3OS9V2F","Submitted","Sun May 31 17:13:26 PDT 2020","Sun May 31 17:18:42 PDT 2020","Wed Jun 03 17:18:42 PDT 2020","","","","316","0% (0/0)","0% (0/0)","0% (0/0)","lqrg1edxu3o0cau1zw8k"
"37M4O367VJINQW25QVCRBI6OC6D5M5","34NBII25NZIOGJLGY73HHZ47TJY2JF","Reading a passage and responding to questions","You will read a short passage about a person, then answer questions related to the passage.","sentences, decisions, language","$0.40","Sun May 31 13:19:33 PDT 2020","352","BatchId:4061375;OriginalHitTemplateId:920937340;","7200","259200","Sun May 31 17:19:33 PDT 2020","","","34HJIJKLP5WQ6KQ8GKZ9H6F56X04VE","AF114PN3TN6C3","Submitted","Sun May 31 14:03:58 PDT 2020","Sun May 31 14:11:38 PDT 2020","Wed Jun 03 14:11:38 PDT 2020","","","","460","0% (0/0)","0% (0/0)","0% (0/0)","gav2emdum0pmt0wm46h2"
"37M4O367VJINQW25QVCRBI6OC6D5M5","34NBII25NZIOGJLGY73HHZ47TJY2JF","Reading a passage and responding to questions","You will read a short passage about a person, then answer questions related to the passage.","sentences, decisions, language","$0.40","Sun May 31 13:19:33 PDT 2020","352","BatchId:4061375;OriginalHitTemplateId:920937340;","7200","259200","Sun May 31 17:19:33 PDT 2020","","","34HJIJKLP5WQ6KQ8GKZ9H6F56XZV44","A2ILI02K1TIK0M","Submitted","Sun May 31 14:03:54 PDT 2020","Sun May 31 14:11:58 PDT 2020","Wed Jun 03 14:11:58 PDT 2020","","","","484","0% (0/0)","0% (0/0)","0% (0/0)","1s0p3kf5hjuod0exykc0"
"37M4O367VJINQW25QVCRBI6OC6D5M5","34NBII25NZIOGJLGY73HHZ47TJY2JF","Reading a passage and responding to questions","You will read a short passage about a person, then answer questions related to the passage.","sentences, decisions, language","$0.40","Sun May 31 13:19:33 PDT 2020","352","BatchId:4061375;OriginalHitTemplateId:920937340;","7200","259200","Sun May 31 17:19:33 PDT 2020","","","351SEKWQS0HKGTFSV3ZBXEQYSHJDML","A1V3F5374YV0OA","Submitted","Sun May 31 14:39:17 PDT 2020","Sun May 31 14:50:12 PDT 2020","Wed Jun 03 14:50:12 PDT 2020","","","","655","0% (0/0)","0% (0/0)","0% (0/0)","9m4jwhfygnwwfnymo8kk"
"37M4O367VJINQW25QVCRBI6OC6D5M5","34NBII25NZIOGJLGY73HHZ47TJY2JF","Reading a passage and responding to questions","You will read a short passage about a person, then answer questions related to the passage.","sentences, decisions, language","$0.40","Sun May 31 13:19:33 PDT 2020","352","BatchId:4061375;OriginalHitTemplateId:920937340;","7200","259200","Sun May 31 17:19:33 PDT 2020","","","36NEMU28XFDJPZFJCY41P2FJZWLMWX","A185XIK3UR0TJI","Submitted","Sun May 31 13:39:38 PDT 2020","Sun May 31 13:56:44 PDT 2020","Wed Jun 03 13:56:44 PDT 2020","","","","1026","0% (0/0)","0% (0/0)","0% (0/0)","grwgwxOnznb4ckzc2xOf"
"37M4O367VJINQW25QVCRBI6OC6D5M5","34NBII25NZIOGJLGY73HHZ47TJY2JF","Reading a passage and responding to questions","You will read a short passage about a person, then answer questions related to the passage.","sentences, decisions, language","$0.40","Sun May 31 13:19:33 PDT 2020","352","BatchId:4061375;OriginalHitTemplateId:920937340;","7200","259200","Sun May 31 17:19:33 PDT 2020","","","37FMASSAYCR55DRHWSADAVVH8NQIB6","A3I1W58P6SIV26","Submitted","Sun May 31 15:20:38 PDT 2020","Sun May 31 16:02:12 PDT 2020","Wed Jun 03 16:02:12 PDT 2020","","","","2494","100% (1/1)","0% (0/0)","0% (0/0)","yyzqb2glg2ltt747glgn"
"37M4O367VJINQW25QVCRBI6OC6D5M5","34NBII25NZIOGJLGY73HHZ47TJY2JF","Reading a passage and responding to questions","You will read a short passage about a person, then answer questions related to the passage.","sentences, decisions, language","$0.40","Sun May 31 13:19:33 PDT 2020","352","BatchId:4061375;OriginalHitTemplateId:920937340;","7200","259200","Sun May 31 17:19:33 PDT 2020","","","37UQDCYH6XVNP78RIIXGKIZFXYNV7K","A3EG4C9T4F5DUR","Submitted","Sun May 31 13:24:39 PDT 2020","Sun May 31 15:03:33 PDT 2020","Wed Jun 03 15:03:33 PDT 2020","","","","5934","100% (1/1)","0% (0/0)","0% (0/0)","bvzbg1tg9fyl2sfvb1k4"
"37M4O367VJINQW25QVCRBI6OC6D5M5","34NBII25NZIOGJLGY73HHZ47TJY2JF","Reading a passage and responding to questions","You will read a short passage about a person, then answer questions related to the passage.","sentences, decisions, language","$0.40","Sun May 31 13:19:33 PDT 2020","352","BatchId:4061375;OriginalHitTemplateId:920937340;","7200","259200","Sun May 31 17:19:33 PDT 2020","","","38JBBYETQOA9494MLUAZH2RJ62X4E8","A2CY1TSQ3KKP5Q","Submitted","Sun May 31 14:01:58 PDT 2020","Sun May 31 14:05:55 PDT 2020","Wed Jun 03 14:05:55 PDT 2020","","","","237","0% (0/0)","0% (0/0)","0% (0/0)","r78aoszgp71eomfys8e1"
"37M4O367VJINQW25QVCRBI6OC6D5M5","34NBII25NZIOGJLGY73HHZ47TJY2JF","Reading a passage and responding to questions","You will read a short passage about a person, then answer questions related to the passage.","sentences, decisions, language","$0.40","Sun May 31 13:19:33 PDT 2020","352","BatchId:4061375;OriginalHitTemplateId:920937340;","7200","259200","Sun May 31 17:19:33 PDT 2020","","","3A4TN5196KIOJN834AONL30KQV5HCD","A18Z1TTXV1S4","Submitted","Sun May 31 13:57:56 PDT 2020","Sun May 31 14:02:38 PDT 2020","Wed Jun 03 14:02:38 PDT 2020","","","","282","0% (0/0)","0% (0/0)","0% (0/0)","mtue5p2qeh8pa9xg9yad"
"37M4O367VJINQW25QVCRBI6OC6D5M5","34NBII25NZIOGJLGY73HHZ47TJY2JF","Reading a passage and responding to questions","You will read a short passage about a person, then answer questions related to the passage.","sentences, decisions, language","$0.40","Sun May 31 13:19:33 PDT 2020","352","BatchId:4061375;OriginalHitTemplateId:920937340;","7200","259200","Sun May 31 17:19:33 PDT 2020","","","3AMW0RGHOD2ZN83ICD56ANWNBPSNP3","ALKTUL8F89YFP","Submitted","Sun May 31 13:35:10 PDT 2020","Sun May 31 13:39:29 PDT 2020","Wed Jun 03 13:39:29 PDT 2020","","","","259","0% (0/0)","0% (0/0)","0% (0/0)","txv3vwbtt7g0gzg78k5y"
"37M4O367VJINQW25QVCRBI6OC6D5M5","34NBII25NZIOGJLGY73HHZ47TJY2JF","Reading a passage and responding to questions","You will read a short passage about a person, then answer questions related to the passage.","sentences, decisions, language","$0.40","Sun May 31 13:19:33 PDT 2020","352","BatchId:4061375;OriginalHitTemplateId:920937340;","7200","259200","Sun May 31 17:19:33 PDT 2020","","","3B4YI393V9WTGDBFCQQM4MB4L9ISSD","ALUDXW3IOA47K","Submitted","Sun May 31 16:13:25 PDT 2020","Sun May 31 16:17:25 PDT 2020","Wed Jun 03 16:17:25 PDT 2020","","","","240","0% (0/0)","0% (0/0)","0% (0/0)","64dkeweamuqezs4v52bp"
"37M4O367VJINQW25QVCRBI6OC6D5M5","34NBII25NZIOGJLGY73HHZ47TJY2JF","Reading a passage and responding to questions","You will read a short passage about a person, then answer questions related to the passage.","sentences, decisions, language","$0.40","Sun May 31 13:19:33 PDT 2020","352","BatchId:4061375;OriginalHitTemplateId:920937340;","7200","259200","Sun May 31 17:19:33 PDT 2020","","","3BXQMRHWKZY6XVQEHYP07EUMEGAMUY","A281YIOJK7B0Y5","Submitted","Sun May 31 13:39:24 PDT 2020","Sun May 31 13:44:42 PDT 2020","Wed Jun 03 13:44:42 PDT 2020","","","","318","0% (0/0)","0% (0/0)","0% (0/0)","2skrjmypjwamgm0bw3et"
"37M4O367VJINQW25QVCRBI6OC6D5M5","34NBII25NZIOGJLGY73HHZ47TJY2JF","Reading a passage and responding to questions","You will read a short passage about a person, then answer questions related to the passage.","sentences, decisions, language","$0.40","Sun May 31 13:19:33 PDT 2020","352","BatchId:4061375;OriginalHitTemplateId:920937340;","7200","259200","Sun May 31 17:19:33 PDT 2020","","","3CFVK00FWLL1P2ISL4QIRV1HBQ56LJ","A26L0OBAWF7EHQ","Submitted","Sun May 31 14:26:59 PDT 2020","Sun May 31 14:51:57 PDT 2020","Wed Jun 03 14:51:57 PDT 2020","","","","1498","0% (0/0)","0% (0/0)","0% (0/0)","wqq36bnh01wklb13ds7w"
"37M4O367VJINQW25QVCRBI6OC6D5M5","34NBII25NZIOGJLGY73HHZ47TJY2JF","Reading a passage and responding to questions","You will read a short passage about a person, then answer questions related to the passage.","sentences, decisions, language","$0.40","Sun May 31 13:19:33 PDT 2020","352","BatchId:4061375;OriginalHitTemplateId:920937340;","7200","259200","Sun May 31 17:19:33 PDT 2020","","","3D4CH1LGEAT8LT6P8KWEYDNB5ASG9Z","A2539D29EWP3GI","Submitted","Sun May 31 14:39:15 PDT 2020","Sun May 31 14:45:45 PDT 2020","Wed Jun 03 14:45:45 PDT 2020","","","","390","0% (0/0)","0% (0/0)","0% (0/0)","6jlppzk79dn8pwgk4l2f"
"37M4O367VJINQW25QVCRBI6OC6D5M5","34NBII25NZIOGJLGY73HHZ47TJY2JF","Reading a passage and responding to questions","You will read a short passage about a person, then answer questions related to the passage.","sentences, decisions, language","$0.40","Sun May 31 13:19:33 PDT 2020","352","BatchId:4061375;OriginalHitTemplateId:920937340;","7200","259200","Sun May 31 17:19:33 PDT 2020","","","3D4CH1LGEAT8LT6P8KWEYDNB5AXG94","A3LVLZS8S41ZD7","Submitted","Sun May 31 15:42:27 PDT 2020","Sun May 31 15:56:58 PDT 2020","Wed Jun 03 15:56:58 PDT 2020","","","","871","0% (0/0)","0% (0/0)","0% (0/0)","p0wmo1ungm6zm4w42xx1"
"37M4O367VJINQW25QVCRBI6OC6D5M5","34NBII25NZIOGJLGY73HHZ47TJY2JF","Reading a passage and responding to questions","You will read a short passage about a person, then answer questions related to the passage.","sentences, decisions, language","$0.40","Sun May 31 13:19:33 PDT 2020","352","BatchId:4061375;OriginalHitTemplateId:920937340;","7200","259200","Sun May 31 17:19:33 PDT 2020","","","3DPNQGW4LLF5RUB7FCR15EZ6P4846M","A3T7LVZUCB31LV","Submitted","Sun May 31 13:39:43 PDT 2020","Sun May 31 13:43:37 PDT 2020","Wed Jun 03 13:43:37 PDT 2020","","","","234","0% (0/0)","0% (0/0)","0% (0/0)","ydzrhlnk7b1x05127jp4"
"37M4O367VJINQW25QVCRBI6OC6D5M5","34NBII25NZIOGJLGY73HHZ47TJY2JF","Reading a passage and responding to questions","You will read a short passage about a person, then answer questions related to the passage.","sentences, decisions, language","$0.40","Sun May 31 13:19:33 PDT 2020","352","BatchId:4061375;OriginalHitTemplateId:920937340;","7200","259200","Sun May 31 17:19:33 PDT 2020","","","3ERET4BTVM9DNF28YBHTW5F4CQ59KP","A33Y36Y252Z30U","Submitted","Sun May 31 13:22:08 PDT 2020","Sun May 31 13:25:15 PDT 2020","Wed Jun 03 13:25:15 PDT 2020","","","","187","0% (0/0)","0% (0/0)","0% (0/0)","aswahyuegd2bp37d8km4"
"37M4O367VJINQW25QVCRBI6OC6D5M5","34NBII25NZIOGJLGY73HHZ47TJY2JF","Reading a passage and responding to questions","You will read a short passage about a person, then answer questions related to the passage.","sentences, decisions, language","$0.40","Sun May 31 13:19:33 PDT 2020","352","BatchId:4061375;OriginalHitTemplateId:920937340;","7200","259200","Sun May 31 17:19:33 PDT 2020","","","3ERET4BTVM9DNF28YBHTW5F4CR69KS","A1TNHV5RLY84N2","Submitted","Sun May 31 13:43:12 PDT 2020","Sun May 31 13:54:57 PDT 2020","Wed Jun 03 13:54:57 PDT 2020","","","","705","0% (0/0)","0% (0/0)","0% (0/0)","p3d053ftj24teal0l5al"
"37M4O367VJINQW25QVCRBI6OC6D5M5","34NBII25NZIOGJLGY73HHZ47TJY2JF","Reading a passage and responding to questions","You will read a short passage about a person, then answer questions related to the passage.","sentences, decisions, language","$0.40","Sun May 31 13:19:33 PDT 2020","352","BatchId:4061375;OriginalHitTemplateId:920937340;","7200","259200","Sun May 31 17:19:33 PDT 2020","","","3FFJ6VRIL1O4LQO7YCDOQEZYHJZI0Q","A2DAOYXC6RPHBN","Submitted","Sun May 31 16:51:37 PDT 2020","Sun May 31 18:05:22 PDT 2020","Wed Jun 03 18:05:22 PDT 2020","","","","4425","0% (0/0)","0% (0/0)","0% (0/0)","g9d02t1vx63wefjrk83w"
"37M4O367VJINQW25QVCRBI6OC6D5M5","34NBII25NZIOGJLGY73HHZ47TJY2JF","Reading a passage and responding to questions","You will read a short passage about a person, then answer questions related to the passage.","sentences, decisions, language","$0.40","Sun May 31 13:19:33 PDT 2020","352","BatchId:4061375;OriginalHitTemplateId:920937340;","7200","259200","Sun May 31 17:19:33 PDT 2020","","","3FIJLY1B6U4NZGQ1EPMT2INE9ZKPFE","AS4CYFREVRK16","Submitted","Sun May 31 17:14:05 PDT 2020","Sun May 31 17:21:36 PDT 2020","Wed Jun 03 17:21:36 PDT 2020","","","","451","0% (0/0)","0% (0/0)","0% (0/0)","Xume7tj2utee53y24sm1"
"37M4O367VJINQW25QVCRBI6OC6D5M5","34NBII25NZIOGJLGY73HHZ47TJY2JF","Reading a passage and responding to questions","You will read a short passage about a person, then answer questions related to the passage.","sentences, decisions, language","$0.40","Sun May 31 13:19:33 PDT 2020","352","BatchId:4061375;OriginalHitTemplateId:920937340;","7200","259200","Sun May 31 17:19:33 PDT 2020","","","3GGAI1SQEVYAB19EV740D88G7H8MCV","ARPBDM5QZ4XQC","Submitted","Sun May 31 14:54:27 PDT 2020","Sun May 31 14:59:45 PDT 2020","Wed Jun 03 14:59:45 PDT 2020","","","","318","0% (0/0)","0% (0/0)","0% (0/0)","27rgkhtdro8t79awg58v"
"37M4O367VJINQW25QVCRBI6OC6D5M5","34NBII25NZIOGJLGY73HHZ47TJY2JF","Reading a passage and responding to questions","You will read a short passage about a person, then answer questions related to the passage.","sentences, decisions, language","$0.40","Sun May 31 13:19:33 PDT 2020","352","BatchId:4061375;OriginalHitTemplateId:920937340;","7200","259200","Sun May 31 17:19:33 PDT 2020","","","3GNA64GUZE4GXVYR8QO9GBMBP0EQ57","A3M83APKQ7CPUH","Submitted","Sun May 31 13:33:57 PDT 2020","Sun May 31 13:44:06 PDT 2020","Wed Jun 03 13:44:06 PDT 2020","","","","609","0% (0/0)","0% (0/0)","0% (0/0)","rt9vw722hep5m4jquvqv"
"37M4O367VJINQW25QVCRBI6OC6D5M5","34NBII25NZIOGJLGY73HHZ47TJY2JF","Reading a passage and responding to questions","You will read a short passage about a person, then answer questions related to the passage.","sentences, decisions, language","$0.40","Sun May 31 13:19:33 PDT 2020","352","BatchId:4061375;OriginalHitTemplateId:920937340;","7200","259200","Sun May 31 17:19:33 PDT 2020","","","3GNCZX450INS3P9T3901OHCNCISPAK","A26TRX3QNC8SRS","Submitted","Sun May 31 13:19:57 PDT 2020","Sun May 31 13:31:21 PDT 2020","Wed Jun 03 13:31:21 PDT 2020","","","","684","0% (0/0)","0% (0/0)","0% (0/0)","fszt8o5u0xc7tjh015p3"
"37M4O367VJINQW25QVCRBI6OC6D5M5","34NBII25NZIOGJLGY73HHZ47TJY2JF","Reading a passage and responding to questions","You will read a short passage about a person, then answer questions related to the passage.","sentences, decisions, language","$0.40","Sun May 31 13:19:33 PDT 2020","352","BatchId:4061375;OriginalHitTemplateId:920937340;","7200","259200","Sun May 31 17:19:33 PDT 2020","","","3GS6S824SQXP7H0JOZJ12H4J4MUWN6","A1ZKIH8L6648NG","Submitted","Sun May 31 13:20:51 PDT 2020","Sun May 31 13:25:36 PDT 2020","Wed Jun 03 13:25:36 PDT 2020","","","","285","0% (0/0)","0% (0/0)","0% (0/0)","rdsdw2j4f4rdj0jwqsqr"
"37M4O367VJINQW25QVCRBI6OC6D5M5","34NBII25NZIOGJLGY73HHZ47TJY2JF","Reading a passage and responding to questions","You will read a short passage about a person, then answer questions related to the passage.","sentences, decisions, language","$0.40","Sun May 31 13:19:33 PDT 2020","352","BatchId:4061375;OriginalHitTemplateId:920937340;","7200","259200","Sun May 31 17:19:33 PDT 2020","","","3H7Z272LX779Z80X00PRXVSY6VTLP2","A3QY0PLPW42NBQ","Submitted","Sun May 31 13:54:39 PDT 2020","Sun May 31 14:00:44 PDT 2020","Wed Jun 03 14:00:44 PDT 2020","","","","365","0% (0/0)","0% (0/0)","0% (0/0)","o37pgn0mc7jo3an8r4zl"
"37M4O367VJINQW25QVCRBI6OC6D5M5","34NBII25NZIOGJLGY73HHZ47TJY2JF","Reading a passage and responding to questions","You will read a short passage about a person, then answer questions related to the passage.","sentences, decisions, language","$0.40","Sun May 31 13:19:33 PDT 2020","352","BatchId:4061375;OriginalHitTemplateId:920937340;","7200","259200","Sun May 31 17:19:33 PDT 2020","","","3HPZF4IVNMTA5IYSEASB73VNGRMCYB","A47VCO946DO5K","Submitted","Sun May 31 14:48:20 PDT 2020","Sun May 31 15:02:22 PDT 2020","Wed Jun 03 15:02:22 PDT 2020","","","","842","0% (0/0)","0% (0/0)","0% (0/0)","574oonggy85rbhjefe2l"
"37M4O367VJINQW25QVCRBI6OC6D5M5","34NBII25NZIOGJLGY73HHZ47TJY2JF","Reading a passage and responding to questions","You will read a short passage about a person, then answer questions related to the passage.","sentences, decisions, language","$0.40","Sun May 31 13:19:33 PDT 2020","352","BatchId:4061375;OriginalHitTemplateId:920937340;","7200","259200","Sun May 31 17:19:33 PDT 2020","","","3HWRJOOET52S6U6XBV6HF57PKHXESK","AA9SBG7LNCG8Q","Submitted","Sun May 31 13:20:02 PDT 2020","Sun May 31 14:26:21 PDT 2020","Wed Jun 03 14:26:21 PDT 2020","","","","3979","0% (0/0)","0% (0/0)","0% (0/0)","05um4lnhstlkpxbfhbb1"
"37M4O367VJINQW25QVCRBI6OC6D5M5","34NBII25NZIOGJLGY73HHZ47TJY2JF","Reading a passage and responding to questions","You will read a short passage about a person, then answer questions related to the passage.","sentences, decisions, language","$0.40","Sun May 31 13:19:33 PDT 2020","352","BatchId:4061375;OriginalHitTemplateId:920937340;","7200","259200","Sun May 31 17:19:33 PDT 2020","","","3K2755HG5S3EAJNB9GVY2O6PVF3DF8","A2M64PUN9DFWS4","Submitted","Sun May 31 13:28:27 PDT 2020","Sun May 31 13:33:14 PDT 2020","Wed Jun 03 13:33:14 PDT 2020","","","","287","0% (0/0)","0% (0/0)","0% (0/0)","jv1wx83xwlytbzv3ked4"
"37M4O367VJINQW25QVCRBI6OC6D5M5","34NBII25NZIOGJLGY73HHZ47TJY2JF","Reading a passage and responding to questions","You will read a short passage about a person, then answer questions related to the passage.","sentences, decisions, language","$0.40","Sun May 31 13:19:33 PDT 2020","352","BatchId:4061375;OriginalHitTemplateId:920937340;","7200","259200","Sun May 31 17:19:33 PDT 2020","","","3L0KT67Y8EGQCZNOBWIBM8Z52U5SYI","AXXI5WAXPTJRE","Submitted","Sun May 31 14:21:17 PDT 2020","Sun May 31 14:24:21 PDT 2020","Wed Jun 03 14:24:21 PDT 2020","","","","184","0% (0/0)","0% (0/0)","0% (0/0)","kaqnapt2b8jraj462m93"
"37M4O367VJINQW25QVCRBI6OC6D5M5","34NBII25NZIOGJLGY73HHZ47TJY2JF","Reading a passage and responding to questions","You will read a short passage about a person, then answer questions related to the passage.","sentences, decisions, language","$0.40","Sun May 31 13:19:33 PDT 2020","352","BatchId:4061375;OriginalHitTemplateId:920937340;","7200","259200","Sun May 31 17:19:33 PDT 2020","","","3LBXNTKX0RVJ7F1FXUWIMZN68ZK9XE","AY10TBUJPFTY6","Submitted","Sun May 31 13:24:12 PDT 2020","Sun May 31 13:31:07 PDT 2020","Wed Jun 03 13:31:07 PDT 2020","","","","415","0% (0/0)","0% (0/0)","0% (0/0)","x836yk1373nr3gb3459s"
"37M4O367VJINQW25QVCRBI6OC6D5M5","34NBII25NZIOGJLGY73HHZ47TJY2JF","Reading a passage and responding to questions","You will read a short passage about a person, then answer questions related to the passage.","sentences, decisions, language","$0.40","Sun May 31 13:19:33 PDT 2020","352","BatchId:4061375;OriginalHitTemplateId:920937340;","7200","259200","Sun May 31 17:19:33 PDT 2020","","","3MD9PLUKKIET1C5OZM381LY1LPCZNF","A1YTBHWQANK8HA","Submitted","Sun May 31 17:08:09 PDT 2020","Sun May 31 17:10:57 PDT 2020","Wed Jun 03 17:10:57 PDT 2020","","","","168","0% (0/0)","0% (0/0)","0% (0/0)","zdwb3qmnslwg6axbzng4"
"37M4O367VJINQW25QVCRBI6OC6D5M5","34NBII25NZIOGJLGY73HHZ47TJY2JF","Reading a passage and responding to questions","You will read a short passage about a person, then answer questions related to the passage.","sentences, decisions, language","$0.40","Sun May 31 13:19:33 PDT 2020","352","BatchId:4061375;OriginalHitTemplateId:920937340;","7200","259200","Sun May 31 17:19:33 PDT 2020","","","3MX2NQ3YC9U06SZ3U4J1AJI4M30X5A","A213AEBX8ZH75U","Submitted","Sun May 31 13:22:03 PDT 2020","Sun May 31 13:26:06 PDT 2020","Wed Jun 03 13:26:06 PDT 2020","","","","243","0% (0/0)","0% (0/0)","0% (0/0)","bryvqnejofgab8c3dgh2"
"37M4O367VJINQW25QVCRBI6OC6D5M5","34NBII25NZIOGJLGY73HHZ47TJY2JF","Reading a passage and responding to questions","You will read a short passage about a person, then answer questions related to the passage.","sentences, decisions, language","$0.40","Sun May 31 13:19:33 PDT 2020","352","BatchId:4061375;OriginalHitTemplateId:920937340;","7200","259200","Sun May 31 17:19:33 PDT 2020","","","3OB0CAO74HP1MQ98026CIUS3TJNYH2","A274Q9F1EF2PI9","Submitted","Sun May 31 13:56:03 PDT 2020","Sun May 31 14:02:53 PDT 2020","Wed Jun 03 14:02:53 PDT 2020","","","","410","0% (0/0)","0% (0/0)","0% (0/0)","yk8lwfsj67lk7r6cm3hq"
"37M4O367VJINQW25QVCRBI6OC6D5M5","34NBII25NZIOGJLGY73HHZ47TJY2JF","Reading a passage and responding to questions","You will read a short passage about a person, then answer questions related to the passage.","sentences, decisions, language","$0.40","Sun May 31 13:19:33 PDT 2020","352","BatchId:4061375;OriginalHitTemplateId:920937340;","7200","259200","Sun May 31 17:19:33 PDT 2020","","","3OONKJ5DKCJF1Z2KUNNIUSR3KWROB9","A2DSBA28ZECQDL","Submitted","Sun May 31 15:44:17 PDT 2020","Sun May 31 15:52:35 PDT 2020","Wed Jun 03 15:52:35 PDT 2020","","","","498","0% (0/0)","0% (0/0)","0% (0/0)","3kox1x1dq9obo5ubz8qh"
"37M4O367VJINQW25QVCRBI6OC6D5M5","34NBII25NZIOGJLGY73HHZ47TJY2JF","Reading a passage and responding to questions","You will read a short passage about a person, then answer questions related to the passage.","sentences, decisions, language","$0.40","Sun May 31 13:19:33 PDT 2020","352","BatchId:4061375;OriginalHitTemplateId:920937340;","7200","259200","Sun May 31 17:19:33 PDT 2020","","","3OVHNO1VE61KF0EBASP55GM77KWZDH","A3HXPCQ8KIOHYT","Submitted","Sun May 31 13:24:03 PDT 2020","Sun May 31 13:27:01 PDT 2020","Wed Jun 03 13:27:01 PDT 2020","","","","178","0% (0/0)","0% (0/0)","0% (0/0)","vj1renr6km2k97g9sqay"
"37M4O367VJINQW25QVCRBI6OC6D5M5","34NBII25NZIOGJLGY73HHZ47TJY2JF","Reading a passage and responding to questions","You will read a short passage about a person, then answer questions related to the passage.","sentences, decisions, language","$0.40","Sun May 31 13:19:33 PDT 2020","352","BatchId:4061375;OriginalHitTemplateId:920937340;","7200","259200","Sun May 31 17:19:33 PDT 2020","","","3P1L2B7AD1PRE8OWL0CC8VN8WQ2LOQ","AI1NHBHQ3CFMY","Submitted","Sun May 31 15:05:34 PDT 2020","Sun May 31 15:05:41 PDT 2020","Wed Jun 03 15:05:41 PDT 2020","","","","7","0% (0/0)","0% (0/0)","0% (0/0)","6n8vpxxxnb9b419xsr7o"
"37M4O367VJINQW25QVCRBI6OC6D5M5","34NBII25NZIOGJLGY73HHZ47TJY2JF","Reading a passage and responding to questions","You will read a short passage about a person, then answer questions related to the passage.","sentences, decisions, language","$0.40","Sun May 31 13:19:33 PDT 2020","352","BatchId:4061375;OriginalHitTemplateId:920937340;","7200","259200","Sun May 31 17:19:33 PDT 2020","","","3PS7W85Z8Z2CQYSVSKVLXW20V48T9T","A2WYQJ4NPRM45U","Submitted","Sun May 31 16:36:30 PDT 2020","Sun May 31 17:22:07 PDT 2020","Wed Jun 03 17:22:07 PDT 2020","","","","2737","0% (0/0)","0% (0/0)","0% (0/0)","h1uwcrgllvz7z5shysd0"
"37M4O367VJINQW25QVCRBI6OC6D5M5","34NBII25NZIOGJLGY73HHZ47TJY2JF","Reading a passage and responding to questions","You will read a short passage about a person, then answer questions related to the passage.","sentences, decisions, language","$0.40","Sun May 31 13:19:33 PDT 2020","352","BatchId:4061375;OriginalHitTemplateId:920937340;","7200","259200","Sun May 31 17:19:33 PDT 2020","","","3PXX5PX6LXYQZV8JK4I0TX7YVEEABL","A1MAS1Q98M3AAX","Submitted","Sun May 31 13:26:43 PDT 2020","Sun May 31 13:41:43 PDT 2020","Wed Jun 03 13:41:43 PDT 2020","","","","900","0% (0/0)","0% (0/0)","0% (0/0)","96hr2gngsyshe20xxu7s"
"37M4O367VJINQW25QVCRBI6OC6D5M5","34NBII25NZIOGJLGY73HHZ47TJY2JF","Reading a passage and responding to questions","You will read a short passage about a person, then answer questions related to the passage.","sentences, decisions, language","$0.40","Sun May 31 13:19:33 PDT 2020","352","BatchId:4061375;OriginalHitTemplateId:920937340;","7200","259200","Sun May 31 17:19:33 PDT 2020","","","3QECW5O0KH1TPBQJPUI4LGXY98P5TE","A2FQOFCDI1DBUJ","Submitted","Sun May 31 16:19:55 PDT 2020","Sun May 31 16:34:32 PDT 2020","Wed Jun 03 16:34:32 PDT 2020","","","","877","0% (0/0)","0% (0/0)","0% (0/0)","2rk1hsw3ckq1fbkhrb47"
"37M4O367VJINQW25QVCRBI6OC6D5M5","34NBII25NZIOGJLGY73HHZ47TJY2JF","Reading a passage and responding to questions","You will read a short passage about a person, then answer questions related to the passage.","sentences, decisions, language","$0.40","Sun May 31 13:19:33 PDT 2020","352","BatchId:4061375;OriginalHitTemplateId:920937340;","7200","259200","Sun May 31 17:19:33 PDT 2020","","","3RKNTXVS3MY6EWNA5P8DLJ1SLMXA4F","A40RVQ1WZUR3G","Submitted","Sun May 31 13:25:43 PDT 2020","Sun May 31 13:31:47 PDT 2020","Wed Jun 03 13:31:47 PDT 2020","","","","364","0% (0/0)","0% (0/0)","0% (0/0)","n59xzvws56btadyop1vr"
"37M4O367VJINQW25QVCRBI6OC6D5M5","34NBII25NZIOGJLGY73HHZ47TJY2JF","Reading a passage and responding to questions","You will read a short passage about a person, then answer questions related to the passage.","sentences, decisions, language","$0.40","Sun May 31 13:19:33 PDT 2020","352","BatchId:4061375;OriginalHitTemplateId:920937340;","7200","259200","Sun May 31 17:19:33 PDT 2020","","","3RXPCZQMQPBQWO3U47HLJ75S7Y1G1N","A2UMLFMF60AX21","Submitted","Sun May 31 13:52:10 PDT 2020","Sun May 31 15:23:12 PDT 2020","Wed Jun 03 15:23:12 PDT 2020","","","","5462","100% (1/1)","0% (0/0)","0% (0/0)","370ogp5j047cmtb2jzn4"
"37M4O367VJINQW25QVCRBI6OC6D5M5","34NBII25NZIOGJLGY73HHZ47TJY2JF","Reading a passage and responding to questions","You will read a short passage about a person, then answer questions related to the passage.","sentences, decisions, language","$0.40","Sun May 31 13:19:33 PDT 2020","352","BatchId:4061375;OriginalHitTemplateId:920937340;","7200","259200","Sun May 31 17:19:33 PDT 2020","","","3SKRO2GZ71RVYAZDUY20HZXLEEGK1Q","A34GH8VX3QZC75","Submitted","Sun May 31 13:20:23 PDT 2020","Sun May 31 13:29:02 PDT 2020","Wed Jun 03 13:29:02 PDT 2020","","","","519","0% (0/0)","0% (0/0)","0% (0/0)","sgsvg0nw09gzvrhwb7yf"
"37M4O367VJINQW25QVCRBI6OC6D5M5","34NBII25NZIOGJLGY73HHZ47TJY2JF","Reading a passage and responding to questions","You will read a short passage about a person, then answer questions related to the passage.","sentences, decisions, language","$0.40","Sun May 31 13:19:33 PDT 2020","352","BatchId:4061375;OriginalHitTemplateId:920937340;","7200","259200","Sun May 31 17:19:33 PDT 2020","","","3SKRO2GZ71RVYAZDUY20HZXLEFTK15","ABPTNAY2YXA01","Submitted","Sun May 31 16:29:28 PDT 2020","Sun May 31 16:34:38 PDT 2020","Wed Jun 03 16:34:38 PDT 2020","","","","310","0% (0/0)","0% (0/0)","0% (0/0)","jak2yd18vv4obfub6kbp"
"37M4O367VJINQW25QVCRBI6OC6D5M5","34NBII25NZIOGJLGY73HHZ47TJY2JF","Reading a passage and responding to questions","You will read a short passage about a person, then answer questions related to the passage.","sentences, decisions, language","$0.40","Sun May 31 13:19:33 PDT 2020","352","BatchId:4061375;OriginalHitTemplateId:920937340;","7200","259200","Sun May 31 17:19:33 PDT 2020","","","3SNVL38CI4SFLD9BAVRKYVGCIB8CK9","A27E6HBQJ3YFWY","Submitted","Sun May 31 13:23:06 PDT 2020","Sun May 31 13:28:55 PDT 2020","Wed Jun 03 13:28:55 PDT 2020","","","","349","100% (1/1)","0% (0/0)","0% (0/0)","uk28hfl1e133bzm528nb"
"37M4O367VJINQW25QVCRBI6OC6D5M5","34NBII25NZIOGJLGY73HHZ47TJY2JF","Reading a passage and responding to questions","You will read a short passage about a person, then answer questions related to the passage.","sentences, decisions, language","$0.40","Sun May 31 13:19:33 PDT 2020","352","BatchId:4061375;OriginalHitTemplateId:920937340;","7200","259200","Sun May 31 17:19:33 PDT 2020","","","3TK8OJTYM1LCVDCRE4RXK4Q0XT7PV1","A3J9EHZQ9PERAX","Submitted","Sun May 31 16:54:46 PDT 2020","Sun May 31 17:02:55 PDT 2020","Wed Jun 03 17:02:55 PDT 2020","","","","489","0% (0/0)","0% (0/0)","0% (0/0)","chj7g7m33grmkdpe9pdr"
"37M4O367VJINQW25QVCRBI6OC6D5M5","34NBII25NZIOGJLGY73HHZ47TJY2JF","Reading a passage and responding to questions","You will read a short passage about a person, then answer questions related to the passage.","sentences, decisions, language","$0.40","Sun May 31 13:19:33 PDT 2020","352","BatchId:4061375;OriginalHitTemplateId:920937340;","7200","259200","Sun May 31 17:19:33 PDT 2020","","","3TPWUS5F8916GD3SZ9ANM6A75JSCWI","A3SOJWB6AZWZV9","Submitted","Sun May 31 16:10:42 PDT 2020","Sun May 31 16:14:15 PDT 2020","Wed Jun 03 16:14:15 PDT 2020","","","","213","0% (0/0)","0% (0/0)","0% (0/0)","on3uo0ayv9lpbv0ymwtr"
"37M4O367VJINQW25QVCRBI6OC6D5M5","34NBII25NZIOGJLGY73HHZ47TJY2JF","Reading a passage and responding to questions","You will read a short passage about a person, then answer questions related to the passage.","sentences, decisions, language","$0.40","Sun May 31 13:19:33 PDT 2020","352","BatchId:4061375;OriginalHitTemplateId:920937340;","7200","259200","Sun May 31 17:19:33 PDT 2020","","","3TR2532VIPUVUCUSIJE5BGOP71YJ6S","A3JKT80ST6DQQD","Submitted","Sun May 31 13:54:22 PDT 2020","Sun May 31 13:59:22 PDT 2020","Wed Jun 03 13:59:22 PDT 2020","","","","300","0% (0/0)","0% (0/0)","0% (0/0)","gbg2jr193jf0ppk3qv6d"
"37M4O367VJINQW25QVCRBI6OC6D5M5","34NBII25NZIOGJLGY73HHZ47TJY2JF","Reading a passage and responding to questions","You will read a short passage about a person, then answer questions related to the passage.","sentences, decisions, language","$0.40","Sun May 31 13:19:33 PDT 2020","352","BatchId:4061375;OriginalHitTemplateId:920937340;","7200","259200","Sun May 31 17:19:33 PDT 2020","","","3TS1AR6UQQEYTAM1I3SC2WWT9517FC","A3IZWL1OLPIFV9","Submitted","Sun May 31 13:44:58 PDT 2020","Sun May 31 13:45:01 PDT 2020","Wed Jun 03 13:45:01 PDT 2020","","","","3","0% (0/0)","0% (0/0)","0% (0/0)","fznlouhxoq3te0b69q8e"
"37M4O367VJINQW25QVCRBI6OC6D5M5","34NBII25NZIOGJLGY73HHZ47TJY2JF","Reading a passage and responding to questions","You will read a short passage about a person, then answer questions related to the passage.","sentences, decisions, language","$0.40","Sun May 31 13:19:33 PDT 2020","352","BatchId:4061375;OriginalHitTemplateId:920937340;","7200","259200","Sun May 31 17:19:33 PDT 2020","","","3U088ZLJVKTMML8CNTH3R586WUM0W4","A1V822SJ3YN6E","Submitted","Sun May 31 14:08:23 PDT 2020","Sun May 31 14:16:22 PDT 2020","Wed Jun 03 14:16:22 PDT 2020","","","","479","0% (0/0)","0% (0/0)","0% (0/0)","qufr4uovlw4eymmq402z"
"37M4O367VJINQW25QVCRBI6OC6D5M5","34NBII25NZIOGJLGY73HHZ47TJY2JF","Reading a passage and responding to questions","You will read a short passage about a person, then answer questions related to the passage.","sentences, decisions, language","$0.40","Sun May 31 13:19:33 PDT 2020","352","BatchId:4061375;OriginalHitTemplateId:920937340;","7200","259200","Sun May 31 17:19:33 PDT 2020","","","3U4J9857OEB8GTALD16GJ658U7A7BV","A4AJ067UEILQC","Submitted","Sun May 31 14:05:04 PDT 2020","Sun May 31 14:11:35 PDT 2020","Wed Jun 03 14:11:35 PDT 2020","","","","391","0% (0/0)","0% (0/0)","0% (0/0)","t2bucwa0mmb99zlakefo"
"37M4O367VJINQW25QVCRBI6OC6D5M5","34NBII25NZIOGJLGY73HHZ47TJY2JF","Reading a passage and responding to questions","You will read a short passage about a person, then answer questions related to the passage.","sentences, decisions, language","$0.40","Sun May 31 13:19:33 PDT 2020","352","BatchId:4061375;OriginalHitTemplateId:920937340;","7200","259200","Sun May 31 17:19:33 PDT 2020","","","3UWN2HHPUY5W00JA4U905S1YY9YSNN","ACTUP9T67FB2W","Submitted","Sun May 31 13:23:12 PDT 2020","Sun May 31 13:26:21 PDT 2020","Wed Jun 03 13:26:21 PDT 2020","","","","189","0% (0/0)","0% (0/0)","0% (0/0)","neo5yz8opww0uv0u9vvn"
"37M4O367VJINQW25QVCRBI6OC6D5M5","34NBII25NZIOGJLGY73HHZ47TJY2JF","Reading a passage and responding to questions","You will read a short passage about a person, then answer questions related to the passage.","sentences, decisions, language","$0.40","Sun May 31 13:19:33 PDT 2020","352","BatchId:4061375;OriginalHitTemplateId:920937340;","7200","259200","Sun May 31 17:19:33 PDT 2020","","","3UXUOQ9OKEX3XJ5T7N6KOVL2CPP7A0","AUDVTXSQQY3Y9","Submitted","Sun May 31 14:04:50 PDT 2020","Sun May 31 14:12:58 PDT 2020","Wed Jun 03 14:12:58 PDT 2020","","","","488","0% (0/0)","0% (0/0)","0% (0/0)","004y9x2ceo2whned8lps"
"37M4O367VJINQW25QVCRBI6OC6D5M5","34NBII25NZIOGJLGY73HHZ47TJY2JF","Reading a passage and responding to questions","You will read a short passage about a person, then answer questions related to the passage.","sentences, decisions, language","$0.40","Sun May 31 13:19:33 PDT 2020","352","BatchId:4061375;OriginalHitTemplateId:920937340;","7200","259200","Sun May 31 17:19:33 PDT 2020","","","3X1FV8S5JXR6I0JSBL1AQVC8W2IGVM","A2Z2S1ZSSSNRKS","Submitted","Sun May 31 16:06:04 PDT 2020","Sun May 31 16:11:42 PDT 2020","Wed Jun 03 16:11:42 PDT 2020","","","","338","0% (0/0)","0% (0/0)","0% (0/0)","hd1yfwnnsn0qxkwhbqkh"
"37M4O367VJINQW25QVCRBI6OC6D5M5","34NBII25NZIOGJLGY73HHZ47TJY2JF","Reading a passage and responding to questions","You will read a short passage about a person, then answer questions related to the passage.","sentences, decisions, language","$0.40","Sun May 31 13:19:33 PDT 2020","352","BatchId:4061375;OriginalHitTemplateId:920937340;","7200","259200","Sun May 31 17:19:33 PDT 2020","","","3X4MXAO0BGOAMFSBH60IB19T5JJWRU","A2H0A9JR2ZDR24","Submitted","Sun May 31 13:21:06 PDT 2020","Sun May 31 13:26:44 PDT 2020","Wed Jun 03 13:26:44 PDT 2020","","","","338","0% (0/0)","0% (0/0)","0% (0/0)","4zoa5c1fjl0boqhx8ku2"
"37M4O367VJINQW25QVCRBI6OC6D5M5","34NBII25NZIOGJLGY73HHZ47TJY2JF","Reading a passage and responding to questions","You will read a short passage about a person, then answer questions related to the passage.","sentences, decisions, language","$0.40","Sun May 31 13:19:33 PDT 2020","352","BatchId:4061375;OriginalHitTemplateId:920937340;","7200","259200","Sun May 31 17:19:33 PDT 2020","","","3XM0HYN6NKZVT2Q5JE2NK02EXXRPEG","A217EABA3OH0KL","Submitted","Sun May 31 13:40:39 PDT 2020","Sun May 31 13:49:26 PDT 2020","Wed Jun 03 13:49:26 PDT 2020","","","","527","0% (0/0)","0% (0/0)","0% (0/0)","rtckvpxdxteutp7y44qm"
"37M4O367VJINQW25QVCRBI6OC6D5M5","34NBII25NZIOGJLGY73HHZ47TJY2JF","Reading a passage and responding to questions","You will read a short passage about a person, then answer questions related to the passage.","sentences, decisions, language","$0.40","Sun May 31 13:19:33 PDT 2020","352","BatchId:4061375;OriginalHitTemplateId:920937340;","7200","259200","Sun May 31 17:19:33 PDT 2020","","","3Z2R0DQ0JHEZ1VPZHGRBONULMO0E2L","A22BBAU24IEHPL","Submitted","Sun May 31 13:51:45 PDT 2020","Sun May 31 14:03:37 PDT 2020","Wed Jun 03 14:03:37 PDT 2020","","","","712","0% (0/0)","0% (0/0)","0% (0/0)","ru1tmu329yzk5d1u1j76"
"37M4O367VJINQW25QVCRBI6OC6D5M5","34NBII25NZIOGJLGY73HHZ47TJY2JF","Reading a passage and responding to questions","You will read a short passage about a person, then answer questions related to the passage.","sentences, decisions, language","$0.40","Sun May 31 13:19:33 PDT 2020","352","BatchId:4061375;OriginalHitTemplateId:920937340;","7200","259200","Sun May 31 17:19:33 PDT 2020","","","3Z7EFSHGN9EL5D8I9E69OPOEEKMXCI","A2GVM5KBUNSAMY","Submitted","Sun May 31 13:22:47 PDT 2020","Sun May 31 14:19:14 PDT 2020","Wed Jun 03 14:19:14 PDT 2020","","","","3387","0% (0/0)","0% (0/0)","0% (0/0)","ydgfxr51qgfl1x3lk15p"