"HITId","HITTypeId","Title","Description","Keywords","Reward","CreationTime","MaxAssignments","RequesterAnnotation","AssignmentDurationInSeconds","AutoApprovalDelayInSeconds","Expiration","NumberOfSimilarHITs","LifetimeInSeconds","AssignmentId","WorkerId","AssignmentStatus","AcceptTime","SubmitTime","AutoApprovalTime","ApprovalTime","RejectionTime","RequesterFeedback","WorkTimeInSeconds","LifetimeApprovalRate","Last30DaysApprovalRate","Last7DaysApprovalRate","Answer.surveycode","Approve","Reject"
"3QREJ3J433X62X5NX6FIDUAH8HMLKN","32KI9HN0SH8Q5EEER27HJI3DITGU1K","Reading a passage and responding to questions","You will read a short passage about a person, then answer questions related to the passage.","sentences, decisions, language","$0.40","Fri May 22 14:21:51 PDT 2020","352","BatchId:4049493;OriginalHitTemplateId:920937340;","7200","172800","Fri May 22 18:21:51 PDT 2020","","","3PH3VY7DJLXJO6E2RNUVX4BSD8RZWU","A3W3LV2UA53QK7","Submitted","Fri May 22 14:31:41 PDT 2020","Fri May 22 14:34:28 PDT 2020","Sun May 24 14:34:28 PDT 2020","","","","167","0% (0/0)","0% (0/0)","0% (0/0)","w3fed9dkrxx33b5qxvva"
"3QREJ3J433X62X5NX6FIDUAH8HMLKN","32KI9HN0SH8Q5EEER27HJI3DITGU1K","Reading a passage and responding to questions","You will read a short passage about a person, then answer questions related to the passage.","sentences, decisions, language","$0.40","Fri May 22 14:21:51 PDT 2020","352","BatchId:4049493;OriginalHitTemplateId:920937340;","7200","172800","Fri May 22 18:21:51 PDT 2020","","","3VBEN272MKZQQ82OHQW5F8S1W50GS6","A1PTX4IB9R34LI","Submitted","Fri May 22 14:22:41 PDT 2020","Fri May 22 14:25:45 PDT 2020","Sun May 24 14:25:45 PDT 2020","","","","184","100% (2/2)","0% (0/0)","0% (0/0)","jelpxovma8a5md5f3lnk"
"3QREJ3J433X62X5NX6FIDUAH8HMLKN","32KI9HN0SH8Q5EEER27HJI3DITGU1K","Reading a passage and responding to questions","You will read a short passage about a person, then answer questions related to the passage.","sentences, decisions, language","$0.40","Fri May 22 14:21:51 PDT 2020","352","BatchId:4049493;OriginalHitTemplateId:920937340;","7200","172800","Fri May 22 18:21:51 PDT 2020","","","3FDJT1UU748UMS0WVL4CKPA2P2C5KZ","A1G5EPLJEGL381","Submitted","Fri May 22 14:40:50 PDT 2020","Fri May 22 14:43:57 PDT 2020","Sun May 24 14:43:57 PDT 2020","","","","187","0% (0/0)","0% (0/0)","0% (0/0)","j1j22ol1f1t78wtgt2ya"
"3QREJ3J433X62X5NX6FIDUAH8HMLKN","32KI9HN0SH8Q5EEER27HJI3DITGU1K","Reading a passage and responding to questions","You will read a short passage about a person, then answer questions related to the passage.","sentences, decisions, language","$0.40","Fri May 22 14:21:51 PDT 2020","352","BatchId:4049493;OriginalHitTemplateId:920937340;","7200","172800","Fri May 22 18:21:51 PDT 2020","","","3IFS6Q0HJIJ4MZ8J7EW80K5HBISSIA","AD66HP7KFSKJG","Submitted","Fri May 22 14:25:07 PDT 2020","Fri May 22 14:28:15 PDT 2020","Sun May 24 14:28:15 PDT 2020","","","","188","0% (0/0)","0% (0/0)","0% (0/0)","emd7a7psxk25vl5vm34o"
"3QREJ3J433X62X5NX6FIDUAH8HMLKN","32KI9HN0SH8Q5EEER27HJI3DITGU1K","Reading a passage and responding to questions","You will read a short passage about a person, then answer questions related to the passage.","sentences, decisions, language","$0.40","Fri May 22 14:21:51 PDT 2020","352","BatchId:4049493;OriginalHitTemplateId:920937340;","7200","172800","Fri May 22 18:21:51 PDT 2020","","","3DUZQ9U6SMO985SJ6LVRF9VBJKWSVF","A3CS6E6HNZWDGA","Submitted","Fri May 22 15:21:57 PDT 2020","Fri May 22 15:25:07 PDT 2020","Sun May 24 15:25:07 PDT 2020","","","","190","0% (0/0)","0% (0/0)","0% (0/0)","j3qqp8x8kjakogtyb4pq"
"3QREJ3J433X62X5NX6FIDUAH8HMLKN","32KI9HN0SH8Q5EEER27HJI3DITGU1K","Reading a passage and responding to questions","You will read a short passage about a person, then answer questions related to the passage.","sentences, decisions, language","$0.40","Fri May 22 14:21:51 PDT 2020","352","BatchId:4049493;OriginalHitTemplateId:920937340;","7200","172800","Fri May 22 18:21:51 PDT 2020","","","39K0FND3AHFMIMCGBT897DIS6L8MAR","A2ARBS1CHRQFNL","Submitted","Fri May 22 14:44:30 PDT 2020","Fri May 22 14:47:52 PDT 2020","Sun May 24 14:47:52 PDT 2020","","","","202","0% (0/0)","0% (0/0)","0% (0/0)","drq4d6o3wgs992fk7up5"
"3QREJ3J433X62X5NX6FIDUAH8HMLKN","32KI9HN0SH8Q5EEER27HJI3DITGU1K","Reading a passage and responding to questions","You will read a short passage about a person, then answer questions related to the passage.","sentences, decisions, language","$0.40","Fri May 22 14:21:51 PDT 2020","352","BatchId:4049493;OriginalHitTemplateId:920937340;","7200","172800","Fri May 22 18:21:51 PDT 2020","","","3ZOTGHDK5IBEILJM599DKH13NR2SOG","A3EQZDW1PEH4SC","Submitted","Fri May 22 15:41:52 PDT 2020","Fri May 22 15:45:16 PDT 2020","Sun May 24 15:45:16 PDT 2020","","","","204","0% (0/0)","0% (0/0)","0% (0/0)","j19j4j6qklj8dbnc3fbp"
"3QREJ3J433X62X5NX6FIDUAH8HMLKN","32KI9HN0SH8Q5EEER27HJI3DITGU1K","Reading a passage and responding to questions","You will read a short passage about a person, then answer questions related to the passage.","sentences, decisions, language","$0.40","Fri May 22 14:21:51 PDT 2020","352","BatchId:4049493;OriginalHitTemplateId:920937340;","7200","172800","Fri May 22 18:21:51 PDT 2020","","","3WZ36BJEV3GVER7SQ49HO2XQIC3TBA","A1AB40FAA730OX","Submitted","Fri May 22 16:24:27 PDT 2020","Fri May 22 16:27:57 PDT 2020","Sun May 24 16:27:57 PDT 2020","","","","210","0% (0/0)","0% (0/0)","0% (0/0)","dyxuvllsrwko9nhqypun"
"3QREJ3J433X62X5NX6FIDUAH8HMLKN","32KI9HN0SH8Q5EEER27HJI3DITGU1K","Reading a passage and responding to questions","You will read a short passage about a person, then answer questions related to the passage.","sentences, decisions, language","$0.40","Fri May 22 14:21:51 PDT 2020","352","BatchId:4049493;OriginalHitTemplateId:920937340;","7200","172800","Fri May 22 18:21:51 PDT 2020","","","39O5D9O87TS9PF14PPZLH9ZA6XB3CT","A35D0B238HFOCM","Submitted","Fri May 22 14:34:07 PDT 2020","Fri May 22 14:37:45 PDT 2020","Sun May 24 14:37:45 PDT 2020","","","","218","0% (0/0)","0% (0/0)","0% (0/0)","5hdd7a371wfp8ww0xr0a"
"3QREJ3J433X62X5NX6FIDUAH8HMLKN","32KI9HN0SH8Q5EEER27HJI3DITGU1K","Reading a passage and responding to questions","You will read a short passage about a person, then answer questions related to the passage.","sentences, decisions, language","$0.40","Fri May 22 14:21:51 PDT 2020","352","BatchId:4049493;OriginalHitTemplateId:920937340;","7200","172800","Fri May 22 18:21:51 PDT 2020","","","3W92K5RLWUH823U8UPIJMYLJ516V50","A2T8OTNOQJ1MUL","Submitted","Fri May 22 17:31:31 PDT 2020","Fri May 22 17:35:23 PDT 2020","Sun May 24 17:35:23 PDT 2020","","","","232","0% (0/0)","0% (0/0)","0% (0/0)","o5z3m4qhn8tgrbv52ds9"
"3QREJ3J433X62X5NX6FIDUAH8HMLKN","32KI9HN0SH8Q5EEER27HJI3DITGU1K","Reading a passage and responding to questions","You will read a short passage about a person, then answer questions related to the passage.","sentences, decisions, language","$0.40","Fri May 22 14:21:51 PDT 2020","352","BatchId:4049493;OriginalHitTemplateId:920937340;","7200","172800","Fri May 22 18:21:51 PDT 2020","","","3BEFOD78W6T7GXWZ2SYIUAWSEBBM4F","A2VKWFC65HPX8I","Submitted","Fri May 22 14:36:43 PDT 2020","Fri May 22 14:40:36 PDT 2020","Sun May 24 14:40:36 PDT 2020","","","","233","0% (0/0)","0% (0/0)","0% (0/0)","t76wwxbnx66ad2qa8u0z"
"3QREJ3J433X62X5NX6FIDUAH8HMLKN","32KI9HN0SH8Q5EEER27HJI3DITGU1K","Reading a passage and responding to questions","You will read a short passage about a person, then answer questions related to the passage.","sentences, decisions, language","$0.40","Fri May 22 14:21:51 PDT 2020","352","BatchId:4049493;OriginalHitTemplateId:920937340;","7200","172800","Fri May 22 18:21:51 PDT 2020","","","3BEFOD78W6T7GXWZ2SYIUAWSEBKM4O","ATEYJW6J2ZW7U","Submitted","Fri May 22 15:41:49 PDT 2020","Fri May 22 15:45:48 PDT 2020","Sun May 24 15:45:48 PDT 2020","","","","239","0% (0/0)","0% (0/0)","0% (0/0)","01qxh7wee0klwa98vno8"
"3QREJ3J433X62X5NX6FIDUAH8HMLKN","32KI9HN0SH8Q5EEER27HJI3DITGU1K","Reading a passage and responding to questions","You will read a short passage about a person, then answer questions related to the passage.","sentences, decisions, language","$0.40","Fri May 22 14:21:51 PDT 2020","352","BatchId:4049493;OriginalHitTemplateId:920937340;","7200","172800","Fri May 22 18:21:51 PDT 2020","","","3BWI6RSP7G96NWM5NS86KEBTWBFE77","A101QSMBMHY9SY","Submitted","Fri May 22 15:11:27 PDT 2020","Fri May 22 15:15:41 PDT 2020","Sun May 24 15:15:41 PDT 2020","","","","254","0% (0/0)","0% (0/0)","0% (0/0)","eohxxev5c9n4tdwdehx9"
"3QREJ3J433X62X5NX6FIDUAH8HMLKN","32KI9HN0SH8Q5EEER27HJI3DITGU1K","Reading a passage and responding to questions","You will read a short passage about a person, then answer questions related to the passage.","sentences, decisions, language","$0.40","Fri May 22 14:21:51 PDT 2020","352","BatchId:4049493;OriginalHitTemplateId:920937340;","7200","172800","Fri May 22 18:21:51 PDT 2020","","","3K772S5NP8B3GLSH01UIBR0NAE4HE5","A298JMTHCFKMTQ","Submitted","Fri May 22 14:23:49 PDT 2020","Fri May 22 14:28:10 PDT 2020","Sun May 24 14:28:10 PDT 2020","","","","261","0% (0/0)","0% (0/0)","0% (0/0)","op227hb10ecp4kq697au"
"3QREJ3J433X62X5NX6FIDUAH8HMLKN","32KI9HN0SH8Q5EEER27HJI3DITGU1K","Reading a passage and responding to questions","You will read a short passage about a person, then answer questions related to the passage.","sentences, decisions, language","$0.40","Fri May 22 14:21:51 PDT 2020","352","BatchId:4049493;OriginalHitTemplateId:920937340;","7200","172800","Fri May 22 18:21:51 PDT 2020","","","33ISQZVXPPMX2FXNIIAMAC34CBDCCR","AQ1HK8ZFTK6PQ","Submitted","Fri May 22 17:37:44 PDT 2020","Fri May 22 17:42:33 PDT 2020","Sun May 24 17:42:33 PDT 2020","","","","289","0% (0/0)","0% (0/0)","0% (0/0)","lw0a937k5rq2ue505uxt"
"3QREJ3J433X62X5NX6FIDUAH8HMLKN","32KI9HN0SH8Q5EEER27HJI3DITGU1K","Reading a passage and responding to questions","You will read a short passage about a person, then answer questions related to the passage.","sentences, decisions, language","$0.40","Fri May 22 14:21:51 PDT 2020","352","BatchId:4049493;OriginalHitTemplateId:920937340;","7200","172800","Fri May 22 18:21:51 PDT 2020","","","38F5OAUN5NCI76D7DTGC5H86OR1H7K","A20R9K3NM82YRK","Submitted","Fri May 22 14:29:28 PDT 2020","Fri May 22 14:34:31 PDT 2020","Sun May 24 14:34:31 PDT 2020","","","","303","0% (0/0)","0% (0/0)","0% (0/0)","8dw239p0cchtxtn2pkqc"
"3QREJ3J433X62X5NX6FIDUAH8HMLKN","32KI9HN0SH8Q5EEER27HJI3DITGU1K","Reading a passage and responding to questions","You will read a short passage about a person, then answer questions related to the passage.","sentences, decisions, language","$0.40","Fri May 22 14:21:51 PDT 2020","352","BatchId:4049493;OriginalHitTemplateId:920937340;","7200","172800","Fri May 22 18:21:51 PDT 2020","","","3CFVK00FWLL1P2ISL4QIRV1HAXR6LI","A33KSJDBWWKKQ1","Submitted","Fri May 22 14:34:43 PDT 2020","Fri May 22 14:40:14 PDT 2020","Sun May 24 14:40:14 PDT 2020","","","","331","0% (0/0)","0% (0/0)","0% (0/0)","4t2jqtsdfkw389c3kq9v"
"3QREJ3J433X62X5NX6FIDUAH8HMLKN","32KI9HN0SH8Q5EEER27HJI3DITGU1K","Reading a passage and responding to questions","You will read a short passage about a person, then answer questions related to the passage.","sentences, decisions, language","$0.40","Fri May 22 14:21:51 PDT 2020","352","BatchId:4049493;OriginalHitTemplateId:920937340;","7200","172800","Fri May 22 18:21:51 PDT 2020","","","3HWRJOOET52S6U6XBV6HF57PJPWESY","A2OG3NRQHKS0JY","Submitted","Fri May 22 15:39:04 PDT 2020","Fri May 22 15:44:55 PDT 2020","Sun May 24 15:44:55 PDT 2020","","","","351","0% (0/0)","0% (0/0)","0% (0/0)","7kvpufreoq4ybktm6wsp"
"3QREJ3J433X62X5NX6FIDUAH8HMLKN","32KI9HN0SH8Q5EEER27HJI3DITGU1K","Reading a passage and responding to questions","You will read a short passage about a person, then answer questions related to the passage.","sentences, decisions, language","$0.40","Fri May 22 14:21:51 PDT 2020","352","BatchId:4049493;OriginalHitTemplateId:920937340;","7200","172800","Fri May 22 18:21:51 PDT 2020","","","3R6P78PK7KBR58F36Q1VPDONYOIGTZ","A1TF7X4CLT1UFZ","Submitted","Fri May 22 14:50:31 PDT 2020","Fri May 22 14:57:02 PDT 2020","Sun May 24 14:57:02 PDT 2020","","","","391","0% (0/0)","0% (0/0)","0% (0/0)","zsds86tdlqnezt55c6e9"
"3QREJ3J433X62X5NX6FIDUAH8HMLKN","32KI9HN0SH8Q5EEER27HJI3DITGU1K","Reading a passage and responding to questions","You will read a short passage about a person, then answer questions related to the passage.","sentences, decisions, language","$0.40","Fri May 22 14:21:51 PDT 2020","352","BatchId:4049493;OriginalHitTemplateId:920937340;","7200","172800","Fri May 22 18:21:51 PDT 2020","","","3CCZ6YKWR7JA5WH5RODNUGWME8595E","A39UCF1PPTTUEV","Submitted","Fri May 22 15:18:07 PDT 2020","Fri May 22 15:24:49 PDT 2020","Sun May 24 15:24:49 PDT 2020","","","","402","0% (0/0)","0% (0/0)","0% (0/0)","ks6u2vxezjo2q7gaktoj"
"3QREJ3J433X62X5NX6FIDUAH8HMLKN","32KI9HN0SH8Q5EEER27HJI3DITGU1K","Reading a passage and responding to questions","You will read a short passage about a person, then answer questions related to the passage.","sentences, decisions, language","$0.40","Fri May 22 14:21:51 PDT 2020","352","BatchId:4049493;OriginalHitTemplateId:920937340;","7200","172800","Fri May 22 18:21:51 PDT 2020","","","354P56DE9K37XFRNONSB9VF8X2I7SV","A27VT43UE97H8V","Submitted","Fri May 22 14:26:44 PDT 2020","Fri May 22 14:33:55 PDT 2020","Sun May 24 14:33:55 PDT 2020","","","","431","0% (0/0)","0% (0/0)","0% (0/0)","287z9wgclpbadak0fxte"
"3QREJ3J433X62X5NX6FIDUAH8HMLKN","32KI9HN0SH8Q5EEER27HJI3DITGU1K","Reading a passage and responding to questions","You will read a short passage about a person, then answer questions related to the passage.","sentences, decisions, language","$0.40","Fri May 22 14:21:51 PDT 2020","352","BatchId:4049493;OriginalHitTemplateId:920937340;","7200","172800","Fri May 22 18:21:51 PDT 2020","","","3LRLIPTPEQ9RSYCDQHVTS0QOHGGKAN","A352XJEMFHYGMZ","Submitted","Fri May 22 15:07:03 PDT 2020","Fri May 22 15:14:52 PDT 2020","Sun May 24 15:14:52 PDT 2020","","","","469","0% (0/0)","0% (0/0)","0% (0/0)","l2mel3t1ga86sg6x78jw"
"3QREJ3J433X62X5NX6FIDUAH8HMLKN","32KI9HN0SH8Q5EEER27HJI3DITGU1K","Reading a passage and responding to questions","You will read a short passage about a person, then answer questions related to the passage.","sentences, decisions, language","$0.40","Fri May 22 14:21:51 PDT 2020","352","BatchId:4049493;OriginalHitTemplateId:920937340;","7200","172800","Fri May 22 18:21:51 PDT 2020","","","3JNQLM5FT4MD71ZRY2EF1IK5USQL2H","A2K9NNZQY3MGD3","Submitted","Fri May 22 14:45:24 PDT 2020","Fri May 22 14:53:18 PDT 2020","Sun May 24 14:53:18 PDT 2020","","","","474","0% (0/0)","0% (0/0)","0% (0/0)","5sn6yhwmjt1xjwc3btal"
"3QREJ3J433X62X5NX6FIDUAH8HMLKN","32KI9HN0SH8Q5EEER27HJI3DITGU1K","Reading a passage and responding to questions","You will read a short passage about a person, then answer questions related to the passage.","sentences, decisions, language","$0.40","Fri May 22 14:21:51 PDT 2020","352","BatchId:4049493;OriginalHitTemplateId:920937340;","7200","172800","Fri May 22 18:21:51 PDT 2020","","","339ANSOTR526YGVB25N69YE7UOGKIM","A11INQI3APWT5P","Submitted","Fri May 22 14:32:09 PDT 2020","Fri May 22 14:40:14 PDT 2020","Sun May 24 14:40:14 PDT 2020","","","","485","0% (0/0)","0% (0/0)","0% (0/0)","qf0z33kvhm91p926wf1v"
"3QREJ3J433X62X5NX6FIDUAH8HMLKN","32KI9HN0SH8Q5EEER27HJI3DITGU1K","Reading a passage and responding to questions","You will read a short passage about a person, then answer questions related to the passage.","sentences, decisions, language","$0.40","Fri May 22 14:21:51 PDT 2020","352","BatchId:4049493;OriginalHitTemplateId:920937340;","7200","172800","Fri May 22 18:21:51 PDT 2020","","","3TPZPLC3M0CSJ4A8UULR19YH5GZ3PG","A28ULQUEIUK7JU","Submitted","Fri May 22 15:36:42 PDT 2020","Fri May 22 15:44:48 PDT 2020","Sun May 24 15:44:48 PDT 2020","","","","486","0% (0/0)","0% (0/0)","0% (0/0)","owut5nfq8a855v2wml9f"
"3QREJ3J433X62X5NX6FIDUAH8HMLKN","32KI9HN0SH8Q5EEER27HJI3DITGU1K","Reading a passage and responding to questions","You will read a short passage about a person, then answer questions related to the passage.","sentences, decisions, language","$0.40","Fri May 22 14:21:51 PDT 2020","352","BatchId:4049493;OriginalHitTemplateId:920937340;","7200","172800","Fri May 22 18:21:51 PDT 2020","","","3B3WTRP3DB2I6ZYI95BPW9TAUZO29I","A2VB2MZFRO7VN5","Submitted","Fri May 22 16:27:38 PDT 2020","Fri May 22 16:35:45 PDT 2020","Sun May 24 16:35:45 PDT 2020","","","","487","0% (0/0)","0% (0/0)","0% (0/0)","a1wyza7o8g4wzs4d76zp"
"3QREJ3J433X62X5NX6FIDUAH8HMLKN","32KI9HN0SH8Q5EEER27HJI3DITGU1K","Reading a passage and responding to questions","You will read a short passage about a person, then answer questions related to the passage.","sentences, decisions, language","$0.40","Fri May 22 14:21:51 PDT 2020","352","BatchId:4049493;OriginalHitTemplateId:920937340;","7200","172800","Fri May 22 18:21:51 PDT 2020","","","3OS46CRSLFZ4L7UMZ8SOE4ZJ1WBV6A","A1YY3Z8J1MJJGG","Submitted","Fri May 22 16:48:34 PDT 2020","Fri May 22 16:57:02 PDT 2020","Sun May 24 16:57:02 PDT 2020","","","","508","0% (0/0)","0% (0/0)","0% (0/0)","5xm1z4vljqj4jx57kwlo"
"3QREJ3J433X62X5NX6FIDUAH8HMLKN","32KI9HN0SH8Q5EEER27HJI3DITGU1K","Reading a passage and responding to questions","You will read a short passage about a person, then answer questions related to the passage.","sentences, decisions, language","$0.40","Fri May 22 14:21:51 PDT 2020","352","BatchId:4049493;OriginalHitTemplateId:920937340;","7200","172800","Fri May 22 18:21:51 PDT 2020","","","3IAS3U3I0FG1USDF7PPLNFO0IYA2B9","AY0758IITCGOZ","Submitted","Fri May 22 14:26:07 PDT 2020","Fri May 22 14:34:53 PDT 2020","Sun May 24 14:34:53 PDT 2020","","","","526","100% (1/1)","0% (0/0)","0% (0/0)","ank1xb0yrufs74gr7ce7"
"3QREJ3J433X62X5NX6FIDUAH8HMLKN","32KI9HN0SH8Q5EEER27HJI3DITGU1K","Reading a passage and responding to questions","You will read a short passage about a person, then answer questions related to the passage.","sentences, decisions, language","$0.40","Fri May 22 14:21:51 PDT 2020","352","BatchId:4049493;OriginalHitTemplateId:920937340;","7200","172800","Fri May 22 18:21:51 PDT 2020","","","3K9FOBBF2HJ9WNOKKLCZT6N35NFNL8","A3415FKWLN1BEM","Submitted","Fri May 22 14:34:56 PDT 2020","Fri May 22 14:43:42 PDT 2020","Sun May 24 14:43:42 PDT 2020","","","","526","0% (0/0)","0% (0/0)","0% (0/0)","j9bwgj8qo0vosljjbkag"
"3QREJ3J433X62X5NX6FIDUAH8HMLKN","32KI9HN0SH8Q5EEER27HJI3DITGU1K","Reading a passage and responding to questions","You will read a short passage about a person, then answer questions related to the passage.","sentences, decisions, language","$0.40","Fri May 22 14:21:51 PDT 2020","352","BatchId:4049493;OriginalHitTemplateId:920937340;","7200","172800","Fri May 22 18:21:51 PDT 2020","","","3FFJ6VRIL1O4LQO7YCDOQEZYGRP0ID","A3R98EUOF1B2M1","Submitted","Fri May 22 16:08:41 PDT 2020","Fri May 22 16:17:50 PDT 2020","Sun May 24 16:17:50 PDT 2020","","","","549","0% (0/0)","0% (0/0)","0% (0/0)","no code provided I have a screen shot I can send you showing no code given.  MTurk ID A3R98EUOF1B2M1"
"3QREJ3J433X62X5NX6FIDUAH8HMLKN","32KI9HN0SH8Q5EEER27HJI3DITGU1K","Reading a passage and responding to questions","You will read a short passage about a person, then answer questions related to the passage.","sentences, decisions, language","$0.40","Fri May 22 14:21:51 PDT 2020","352","BatchId:4049493;OriginalHitTemplateId:920937340;","7200","172800","Fri May 22 18:21:51 PDT 2020","","","3ZPBJO59KP1YOFEH46JY59I2A27DHC","A367QJ0PT161DX","Submitted","Fri May 22 14:49:20 PDT 2020","Fri May 22 14:58:59 PDT 2020","Sun May 24 14:58:59 PDT 2020","","","","579","0% (0/0)","0% (0/0)","0% (0/0)","s1tunmr86290vafm9jdn"
"3QREJ3J433X62X5NX6FIDUAH8HMLKN","32KI9HN0SH8Q5EEER27HJI3DITGU1K","Reading a passage and responding to questions","You will read a short passage about a person, then answer questions related to the passage.","sentences, decisions, language","$0.40","Fri May 22 14:21:51 PDT 2020","352","BatchId:4049493;OriginalHitTemplateId:920937340;","7200","172800","Fri May 22 18:21:51 PDT 2020","","","3IXQG4FA2TYCUCYESY40X2WEO52B9U","A2UA4JVM1QTTBE","Submitted","Fri May 22 16:36:45 PDT 2020","Fri May 22 16:47:06 PDT 2020","Sun May 24 16:47:06 PDT 2020","","","","621","0% (0/0)","0% (0/0)","0% (0/0)","d1sclo42rtj5ynj8kmu6"
"3QREJ3J433X62X5NX6FIDUAH8HMLKN","32KI9HN0SH8Q5EEER27HJI3DITGU1K","Reading a passage and responding to questions","You will read a short passage about a person, then answer questions related to the passage.","sentences, decisions, language","$0.40","Fri May 22 14:21:51 PDT 2020","352","BatchId:4049493;OriginalHitTemplateId:920937340;","7200","172800","Fri May 22 18:21:51 PDT 2020","","","3PWWM24LHSYISUF84D5BWDYZASP82G","A31DX0CEHSUSNR","Submitted","Fri May 22 14:27:22 PDT 2020","Fri May 22 14:39:18 PDT 2020","Sun May 24 14:39:18 PDT 2020","","","","716","0% (0/0)","0% (0/0)","0% (0/0)","sbm75ssw38mxlljug29g"
"3QREJ3J433X62X5NX6FIDUAH8HMLKN","32KI9HN0SH8Q5EEER27HJI3DITGU1K","Reading a passage and responding to questions","You will read a short passage about a person, then answer questions related to the passage.","sentences, decisions, language","$0.40","Fri May 22 14:21:51 PDT 2020","352","BatchId:4049493;OriginalHitTemplateId:920937340;","7200","172800","Fri May 22 18:21:51 PDT 2020","","","32Q90QCQ1SLUIBTP6MXFOJGF2V9KED","A1UIBDMC1LBJ5X","Submitted","Fri May 22 14:32:04 PDT 2020","Fri May 22 14:45:16 PDT 2020","Sun May 24 14:45:16 PDT 2020","","","","792","0% (0/0)","0% (0/0)","0% (0/0)","y674xkhbb4nupjeb4p4u"
"3QREJ3J433X62X5NX6FIDUAH8HMLKN","32KI9HN0SH8Q5EEER27HJI3DITGU1K","Reading a passage and responding to questions","You will read a short passage about a person, then answer questions related to the passage.","sentences, decisions, language","$0.40","Fri May 22 14:21:51 PDT 2020","352","BatchId:4049493;OriginalHitTemplateId:920937340;","7200","172800","Fri May 22 18:21:51 PDT 2020","","","39DD6S19JPBP76SB6N0PBY4S64LZED","A240NCWJHBKSJ8","Submitted","Fri May 22 14:25:27 PDT 2020","Fri May 22 14:38:56 PDT 2020","Sun May 24 14:38:56 PDT 2020","","","","809","0% (0/0)","0% (0/0)","0% (0/0)","kg9hm5p8q9e27x6o15y4"
"3QREJ3J433X62X5NX6FIDUAH8HMLKN","32KI9HN0SH8Q5EEER27HJI3DITGU1K","Reading a passage and responding to questions","You will read a short passage about a person, then answer questions related to the passage.","sentences, decisions, language","$0.40","Fri May 22 14:21:51 PDT 2020","352","BatchId:4049493;OriginalHitTemplateId:920937340;","7200","172800","Fri May 22 18:21:51 PDT 2020","","","3GM6G9ZBKNXRXIBPHTZQ2I8KUBJMT4","ARJUW4XQOJNJR","Submitted","Fri May 22 17:55:33 PDT 2020","Fri May 22 18:11:05 PDT 2020","Sun May 24 18:11:05 PDT 2020","","","","932","0% (0/0)","0% (0/0)","0% (0/0)","0534yky6zuwsmn800fjo"
"3QREJ3J433X62X5NX6FIDUAH8HMLKN","32KI9HN0SH8Q5EEER27HJI3DITGU1K","Reading a passage and responding to questions","You will read a short passage about a person, then answer questions related to the passage.","sentences, decisions, language","$0.40","Fri May 22 14:21:51 PDT 2020","352","BatchId:4049493;OriginalHitTemplateId:920937340;","7200","172800","Fri May 22 18:21:51 PDT 2020","","","3RWE2M8QWHAWZRZYVSQGVMVF2P3N0Y","A3EG4YIV3NEDTV","Submitted","Fri May 22 14:23:56 PDT 2020","Fri May 22 14:39:39 PDT 2020","Sun May 24 14:39:39 PDT 2020","","","","943","0% (0/0)","0% (0/0)","0% (0/0)","zfepk59zeobsa5lquvs9"
"3QREJ3J433X62X5NX6FIDUAH8HMLKN","32KI9HN0SH8Q5EEER27HJI3DITGU1K","Reading a passage and responding to questions","You will read a short passage about a person, then answer questions related to the passage.","sentences, decisions, language","$0.40","Fri May 22 14:21:51 PDT 2020","352","BatchId:4049493;OriginalHitTemplateId:920937340;","7200","172800","Fri May 22 18:21:51 PDT 2020","","","32EYX73OY09XUB36M6LHTDOWJBWRUT","AR8DD9WD19531","Submitted","Fri May 22 14:23:06 PDT 2020","Fri May 22 14:39:31 PDT 2020","Sun May 24 14:39:31 PDT 2020","","","","985","0% (0/0)","0% (0/0)","0% (0/0)","nww6cws9oad9nzdu6ou5"
"3QREJ3J433X62X5NX6FIDUAH8HMLKN","32KI9HN0SH8Q5EEER27HJI3DITGU1K","Reading a passage and responding to questions","You will read a short passage about a person, then answer questions related to the passage.","sentences, decisions, language","$0.40","Fri May 22 14:21:51 PDT 2020","352","BatchId:4049493;OriginalHitTemplateId:920937340;","7200","172800","Fri May 22 18:21:51 PDT 2020","","","3M0NZ3JDP1YPBNZIVM7M74YFTBQ5ZM","A1IFFW27BDO8LY","Submitted","Fri May 22 14:48:30 PDT 2020","Fri May 22 15:08:48 PDT 2020","Sun May 24 15:08:48 PDT 2020","","","","1218","0% (0/0)","0% (0/0)","0% (0/0)","qfdsbgg8mr44qc9rloj4"
"3QREJ3J433X62X5NX6FIDUAH8HMLKN","32KI9HN0SH8Q5EEER27HJI3DITGU1K","Reading a passage and responding to questions","You will read a short passage about a person, then answer questions related to the passage.","sentences, decisions, language","$0.40","Fri May 22 14:21:51 PDT 2020","352","BatchId:4049493;OriginalHitTemplateId:920937340;","7200","172800","Fri May 22 18:21:51 PDT 2020","","","323Q6SJS8IGVMZSDVCEOT9LNMFKFHM","A1SV3WXUNAS8BX","Submitted","Fri May 22 14:26:37 PDT 2020","Fri May 22 14:50:37 PDT 2020","Sun May 24 14:50:37 PDT 2020","","","","1440","0% (0/0)","0% (0/0)","0% (0/0)","urnuqo4w5hcqngf9pfgx"
"3QREJ3J433X62X5NX6FIDUAH8HMLKN","32KI9HN0SH8Q5EEER27HJI3DITGU1K","Reading a passage and responding to questions","You will read a short passage about a person, then answer questions related to the passage.","sentences, decisions, language","$0.40","Fri May 22 14:21:51 PDT 2020","352","BatchId:4049493;OriginalHitTemplateId:920937340;","7200","172800","Fri May 22 18:21:51 PDT 2020","","","3G0WWMR1UVKKNK4XCQKVASMXFTDQNB","A2NVNUMJS0GRBC","Submitted","Fri May 22 15:49:23 PDT 2020","Fri May 22 16:16:02 PDT 2020","Sun May 24 16:16:02 PDT 2020","","","","1599","0% (0/0)","0% (0/0)","0% (0/0)","08q1xxcejqwywbkfdypa"
"3QREJ3J433X62X5NX6FIDUAH8HMLKN","32KI9HN0SH8Q5EEER27HJI3DITGU1K","Reading a passage and responding to questions","You will read a short passage about a person, then answer questions related to the passage.","sentences, decisions, language","$0.40","Fri May 22 14:21:51 PDT 2020","352","BatchId:4049493;OriginalHitTemplateId:920937340;","7200","172800","Fri May 22 18:21:51 PDT 2020","","","3KV0LJBBH2LEH3YXD4UV23726PURM2","A18KVIUA4CKFSG","Submitted","Fri May 22 14:30:58 PDT 2020","Fri May 22 15:03:01 PDT 2020","Sun May 24 15:03:01 PDT 2020","","","","1923","0% (0/0)","0% (0/0)","0% (0/0)","t1x8luk561l87owv9vq2"
"3QREJ3J433X62X5NX6FIDUAH8HMLKN","32KI9HN0SH8Q5EEER27HJI3DITGU1K","Reading a passage and responding to questions","You will read a short passage about a person, then answer questions related to the passage.","sentences, decisions, language","$0.40","Fri May 22 14:21:51 PDT 2020","352","BatchId:4049493;OriginalHitTemplateId:920937340;","7200","172800","Fri May 22 18:21:51 PDT 2020","","","3PPTZCWALQKE49IGFEVP5FT6P7GZQW","A1XRIEYLA7ZJ3B","Submitted","Fri May 22 15:15:30 PDT 2020","Fri May 22 15:49:06 PDT 2020","Sun May 24 15:49:06 PDT 2020","","","","2016","0% (0/0)","0% (0/0)","0% (0/0)","3o5pu8fyhyp4x4w2f2lk"
"3QREJ3J433X62X5NX6FIDUAH8HMLKN","32KI9HN0SH8Q5EEER27HJI3DITGU1K","Reading a passage and responding to questions","You will read a short passage about a person, then answer questions related to the passage.","sentences, decisions, language","$0.40","Fri May 22 14:21:51 PDT 2020","352","BatchId:4049493;OriginalHitTemplateId:920937340;","7200","172800","Fri May 22 18:21:51 PDT 2020","","","3UXUOQ9OKEX3XJ5T7N6KOVL2BWB7AZ","AEOVYZ83Q3GX4","Submitted","Fri May 22 14:25:50 PDT 2020","Fri May 22 15:05:05 PDT 2020","Sun May 24 15:05:05 PDT 2020","","","","2355","0% (0/0)","0% (0/0)","0% (0/0)","3w7yw3ngcdkov3bem13t"
"3QREJ3J433X62X5NX6FIDUAH8HMLKN","32KI9HN0SH8Q5EEER27HJI3DITGU1K","Reading a passage and responding to questions","You will read a short passage about a person, then answer questions related to the passage.","sentences, decisions, language","$0.40","Fri May 22 14:21:51 PDT 2020","352","BatchId:4049493;OriginalHitTemplateId:920937340;","7200","172800","Fri May 22 18:21:51 PDT 2020","","","3FIJLY1B6U4NZGQ1EPMT2INE860FPX","A3TZ2G8WCPEUF1","Submitted","Fri May 22 15:14:46 PDT 2020","Fri May 22 16:01:49 PDT 2020","Sun May 24 16:01:49 PDT 2020","","","","2823","0% (0/0)","0% (0/0)","0% (0/0)","dsy9rfh22vxo3qq46cbf"
"3QREJ3J433X62X5NX6FIDUAH8HMLKN","32KI9HN0SH8Q5EEER27HJI3DITGU1K","Reading a passage and responding to questions","You will read a short passage about a person, then answer questions related to the passage.","sentences, decisions, language","$0.40","Fri May 22 14:21:51 PDT 2020","352","BatchId:4049493;OriginalHitTemplateId:920937340;","7200","172800","Fri May 22 18:21:51 PDT 2020","","","32XVDSJFPZXXDJHCYEFU1VZUUY5M2B","A10WRBLV9NMNH9","Submitted","Fri May 22 17:44:52 PDT 2020","Fri May 22 18:34:22 PDT 2020","Sun May 24 18:34:22 PDT 2020","","","","2970","0% (0/0)","0% (0/0)","0% (0/0)","zrdbmzza32l8z7dxcaky"
"3QREJ3J433X62X5NX6FIDUAH8HMLKN","32KI9HN0SH8Q5EEER27HJI3DITGU1K","Reading a passage and responding to questions","You will read a short passage about a person, then answer questions related to the passage.","sentences, decisions, language","$0.40","Fri May 22 14:21:51 PDT 2020","352","BatchId:4049493;OriginalHitTemplateId:920937340;","7200","172800","Fri May 22 18:21:51 PDT 2020","","","3TEM0PF1Q5XNDF8L6YCDZHJLOL70DZ","A8IUSGYNYVUNR","Submitted","Fri May 22 15:01:41 PDT 2020","Fri May 22 16:01:15 PDT 2020","Sun May 24 16:01:15 PDT 2020","","","","3574","0% (0/0)","0% (0/0)","0% (0/0)","2rqgl22nfxq3rlnx4hfa"
"3QREJ3J433X62X5NX6FIDUAH8HMLKN","32KI9HN0SH8Q5EEER27HJI3DITGU1K","Reading a passage and responding to questions","You will read a short passage about a person, then answer questions related to the passage.","sentences, decisions, language","$0.40","Fri May 22 14:21:51 PDT 2020","352","BatchId:4049493;OriginalHitTemplateId:920937340;","7200","172800","Fri May 22 18:21:51 PDT 2020","","","3VNL7UK1XFJLR8J8V6VD7SOBX9GTFB","A3OVPHFC80TL0W","Submitted","Fri May 22 14:41:18 PDT 2020","Fri May 22 16:22:36 PDT 2020","Sun May 24 16:22:36 PDT 2020","","","","6078","0% (0/0)","0% (0/0)","0% (0/0)","duvvn6eupq8k1hk6kq4o"
"3QREJ3J433X62X5NX6FIDUAH8HMLKN","32KI9HN0SH8Q5EEER27HJI3DITGU1K","Reading a passage and responding to questions","You will read a short passage about a person, then answer questions related to the passage.","sentences, decisions, language","$0.40","Fri May 22 14:21:51 PDT 2020","352","BatchId:4049493;OriginalHitTemplateId:920937340;","7200","172800","Fri May 22 18:21:51 PDT 2020","","","3KV0LJBBH2LEH3YXD4UV23726PTRM1","AA3240MSZNQIZ","Submitted","Fri May 22 14:22:49 PDT 2020","Fri May 22 16:04:20 PDT 2020","Sun May 24 16:04:20 PDT 2020","","","","6091","0% (0/0)","0% (0/0)","0% (0/0)","4ym0a7h3ndqtx249cmne"