"HITId","HITTypeId","Title","Description","Keywords","Reward","CreationTime","MaxAssignments","RequesterAnnotation","AssignmentDurationInSeconds","AutoApprovalDelayInSeconds","Expiration","NumberOfSimilarHITs","LifetimeInSeconds","AssignmentId","WorkerId","AssignmentStatus","AcceptTime","SubmitTime","AutoApprovalTime","ApprovalTime","RejectionTime","RequesterFeedback","WorkTimeInSeconds","LifetimeApprovalRate","Last30DaysApprovalRate","Last7DaysApprovalRate","Answer.surveycode","Approve","Reject"
"3LG268AV386EJV8Q641B1B6BVHARE5","34NBII25NZIOGJLGY73HHZ47TJY2JF","Reading a passage and responding to questions","You will read a short passage about a person, then answer questions related to the passage.","sentences, decisions, language","$0.40","Wed May 27 06:44:23 PDT 2020","352","BatchId:4055214;OriginalHitTemplateId:920937340;","7200","259200","Wed May 27 10:44:23 PDT 2020","","","3ZQIG0FLQEG2FM9SQQ5SCYYWPDRWVT","A2U98MK2Z7Z1F1","Submitted","Wed May 27 08:03:24 PDT 2020","Wed May 27 08:03:31 PDT 2020","Sat May 30 08:03:31 PDT 2020","","","","7","0% (0/0)","0% (0/0)","0% (0/0)","b76q4z629dk8zog59lhx"
"3LG268AV386EJV8Q641B1B6BVHARE5","34NBII25NZIOGJLGY73HHZ47TJY2JF","Reading a passage and responding to questions","You will read a short passage about a person, then answer questions related to the passage.","sentences, decisions, language","$0.40","Wed May 27 06:44:23 PDT 2020","352","BatchId:4055214;OriginalHitTemplateId:920937340;","7200","259200","Wed May 27 10:44:23 PDT 2020","","","3VAR3R6G1P1WZ14DRB383Q12BDHO8U","A25DHXVNVC0VPW","Submitted","Wed May 27 06:53:02 PDT 2020","Wed May 27 06:54:58 PDT 2020","Sat May 30 06:54:58 PDT 2020","","","","116","100% (1/1)","0% (0/0)","0% (0/0)","r6gaqjaofswj6mcdqrol"
"3LG268AV386EJV8Q641B1B6BVHARE5","34NBII25NZIOGJLGY73HHZ47TJY2JF","Reading a passage and responding to questions","You will read a short passage about a person, then answer questions related to the passage.","sentences, decisions, language","$0.40","Wed May 27 06:44:23 PDT 2020","352","BatchId:4055214;OriginalHitTemplateId:920937340;","7200","259200","Wed May 27 10:44:23 PDT 2020","","","3E47SOBEYQWOFIJNAS68LF1ZPV4CIU","A1BIXDM6PSJOPW","Submitted","Wed May 27 06:55:47 PDT 2020","Wed May 27 06:57:52 PDT 2020","Sat May 30 06:57:52 PDT 2020","","","","125","0% (0/0)","0% (0/0)","0% (0/0)","90kza08ue1m7uwplk6y8"
"3LG268AV386EJV8Q641B1B6BVHARE5","34NBII25NZIOGJLGY73HHZ47TJY2JF","Reading a passage and responding to questions","You will read a short passage about a person, then answer questions related to the passage.","sentences, decisions, language","$0.40","Wed May 27 06:44:23 PDT 2020","352","BatchId:4055214;OriginalHitTemplateId:920937340;","7200","259200","Wed May 27 10:44:23 PDT 2020","","","3P59JYT76LK1QE7W7BG6N9UMOLCT2O","A3LJVOLPL3C37F","Submitted","Wed May 27 07:31:44 PDT 2020","Wed May 27 07:34:22 PDT 2020","Sat May 30 07:34:22 PDT 2020","","","","158","0% (0/0)","0% (0/0)","0% (0/0)","f29es5jkh2qk9xp2c3h6"
"3LG268AV386EJV8Q641B1B6BVHARE5","34NBII25NZIOGJLGY73HHZ47TJY2JF","Reading a passage and responding to questions","You will read a short passage about a person, then answer questions related to the passage.","sentences, decisions, language","$0.40","Wed May 27 06:44:23 PDT 2020","352","BatchId:4055214;OriginalHitTemplateId:920937340;","7200","259200","Wed May 27 10:44:23 PDT 2020","","","3L4PIM1GQTGEBKNBW7I6WYU9FF9RYP","A204J4WHUZUN6S","Submitted","Wed May 27 07:23:28 PDT 2020","Wed May 27 07:26:14 PDT 2020","Sat May 30 07:26:14 PDT 2020","","","","166","0% (0/0)","0% (0/0)","0% (0/0)","9pjy3ohvczw5ovkf2ach"
"3LG268AV386EJV8Q641B1B6BVHARE5","34NBII25NZIOGJLGY73HHZ47TJY2JF","Reading a passage and responding to questions","You will read a short passage about a person, then answer questions related to the passage.","sentences, decisions, language","$0.40","Wed May 27 06:44:23 PDT 2020","352","BatchId:4055214;OriginalHitTemplateId:920937340;","7200","259200","Wed May 27 10:44:23 PDT 2020","","","3HVVDCPGTESRRZ030WN1WDVR300TYY","A2A1FS0KVLJ9ZT","Submitted","Wed May 27 06:47:07 PDT 2020","Wed May 27 06:50:09 PDT 2020","Sat May 30 06:50:09 PDT 2020","","","","182","0% (0/0)","0% (0/0)","0% (0/0)","urowyhvozc5k9quajx1b"
"3LG268AV386EJV8Q641B1B6BVHARE5","34NBII25NZIOGJLGY73HHZ47TJY2JF","Reading a passage and responding to questions","You will read a short passage about a person, then answer questions related to the passage.","sentences, decisions, language","$0.40","Wed May 27 06:44:23 PDT 2020","352","BatchId:4055214;OriginalHitTemplateId:920937340;","7200","259200","Wed May 27 10:44:23 PDT 2020","","","3HPZF4IVNMTA5IYSEASB73VNFE1YCL","A1FLEFIVFT809G","Submitted","Wed May 27 06:55:40 PDT 2020","Wed May 27 06:58:46 PDT 2020","Sat May 30 06:58:46 PDT 2020","","","","186","0% (0/0)","0% (0/0)","0% (0/0)","hyoru85a35uyxmc23qn5"
"3LG268AV386EJV8Q641B1B6BVHARE5","34NBII25NZIOGJLGY73HHZ47TJY2JF","Reading a passage and responding to questions","You will read a short passage about a person, then answer questions related to the passage.","sentences, decisions, language","$0.40","Wed May 27 06:44:23 PDT 2020","352","BatchId:4055214;OriginalHitTemplateId:920937340;","7200","259200","Wed May 27 10:44:23 PDT 2020","","","3X1FV8S5JXR6I0JSBL1AQVC8VQDVG7","A1BFAWAVBF462B","Submitted","Wed May 27 09:24:33 PDT 2020","Wed May 27 09:27:39 PDT 2020","Sat May 30 09:27:39 PDT 2020","","","","186","0% (0/0)","0% (0/0)","0% (0/0)","cynrda4vuhlk9axruety"
"3LG268AV386EJV8Q641B1B6BVHARE5","34NBII25NZIOGJLGY73HHZ47TJY2JF","Reading a passage and responding to questions","You will read a short passage about a person, then answer questions related to the passage.","sentences, decisions, language","$0.40","Wed May 27 06:44:23 PDT 2020","352","BatchId:4055214;OriginalHitTemplateId:920937340;","7200","259200","Wed May 27 10:44:23 PDT 2020","","","3YOH7BII097BKMFB1CMPON41268KVB","A12M2G1YU4TVCI","Submitted","Wed May 27 06:50:57 PDT 2020","Wed May 27 06:54:12 PDT 2020","Sat May 30 06:54:12 PDT 2020","","","","195","0% (0/0)","0% (0/0)","0% (0/0)","ahc5yd008ex82nru2km3"
"3LG268AV386EJV8Q641B1B6BVHARE5","34NBII25NZIOGJLGY73HHZ47TJY2JF","Reading a passage and responding to questions","You will read a short passage about a person, then answer questions related to the passage.","sentences, decisions, language","$0.40","Wed May 27 06:44:23 PDT 2020","352","BatchId:4055214;OriginalHitTemplateId:920937340;","7200","259200","Wed May 27 10:44:23 PDT 2020","","","3P529IW9KYLX8VB3MXTML1EU3CQFLM","A38YLXHJTSE5VD","Submitted","Wed May 27 06:56:30 PDT 2020","Wed May 27 06:59:47 PDT 2020","Sat May 30 06:59:47 PDT 2020","","","","197","0% (0/0)","0% (0/0)","0% (0/0)","u7lyudq8gw5g5vw5rx83"
"3LG268AV386EJV8Q641B1B6BVHARE5","34NBII25NZIOGJLGY73HHZ47TJY2JF","Reading a passage and responding to questions","You will read a short passage about a person, then answer questions related to the passage.","sentences, decisions, language","$0.40","Wed May 27 06:44:23 PDT 2020","352","BatchId:4055214;OriginalHitTemplateId:920937340;","7200","259200","Wed May 27 10:44:23 PDT 2020","","","3WI0P0II61SBD9SK0BVSJDK8XR7RDL","A1HMO9XPRPUPWJ","Submitted","Wed May 27 07:52:12 PDT 2020","Wed May 27 07:55:33 PDT 2020","Sat May 30 07:55:33 PDT 2020","","","","201","0% (0/0)","0% (0/0)","0% (0/0)","jj2s5xkhfmop3pyjx1hb"
"3LG268AV386EJV8Q641B1B6BVHARE5","34NBII25NZIOGJLGY73HHZ47TJY2JF","Reading a passage and responding to questions","You will read a short passage about a person, then answer questions related to the passage.","sentences, decisions, language","$0.40","Wed May 27 06:44:23 PDT 2020","352","BatchId:4055214;OriginalHitTemplateId:920937340;","7200","259200","Wed May 27 10:44:23 PDT 2020","","","3X0H8UUIT1OMNUSOWV0N1BEPQ9MSW9","ALADMO4F1UNQ6","Submitted","Wed May 27 06:47:08 PDT 2020","Wed May 27 06:50:34 PDT 2020","Sat May 30 06:50:34 PDT 2020","","","","206","0% (0/0)","0% (0/0)","0% (0/0)","v1jjstesvw1b6057a9xo"
"3LG268AV386EJV8Q641B1B6BVHARE5","34NBII25NZIOGJLGY73HHZ47TJY2JF","Reading a passage and responding to questions","You will read a short passage about a person, then answer questions related to the passage.","sentences, decisions, language","$0.40","Wed May 27 06:44:23 PDT 2020","352","BatchId:4055214;OriginalHitTemplateId:920937340;","7200","259200","Wed May 27 10:44:23 PDT 2020","","","32Z9ZLUT1LKPSC56UFXEG3U1EWJOHL","A2Y7GHYMNJR6ID","Submitted","Wed May 27 08:15:54 PDT 2020","Wed May 27 08:19:24 PDT 2020","Sat May 30 08:19:24 PDT 2020","","","","210","0% (0/0)","0% (0/0)","0% (0/0)","3s8cpmvjt6kjrknybyc3"
"3LG268AV386EJV8Q641B1B6BVHARE5","34NBII25NZIOGJLGY73HHZ47TJY2JF","Reading a passage and responding to questions","You will read a short passage about a person, then answer questions related to the passage.","sentences, decisions, language","$0.40","Wed May 27 06:44:23 PDT 2020","352","BatchId:4055214;OriginalHitTemplateId:920937340;","7200","259200","Wed May 27 10:44:23 PDT 2020","","","3DUZQ9U6SMO985SJ6LVRF9VBJ00SVF","AFVCELALJ0RDM","Submitted","Wed May 27 08:35:06 PDT 2020","Wed May 27 08:38:36 PDT 2020","Sat May 30 08:38:36 PDT 2020","","","","210","0% (0/0)","0% (0/0)","0% (0/0)","7dq1djth3ks842986ukr"
"3LG268AV386EJV8Q641B1B6BVHARE5","34NBII25NZIOGJLGY73HHZ47TJY2JF","Reading a passage and responding to questions","You will read a short passage about a person, then answer questions related to the passage.","sentences, decisions, language","$0.40","Wed May 27 06:44:23 PDT 2020","352","BatchId:4055214;OriginalHitTemplateId:920937340;","7200","259200","Wed May 27 10:44:23 PDT 2020","","","3KXIR214I4GH9TS6SAFYF1IU8MQ42Y","A2A91NSJ5LMGOT","Submitted","Wed May 27 06:56:36 PDT 2020","Wed May 27 07:00:07 PDT 2020","Sat May 30 07:00:07 PDT 2020","","","","211","0% (0/0)","0% (0/0)","0% (0/0)","bcmrge5ahs5fnq6dg6aw"
"3LG268AV386EJV8Q641B1B6BVHARE5","34NBII25NZIOGJLGY73HHZ47TJY2JF","Reading a passage and responding to questions","You will read a short passage about a person, then answer questions related to the passage.","sentences, decisions, language","$0.40","Wed May 27 06:44:23 PDT 2020","352","BatchId:4055214;OriginalHitTemplateId:920937340;","7200","259200","Wed May 27 10:44:23 PDT 2020","","","3D8YOU6S9EK48S5MUIIJIIX0N4F6U3","AA9A1N3MLWMNF","Submitted","Wed May 27 06:54:08 PDT 2020","Wed May 27 06:57:41 PDT 2020","Sat May 30 06:57:41 PDT 2020","","","","213","0% (0/0)","0% (0/0)","0% (0/0)","3sd7bju0lqb0qv6z9fp7"
"3LG268AV386EJV8Q641B1B6BVHARE5","34NBII25NZIOGJLGY73HHZ47TJY2JF","Reading a passage and responding to questions","You will read a short passage about a person, then answer questions related to the passage.","sentences, decisions, language","$0.40","Wed May 27 06:44:23 PDT 2020","352","BatchId:4055214;OriginalHitTemplateId:920937340;","7200","259200","Wed May 27 10:44:23 PDT 2020","","","3OE22WJIGIOXIAO69RWHONERN5RQUK","A3GO5UCEVYNR34","Submitted","Wed May 27 06:52:08 PDT 2020","Wed May 27 06:55:44 PDT 2020","Sat May 30 06:55:44 PDT 2020","","","","216","0% (0/0)","0% (0/0)","0% (0/0)","kghh5kbbucbp2mndl166"
"3LG268AV386EJV8Q641B1B6BVHARE5","34NBII25NZIOGJLGY73HHZ47TJY2JF","Reading a passage and responding to questions","You will read a short passage about a person, then answer questions related to the passage.","sentences, decisions, language","$0.40","Wed May 27 06:44:23 PDT 2020","352","BatchId:4055214;OriginalHitTemplateId:920937340;","7200","259200","Wed May 27 10:44:23 PDT 2020","","","3OONKJ5DKCJF1Z2KUNNIUSR3JJ3OBU","A1ZX5E8K7GRVXK","Submitted","Wed May 27 06:58:11 PDT 2020","Wed May 27 07:01:58 PDT 2020","Sat May 30 07:01:58 PDT 2020","","","","227","0% (0/0)","0% (0/0)","0% (0/0)","4hwvt83lvo3hjx2kzkod"
"3LG268AV386EJV8Q641B1B6BVHARE5","34NBII25NZIOGJLGY73HHZ47TJY2JF","Reading a passage and responding to questions","You will read a short passage about a person, then answer questions related to the passage.","sentences, decisions, language","$0.40","Wed May 27 06:44:23 PDT 2020","352","BatchId:4055214;OriginalHitTemplateId:920937340;","7200","259200","Wed May 27 10:44:23 PDT 2020","","","3BXQMRHWKZY6XVQEHYP07EUMD44MU3","A2N8P6MK9KQOP1","Submitted","Wed May 27 07:59:33 PDT 2020","Wed May 27 08:03:20 PDT 2020","Sat May 30 08:03:20 PDT 2020","","","","227","0% (0/0)","0% (0/0)","0% (0/0)","43ocwsg8veo9dqcfm131"
"3LG268AV386EJV8Q641B1B6BVHARE5","34NBII25NZIOGJLGY73HHZ47TJY2JF","Reading a passage and responding to questions","You will read a short passage about a person, then answer questions related to the passage.","sentences, decisions, language","$0.40","Wed May 27 06:44:23 PDT 2020","352","BatchId:4055214;OriginalHitTemplateId:920937340;","7200","259200","Wed May 27 10:44:23 PDT 2020","","","3483FV8BEEJVOGWKBY8DCZ284DZ62O","A1DSTGIYWHCVJM","Submitted","Wed May 27 07:13:00 PDT 2020","Wed May 27 07:16:49 PDT 2020","Sat May 30 07:16:49 PDT 2020","","","","229","100% (1/1)","100% (1/1)","100% (1/1)","qw0zfex7a9o2cxld4y22"
"3LG268AV386EJV8Q641B1B6BVHARE5","34NBII25NZIOGJLGY73HHZ47TJY2JF","Reading a passage and responding to questions","You will read a short passage about a person, then answer questions related to the passage.","sentences, decisions, language","$0.40","Wed May 27 06:44:23 PDT 2020","352","BatchId:4055214;OriginalHitTemplateId:920937340;","7200","259200","Wed May 27 10:44:23 PDT 2020","","","37M28K1J0QDWHE6V8WVHRLQB27CJAF","A1PBRKFHSF1OF8","Submitted","Wed May 27 07:22:10 PDT 2020","Wed May 27 07:26:08 PDT 2020","Sat May 30 07:26:08 PDT 2020","","","","238","0% (0/0)","0% (0/0)","0% (0/0)","kx9c0xc4qqxv8z62tzjr"
"3LG268AV386EJV8Q641B1B6BVHARE5","34NBII25NZIOGJLGY73HHZ47TJY2JF","Reading a passage and responding to questions","You will read a short passage about a person, then answer questions related to the passage.","sentences, decisions, language","$0.40","Wed May 27 06:44:23 PDT 2020","352","BatchId:4055214;OriginalHitTemplateId:920937340;","7200","259200","Wed May 27 10:44:23 PDT 2020","","","3RSDURM96AMP2GI6A1Y6XRVQ0QDYED","A2WEZ7ZSLPQT4N","Submitted","Wed May 27 06:50:15 PDT 2020","Wed May 27 06:54:21 PDT 2020","Sat May 30 06:54:21 PDT 2020","","","","246","0% (0/0)","0% (0/0)","0% (0/0)","emyzt5lkb066t16u0udn"
"3LG268AV386EJV8Q641B1B6BVHARE5","34NBII25NZIOGJLGY73HHZ47TJY2JF","Reading a passage and responding to questions","You will read a short passage about a person, then answer questions related to the passage.","sentences, decisions, language","$0.40","Wed May 27 06:44:23 PDT 2020","352","BatchId:4055214;OriginalHitTemplateId:920937340;","7200","259200","Wed May 27 10:44:23 PDT 2020","","","3QECW5O0KH1TPBQJPUI4LGXY8V15TZ","A8KAHM9W43EQO","Submitted","Wed May 27 07:12:41 PDT 2020","Wed May 27 07:16:48 PDT 2020","Sat May 30 07:16:48 PDT 2020","","","","247","0% (0/0)","0% (0/0)","0% (0/0)","jjer1qa4jddepglhghz1"
"3LG268AV386EJV8Q641B1B6BVHARE5","34NBII25NZIOGJLGY73HHZ47TJY2JF","Reading a passage and responding to questions","You will read a short passage about a person, then answer questions related to the passage.","sentences, decisions, language","$0.40","Wed May 27 06:44:23 PDT 2020","352","BatchId:4055214;OriginalHitTemplateId:920937340;","7200","259200","Wed May 27 10:44:23 PDT 2020","","","3CP1TO84PT1Z5CW66FY8KTO88J252N","A3GMHF3ORZ3Z5O","Submitted","Wed May 27 08:54:59 PDT 2020","Wed May 27 08:59:09 PDT 2020","Sat May 30 08:59:09 PDT 2020","","","","250","0% (0/0)","0% (0/0)","0% (0/0)","ey6mv6vdd5v00ys9pb74"
"3LG268AV386EJV8Q641B1B6BVHARE5","34NBII25NZIOGJLGY73HHZ47TJY2JF","Reading a passage and responding to questions","You will read a short passage about a person, then answer questions related to the passage.","sentences, decisions, language","$0.40","Wed May 27 06:44:23 PDT 2020","352","BatchId:4055214;OriginalHitTemplateId:920937340;","7200","259200","Wed May 27 10:44:23 PDT 2020","","","3TUI152ZZBNH9DX873MXDL9UC8SQ1J","A2251X4Z0421VE","Submitted","Wed May 27 06:47:13 PDT 2020","Wed May 27 06:51:31 PDT 2020","Sat May 30 06:51:31 PDT 2020","","","","258","0% (0/0)","0% (0/0)","0% (0/0)","2zad72yl87y16q0e4fmt"
"3LG268AV386EJV8Q641B1B6BVHARE5","34NBII25NZIOGJLGY73HHZ47TJY2JF","Reading a passage and responding to questions","You will read a short passage about a person, then answer questions related to the passage.","sentences, decisions, language","$0.40","Wed May 27 06:44:23 PDT 2020","352","BatchId:4055214;OriginalHitTemplateId:920937340;","7200","259200","Wed May 27 10:44:23 PDT 2020","","","3I7DHKZYGN0J668IUADF4CIXHN85F8","A7R06A0PJLY9F","Submitted","Wed May 27 09:01:23 PDT 2020","Wed May 27 09:05:44 PDT 2020","Sat May 30 09:05:44 PDT 2020","","","","261","0% (0/0)","0% (0/0)","0% (0/0)","2ezydma9242auqpybkcj"
"3LG268AV386EJV8Q641B1B6BVHARE5","34NBII25NZIOGJLGY73HHZ47TJY2JF","Reading a passage and responding to questions","You will read a short passage about a person, then answer questions related to the passage.","sentences, decisions, language","$0.40","Wed May 27 06:44:23 PDT 2020","352","BatchId:4055214;OriginalHitTemplateId:920937340;","7200","259200","Wed May 27 10:44:23 PDT 2020","","","3WJEQKOXA82PMXQRI7PBNLUP8QH1AY","A2LD6J5JQGH99G","Submitted","Wed May 27 07:56:30 PDT 2020","Wed May 27 08:01:02 PDT 2020","Sat May 30 08:01:02 PDT 2020","","","","272","0% (0/0)","0% (0/0)","0% (0/0)","g3rfbskagmq0h5c1s3ow"
"3LG268AV386EJV8Q641B1B6BVHARE5","34NBII25NZIOGJLGY73HHZ47TJY2JF","Reading a passage and responding to questions","You will read a short passage about a person, then answer questions related to the passage.","sentences, decisions, language","$0.40","Wed May 27 06:44:23 PDT 2020","352","BatchId:4055214;OriginalHitTemplateId:920937340;","7200","259200","Wed May 27 10:44:23 PDT 2020","","","31QNSG6A5RTPEVCEAPM6S4F7LOC87T","A1X72YQJJ59X7S","Submitted","Wed May 27 09:19:07 PDT 2020","Wed May 27 09:23:39 PDT 2020","Sat May 30 09:23:39 PDT 2020","","","","272","0% (0/0)","0% (0/0)","0% (0/0)","zvg01z9jeom8y8bw2jrq"
"3LG268AV386EJV8Q641B1B6BVHARE5","34NBII25NZIOGJLGY73HHZ47TJY2JF","Reading a passage and responding to questions","You will read a short passage about a person, then answer questions related to the passage.","sentences, decisions, language","$0.40","Wed May 27 06:44:23 PDT 2020","352","BatchId:4055214;OriginalHitTemplateId:920937340;","7200","259200","Wed May 27 10:44:23 PDT 2020","","","3LBXNTKX0RVJ7F1FXUWIMZN67N4X9X","AFDXDYPBNK5FD","Submitted","Wed May 27 06:53:40 PDT 2020","Wed May 27 06:58:14 PDT 2020","Sat May 30 06:58:14 PDT 2020","","","","274","0% (0/0)","0% (0/0)","0% (0/0)","vt7cjtgropdce96m08qy"
"3LG268AV386EJV8Q641B1B6BVHARE5","34NBII25NZIOGJLGY73HHZ47TJY2JF","Reading a passage and responding to questions","You will read a short passage about a person, then answer questions related to the passage.","sentences, decisions, language","$0.40","Wed May 27 06:44:23 PDT 2020","352","BatchId:4055214;OriginalHitTemplateId:920937340;","7200","259200","Wed May 27 10:44:23 PDT 2020","","","3B4YI393V9WTGDBFCQQM4MB4KWRSSV","A1ADGLKC2F1CHS","Submitted","Wed May 27 06:56:23 PDT 2020","Wed May 27 07:00:57 PDT 2020","Sat May 30 07:00:57 PDT 2020","","","","274","0% (0/0)","0% (0/0)","0% (0/0)","w3d6dn3a8ove02odrvz4"
"3LG268AV386EJV8Q641B1B6BVHARE5","34NBII25NZIOGJLGY73HHZ47TJY2JF","Reading a passage and responding to questions","You will read a short passage about a person, then answer questions related to the passage.","sentences, decisions, language","$0.40","Wed May 27 06:44:23 PDT 2020","352","BatchId:4055214;OriginalHitTemplateId:920937340;","7200","259200","Wed May 27 10:44:23 PDT 2020","","","37U1UTWH9VMZWEWTJ3KCXL67M04R89","A2YFU3PPJU654R","Submitted","Wed May 27 07:08:16 PDT 2020","Wed May 27 07:12:58 PDT 2020","Sat May 30 07:12:58 PDT 2020","","","","282","0% (0/0)","0% (0/0)","0% (0/0)","2vnzpay0zez6joosov7q"
"3LG268AV386EJV8Q641B1B6BVHARE5","34NBII25NZIOGJLGY73HHZ47TJY2JF","Reading a passage and responding to questions","You will read a short passage about a person, then answer questions related to the passage.","sentences, decisions, language","$0.40","Wed May 27 06:44:23 PDT 2020","352","BatchId:4055214;OriginalHitTemplateId:920937340;","7200","259200","Wed May 27 10:44:23 PDT 2020","","","33FBRBDW6OZVQC7A16UH8Q7LMZY8CH","A1JBSFXMMRGSQD","Submitted","Wed May 27 06:49:17 PDT 2020","Wed May 27 06:54:00 PDT 2020","Sat May 30 06:54:00 PDT 2020","","","","283","0% (0/0)","0% (0/0)","0% (0/0)","vbbp3me3szjqz5ph8eec"
"3LG268AV386EJV8Q641B1B6BVHARE5","34NBII25NZIOGJLGY73HHZ47TJY2JF","Reading a passage and responding to questions","You will read a short passage about a person, then answer questions related to the passage.","sentences, decisions, language","$0.40","Wed May 27 06:44:23 PDT 2020","352","BatchId:4055214;OriginalHitTemplateId:920937340;","7200","259200","Wed May 27 10:44:23 PDT 2020","","","3IQ1VMJRYTK7B2TMMK442RC86249AE","A1QS66YFC2D9OU","Submitted","Wed May 27 07:50:30 PDT 2020","Wed May 27 07:55:15 PDT 2020","Sat May 30 07:55:15 PDT 2020","","","","285","0% (0/0)","0% (0/0)","0% (0/0)","jq67zukwew5fcuyvqz5f"
"3LG268AV386EJV8Q641B1B6BVHARE5","34NBII25NZIOGJLGY73HHZ47TJY2JF","Reading a passage and responding to questions","You will read a short passage about a person, then answer questions related to the passage.","sentences, decisions, language","$0.40","Wed May 27 06:44:23 PDT 2020","352","BatchId:4055214;OriginalHitTemplateId:920937340;","7200","259200","Wed May 27 10:44:23 PDT 2020","","","34PGFRQONOBTOR9Y91R99AN2UQ9WJX","A1QG4N21BF61PC","Submitted","Wed May 27 06:46:52 PDT 2020","Wed May 27 06:51:44 PDT 2020","Sat May 30 06:51:44 PDT 2020","","","","292","0% (0/0)","0% (0/0)","0% (0/0)","w34jwg58btdbu4ywkn4f"
"3LG268AV386EJV8Q641B1B6BVHARE5","34NBII25NZIOGJLGY73HHZ47TJY2JF","Reading a passage and responding to questions","You will read a short passage about a person, then answer questions related to the passage.","sentences, decisions, language","$0.40","Wed May 27 06:44:23 PDT 2020","352","BatchId:4055214;OriginalHitTemplateId:920937340;","7200","259200","Wed May 27 10:44:23 PDT 2020","","","39N5ACM9HENEY6ZOB3M1SM135OV9PL","A1TDGQFDSYYEN3","Submitted","Wed May 27 06:46:46 PDT 2020","Wed May 27 06:51:40 PDT 2020","Sat May 30 06:51:40 PDT 2020","","","","294","0% (0/0)","0% (0/0)","0% (0/0)","lvuugyqawnl7q1xmpdl6"
"3LG268AV386EJV8Q641B1B6BVHARE5","34NBII25NZIOGJLGY73HHZ47TJY2JF","Reading a passage and responding to questions","You will read a short passage about a person, then answer questions related to the passage.","sentences, decisions, language","$0.40","Wed May 27 06:44:23 PDT 2020","352","BatchId:4055214;OriginalHitTemplateId:920937340;","7200","259200","Wed May 27 10:44:23 PDT 2020","","","37KGEN7NJ3QZQTFVSSIYEC1IASCPPV","A1X0H6VAK3AQE9","Submitted","Wed May 27 06:48:15 PDT 2020","Wed May 27 06:53:16 PDT 2020","Sat May 30 06:53:16 PDT 2020","","","","301","0% (0/0)","0% (0/0)","0% (0/0)","w96mdvqpy83jcvqfntdr"
"3LG268AV386EJV8Q641B1B6BVHARE5","34NBII25NZIOGJLGY73HHZ47TJY2JF","Reading a passage and responding to questions","You will read a short passage about a person, then answer questions related to the passage.","sentences, decisions, language","$0.40","Wed May 27 06:44:23 PDT 2020","352","BatchId:4055214;OriginalHitTemplateId:920937340;","7200","259200","Wed May 27 10:44:23 PDT 2020","","","3FE2ERCCZX8H5T3UDS5JPCWS0NGPOE","A3RWAR40LRLFYN","Submitted","Wed May 27 07:37:16 PDT 2020","Wed May 27 07:42:20 PDT 2020","Sat May 30 07:42:20 PDT 2020","","","","304","0% (0/0)","0% (0/0)","0% (0/0)","pl8bdmt2p1rwzyj20or2"
"3LG268AV386EJV8Q641B1B6BVHARE5","34NBII25NZIOGJLGY73HHZ47TJY2JF","Reading a passage and responding to questions","You will read a short passage about a person, then answer questions related to the passage.","sentences, decisions, language","$0.40","Wed May 27 06:44:23 PDT 2020","352","BatchId:4055214;OriginalHitTemplateId:920937340;","7200","259200","Wed May 27 10:44:23 PDT 2020","","","35GCEFQ6I5OMX8CEH3JTS70VFVRZ3E","A15T7AHZZUSBUY","Submitted","Wed May 27 06:47:03 PDT 2020","Wed May 27 06:52:08 PDT 2020","Sat May 30 06:52:08 PDT 2020","","","","305","0% (0/0)","0% (0/0)","0% (0/0)","cusv4p17lhvud6vx9vv4"
"3LG268AV386EJV8Q641B1B6BVHARE5","34NBII25NZIOGJLGY73HHZ47TJY2JF","Reading a passage and responding to questions","You will read a short passage about a person, then answer questions related to the passage.","sentences, decisions, language","$0.40","Wed May 27 06:44:23 PDT 2020","352","BatchId:4055214;OriginalHitTemplateId:920937340;","7200","259200","Wed May 27 10:44:23 PDT 2020","","","3YMTUJH0DSGBTSMJBPZUGORK80V4TK","A2JZTR2ZSALGH4","Submitted","Wed May 27 10:04:37 PDT 2020","Wed May 27 10:09:44 PDT 2020","Sat May 30 10:09:44 PDT 2020","","","","307","0% (0/0)","0% (0/0)","0% (0/0)","wk9ft6sgmlo5mt70vo48"
"3LG268AV386EJV8Q641B1B6BVHARE5","34NBII25NZIOGJLGY73HHZ47TJY2JF","Reading a passage and responding to questions","You will read a short passage about a person, then answer questions related to the passage.","sentences, decisions, language","$0.40","Wed May 27 06:44:23 PDT 2020","352","BatchId:4055214;OriginalHitTemplateId:920937340;","7200","259200","Wed May 27 10:44:23 PDT 2020","","","3P59JYT76LK1QE7W7BG6N9UMOLG2T1","A27HVVLSZZ13XK","Submitted","Wed May 27 07:54:57 PDT 2020","Wed May 27 08:00:31 PDT 2020","Sat May 30 08:00:31 PDT 2020","","","","334","0% (0/0)","0% (0/0)","0% (0/0)","zx7ccg74vzb5csfetrm9"
"3LG268AV386EJV8Q641B1B6BVHARE5","34NBII25NZIOGJLGY73HHZ47TJY2JF","Reading a passage and responding to questions","You will read a short passage about a person, then answer questions related to the passage.","sentences, decisions, language","$0.40","Wed May 27 06:44:23 PDT 2020","352","BatchId:4055214;OriginalHitTemplateId:920937340;","7200","259200","Wed May 27 10:44:23 PDT 2020","","","3N1FSUEFL504C3QMPZZFBK9Y5E94D3","A2S6QOCFC3EAYH","Submitted","Wed May 27 10:24:02 PDT 2020","Wed May 27 10:29:38 PDT 2020","Sat May 30 10:29:38 PDT 2020","","","","336","100% (1/1)","0% (0/0)","0% (0/0)","odqasxj3no1kn6khlxbu"
"3LG268AV386EJV8Q641B1B6BVHARE5","34NBII25NZIOGJLGY73HHZ47TJY2JF","Reading a passage and responding to questions","You will read a short passage about a person, then answer questions related to the passage.","sentences, decisions, language","$0.40","Wed May 27 06:44:23 PDT 2020","352","BatchId:4055214;OriginalHitTemplateId:920937340;","7200","259200","Wed May 27 10:44:23 PDT 2020","","","3S06PH7KSR4NK4T32HGDDM2VTT6D14","A31JM0OGO39IRZ","Submitted","Wed May 27 07:01:41 PDT 2020","Wed May 27 07:07:19 PDT 2020","Sat May 30 07:07:19 PDT 2020","","","","338","0% (0/0)","0% (0/0)","0% (0/0)","adoqrzknc7fjtu5c1axc"
"3LG268AV386EJV8Q641B1B6BVHARE5","34NBII25NZIOGJLGY73HHZ47TJY2JF","Reading a passage and responding to questions","You will read a short passage about a person, then answer questions related to the passage.","sentences, decisions, language","$0.40","Wed May 27 06:44:23 PDT 2020","352","BatchId:4055214;OriginalHitTemplateId:920937340;","7200","259200","Wed May 27 10:44:23 PDT 2020","","","3HMIGG0U4L68TF8FXYC65HZ4POD8YO","A51EYU6NOA7SC","Submitted","Wed May 27 10:37:46 PDT 2020","Wed May 27 10:43:26 PDT 2020","Sat May 30 10:43:26 PDT 2020","","","","340","0% (0/0)","0% (0/0)","0% (0/0)","jgnrmlr33v8e7xh7mvdy"
"3LG268AV386EJV8Q641B1B6BVHARE5","34NBII25NZIOGJLGY73HHZ47TJY2JF","Reading a passage and responding to questions","You will read a short passage about a person, then answer questions related to the passage.","sentences, decisions, language","$0.40","Wed May 27 06:44:23 PDT 2020","352","BatchId:4055214;OriginalHitTemplateId:920937340;","7200","259200","Wed May 27 10:44:23 PDT 2020","","","3KV0LJBBH2LEH3YXD4UV2372668RME","A20D8L7MUB0H7Q","Submitted","Wed May 27 09:00:03 PDT 2020","Wed May 27 09:05:53 PDT 2020","Sat May 30 09:05:53 PDT 2020","","","","350","0% (0/0)","0% (0/0)","0% (0/0)","r40tezypllr422swf93u"
"3LG268AV386EJV8Q641B1B6BVHARE5","34NBII25NZIOGJLGY73HHZ47TJY2JF","Reading a passage and responding to questions","You will read a short passage about a person, then answer questions related to the passage.","sentences, decisions, language","$0.40","Wed May 27 06:44:23 PDT 2020","352","BatchId:4055214;OriginalHitTemplateId:920937340;","7200","259200","Wed May 27 10:44:23 PDT 2020","","","3EF8EXOTT1V0NQTVCD2OGKX8YD11J4","A2RERBGRTEWXK4","Submitted","Wed May 27 06:46:43 PDT 2020","Wed May 27 06:52:35 PDT 2020","Sat May 30 06:52:35 PDT 2020","","","","352","0% (0/0)","0% (0/0)","0% (0/0)","ltbc2w1dt65jh1dsvuv6"
"3LG268AV386EJV8Q641B1B6BVHARE5","34NBII25NZIOGJLGY73HHZ47TJY2JF","Reading a passage and responding to questions","You will read a short passage about a person, then answer questions related to the passage.","sentences, decisions, language","$0.40","Wed May 27 06:44:23 PDT 2020","352","BatchId:4055214;OriginalHitTemplateId:920937340;","7200","259200","Wed May 27 10:44:23 PDT 2020","","","3TR2532VIPUVUCUSIJE5BGOP6OI6J8","A1LFOS4GL90HWU","Submitted","Wed May 27 06:57:20 PDT 2020","Wed May 27 07:03:19 PDT 2020","Sat May 30 07:03:19 PDT 2020","","","","359","0% (0/0)","0% (0/0)","0% (0/0)","7tcxa3plhmp6oc6vah1e"
"3LG268AV386EJV8Q641B1B6BVHARE5","34NBII25NZIOGJLGY73HHZ47TJY2JF","Reading a passage and responding to questions","You will read a short passage about a person, then answer questions related to the passage.","sentences, decisions, language","$0.40","Wed May 27 06:44:23 PDT 2020","352","BatchId:4055214;OriginalHitTemplateId:920937340;","7200","259200","Wed May 27 10:44:23 PDT 2020","","","32VNZTT0A74YDD9R70UZG9Q2KEE4RL","A24YZFKFMJVOF9","Submitted","Wed May 27 07:50:52 PDT 2020","Wed May 27 07:56:54 PDT 2020","Sat May 30 07:56:54 PDT 2020","","","","362","0% (0/0)","0% (0/0)","0% (0/0)","ndz7jfd27n4rq2otknfx"
"3LG268AV386EJV8Q641B1B6BVHARE5","34NBII25NZIOGJLGY73HHZ47TJY2JF","Reading a passage and responding to questions","You will read a short passage about a person, then answer questions related to the passage.","sentences, decisions, language","$0.40","Wed May 27 06:44:23 PDT 2020","352","BatchId:4055214;OriginalHitTemplateId:920937340;","7200","259200","Wed May 27 10:44:23 PDT 2020","","","3WR9XG3T63BOVUPCYMWTBSZ2J2B47D","A1TYMXIYUUUL6F","Submitted","Wed May 27 06:46:45 PDT 2020","Wed May 27 06:53:03 PDT 2020","Sat May 30 06:53:03 PDT 2020","","","","378","0% (0/0)","0% (0/0)","0% (0/0)","0snblbwfpf14lyj4f018"
"3LG268AV386EJV8Q641B1B6BVHARE5","34NBII25NZIOGJLGY73HHZ47TJY2JF","Reading a passage and responding to questions","You will read a short passage about a person, then answer questions related to the passage.","sentences, decisions, language","$0.40","Wed May 27 06:44:23 PDT 2020","352","BatchId:4055214;OriginalHitTemplateId:920937340;","7200","259200","Wed May 27 10:44:23 PDT 2020","","","3KIBXJ1WD5UGU26E000BTVAT6DHOKJ","A3DDCH8HVT0RTP","Submitted","Wed May 27 07:28:32 PDT 2020","Wed May 27 07:34:54 PDT 2020","Sat May 30 07:34:54 PDT 2020","","","","382","0% (0/0)","0% (0/0)","0% (0/0)","91wfle2pjnjv594syaew"
"3LG268AV386EJV8Q641B1B6BVHARE5","34NBII25NZIOGJLGY73HHZ47TJY2JF","Reading a passage and responding to questions","You will read a short passage about a person, then answer questions related to the passage.","sentences, decisions, language","$0.40","Wed May 27 06:44:23 PDT 2020","352","BatchId:4055214;OriginalHitTemplateId:920937340;","7200","259200","Wed May 27 10:44:23 PDT 2020","","","3SKRO2GZ71RVYAZDUY20HZXLD211K3","A2OOGRWLEWNBDO","Submitted","Wed May 27 06:46:50 PDT 2020","Wed May 27 06:53:24 PDT 2020","Sat May 30 06:53:24 PDT 2020","","","","394","0% (0/0)","0% (0/0)","0% (0/0)","sqhn146ajls4h0dlqs4x"
"3LG268AV386EJV8Q641B1B6BVHARE5","34NBII25NZIOGJLGY73HHZ47TJY2JF","Reading a passage and responding to questions","You will read a short passage about a person, then answer questions related to the passage.","sentences, decisions, language","$0.40","Wed May 27 06:44:23 PDT 2020","352","BatchId:4055214;OriginalHitTemplateId:920937340;","7200","259200","Wed May 27 10:44:23 PDT 2020","","","3PXX5PX6LXYQZV8JK4I0TX7YU2YABG","A2IYBZ2FUNQHUL","Submitted","Wed May 27 06:47:34 PDT 2020","Wed May 27 06:54:13 PDT 2020","Sat May 30 06:54:13 PDT 2020","","","","399","0% (0/0)","0% (0/0)","0% (0/0)","3nr4ewyqy74wdbevzom4"
"3LG268AV386EJV8Q641B1B6BVHARE5","34NBII25NZIOGJLGY73HHZ47TJY2JF","Reading a passage and responding to questions","You will read a short passage about a person, then answer questions related to the passage.","sentences, decisions, language","$0.40","Wed May 27 06:44:23 PDT 2020","352","BatchId:4055214;OriginalHitTemplateId:920937340;","7200","259200","Wed May 27 10:44:23 PDT 2020","","","3COPXFW7XBCYF2IFF0DQIVFJGI7KPQ","A1OU8F92A7M3MR","Submitted","Wed May 27 06:50:36 PDT 2020","Wed May 27 06:57:15 PDT 2020","Sat May 30 06:57:15 PDT 2020","","","","399","0% (0/0)","0% (0/0)","0% (0/0)","wptxxpmrhvsz0kz4y0ya"
"3LG268AV386EJV8Q641B1B6BVHARE5","34NBII25NZIOGJLGY73HHZ47TJY2JF","Reading a passage and responding to questions","You will read a short passage about a person, then answer questions related to the passage.","sentences, decisions, language","$0.40","Wed May 27 06:44:23 PDT 2020","352","BatchId:4055214;OriginalHitTemplateId:920937340;","7200","259200","Wed May 27 10:44:23 PDT 2020","","","3DUZQ9U6SMO985SJ6LVRF9VBJ0WSVB","A1IL2HYSSL4ZMV","Submitted","Wed May 27 08:07:32 PDT 2020","Wed May 27 08:14:17 PDT 2020","Sat May 30 08:14:17 PDT 2020","","","","405","0% (0/0)","0% (0/0)","0% (0/0)","2ds1wpzgccus46wamooh"
"3LG268AV386EJV8Q641B1B6BVHARE5","34NBII25NZIOGJLGY73HHZ47TJY2JF","Reading a passage and responding to questions","You will read a short passage about a person, then answer questions related to the passage.","sentences, decisions, language","$0.40","Wed May 27 06:44:23 PDT 2020","352","BatchId:4055214;OriginalHitTemplateId:920937340;","7200","259200","Wed May 27 10:44:23 PDT 2020","","","3NVC2EB65QZMSI29LHHAE0RT91W3Y0","A3A8K2YA4Q6LHV","Submitted","Wed May 27 07:41:55 PDT 2020","Wed May 27 07:49:01 PDT 2020","Sat May 30 07:49:01 PDT 2020","","","","426","0% (0/0)","0% (0/0)","0% (0/0)","jh26qjpl3wk02avnv899"
"3LG268AV386EJV8Q641B1B6BVHARE5","34NBII25NZIOGJLGY73HHZ47TJY2JF","Reading a passage and responding to questions","You will read a short passage about a person, then answer questions related to the passage.","sentences, decisions, language","$0.40","Wed May 27 06:44:23 PDT 2020","352","BatchId:4055214;OriginalHitTemplateId:920937340;","7200","259200","Wed May 27 10:44:23 PDT 2020","","","3DYGAII7PL8KQ5GAS5XNEHRSFO3PQR","AOAMTLMPOJ7P7","Submitted","Wed May 27 07:16:33 PDT 2020","Wed May 27 07:23:56 PDT 2020","Sat May 30 07:23:56 PDT 2020","","","","443","0% (0/0)","0% (0/0)","0% (0/0)","qzckvjap4zenaomm49fu"
"3LG268AV386EJV8Q641B1B6BVHARE5","34NBII25NZIOGJLGY73HHZ47TJY2JF","Reading a passage and responding to questions","You will read a short passage about a person, then answer questions related to the passage.","sentences, decisions, language","$0.40","Wed May 27 06:44:23 PDT 2020","352","BatchId:4055214;OriginalHitTemplateId:920937340;","7200","259200","Wed May 27 10:44:23 PDT 2020","","","39ASUFLU6X702BSW55C4EDOHYKJXE6","A2482SLAY120J2","Submitted","Wed May 27 06:48:09 PDT 2020","Wed May 27 06:56:35 PDT 2020","Sat May 30 06:56:35 PDT 2020","","","","506","0% (0/0)","0% (0/0)","0% (0/0)","u0ogjnu9clwv4alldaf9"
"3LG268AV386EJV8Q641B1B6BVHARE5","34NBII25NZIOGJLGY73HHZ47TJY2JF","Reading a passage and responding to questions","You will read a short passage about a person, then answer questions related to the passage.","sentences, decisions, language","$0.40","Wed May 27 06:44:23 PDT 2020","352","BatchId:4055214;OriginalHitTemplateId:920937340;","7200","259200","Wed May 27 10:44:23 PDT 2020","","","33SA9F9TRXULDBN6V0GICUAAPILEW2","A2NFEQZSYWBEP7","Submitted","Wed May 27 07:35:44 PDT 2020","Wed May 27 07:44:29 PDT 2020","Sat May 30 07:44:29 PDT 2020","","","","525","0% (0/0)","0% (0/0)","0% (0/0)","98hhz9jxkgvy0mo2hyj2"
"3LG268AV386EJV8Q641B1B6BVHARE5","34NBII25NZIOGJLGY73HHZ47TJY2JF","Reading a passage and responding to questions","You will read a short passage about a person, then answer questions related to the passage.","sentences, decisions, language","$0.40","Wed May 27 06:44:23 PDT 2020","352","BatchId:4055214;OriginalHitTemplateId:920937340;","7200","259200","Wed May 27 10:44:23 PDT 2020","","","3OS46CRSLFZ4L7UMZ8SOE4ZJ1BOV6H","A3JLCBXB4JPDD1","Submitted","Wed May 27 06:54:51 PDT 2020","Wed May 27 07:03:42 PDT 2020","Sat May 30 07:03:42 PDT 2020","","","","531","0% (0/0)","0% (0/0)","0% (0/0)","x3h7onmjb1p5pt9pvmnd"
"3LG268AV386EJV8Q641B1B6BVHARE5","34NBII25NZIOGJLGY73HHZ47TJY2JF","Reading a passage and responding to questions","You will read a short passage about a person, then answer questions related to the passage.","sentences, decisions, language","$0.40","Wed May 27 06:44:23 PDT 2020","352","BatchId:4055214;OriginalHitTemplateId:920937340;","7200","259200","Wed May 27 10:44:23 PDT 2020","","","3QIYRE09Y3HW6GKGRBUG9REP7X61N8","A3S0A5VCCNWO4C","Submitted","Wed May 27 06:47:01 PDT 2020","Wed May 27 06:55:57 PDT 2020","Sat May 30 06:55:57 PDT 2020","","","","536","0% (0/0)","0% (0/0)","0% (0/0)","57txs720d10fvtpdsod0"
"3LG268AV386EJV8Q641B1B6BVHARE5","34NBII25NZIOGJLGY73HHZ47TJY2JF","Reading a passage and responding to questions","You will read a short passage about a person, then answer questions related to the passage.","sentences, decisions, language","$0.40","Wed May 27 06:44:23 PDT 2020","352","BatchId:4055214;OriginalHitTemplateId:920937340;","7200","259200","Wed May 27 10:44:23 PDT 2020","","","336KAV9KYQSX706QHH35VQM13NPY2D","A1E3EC1CX378GV","Submitted","Wed May 27 07:01:59 PDT 2020","Wed May 27 07:10:56 PDT 2020","Sat May 30 07:10:56 PDT 2020","","","","537","0% (0/0)","0% (0/0)","0% (0/0)","edoj2m7xge2oujz7h6vl"
"3LG268AV386EJV8Q641B1B6BVHARE5","34NBII25NZIOGJLGY73HHZ47TJY2JF","Reading a passage and responding to questions","You will read a short passage about a person, then answer questions related to the passage.","sentences, decisions, language","$0.40","Wed May 27 06:44:23 PDT 2020","352","BatchId:4055214;OriginalHitTemplateId:920937340;","7200","259200","Wed May 27 10:44:23 PDT 2020","","","3YGXWBAF70HU7BK8P344RERGKD9C4L","A1UA3NAIZI4G32","Submitted","Wed May 27 07:36:39 PDT 2020","Wed May 27 07:45:42 PDT 2020","Sat May 30 07:45:42 PDT 2020","","","","543","0% (0/0)","0% (0/0)","0% (0/0)","pt1kndhvqper274kngdj"
"3LG268AV386EJV8Q641B1B6BVHARE5","34NBII25NZIOGJLGY73HHZ47TJY2JF","Reading a passage and responding to questions","You will read a short passage about a person, then answer questions related to the passage.","sentences, decisions, language","$0.40","Wed May 27 06:44:23 PDT 2020","352","BatchId:4055214;OriginalHitTemplateId:920937340;","7200","259200","Wed May 27 10:44:23 PDT 2020","","","3LS2AMNW5FQ25549D5K8PHM25J7QOB","A29HL16XQUQZAM","Submitted","Wed May 27 07:18:32 PDT 2020","Wed May 27 07:27:36 PDT 2020","Sat May 30 07:27:36 PDT 2020","","","","544","0% (0/0)","0% (0/0)","0% (0/0)","17nquo5qgyop4ad1j7x2"
"3LG268AV386EJV8Q641B1B6BVHARE5","34NBII25NZIOGJLGY73HHZ47TJY2JF","Reading a passage and responding to questions","You will read a short passage about a person, then answer questions related to the passage.","sentences, decisions, language","$0.40","Wed May 27 06:44:23 PDT 2020","352","BatchId:4055214;OriginalHitTemplateId:920937340;","7200","259200","Wed May 27 10:44:23 PDT 2020","","","31IBVUNM9SZ040NX01VS8ACWUA4FVH","A28VRECAUOO7U9","Submitted","Wed May 27 08:21:28 PDT 2020","Wed May 27 08:30:32 PDT 2020","Sat May 30 08:30:32 PDT 2020","","","","544","0% (0/0)","0% (0/0)","0% (0/0)","282299vz1fwrbuazxr0d"
"3LG268AV386EJV8Q641B1B6BVHARE5","34NBII25NZIOGJLGY73HHZ47TJY2JF","Reading a passage and responding to questions","You will read a short passage about a person, then answer questions related to the passage.","sentences, decisions, language","$0.40","Wed May 27 06:44:23 PDT 2020","352","BatchId:4055214;OriginalHitTemplateId:920937340;","7200","259200","Wed May 27 10:44:23 PDT 2020","","","31HQ4X3T3SA6C0GPSHTLS0X9S2RSLP","ASUAMH7NP78Z","Submitted","Wed May 27 07:47:12 PDT 2020","Wed May 27 07:56:56 PDT 2020","Sat May 30 07:56:56 PDT 2020","","","","584","0% (0/0)","0% (0/0)","0% (0/0)","v9gy4ad1p6sd739maqme"
"3LG268AV386EJV8Q641B1B6BVHARE5","34NBII25NZIOGJLGY73HHZ47TJY2JF","Reading a passage and responding to questions","You will read a short passage about a person, then answer questions related to the passage.","sentences, decisions, language","$0.40","Wed May 27 06:44:23 PDT 2020","352","BatchId:4055214;OriginalHitTemplateId:920937340;","7200","259200","Wed May 27 10:44:23 PDT 2020","","","3ERMJ6L4DYS4ZKEI4QWPXMG25TW7MB","A1ZV5G09M0T34H","Submitted","Wed May 27 06:47:43 PDT 2020","Wed May 27 06:57:38 PDT 2020","Sat May 30 06:57:38 PDT 2020","","","","595","0% (0/0)","0% (0/0)","0% (0/0)","oqk0yx6c852qu8nrqawn"
"3LG268AV386EJV8Q641B1B6BVHARE5","34NBII25NZIOGJLGY73HHZ47TJY2JF","Reading a passage and responding to questions","You will read a short passage about a person, then answer questions related to the passage.","sentences, decisions, language","$0.40","Wed May 27 06:44:23 PDT 2020","352","BatchId:4055214;OriginalHitTemplateId:920937340;","7200","259200","Wed May 27 10:44:23 PDT 2020","","","3WQQ9FUS6AUCG7F4N6YMX6134E18BD","A6OXJFIUCI32J","Submitted","Wed May 27 07:04:37 PDT 2020","Wed May 27 07:14:59 PDT 2020","Sat May 30 07:14:59 PDT 2020","","","","622","0% (0/1)","0% (0/1)","0% (0/1)","h3pc2aswwg7xv117xmef"
"3LG268AV386EJV8Q641B1B6BVHARE5","34NBII25NZIOGJLGY73HHZ47TJY2JF","Reading a passage and responding to questions","You will read a short passage about a person, then answer questions related to the passage.","sentences, decisions, language","$0.40","Wed May 27 06:44:23 PDT 2020","352","BatchId:4055214;OriginalHitTemplateId:920937340;","7200","259200","Wed May 27 10:44:23 PDT 2020","","","3FQ5JJ512LOYCH62ZL0YE6AOG4WKNM","A3LN18E0H6XBCT","Submitted","Wed May 27 09:48:09 PDT 2020","Wed May 27 09:58:52 PDT 2020","Sat May 30 09:58:52 PDT 2020","","","","643","0% (0/0)","0% (0/0)","0% (0/0)","jqtqdtfs2ghj2n37p6vu"
"3LG268AV386EJV8Q641B1B6BVHARE5","34NBII25NZIOGJLGY73HHZ47TJY2JF","Reading a passage and responding to questions","You will read a short passage about a person, then answer questions related to the passage.","sentences, decisions, language","$0.40","Wed May 27 06:44:23 PDT 2020","352","BatchId:4055214;OriginalHitTemplateId:920937340;","7200","259200","Wed May 27 10:44:23 PDT 2020","","","3H7XDTSHKCRJXPJX1V66CXVM2ZFWGI","A2ZGNI34PXML3Q","Submitted","Wed May 27 09:22:42 PDT 2020","Wed May 27 09:33:48 PDT 2020","Sat May 30 09:33:48 PDT 2020","","","","666","0% (0/0)","0% (0/0)","0% (0/0)","xso3s1jq8b30www37c9k"
"3LG268AV386EJV8Q641B1B6BVHARE5","34NBII25NZIOGJLGY73HHZ47TJY2JF","Reading a passage and responding to questions","You will read a short passage about a person, then answer questions related to the passage.","sentences, decisions, language","$0.40","Wed May 27 06:44:23 PDT 2020","352","BatchId:4055214;OriginalHitTemplateId:920937340;","7200","259200","Wed May 27 10:44:23 PDT 2020","","","3I2PTA7R3TUJFEJUFDSFI05TLFQQKM","A3IQUPCTBL6IU8","Submitted","Wed May 27 10:44:08 PDT 2020","Wed May 27 10:55:36 PDT 2020","Sat May 30 10:55:36 PDT 2020","","","","688","0% (0/0)","0% (0/0)","0% (0/0)","h0752ymh3lxs01gnh08r"
"3LG268AV386EJV8Q641B1B6BVHARE5","34NBII25NZIOGJLGY73HHZ47TJY2JF","Reading a passage and responding to questions","You will read a short passage about a person, then answer questions related to the passage.","sentences, decisions, language","$0.40","Wed May 27 06:44:23 PDT 2020","352","BatchId:4055214;OriginalHitTemplateId:920937340;","7200","259200","Wed May 27 10:44:23 PDT 2020","","","3LRKMWOKB5HXCQGVD35O9XV39H02ZF","A3H6O8NK4WNVEW","Submitted","Wed May 27 07:40:18 PDT 2020","Wed May 27 07:52:03 PDT 2020","Sat May 30 07:52:03 PDT 2020","","","","705","0% (0/0)","0% (0/0)","0% (0/0)","0be6p4cbao8npe21brb8"
"3LG268AV386EJV8Q641B1B6BVHARE5","34NBII25NZIOGJLGY73HHZ47TJY2JF","Reading a passage and responding to questions","You will read a short passage about a person, then answer questions related to the passage.","sentences, decisions, language","$0.40","Wed May 27 06:44:23 PDT 2020","352","BatchId:4055214;OriginalHitTemplateId:920937340;","7200","259200","Wed May 27 10:44:23 PDT 2020","","","3SB5N7Y3O34QPZIC8ODL52MI1THG0F","AGGYO8G2C8ATF","Submitted","Wed May 27 07:06:10 PDT 2020","Wed May 27 07:18:09 PDT 2020","Sat May 30 07:18:09 PDT 2020","","","","719","0% (0/0)","0% (0/0)","0% (0/0)","03qdcerpjzz6v4mktu98"
"3LG268AV386EJV8Q641B1B6BVHARE5","34NBII25NZIOGJLGY73HHZ47TJY2JF","Reading a passage and responding to questions","You will read a short passage about a person, then answer questions related to the passage.","sentences, decisions, language","$0.40","Wed May 27 06:44:23 PDT 2020","352","BatchId:4055214;OriginalHitTemplateId:920937340;","7200","259200","Wed May 27 10:44:23 PDT 2020","","","338JKRMM26Z0Q8B5KWSWF8AWPGNHAP","A28TXHXPVNZ0KN","Submitted","Wed May 27 09:09:34 PDT 2020","Wed May 27 09:22:01 PDT 2020","Sat May 30 09:22:01 PDT 2020","","","","747","0% (0/0)","0% (0/0)","0% (0/0)","ssaw69cmxxeqt7p1s2h5"
"3LG268AV386EJV8Q641B1B6BVHARE5","34NBII25NZIOGJLGY73HHZ47TJY2JF","Reading a passage and responding to questions","You will read a short passage about a person, then answer questions related to the passage.","sentences, decisions, language","$0.40","Wed May 27 06:44:23 PDT 2020","352","BatchId:4055214;OriginalHitTemplateId:920937340;","7200","259200","Wed May 27 10:44:23 PDT 2020","","","337RC3OW052M4SXTMCYQ3NHGR6RVL3","A3VRUWAVESM5R6","Submitted","Wed May 27 08:29:08 PDT 2020","Wed May 27 08:42:09 PDT 2020","Sat May 30 08:42:09 PDT 2020","","","","781","0% (0/0)","0% (0/0)","0% (0/0)","ecl9n402k898jg6oj75p"
"3LG268AV386EJV8Q641B1B6BVHARE5","34NBII25NZIOGJLGY73HHZ47TJY2JF","Reading a passage and responding to questions","You will read a short passage about a person, then answer questions related to the passage.","sentences, decisions, language","$0.40","Wed May 27 06:44:23 PDT 2020","352","BatchId:4055214;OriginalHitTemplateId:920937340;","7200","259200","Wed May 27 10:44:23 PDT 2020","","","3WSELTNVR32QVH20KQ9LTRDK091AT9","AUJINI09VX2RO","Submitted","Wed May 27 07:05:11 PDT 2020","Wed May 27 07:18:42 PDT 2020","Sat May 30 07:18:42 PDT 2020","","","","811","0% (0/0)","0% (0/0)","0% (0/0)","okt5brtmjw99w3tkr6y4"
"3LG268AV386EJV8Q641B1B6BVHARE5","34NBII25NZIOGJLGY73HHZ47TJY2JF","Reading a passage and responding to questions","You will read a short passage about a person, then answer questions related to the passage.","sentences, decisions, language","$0.40","Wed May 27 06:44:23 PDT 2020","352","BatchId:4055214;OriginalHitTemplateId:920937340;","7200","259200","Wed May 27 10:44:23 PDT 2020","","","3NPFYT4IZC4YMPONB02SEG9TB0YXGN","A11R4XXKWFF7HE","Submitted","Wed May 27 06:48:27 PDT 2020","Wed May 27 07:02:21 PDT 2020","Sat May 30 07:02:21 PDT 2020","","","","834","0% (0/0)","0% (0/0)","0% (0/0)","njthz7mlcbo3sfhd3vfe"
"3LG268AV386EJV8Q641B1B6BVHARE5","34NBII25NZIOGJLGY73HHZ47TJY2JF","Reading a passage and responding to questions","You will read a short passage about a person, then answer questions related to the passage.","sentences, decisions, language","$0.40","Wed May 27 06:44:23 PDT 2020","352","BatchId:4055214;OriginalHitTemplateId:920937340;","7200","259200","Wed May 27 10:44:23 PDT 2020","","","3OVR4I9USPJY1CURUL5ZBJGXOS2Q4W","AN9GZCFVQO3WI","Submitted","Wed May 27 06:47:18 PDT 2020","Wed May 27 07:02:54 PDT 2020","Sat May 30 07:02:54 PDT 2020","","","","936","0% (0/0)","0% (0/0)","0% (0/0)","y65b82zt5oakhnk5f751"
"3LG268AV386EJV8Q641B1B6BVHARE5","34NBII25NZIOGJLGY73HHZ47TJY2JF","Reading a passage and responding to questions","You will read a short passage about a person, then answer questions related to the passage.","sentences, decisions, language","$0.40","Wed May 27 06:44:23 PDT 2020","352","BatchId:4055214;OriginalHitTemplateId:920937340;","7200","259200","Wed May 27 10:44:23 PDT 2020","","","3SNVL38CI4SFLD9BAVRKYVGCH0FCKT","ASUYD8BPYM85M","Submitted","Wed May 27 09:24:36 PDT 2020","Wed May 27 09:40:21 PDT 2020","Sat May 30 09:40:21 PDT 2020","","","","945","0% (0/0)","0% (0/0)","0% (0/0)","v62yv0foy5wghtjmc1k5"
"3LG268AV386EJV8Q641B1B6BVHARE5","34NBII25NZIOGJLGY73HHZ47TJY2JF","Reading a passage and responding to questions","You will read a short passage about a person, then answer questions related to the passage.","sentences, decisions, language","$0.40","Wed May 27 06:44:23 PDT 2020","352","BatchId:4055214;OriginalHitTemplateId:920937340;","7200","259200","Wed May 27 10:44:23 PDT 2020","","","3EO896NRAWV1WA54EWMYMQG3QXJJTO","A2HIP6TDN1D42V","Submitted","Wed May 27 09:52:57 PDT 2020","Wed May 27 10:09:44 PDT 2020","Sat May 30 10:09:44 PDT 2020","","","","1007","0% (0/0)","0% (0/0)","0% (0/0)","nhry13mf0qwee6z1179q"
"3LG268AV386EJV8Q641B1B6BVHARE5","34NBII25NZIOGJLGY73HHZ47TJY2JF","Reading a passage and responding to questions","You will read a short passage about a person, then answer questions related to the passage.","sentences, decisions, language","$0.40","Wed May 27 06:44:23 PDT 2020","352","BatchId:4055214;OriginalHitTemplateId:920937340;","7200","259200","Wed May 27 10:44:23 PDT 2020","","","3R6BYFZZP7CS8PSS0GWAWV9HALYXFO","A2SUP8INJXFVUW","Submitted","Wed May 27 06:48:20 PDT 2020","Wed May 27 07:06:12 PDT 2020","Sat May 30 07:06:12 PDT 2020","","","","1072","0% (0/0)","0% (0/0)","0% (0/0)","sr3flnvrmfajbh6ffjwd"
"3LG268AV386EJV8Q641B1B6BVHARE5","34NBII25NZIOGJLGY73HHZ47TJY2JF","Reading a passage and responding to questions","You will read a short passage about a person, then answer questions related to the passage.","sentences, decisions, language","$0.40","Wed May 27 06:44:23 PDT 2020","352","BatchId:4055214;OriginalHitTemplateId:920937340;","7200","259200","Wed May 27 10:44:23 PDT 2020","","","336KAV9KYQSX706QHH35VQM13O72Y1","ASWGQ7ZC4SZ1G","Submitted","Wed May 27 09:01:08 PDT 2020","Wed May 27 09:20:28 PDT 2020","Sat May 30 09:20:28 PDT 2020","","","","1160","0% (0/0)","0% (0/0)","0% (0/0)","wkz1adgyuylug80lj3kt"
"3LG268AV386EJV8Q641B1B6BVHARE5","34NBII25NZIOGJLGY73HHZ47TJY2JF","Reading a passage and responding to questions","You will read a short passage about a person, then answer questions related to the passage.","sentences, decisions, language","$0.40","Wed May 27 06:44:23 PDT 2020","352","BatchId:4055214;OriginalHitTemplateId:920937340;","7200","259200","Wed May 27 10:44:23 PDT 2020","","","3U5JL4WY5K9IA9V3GZ0R5RCQLVPX40","A1SQZ2SNZENW85","Submitted","Wed May 27 06:49:25 PDT 2020","Wed May 27 07:10:29 PDT 2020","Sat May 30 07:10:29 PDT 2020","","","","1264","0% (0/0)","0% (0/0)","0% (0/0)","1xfawkthyrusxtafunw7"
"3LG268AV386EJV8Q641B1B6BVHARE5","34NBII25NZIOGJLGY73HHZ47TJY2JF","Reading a passage and responding to questions","You will read a short passage about a person, then answer questions related to the passage.","sentences, decisions, language","$0.40","Wed May 27 06:44:23 PDT 2020","352","BatchId:4055214;OriginalHitTemplateId:920937340;","7200","259200","Wed May 27 10:44:23 PDT 2020","","","37Q970SNZE8TMTCLZ7B28LOVUWN1ST","A1PF01FF85HUY4","Submitted","Wed May 27 07:50:43 PDT 2020","Wed May 27 08:14:11 PDT 2020","Sat May 30 08:14:11 PDT 2020","","","","1408","100% (2/2)","0% (0/0)","0% (0/0)","g1brzjgzqqn6nyym5515"
"3LG268AV386EJV8Q641B1B6BVHARE5","34NBII25NZIOGJLGY73HHZ47TJY2JF","Reading a passage and responding to questions","You will read a short passage about a person, then answer questions related to the passage.","sentences, decisions, language","$0.40","Wed May 27 06:44:23 PDT 2020","352","BatchId:4055214;OriginalHitTemplateId:920937340;","7200","259200","Wed May 27 10:44:23 PDT 2020","","","3MHW492WW0D6AAFEMOZ530W5RCNMV4","A26ST4UX73VPLW","Submitted","Wed May 27 09:10:40 PDT 2020","Wed May 27 09:34:17 PDT 2020","Sat May 30 09:34:17 PDT 2020","","","","1417","0% (0/0)","0% (0/0)","0% (0/0)","brgjjx8njc7vxbpcj9gh"
"3LG268AV386EJV8Q641B1B6BVHARE5","34NBII25NZIOGJLGY73HHZ47TJY2JF","Reading a passage and responding to questions","You will read a short passage about a person, then answer questions related to the passage.","sentences, decisions, language","$0.40","Wed May 27 06:44:23 PDT 2020","352","BatchId:4055214;OriginalHitTemplateId:920937340;","7200","259200","Wed May 27 10:44:23 PDT 2020","","","3483FV8BEEJVOGWKBY8DCZ284DV26G","A23KH0CK7RRUGX","Submitted","Wed May 27 06:48:10 PDT 2020","Wed May 27 07:12:10 PDT 2020","Sat May 30 07:12:10 PDT 2020","","","","1440","0% (0/0)","0% (0/0)","0% (0/0)","v8aauzyac07yh0dw57j5"
"3LG268AV386EJV8Q641B1B6BVHARE5","34NBII25NZIOGJLGY73HHZ47TJY2JF","Reading a passage and responding to questions","You will read a short passage about a person, then answer questions related to the passage.","sentences, decisions, language","$0.40","Wed May 27 06:44:23 PDT 2020","352","BatchId:4055214;OriginalHitTemplateId:920937340;","7200","259200","Wed May 27 10:44:23 PDT 2020","","","30ZX6P7VF8V7CBBRVH22L37DQJFJ23","A1KKXST77OSX2S","Submitted","Wed May 27 06:51:53 PDT 2020","Wed May 27 07:18:37 PDT 2020","Sat May 30 07:18:37 PDT 2020","","","","1604","0% (0/0)","0% (0/0)","0% (0/0)","1y0qn4yrxjbmrtresh0h"
"3LG268AV386EJV8Q641B1B6BVHARE5","34NBII25NZIOGJLGY73HHZ47TJY2JF","Reading a passage and responding to questions","You will read a short passage about a person, then answer questions related to the passage.","sentences, decisions, language","$0.40","Wed May 27 06:44:23 PDT 2020","352","BatchId:4055214;OriginalHitTemplateId:920937340;","7200","259200","Wed May 27 10:44:23 PDT 2020","","","3E7TUJ2EGCM599WY6UV6SSKER529DH","AEMSAXTRKQVOM","Submitted","Wed May 27 07:57:02 PDT 2020","Wed May 27 08:25:26 PDT 2020","Sat May 30 08:25:26 PDT 2020","","","","1704","0% (0/0)","0% (0/0)","0% (0/0)","m08p1o73t7wguphakjvc"
"3LG268AV386EJV8Q641B1B6BVHARE5","34NBII25NZIOGJLGY73HHZ47TJY2JF","Reading a passage and responding to questions","You will read a short passage about a person, then answer questions related to the passage.","sentences, decisions, language","$0.40","Wed May 27 06:44:23 PDT 2020","352","BatchId:4055214;OriginalHitTemplateId:920937340;","7200","259200","Wed May 27 10:44:23 PDT 2020","","","3QUO65DNQUOUXYBQUE4DZIJR849OUA","A3EM9MIXNHEXOA","Submitted","Wed May 27 06:59:30 PDT 2020","Wed May 27 07:38:00 PDT 2020","Sat May 30 07:38:00 PDT 2020","","","","2310","0% (0/0)","0% (0/0)","0% (0/0)","8azgjl2wvkleklkm06ux"
"3LG268AV386EJV8Q641B1B6BVHARE5","34NBII25NZIOGJLGY73HHZ47TJY2JF","Reading a passage and responding to questions","You will read a short passage about a person, then answer questions related to the passage.","sentences, decisions, language","$0.40","Wed May 27 06:44:23 PDT 2020","352","BatchId:4055214;OriginalHitTemplateId:920937340;","7200","259200","Wed May 27 10:44:23 PDT 2020","","","3E337GFOL98TAVAJ9UFJGEIV9NDGND","AEQW8ZTS0GVQM","Submitted","Wed May 27 09:32:32 PDT 2020","Wed May 27 10:13:07 PDT 2020","Sat May 30 10:13:07 PDT 2020","","","","2435","0% (0/0)","0% (0/0)","0% (0/0)","fafq6sxxx289c1chkxjt"
"3LG268AV386EJV8Q641B1B6BVHARE5","34NBII25NZIOGJLGY73HHZ47TJY2JF","Reading a passage and responding to questions","You will read a short passage about a person, then answer questions related to the passage.","sentences, decisions, language","$0.40","Wed May 27 06:44:23 PDT 2020","352","BatchId:4055214;OriginalHitTemplateId:920937340;","7200","259200","Wed May 27 10:44:23 PDT 2020","","","3OWEPKL089CAH2ZIGRBPA152AJ67NB","A2DJATCSPJGTHW","Submitted","Wed May 27 06:47:51 PDT 2020","Wed May 27 07:32:20 PDT 2020","Sat May 30 07:32:20 PDT 2020","","","","2669","0% (0/0)","0% (0/0)","0% (0/0)","uy1lu4493yv88a18ocqm"
"3LG268AV386EJV8Q641B1B6BVHARE5","34NBII25NZIOGJLGY73HHZ47TJY2JF","Reading a passage and responding to questions","You will read a short passage about a person, then answer questions related to the passage.","sentences, decisions, language","$0.40","Wed May 27 06:44:23 PDT 2020","352","BatchId:4055214;OriginalHitTemplateId:920937340;","7200","259200","Wed May 27 10:44:23 PDT 2020","","","33C7UALJVLYB39XCL95XRUOUI2881S","A3PCD8POKCTZTB","Submitted","Wed May 27 06:57:44 PDT 2020","Wed May 27 07:44:56 PDT 2020","Sat May 30 07:44:56 PDT 2020","","","","2832","0% (0/0)","0% (0/0)","0% (0/0)","3cp0off6h24n2us06jc6"
"3LG268AV386EJV8Q641B1B6BVHARE5","34NBII25NZIOGJLGY73HHZ47TJY2JF","Reading a passage and responding to questions","You will read a short passage about a person, then answer questions related to the passage.","sentences, decisions, language","$0.40","Wed May 27 06:44:23 PDT 2020","352","BatchId:4055214;OriginalHitTemplateId:920937340;","7200","259200","Wed May 27 10:44:23 PDT 2020","","","33F859I566D59IGXQASSAJU27XUBHY","A1AX618BOQLX79","Submitted","Wed May 27 07:27:14 PDT 2020","Wed May 27 08:18:27 PDT 2020","Sat May 30 08:18:27 PDT 2020","","","","3073","0% (0/0)","0% (0/0)","0% (0/0)","78c496xzj7tj4z05txsr"
"3LG268AV386EJV8Q641B1B6BVHARE5","34NBII25NZIOGJLGY73HHZ47TJY2JF","Reading a passage and responding to questions","You will read a short passage about a person, then answer questions related to the passage.","sentences, decisions, language","$0.40","Wed May 27 06:44:23 PDT 2020","352","BatchId:4055214;OriginalHitTemplateId:920937340;","7200","259200","Wed May 27 10:44:23 PDT 2020","","","3907X2AHF053YMEPQU7MIZTPZIMP2A","AL36KBFL3ORCD","Submitted","Wed May 27 07:00:05 PDT 2020","Wed May 27 07:52:15 PDT 2020","Sat May 30 07:52:15 PDT 2020","","","","3130","0% (0/0)","0% (0/0)","0% (0/0)","z2h7kf55bz1sjacpntoq"
"3LG268AV386EJV8Q641B1B6BVHARE5","34NBII25NZIOGJLGY73HHZ47TJY2JF","Reading a passage and responding to questions","You will read a short passage about a person, then answer questions related to the passage.","sentences, decisions, language","$0.40","Wed May 27 06:44:23 PDT 2020","352","BatchId:4055214;OriginalHitTemplateId:920937340;","7200","259200","Wed May 27 10:44:23 PDT 2020","","","3K3R2QNK8B3RQB7KSPLV2SO2D5N9UH","A1AUKQAN57W1VC","Submitted","Wed May 27 06:47:10 PDT 2020","Wed May 27 07:43:25 PDT 2020","Sat May 30 07:43:25 PDT 2020","","","","3375","0% (0/0)","0% (0/0)","0% (0/0)","um13t4huclju2r4po7mj"
"3LG268AV386EJV8Q641B1B6BVHARE5","34NBII25NZIOGJLGY73HHZ47TJY2JF","Reading a passage and responding to questions","You will read a short passage about a person, then answer questions related to the passage.","sentences, decisions, language","$0.40","Wed May 27 06:44:23 PDT 2020","352","BatchId:4055214;OriginalHitTemplateId:920937340;","7200","259200","Wed May 27 10:44:23 PDT 2020","","","3AMYWKA6YBM9VNLPYW6AJC5B5IS6OR","A36IZRC5MWIX4S","Submitted","Wed May 27 06:57:20 PDT 2020","Wed May 27 07:53:36 PDT 2020","Sat May 30 07:53:36 PDT 2020","","","","3376","0% (0/0)","0% (0/0)","0% (0/0)","j6l72nhe5dzthtu3j8y5"
"3LG268AV386EJV8Q641B1B6BVHARE5","34NBII25NZIOGJLGY73HHZ47TJY2JF","Reading a passage and responding to questions","You will read a short passage about a person, then answer questions related to the passage.","sentences, decisions, language","$0.40","Wed May 27 06:44:23 PDT 2020","352","BatchId:4055214;OriginalHitTemplateId:920937340;","7200","259200","Wed May 27 10:44:23 PDT 2020","","","3PJUZCGDJ6GTSE07PMKQ606DGE0986","A1APGQOWGLZVC6","Submitted","Wed May 27 07:20:24 PDT 2020","Wed May 27 08:18:01 PDT 2020","Sat May 30 08:18:01 PDT 2020","","","","3457","0% (0/0)","0% (0/0)","0% (0/0)","fxtfsv6yo1m3slqbg6mr"
"3LG268AV386EJV8Q641B1B6BVHARE5","34NBII25NZIOGJLGY73HHZ47TJY2JF","Reading a passage and responding to questions","You will read a short passage about a person, then answer questions related to the passage.","sentences, decisions, language","$0.40","Wed May 27 06:44:23 PDT 2020","352","BatchId:4055214;OriginalHitTemplateId:920937340;","7200","259200","Wed May 27 10:44:23 PDT 2020","","","3R08VXYT7CV04W8W8S2C6KIT3VNW74","A2RL0OVIDO2D5U","Submitted","Wed May 27 08:22:07 PDT 2020","Wed May 27 09:35:21 PDT 2020","Sat May 30 09:35:21 PDT 2020","","","","4394","0% (0/0)","0% (0/0)","0% (0/0)","hct0sxcek1473jxxe8fl"
"3LG268AV386EJV8Q641B1B6BVHARE5","34NBII25NZIOGJLGY73HHZ47TJY2JF","Reading a passage and responding to questions","You will read a short passage about a person, then answer questions related to the passage.","sentences, decisions, language","$0.40","Wed May 27 06:44:23 PDT 2020","352","BatchId:4055214;OriginalHitTemplateId:920937340;","7200","259200","Wed May 27 10:44:23 PDT 2020","","","3WR9XG3T63BOVUPCYMWTBSZ2J2I74N","A26NGLGGFTATVN","Submitted","Wed May 27 07:37:15 PDT 2020","Wed May 27 08:50:55 PDT 2020","Sat May 30 08:50:55 PDT 2020","","","","4420","100% (3/3)","0% (0/0)","0% (0/0)","9qykxumsz41js60bwloh"
"3LG268AV386EJV8Q641B1B6BVHARE5","34NBII25NZIOGJLGY73HHZ47TJY2JF","Reading a passage and responding to questions","You will read a short passage about a person, then answer questions related to the passage.","sentences, decisions, language","$0.40","Wed May 27 06:44:23 PDT 2020","352","BatchId:4055214;OriginalHitTemplateId:920937340;","7200","259200","Wed May 27 10:44:23 PDT 2020","","","3M1CVSFP605D31A83MFQOM2XG25AQY","A1BZNPQ0H7ZSER","Submitted","Wed May 27 07:26:23 PDT 2020","Wed May 27 08:41:44 PDT 2020","Sat May 30 08:41:44 PDT 2020","","","","4521","0% (0/0)","0% (0/0)","0% (0/0)","uob3j6yxhz1vy3jpxee9"
"3LG268AV386EJV8Q641B1B6BVHARE5","34NBII25NZIOGJLGY73HHZ47TJY2JF","Reading a passage and responding to questions","You will read a short passage about a person, then answer questions related to the passage.","sentences, decisions, language","$0.40","Wed May 27 06:44:23 PDT 2020","352","BatchId:4055214;OriginalHitTemplateId:920937340;","7200","259200","Wed May 27 10:44:23 PDT 2020","","","3FFJ6VRIL1O4LQO7YCDOQEZYG6E0IW","A16TH68KJQZXKC","Submitted","Wed May 27 07:39:47 PDT 2020","Wed May 27 08:57:08 PDT 2020","Sat May 30 08:57:08 PDT 2020","","","","4641","0% (0/0)","0% (0/0)","0% (0/0)","c6k71ozc0ejomcmb339w"
"3LG268AV386EJV8Q641B1B6BVHARE5","34NBII25NZIOGJLGY73HHZ47TJY2JF","Reading a passage and responding to questions","You will read a short passage about a person, then answer questions related to the passage.","sentences, decisions, language","$0.40","Wed May 27 06:44:23 PDT 2020","352","BatchId:4055214;OriginalHitTemplateId:920937340;","7200","259200","Wed May 27 10:44:23 PDT 2020","","","3KB8R4ZV1E7R9MLM64AAPJI1SXBGBY","A1S6C6EN8MPKC3","Submitted","Wed May 27 06:50:12 PDT 2020","Wed May 27 08:13:59 PDT 2020","Sat May 30 08:13:59 PDT 2020","","","","5027","100% (3/3)","0% (0/0)","0% (0/0)","fnfzalg5102r1ehhpet6 A1S6C6EN8MPKC3"
"3LG268AV386EJV8Q641B1B6BVHARE5","34NBII25NZIOGJLGY73HHZ47TJY2JF","Reading a passage and responding to questions","You will read a short passage about a person, then answer questions related to the passage.","sentences, decisions, language","$0.40","Wed May 27 06:44:23 PDT 2020","352","BatchId:4055214;OriginalHitTemplateId:920937340;","7200","259200","Wed May 27 10:44:23 PDT 2020","","","3E7TUJ2EGCM599WY6UV6SSKER5XD9G","A3FBC5W56LKQXL","Submitted","Wed May 27 07:18:40 PDT 2020","Wed May 27 08:42:50 PDT 2020","Sat May 30 08:42:50 PDT 2020","","","","5050","0% (0/0)","0% (0/0)","0% (0/0)","20hmmosctwl36g752m9q"
"3LG268AV386EJV8Q641B1B6BVHARE5","34NBII25NZIOGJLGY73HHZ47TJY2JF","Reading a passage and responding to questions","You will read a short passage about a person, then answer questions related to the passage.","sentences, decisions, language","$0.40","Wed May 27 06:44:23 PDT 2020","352","BatchId:4055214;OriginalHitTemplateId:920937340;","7200","259200","Wed May 27 10:44:23 PDT 2020","","","32Z9ZLUT1LKPSC56UFXEG3U1EW6HO1","A2XIDM85TSL8YR","Submitted","Wed May 27 06:46:35 PDT 2020","Wed May 27 08:12:35 PDT 2020","Sat May 30 08:12:35 PDT 2020","","","","5160","0% (0/0)","0% (0/0)","0% (0/0)","tk68r60e1xr7ndctzdxf"
"3LG268AV386EJV8Q641B1B6BVHARE5","34NBII25NZIOGJLGY73HHZ47TJY2JF","Reading a passage and responding to questions","You will read a short passage about a person, then answer questions related to the passage.","sentences, decisions, language","$0.40","Wed May 27 06:44:23 PDT 2020","352","BatchId:4055214;OriginalHitTemplateId:920937340;","7200","259200","Wed May 27 10:44:23 PDT 2020","","","3TPWUS5F8916GD3SZ9ANM6A7460WCJ","A15PHPJA7AWCS3","Submitted","Wed May 27 06:46:33 PDT 2020","Wed May 27 08:15:21 PDT 2020","Sat May 30 08:15:21 PDT 2020","","","","5328","100% (1/1)","0% (0/0)","0% (0/0)","wqnqnl3dxlwzqoofvcxh"
"3LG268AV386EJV8Q641B1B6BVHARE5","34NBII25NZIOGJLGY73HHZ47TJY2JF","Reading a passage and responding to questions","You will read a short passage about a person, then answer questions related to the passage.","sentences, decisions, language","$0.40","Wed May 27 06:44:23 PDT 2020","352","BatchId:4055214;OriginalHitTemplateId:920937340;","7200","259200","Wed May 27 10:44:23 PDT 2020","","","3DR23U6WE5ETLUJC0VB7PA3BLPQET1","A16EU9ZSPTQYWL","Submitted","Wed May 27 10:18:18 PDT 2020","Wed May 27 11:58:52 PDT 2020","Sat May 30 11:58:52 PDT 2020","","","","6034","0% (0/0)","0% (0/0)","0% (0/0)","5g6wfded8l1hh5bch9yn"
"3LG268AV386EJV8Q641B1B6BVHARE5","34NBII25NZIOGJLGY73HHZ47TJY2JF","Reading a passage and responding to questions","You will read a short passage about a person, then answer questions related to the passage.","sentences, decisions, language","$0.40","Wed May 27 06:44:23 PDT 2020","352","BatchId:4055214;OriginalHitTemplateId:920937340;","7200","259200","Wed May 27 10:44:23 PDT 2020","","","3JWH6J9I9SDXJE28T8N5F3RYT9XBN1","A11DJHOJ5CEV4A","Submitted","Wed May 27 06:50:03 PDT 2020","Wed May 27 08:31:11 PDT 2020","Sat May 30 08:31:11 PDT 2020","","","","6068","0% (0/0)","0% (0/0)","0% (0/0)","84cv8gk4wsn5r8pbatb3"
"3LG268AV386EJV8Q641B1B6BVHARE5","34NBII25NZIOGJLGY73HHZ47TJY2JF","Reading a passage and responding to questions","You will read a short passage about a person, then answer questions related to the passage.","sentences, decisions, language","$0.40","Wed May 27 06:44:23 PDT 2020","352","BatchId:4055214;OriginalHitTemplateId:920937340;","7200","259200","Wed May 27 10:44:23 PDT 2020","","","3G5F9DBFOPXKIWE3VRJSBVO9AP4HV4","A2JZUSRBP6H5S","Submitted","Wed May 27 06:52:22 PDT 2020","Wed May 27 08:38:11 PDT 2020","Sat May 30 08:38:11 PDT 2020","","","","6349","0% (0/0)","0% (0/0)","0% (0/0)","93auahxsh020f8pcwhf0"