"HITId","HITTypeId","Title","Description","Keywords","Reward","CreationTime","MaxAssignments","RequesterAnnotation","AssignmentDurationInSeconds","AutoApprovalDelayInSeconds","Expiration","NumberOfSimilarHITs","LifetimeInSeconds","AssignmentId","WorkerId","AssignmentStatus","AcceptTime","SubmitTime","AutoApprovalTime","ApprovalTime","RejectionTime","RequesterFeedback","WorkTimeInSeconds","LifetimeApprovalRate","Last30DaysApprovalRate","Last7DaysApprovalRate","Answer.surveycode","Approve","Reject"
"3AFT28WXLF2N2NIWAVAYSVZYCJXIOO","32KI9HN0SH8Q5EEER27HJI3DITGU1K","Reading a passage and responding to questions","You will read a short passage about a person, then answer questions related to the passage.","sentences, decisions, language","$0.40","Sat May 23 11:46:52 PDT 2020","352","BatchId:4050339;OriginalHitTemplateId:920937340;","7200","172800","Sat May 23 15:46:52 PDT 2020","","","31QNSG6A5RTPEVCEAPM6S4F7LD278W","A2AXP68AJJ3B94","Submitted","Sat May 23 11:48:54 PDT 2020","Sat May 23 11:51:14 PDT 2020","Mon May 25 11:51:14 PDT 2020","","","","140","0% (0/0)","0% (0/0)","0% (0/0)","eukzevr5fesb8bgy4f3d"
"3AFT28WXLF2N2NIWAVAYSVZYCJXIOO","32KI9HN0SH8Q5EEER27HJI3DITGU1K","Reading a passage and responding to questions","You will read a short passage about a person, then answer questions related to the passage.","sentences, decisions, language","$0.40","Sat May 23 11:46:52 PDT 2020","352","BatchId:4050339;OriginalHitTemplateId:920937340;","7200","172800","Sat May 23 15:46:52 PDT 2020","","","32VNZTT0A74YDD9R70UZG9Q2K3ZR47","AH00EJ6PK1H3A","Submitted","Sat May 23 11:47:19 PDT 2020","Sat May 23 11:50:43 PDT 2020","Mon May 25 11:50:43 PDT 2020","","","","204","0% (0/0)","0% (0/0)","0% (0/0)","dd5wb0ckzm3s1xkzg3lh"
"3AFT28WXLF2N2NIWAVAYSVZYCJXIOO","32KI9HN0SH8Q5EEER27HJI3DITGU1K","Reading a passage and responding to questions","You will read a short passage about a person, then answer questions related to the passage.","sentences, decisions, language","$0.40","Sat May 23 11:46:52 PDT 2020","352","BatchId:4050339;OriginalHitTemplateId:920937340;","7200","172800","Sat May 23 15:46:52 PDT 2020","","","32XVDSJFPZXXDJHCYEFU1VZUU3U2MQ","A345961PAXIFCF","Submitted","Sat May 23 15:07:01 PDT 2020","Sat May 23 15:13:54 PDT 2020","Mon May 25 15:13:54 PDT 2020","","","","413","0% (0/0)","0% (0/0)","0% (0/0)","zm9ehbxc8lvs5uu5jeh4"
"3AFT28WXLF2N2NIWAVAYSVZYCJXIOO","32KI9HN0SH8Q5EEER27HJI3DITGU1K","Reading a passage and responding to questions","You will read a short passage about a person, then answer questions related to the passage.","sentences, decisions, language","$0.40","Sat May 23 11:46:52 PDT 2020","352","BatchId:4050339;OriginalHitTemplateId:920937340;","7200","172800","Sat May 23 15:46:52 PDT 2020","","","336YQZE83VEPCG0ZGXHSZ226ECYM5M","AHGNVOTAIIUCV","Submitted","Sat May 23 12:05:54 PDT 2020","Sat May 23 12:10:26 PDT 2020","Mon May 25 12:10:26 PDT 2020","","","","272","0% (0/0)","0% (0/0)","0% (0/0)","azhzzsful8fjv0f1sv4f"
"3AFT28WXLF2N2NIWAVAYSVZYCJXIOO","32KI9HN0SH8Q5EEER27HJI3DITGU1K","Reading a passage and responding to questions","You will read a short passage about a person, then answer questions related to the passage.","sentences, decisions, language","$0.40","Sat May 23 11:46:52 PDT 2020","352","BatchId:4050339;OriginalHitTemplateId:920937340;","7200","172800","Sat May 23 15:46:52 PDT 2020","","","33IZTU6J8111CUXE60W93USWZ0QSXE","A1BNQ358JC9R3E","Submitted","Sat May 23 12:10:05 PDT 2020","Sat May 23 12:20:37 PDT 2020","Mon May 25 12:20:37 PDT 2020","","","","632","0% (0/0)","0% (0/0)","0% (0/0)","ntxfpj0yjzfvcy287a30"
"3AFT28WXLF2N2NIWAVAYSVZYCJXIOO","32KI9HN0SH8Q5EEER27HJI3DITGU1K","Reading a passage and responding to questions","You will read a short passage about a person, then answer questions related to the passage.","sentences, decisions, language","$0.40","Sat May 23 11:46:52 PDT 2020","352","BatchId:4050339;OriginalHitTemplateId:920937340;","7200","172800","Sat May 23 15:46:52 PDT 2020","","","34T446B1C0ED8N2762H2FB133Q1C0R","A3MQ33IJAY1JC2","Submitted","Sat May 23 14:20:19 PDT 2020","Sat May 23 14:25:11 PDT 2020","Mon May 25 14:25:11 PDT 2020","","","","292","0% (0/0)","0% (0/0)","0% (0/0)","xsbnlkuys0o954yobev1"
"3AFT28WXLF2N2NIWAVAYSVZYCJXIOO","32KI9HN0SH8Q5EEER27HJI3DITGU1K","Reading a passage and responding to questions","You will read a short passage about a person, then answer questions related to the passage.","sentences, decisions, language","$0.40","Sat May 23 11:46:52 PDT 2020","352","BatchId:4050339;OriginalHitTemplateId:920937340;","7200","172800","Sat May 23 15:46:52 PDT 2020","","","34YB12FSQYONSDPJXT0J3ZTV4MWMGQ","A2BR90T74JMPY1","Submitted","Sat May 23 14:44:39 PDT 2020","Sat May 23 14:48:24 PDT 2020","Mon May 25 14:48:24 PDT 2020","","","","225","0% (0/0)","0% (0/0)","0% (0/0)","7wrmxsqv1wdppv1thnzt"
"3AFT28WXLF2N2NIWAVAYSVZYCJXIOO","32KI9HN0SH8Q5EEER27HJI3DITGU1K","Reading a passage and responding to questions","You will read a short passage about a person, then answer questions related to the passage.","sentences, decisions, language","$0.40","Sat May 23 11:46:52 PDT 2020","352","BatchId:4050339;OriginalHitTemplateId:920937340;","7200","172800","Sat May 23 15:46:52 PDT 2020","","","37XITHEISW918HM60F0HZ72QCGURCY","A3PYT74DUPKM9R","Submitted","Sat May 23 13:29:09 PDT 2020","Sat May 23 13:31:20 PDT 2020","Mon May 25 13:31:20 PDT 2020","","","","131","0% (0/0)","0% (0/0)","0% (0/0)","nxudbn1f3p600fskn90n"
"3AFT28WXLF2N2NIWAVAYSVZYCJXIOO","32KI9HN0SH8Q5EEER27HJI3DITGU1K","Reading a passage and responding to questions","You will read a short passage about a person, then answer questions related to the passage.","sentences, decisions, language","$0.40","Sat May 23 11:46:52 PDT 2020","352","BatchId:4050339;OriginalHitTemplateId:920937340;","7200","172800","Sat May 23 15:46:52 PDT 2020","","","37Z929RLG98UVDOU1QVCER7QM5MTSI","A2K5Y4ZNBGHYFS","Submitted","Sat May 23 14:44:37 PDT 2020","Sat May 23 14:46:51 PDT 2020","Mon May 25 14:46:51 PDT 2020","","","","134","0% (0/0)","0% (0/0)","0% (0/0)","v28kvbk2uchzx4nufebc"
"3AFT28WXLF2N2NIWAVAYSVZYCJXIOO","32KI9HN0SH8Q5EEER27HJI3DITGU1K","Reading a passage and responding to questions","You will read a short passage about a person, then answer questions related to the passage.","sentences, decisions, language","$0.40","Sat May 23 11:46:52 PDT 2020","352","BatchId:4050339;OriginalHitTemplateId:920937340;","7200","172800","Sat May 23 15:46:52 PDT 2020","","","384PI804XS1TF4R33O72UG5LPTF0S1","A2MT00XHG0PLTZ","Submitted","Sat May 23 13:15:11 PDT 2020","Sat May 23 13:23:51 PDT 2020","Mon May 25 13:23:51 PDT 2020","","","","520","0% (0/0)","0% (0/0)","0% (0/0)","usv1ct6e1tgp144dg3lg"
"3AFT28WXLF2N2NIWAVAYSVZYCJXIOO","32KI9HN0SH8Q5EEER27HJI3DITGU1K","Reading a passage and responding to questions","You will read a short passage about a person, then answer questions related to the passage.","sentences, decisions, language","$0.40","Sat May 23 11:46:52 PDT 2020","352","BatchId:4050339;OriginalHitTemplateId:920937340;","7200","172800","Sat May 23 15:46:52 PDT 2020","","","386CSBG1OZMCGZY5D9YE8H0BK866Q9","A7DFPF0L8ICA5","Submitted","Sat May 23 12:05:44 PDT 2020","Sat May 23 12:40:48 PDT 2020","Mon May 25 12:40:48 PDT 2020","","","","2104","0% (0/0)","0% (0/0)","0% (0/0)","wutnvuttcbxcwree2n7q"
"3AFT28WXLF2N2NIWAVAYSVZYCJXIOO","32KI9HN0SH8Q5EEER27HJI3DITGU1K","Reading a passage and responding to questions","You will read a short passage about a person, then answer questions related to the passage.","sentences, decisions, language","$0.40","Sat May 23 11:46:52 PDT 2020","352","BatchId:4050339;OriginalHitTemplateId:920937340;","7200","172800","Sat May 23 15:46:52 PDT 2020","","","386PBUZZXFXDDXXZ5NK70Z6MW8CJLC","A56TWAXG8WGWM","Submitted","Sat May 23 13:10:07 PDT 2020","Sat May 23 13:18:24 PDT 2020","Mon May 25 13:18:24 PDT 2020","","","","497","0% (0/0)","0% (0/0)","0% (0/0)","4lv4kajl7p3040gqhskw"
"3AFT28WXLF2N2NIWAVAYSVZYCJXIOO","32KI9HN0SH8Q5EEER27HJI3DITGU1K","Reading a passage and responding to questions","You will read a short passage about a person, then answer questions related to the passage.","sentences, decisions, language","$0.40","Sat May 23 11:46:52 PDT 2020","352","BatchId:4050339;OriginalHitTemplateId:920937340;","7200","172800","Sat May 23 15:46:52 PDT 2020","","","38BQUHLA9W0BKQ6HLCDR882XV7KMO8","A3LYEEHUDEV9R9","Submitted","Sat May 23 14:19:53 PDT 2020","Sat May 23 14:58:45 PDT 2020","Mon May 25 14:58:45 PDT 2020","","","","2332","0% (0/0)","0% (0/0)","0% (0/0)","mxz5ekm89vlybuhn45mf"
"3AFT28WXLF2N2NIWAVAYSVZYCJXIOO","32KI9HN0SH8Q5EEER27HJI3DITGU1K","Reading a passage and responding to questions","You will read a short passage about a person, then answer questions related to the passage.","sentences, decisions, language","$0.40","Sat May 23 11:46:52 PDT 2020","352","BatchId:4050339;OriginalHitTemplateId:920937340;","7200","172800","Sat May 23 15:46:52 PDT 2020","","","38F5OAUN5NCI76D7DTGC5H86OW4H7X","A172ZGEDO23ZZT","Submitted","Sat May 23 13:16:34 PDT 2020","Sat May 23 13:25:51 PDT 2020","Mon May 25 13:25:51 PDT 2020","","","","557","0% (0/0)","0% (0/0)","0% (0/0)","2zaeq3famnoer4wctz2e"
"3AFT28WXLF2N2NIWAVAYSVZYCJXIOO","32KI9HN0SH8Q5EEER27HJI3DITGU1K","Reading a passage and responding to questions","You will read a short passage about a person, then answer questions related to the passage.","sentences, decisions, language","$0.40","Sat May 23 11:46:52 PDT 2020","352","BatchId:4050339;OriginalHitTemplateId:920937340;","7200","172800","Sat May 23 15:46:52 PDT 2020","","","38F5OAUN5NCI76D7DTGC5H86OXH7H2","A2XPQ8KYFKI6FD","Submitted","Sat May 23 15:05:28 PDT 2020","Sat May 23 15:16:00 PDT 2020","Mon May 25 15:16:00 PDT 2020","","","","632","0% (0/0)","0% (0/0)","0% (0/0)","q1kevy2kh7t1sbya88dj"
"3AFT28WXLF2N2NIWAVAYSVZYCJXIOO","32KI9HN0SH8Q5EEER27HJI3DITGU1K","Reading a passage and responding to questions","You will read a short passage about a person, then answer questions related to the passage.","sentences, decisions, language","$0.40","Sat May 23 11:46:52 PDT 2020","352","BatchId:4050339;OriginalHitTemplateId:920937340;","7200","172800","Sat May 23 15:46:52 PDT 2020","","","38SKSKU7R1XHIMDTN5Z7OYRMJTGLIV","A2Q3THGWMVXR6O","Submitted","Sat May 23 12:21:00 PDT 2020","Sat May 23 12:31:10 PDT 2020","Mon May 25 12:31:10 PDT 2020","","","","610","0% (0/0)","0% (0/0)","0% (0/0)","4cf0jbesz30gzbbllt83"
"3AFT28WXLF2N2NIWAVAYSVZYCJXIOO","32KI9HN0SH8Q5EEER27HJI3DITGU1K","Reading a passage and responding to questions","You will read a short passage about a person, then answer questions related to the passage.","sentences, decisions, language","$0.40","Sat May 23 11:46:52 PDT 2020","352","BatchId:4050339;OriginalHitTemplateId:920937340;","7200","172800","Sat May 23 15:46:52 PDT 2020","","","38SKSKU7R1XHIMDTN5Z7OYRMJTKLIZ","A3H2U99J1MU7VF","Submitted","Sat May 23 12:50:03 PDT 2020","Sat May 23 14:07:40 PDT 2020","Mon May 25 14:07:40 PDT 2020","","","","4657","0% (0/0)","0% (0/0)","0% (0/0)","j7vmbfhetn0w0bj7jffh"
"3AFT28WXLF2N2NIWAVAYSVZYCJXIOO","32KI9HN0SH8Q5EEER27HJI3DITGU1K","Reading a passage and responding to questions","You will read a short passage about a person, then answer questions related to the passage.","sentences, decisions, language","$0.40","Sat May 23 11:46:52 PDT 2020","352","BatchId:4050339;OriginalHitTemplateId:920937340;","7200","172800","Sat May 23 15:46:52 PDT 2020","","","38YMOXR4MUZH0WURPIXK06IX89KW60","A2PFV5Q2OAWYR7","Submitted","Sat May 23 13:46:52 PDT 2020","Sat May 23 13:47:19 PDT 2020","Mon May 25 13:47:19 PDT 2020","","","","27","0% (0/0)","0% (0/0)","0% (0/0)","https://quiz.ucsd.edu/~sttrott/Experiments/nlp_cancer_metaphor/experimental/web/experiment.html"
"3AFT28WXLF2N2NIWAVAYSVZYCJXIOO","32KI9HN0SH8Q5EEER27HJI3DITGU1K","Reading a passage and responding to questions","You will read a short passage about a person, then answer questions related to the passage.","sentences, decisions, language","$0.40","Sat May 23 11:46:52 PDT 2020","352","BatchId:4050339;OriginalHitTemplateId:920937340;","7200","172800","Sat May 23 15:46:52 PDT 2020","","","392CY0QWG1RLKE68HD0Q2HPBX7K4IK","A3HYHCT04EFIQW","Submitted","Sat May 23 12:08:32 PDT 2020","Sat May 23 12:15:53 PDT 2020","Mon May 25 12:15:53 PDT 2020","","","","441","0% (0/0)","0% (0/0)","0% (0/0)","0fyxu22ylgqut3oy5vhj"
"3AFT28WXLF2N2NIWAVAYSVZYCJXIOO","32KI9HN0SH8Q5EEER27HJI3DITGU1K","Reading a passage and responding to questions","You will read a short passage about a person, then answer questions related to the passage.","sentences, decisions, language","$0.40","Sat May 23 11:46:52 PDT 2020","352","BatchId:4050339;OriginalHitTemplateId:920937340;","7200","172800","Sat May 23 15:46:52 PDT 2020","","","3A0EX8ZRN8ORVD6M0AWGWJP5XI6YBX","AB08QUN7KRK4I","Submitted","Sat May 23 13:07:20 PDT 2020","Sat May 23 13:09:31 PDT 2020","Mon May 25 13:09:31 PDT 2020","","","","131","0% (0/0)","0% (0/0)","0% (0/0)","8u11re207fv5prjxbr9c"
"3AFT28WXLF2N2NIWAVAYSVZYCJXIOO","32KI9HN0SH8Q5EEER27HJI3DITGU1K","Reading a passage and responding to questions","You will read a short passage about a person, then answer questions related to the passage.","sentences, decisions, language","$0.40","Sat May 23 11:46:52 PDT 2020","352","BatchId:4050339;OriginalHitTemplateId:920937340;","7200","172800","Sat May 23 15:46:52 PDT 2020","","","3AQF3RZ558IFPA8WZTNKWIWXD696FR","AC47RDUMYXM4P","Submitted","Sat May 23 13:29:24 PDT 2020","Sat May 23 13:33:13 PDT 2020","Mon May 25 13:33:13 PDT 2020","","","","229","0% (0/0)","0% (0/0)","0% (0/0)","4kgf5hn24j28l2ynvfr7"
"3AFT28WXLF2N2NIWAVAYSVZYCJXIOO","32KI9HN0SH8Q5EEER27HJI3DITGU1K","Reading a passage and responding to questions","You will read a short passage about a person, then answer questions related to the passage.","sentences, decisions, language","$0.40","Sat May 23 11:46:52 PDT 2020","352","BatchId:4050339;OriginalHitTemplateId:920937340;","7200","172800","Sat May 23 15:46:52 PDT 2020","","","3ATPCQ38J8AMC31UUWWK185ZF0HYAY","AGUZUE5WOD7JK","Submitted","Sat May 23 12:41:06 PDT 2020","Sat May 23 12:57:21 PDT 2020","Mon May 25 12:57:21 PDT 2020","","","","975","0% (0/0)","0% (0/0)","0% (0/0)","n2dvx4c2b33bxn9anae8"
"3AFT28WXLF2N2NIWAVAYSVZYCJXIOO","32KI9HN0SH8Q5EEER27HJI3DITGU1K","Reading a passage and responding to questions","You will read a short passage about a person, then answer questions related to the passage.","sentences, decisions, language","$0.40","Sat May 23 11:46:52 PDT 2020","352","BatchId:4050339;OriginalHitTemplateId:920937340;","7200","172800","Sat May 23 15:46:52 PDT 2020","","","3B4YI393V9WTGDBFCQQM4MB4KL2SSK","A3ADGTLKI0BGRM","Submitted","Sat May 23 13:48:24 PDT 2020","Sat May 23 13:52:44 PDT 2020","Mon May 25 13:52:44 PDT 2020","","","","260","0% (0/0)","0% (0/0)","0% (0/0)","ffdhyadnv8jthwlzfz4a"
"3AFT28WXLF2N2NIWAVAYSVZYCJXIOO","32KI9HN0SH8Q5EEER27HJI3DITGU1K","Reading a passage and responding to questions","You will read a short passage about a person, then answer questions related to the passage.","sentences, decisions, language","$0.40","Sat May 23 11:46:52 PDT 2020","352","BatchId:4050339;OriginalHitTemplateId:920937340;","7200","172800","Sat May 23 15:46:52 PDT 2020","","","3BXQMRHWKZY6XVQEHYP07EUMDTUMU7","A1GWYEIX5S6JU4","Submitted","Sat May 23 12:30:44 PDT 2020","Sat May 23 12:35:08 PDT 2020","Mon May 25 12:35:08 PDT 2020","","","","264","0% (0/0)","0% (0/0)","0% (0/0)","skpy48p8qhtzhc7quz45"
"3AFT28WXLF2N2NIWAVAYSVZYCJXIOO","32KI9HN0SH8Q5EEER27HJI3DITGU1K","Reading a passage and responding to questions","You will read a short passage about a person, then answer questions related to the passage.","sentences, decisions, language","$0.40","Sat May 23 11:46:52 PDT 2020","352","BatchId:4050339;OriginalHitTemplateId:920937340;","7200","172800","Sat May 23 15:46:52 PDT 2020","","","3CFJTT4SXTQI31ORJBYX5T9LOAVI75","AE78GFZIC982B","Submitted","Sat May 23 14:57:56 PDT 2020","Sat May 23 15:06:23 PDT 2020","Mon May 25 15:06:23 PDT 2020","","","","507","0% (0/0)","0% (0/0)","0% (0/0)","n13l7z6x3sq8db4egcw5"
"3AFT28WXLF2N2NIWAVAYSVZYCJXIOO","32KI9HN0SH8Q5EEER27HJI3DITGU1K","Reading a passage and responding to questions","You will read a short passage about a person, then answer questions related to the passage.","sentences, decisions, language","$0.40","Sat May 23 11:46:52 PDT 2020","352","BatchId:4050339;OriginalHitTemplateId:920937340;","7200","172800","Sat May 23 15:46:52 PDT 2020","","","3E1QT0TDFP9M3FTATGQ3JT5GZTU8I9","A37O30WLLHE8QT","Submitted","Sat May 23 13:55:20 PDT 2020","Sat May 23 14:00:47 PDT 2020","Mon May 25 14:00:47 PDT 2020","","","","327","0% (0/0)","0% (0/0)","0% (0/0)","c3m8jxnug0mgfzk29sej"
"3AFT28WXLF2N2NIWAVAYSVZYCJXIOO","32KI9HN0SH8Q5EEER27HJI3DITGU1K","Reading a passage and responding to questions","You will read a short passage about a person, then answer questions related to the passage.","sentences, decisions, language","$0.40","Sat May 23 11:46:52 PDT 2020","352","BatchId:4050339;OriginalHitTemplateId:920937340;","7200","172800","Sat May 23 15:46:52 PDT 2020","","","3E7TUJ2EGCM599WY6UV6SSKERV9D98","A1QYZH8XQKUUF9","Submitted","Sat May 23 14:39:52 PDT 2020","Sat May 23 15:02:47 PDT 2020","Mon May 25 15:02:47 PDT 2020","","","","1375","0% (0/0)","0% (0/0)","0% (0/0)","5a29pffnof1qruwb0e1z"
"3AFT28WXLF2N2NIWAVAYSVZYCJXIOO","32KI9HN0SH8Q5EEER27HJI3DITGU1K","Reading a passage and responding to questions","You will read a short passage about a person, then answer questions related to the passage.","sentences, decisions, language","$0.40","Sat May 23 11:46:52 PDT 2020","352","BatchId:4050339;OriginalHitTemplateId:920937340;","7200","172800","Sat May 23 15:46:52 PDT 2020","","","3EFVCAY5L39IYQDGBYB3VUKGC9QJ85","A39ANWIW3F5BC9","Submitted","Sat May 23 15:01:00 PDT 2020","Sat May 23 15:04:47 PDT 2020","Mon May 25 15:04:47 PDT 2020","","","","227","0% (0/0)","0% (0/0)","0% (0/0)","h6vg9vzeaeh5d2p2wmqe"
"3AFT28WXLF2N2NIWAVAYSVZYCJXIOO","32KI9HN0SH8Q5EEER27HJI3DITGU1K","Reading a passage and responding to questions","You will read a short passage about a person, then answer questions related to the passage.","sentences, decisions, language","$0.40","Sat May 23 11:46:52 PDT 2020","352","BatchId:4050339;OriginalHitTemplateId:920937340;","7200","172800","Sat May 23 15:46:52 PDT 2020","","","3G2UL9A02DE2AHTQHAP88QJGFIW76U","A30MTVHNNST3F","Submitted","Sat May 23 14:19:50 PDT 2020","Sat May 23 14:27:34 PDT 2020","Mon May 25 14:27:34 PDT 2020","","","","464","0% (0/0)","0% (0/0)","0% (0/0)","0cxvauc99l3nglm5e87h"
"3AFT28WXLF2N2NIWAVAYSVZYCJXIOO","32KI9HN0SH8Q5EEER27HJI3DITGU1K","Reading a passage and responding to questions","You will read a short passage about a person, then answer questions related to the passage.","sentences, decisions, language","$0.40","Sat May 23 11:46:52 PDT 2020","352","BatchId:4050339;OriginalHitTemplateId:920937340;","7200","172800","Sat May 23 15:46:52 PDT 2020","","","3G5F9DBFOPXKIWE3VRJSBVO9AFOHV4","A2SK6X2ST16PZC","Submitted","Sat May 23 15:07:12 PDT 2020","Sat May 23 15:07:29 PDT 2020","Mon May 25 15:07:29 PDT 2020","","","","17","0% (0/0)","0% (0/0)","0% (0/0)","rp9kok7w97r93r5rrktr"
"3AFT28WXLF2N2NIWAVAYSVZYCJXIOO","32KI9HN0SH8Q5EEER27HJI3DITGU1K","Reading a passage and responding to questions","You will read a short passage about a person, then answer questions related to the passage.","sentences, decisions, language","$0.40","Sat May 23 11:46:52 PDT 2020","352","BatchId:4050339;OriginalHitTemplateId:920937340;","7200","172800","Sat May 23 15:46:52 PDT 2020","","","3GA6AFUKOOO06NCKBHDMS0WQJUIH3S","A225F8E4QMOWXF","Submitted","Sat May 23 13:16:16 PDT 2020","Sat May 23 13:18:47 PDT 2020","Mon May 25 13:18:47 PDT 2020","","","","151","0% (0/0)","0% (0/0)","0% (0/0)","jzlusqash832fk2ex4k1"
"3AFT28WXLF2N2NIWAVAYSVZYCJXIOO","32KI9HN0SH8Q5EEER27HJI3DITGU1K","Reading a passage and responding to questions","You will read a short passage about a person, then answer questions related to the passage.","sentences, decisions, language","$0.40","Sat May 23 11:46:52 PDT 2020","352","BatchId:4050339;OriginalHitTemplateId:920937340;","7200","172800","Sat May 23 15:46:52 PDT 2020","","","3GD6L00D3SXQOYZGFAFGWCPP2W4M1F","A31SMV0DW0VBAF","Submitted","Sat May 23 13:24:37 PDT 2020","Sat May 23 13:31:15 PDT 2020","Mon May 25 13:31:15 PDT 2020","","","","398","0% (0/0)","0% (0/0)","0% (0/0)","gvactzdf3mlsohnk1yyt"
"3AFT28WXLF2N2NIWAVAYSVZYCJXIOO","32KI9HN0SH8Q5EEER27HJI3DITGU1K","Reading a passage and responding to questions","You will read a short passage about a person, then answer questions related to the passage.","sentences, decisions, language","$0.40","Sat May 23 11:46:52 PDT 2020","352","BatchId:4050339;OriginalHitTemplateId:920937340;","7200","172800","Sat May 23 15:46:52 PDT 2020","","","3GD6L00D3SXQOYZGFAFGWCPP2WX1MN","A3QO6S0NSLUK5V","Submitted","Sat May 23 12:35:40 PDT 2020","Sat May 23 12:41:56 PDT 2020","Mon May 25 12:41:56 PDT 2020","","","","376","0% (0/0)","0% (0/0)","0% (0/0)","sw6pgukkf57cyhnk45w4"
"3AFT28WXLF2N2NIWAVAYSVZYCJXIOO","32KI9HN0SH8Q5EEER27HJI3DITGU1K","Reading a passage and responding to questions","You will read a short passage about a person, then answer questions related to the passage.","sentences, decisions, language","$0.40","Sat May 23 11:46:52 PDT 2020","352","BatchId:4050339;OriginalHitTemplateId:920937340;","7200","172800","Sat May 23 15:46:52 PDT 2020","","","3GS6S824SQXP7H0JOZJ12H4J3ZDWNE","A1N0DCXPMFVAO","Submitted","Sat May 23 12:16:00 PDT 2020","Sat May 23 12:26:15 PDT 2020","Mon May 25 12:26:15 PDT 2020","","","","615","0% (0/0)","0% (0/0)","0% (0/0)","m3ze9bdytfmp3nbqe4gb"
"3AFT28WXLF2N2NIWAVAYSVZYCJXIOO","32KI9HN0SH8Q5EEER27HJI3DITGU1K","Reading a passage and responding to questions","You will read a short passage about a person, then answer questions related to the passage.","sentences, decisions, language","$0.40","Sat May 23 11:46:52 PDT 2020","352","BatchId:4050339;OriginalHitTemplateId:920937340;","7200","172800","Sat May 23 15:46:52 PDT 2020","","","3HMIGG0U4L68TF8FXYC65HZ4PCEY8R","A12LUCWLAPTZW1","Submitted","Sat May 23 12:18:55 PDT 2020","Sat May 23 12:23:06 PDT 2020","Mon May 25 12:23:06 PDT 2020","","","","251","0% (0/0)","0% (0/0)","0% (0/0)","y5r0b0ez55b3nvd74rku"
"3AFT28WXLF2N2NIWAVAYSVZYCJXIOO","32KI9HN0SH8Q5EEER27HJI3DITGU1K","Reading a passage and responding to questions","You will read a short passage about a person, then answer questions related to the passage.","sentences, decisions, language","$0.40","Sat May 23 11:46:52 PDT 2020","352","BatchId:4050339;OriginalHitTemplateId:920937340;","7200","172800","Sat May 23 15:46:52 PDT 2020","","","3HRMW88U16QQH9EYJRBGI76FX4ZM0D","AST0FXXXUAA6T","Submitted","Sat May 23 13:35:45 PDT 2020","Sat May 23 13:40:58 PDT 2020","Mon May 25 13:40:58 PDT 2020","","","","313","0% (0/0)","0% (0/0)","0% (0/0)","g5ka907yd67zayxeo2qm"
"3AFT28WXLF2N2NIWAVAYSVZYCJXIOO","32KI9HN0SH8Q5EEER27HJI3DITGU1K","Reading a passage and responding to questions","You will read a short passage about a person, then answer questions related to the passage.","sentences, decisions, language","$0.40","Sat May 23 11:46:52 PDT 2020","352","BatchId:4050339;OriginalHitTemplateId:920937340;","7200","172800","Sat May 23 15:46:52 PDT 2020","","","3IKZ72A5B4GNWVEOYA91YTIJ8WNFNZ","A1N1RVXX9IZC3K","Submitted","Sat May 23 12:16:34 PDT 2020","Sat May 23 12:19:40 PDT 2020","Mon May 25 12:19:40 PDT 2020","","","","186","0% (0/0)","0% (0/0)","0% (0/0)","nb7ostxxzmp2u8kr9fk5"
"3AFT28WXLF2N2NIWAVAYSVZYCJXIOO","32KI9HN0SH8Q5EEER27HJI3DITGU1K","Reading a passage and responding to questions","You will read a short passage about a person, then answer questions related to the passage.","sentences, decisions, language","$0.40","Sat May 23 11:46:52 PDT 2020","352","BatchId:4050339;OriginalHitTemplateId:920937340;","7200","172800","Sat May 23 15:46:52 PDT 2020","","","3K4J6M3CXETMQCGU0QAEU8YVA4NAG8","A3VL1CBZ3BGQK7","Submitted","Sat May 23 12:03:50 PDT 2020","Sat May 23 13:52:39 PDT 2020","Mon May 25 13:52:39 PDT 2020","","","","6529","0% (0/0)","0% (0/0)","0% (0/0)","fgcevd9eg68xd5gw3bpm"
"3AFT28WXLF2N2NIWAVAYSVZYCJXIOO","32KI9HN0SH8Q5EEER27HJI3DITGU1K","Reading a passage and responding to questions","You will read a short passage about a person, then answer questions related to the passage.","sentences, decisions, language","$0.40","Sat May 23 11:46:52 PDT 2020","352","BatchId:4050339;OriginalHitTemplateId:920937340;","7200","172800","Sat May 23 15:46:52 PDT 2020","","","3KKG4CDWKIYS9DD5DJUDPOQ8EHA49E","A1CSA8JXVZWGWB","Submitted","Sat May 23 13:43:51 PDT 2020","Sat May 23 14:00:53 PDT 2020","Mon May 25 14:00:53 PDT 2020","","","","1022","0% (0/0)","0% (0/0)","0% (0/0)","p999m366x4m6njwuxs0b"
"3AFT28WXLF2N2NIWAVAYSVZYCJXIOO","32KI9HN0SH8Q5EEER27HJI3DITGU1K","Reading a passage and responding to questions","You will read a short passage about a person, then answer questions related to the passage.","sentences, decisions, language","$0.40","Sat May 23 11:46:52 PDT 2020","352","BatchId:4050339;OriginalHitTemplateId:920937340;","7200","172800","Sat May 23 15:46:52 PDT 2020","","","3LKC68YZ3A37P20VPEJEH64OT9GWOR","A2LPP288NK76W4","Submitted","Sat May 23 12:00:42 PDT 2020","Sat May 23 12:17:16 PDT 2020","Mon May 25 12:17:16 PDT 2020","","","","994","0% (0/0)","0% (0/0)","0% (0/0)","74p9fwnu3o8r54ku6h02"
"3AFT28WXLF2N2NIWAVAYSVZYCJXIOO","32KI9HN0SH8Q5EEER27HJI3DITGU1K","Reading a passage and responding to questions","You will read a short passage about a person, then answer questions related to the passage.","sentences, decisions, language","$0.40","Sat May 23 11:46:52 PDT 2020","352","BatchId:4050339;OriginalHitTemplateId:920937340;","7200","172800","Sat May 23 15:46:52 PDT 2020","","","3LKC68YZ3A37P20VPEJEH64OTA7OWC","A2QJP5BZ7B523H","Submitted","Sat May 23 15:43:02 PDT 2020","Sat May 23 15:50:38 PDT 2020","Mon May 25 15:50:38 PDT 2020","","","","456","100% (1/1)","0% (0/0)","0% (0/0)","ykklg1ytnkayg1u2edkp"
"3AFT28WXLF2N2NIWAVAYSVZYCJXIOO","32KI9HN0SH8Q5EEER27HJI3DITGU1K","Reading a passage and responding to questions","You will read a short passage about a person, then answer questions related to the passage.","sentences, decisions, language","$0.40","Sat May 23 11:46:52 PDT 2020","352","BatchId:4050339;OriginalHitTemplateId:920937340;","7200","172800","Sat May 23 15:46:52 PDT 2020","","","3LPW2N6LKT28PO58PZ8EQCJ0RY35UZ","A1IIDR9HLUB1MR","Submitted","Sat May 23 12:18:29 PDT 2020","Sat May 23 12:26:39 PDT 2020","Mon May 25 12:26:39 PDT 2020","","","","490","100% (1/1)","0% (0/0)","0% (0/0)","ac6pz4cfkopfxlk6377v"
"3AFT28WXLF2N2NIWAVAYSVZYCJXIOO","32KI9HN0SH8Q5EEER27HJI3DITGU1K","Reading a passage and responding to questions","You will read a short passage about a person, then answer questions related to the passage.","sentences, decisions, language","$0.40","Sat May 23 11:46:52 PDT 2020","352","BatchId:4050339;OriginalHitTemplateId:920937340;","7200","172800","Sat May 23 15:46:52 PDT 2020","","","3LRKMWOKB5HXCQGVD35O9XV397EZ26","A2RNO8DDUT76YP","Submitted","Sat May 23 15:34:32 PDT 2020","Sat May 23 15:34:41 PDT 2020","Mon May 25 15:34:41 PDT 2020","","","","9","0% (0/0)","0% (0/0)","0% (0/0)","hh7lk6bnnzy8pdpu11k4"
"3AFT28WXLF2N2NIWAVAYSVZYCJXIOO","32KI9HN0SH8Q5EEER27HJI3DITGU1K","Reading a passage and responding to questions","You will read a short passage about a person, then answer questions related to the passage.","sentences, decisions, language","$0.40","Sat May 23 11:46:52 PDT 2020","352","BatchId:4050339;OriginalHitTemplateId:920937340;","7200","172800","Sat May 23 15:46:52 PDT 2020","","","3LS2AMNW5FQ25549D5K8PHM2580OQG","A3PO39H87S4SG","Submitted","Sat May 23 12:06:56 PDT 2020","Sat May 23 12:11:54 PDT 2020","Mon May 25 12:11:54 PDT 2020","","","","298","0% (0/0)","0% (0/0)","0% (0/0)","1bmm1uo5l3ptezalvpe3"
"3AFT28WXLF2N2NIWAVAYSVZYCJXIOO","32KI9HN0SH8Q5EEER27HJI3DITGU1K","Reading a passage and responding to questions","You will read a short passage about a person, then answer questions related to the passage.","sentences, decisions, language","$0.40","Sat May 23 11:46:52 PDT 2020","352","BatchId:4050339;OriginalHitTemplateId:920937340;","7200","172800","Sat May 23 15:46:52 PDT 2020","","","3LS2AMNW5FQ25549D5K8PHM2584OQK","AVCOBHDVXZOZL","Submitted","Sat May 23 12:37:25 PDT 2020","Sat May 23 12:45:11 PDT 2020","Mon May 25 12:45:11 PDT 2020","","","","466","0% (0/0)","0% (0/0)","0% (0/0)","wl43acwrr1fgctzcuz4o"
"3AFT28WXLF2N2NIWAVAYSVZYCJXIOO","32KI9HN0SH8Q5EEER27HJI3DITGU1K","Reading a passage and responding to questions","You will read a short passage about a person, then answer questions related to the passage.","sentences, decisions, language","$0.40","Sat May 23 11:46:52 PDT 2020","352","BatchId:4050339;OriginalHitTemplateId:920937340;","7200","172800","Sat May 23 15:46:52 PDT 2020","","","3M0NZ3JDP1YPBNZIVM7M74YFTGE5ZK","A1KGAZXCNQ19PG","Submitted","Sat May 23 11:52:06 PDT 2020","Sat May 23 11:58:29 PDT 2020","Mon May 25 11:58:29 PDT 2020","","","","383","0% (0/0)","0% (0/0)","0% (0/0)","b0j9j4aapnc57cw3zmfo"
"3AFT28WXLF2N2NIWAVAYSVZYCJXIOO","32KI9HN0SH8Q5EEER27HJI3DITGU1K","Reading a passage and responding to questions","You will read a short passage about a person, then answer questions related to the passage.","sentences, decisions, language","$0.40","Sat May 23 11:46:52 PDT 2020","352","BatchId:4050339;OriginalHitTemplateId:920937340;","7200","172800","Sat May 23 15:46:52 PDT 2020","","","3M81GAB8A0JIMBF090FMJXM3Y9JBQ1","A1BHW4QNL2D9EF","Submitted","Sat May 23 12:21:14 PDT 2020","Sat May 23 12:24:33 PDT 2020","Mon May 25 12:24:33 PDT 2020","","","","199","0% (0/0)","0% (0/0)","0% (0/0)","lvazzhb4alow0cejlc5x"
"3AFT28WXLF2N2NIWAVAYSVZYCJXIOO","32KI9HN0SH8Q5EEER27HJI3DITGU1K","Reading a passage and responding to questions","You will read a short passage about a person, then answer questions related to the passage.","sentences, decisions, language","$0.40","Sat May 23 11:46:52 PDT 2020","352","BatchId:4050339;OriginalHitTemplateId:920937340;","7200","172800","Sat May 23 15:46:52 PDT 2020","","","3M81GAB8A0JIMBF090FMJXM3Y9UBQC","A2GM5BW75YCKKW","Submitted","Sat May 23 13:36:56 PDT 2020","Sat May 23 13:45:09 PDT 2020","Mon May 25 13:45:09 PDT 2020","","","","493","0% (0/0)","0% (0/0)","0% (0/0)","9ttv6t8bt24r94u996d4"
"3AFT28WXLF2N2NIWAVAYSVZYCJXIOO","32KI9HN0SH8Q5EEER27HJI3DITGU1K","Reading a passage and responding to questions","You will read a short passage about a person, then answer questions related to the passage.","sentences, decisions, language","$0.40","Sat May 23 11:46:52 PDT 2020","352","BatchId:4050339;OriginalHitTemplateId:920937340;","7200","172800","Sat May 23 15:46:52 PDT 2020","","","3MD9PLUKKIET1C5OZM381LY1K1ZZNP","A25WPKT600FU92","Submitted","Sat May 23 14:35:48 PDT 2020","Sat May 23 14:45:10 PDT 2020","Mon May 25 14:45:10 PDT 2020","","","","562","0% (0/0)","0% (0/0)","0% (0/0)","54j44ysvq1xy4eodo70y"
"3AFT28WXLF2N2NIWAVAYSVZYCJXIOO","32KI9HN0SH8Q5EEER27HJI3DITGU1K","Reading a passage and responding to questions","You will read a short passage about a person, then answer questions related to the passage.","sentences, decisions, language","$0.40","Sat May 23 11:46:52 PDT 2020","352","BatchId:4050339;OriginalHitTemplateId:920937340;","7200","172800","Sat May 23 15:46:52 PDT 2020","","","3MH9DQ757WC65LUS6VR5U9APH7PGU0","A1CWYUOQ39BFTS","Submitted","Sat May 23 13:16:10 PDT 2020","Sat May 23 13:27:34 PDT 2020","Mon May 25 13:27:34 PDT 2020","","","","684","0% (0/0)","0% (0/0)","0% (0/0)","wtw6apz09u4voqhy8qrb"
"3AFT28WXLF2N2NIWAVAYSVZYCJXIOO","32KI9HN0SH8Q5EEER27HJI3DITGU1K","Reading a passage and responding to questions","You will read a short passage about a person, then answer questions related to the passage.","sentences, decisions, language","$0.40","Sat May 23 11:46:52 PDT 2020","352","BatchId:4050339;OriginalHitTemplateId:920937340;","7200","172800","Sat May 23 15:46:52 PDT 2020","","","3MX2NQ3YC9U06SZ3U4J1AJI4LGGX5F","A2ARHK50FQ79YC","Submitted","Sat May 23 11:55:51 PDT 2020","Sat May 23 12:05:11 PDT 2020","Mon May 25 12:05:11 PDT 2020","","","","560","100% (2/2)","0% (0/0)","0% (0/0)","byguvo68rabeaebfl0bc"
"3AFT28WXLF2N2NIWAVAYSVZYCJXIOO","32KI9HN0SH8Q5EEER27HJI3DITGU1K","Reading a passage and responding to questions","You will read a short passage about a person, then answer questions related to the passage.","sentences, decisions, language","$0.40","Sat May 23 11:46:52 PDT 2020","352","BatchId:4050339;OriginalHitTemplateId:920937340;","7200","172800","Sat May 23 15:46:52 PDT 2020","","","3ND9UOO81K2ZJHXYCM3MPP0UY49LWX","A15UGQSBRSH5MG","Submitted","Sat May 23 11:47:30 PDT 2020","Sat May 23 11:54:24 PDT 2020","Mon May 25 11:54:24 PDT 2020","","","","414","0% (0/0)","0% (0/0)","0% (0/0)","yw1nqmrs332muvzmjm5q"
"3AFT28WXLF2N2NIWAVAYSVZYCJXIOO","32KI9HN0SH8Q5EEER27HJI3DITGU1K","Reading a passage and responding to questions","You will read a short passage about a person, then answer questions related to the passage.","sentences, decisions, language","$0.40","Sat May 23 11:46:52 PDT 2020","352","BatchId:4050339;OriginalHitTemplateId:920937340;","7200","172800","Sat May 23 15:46:52 PDT 2020","","","3NG53N1RLVJEK1GE6BGNSQ6SL7EP8R","A28V553Z8VS3VT","Submitted","Sat May 23 12:38:47 PDT 2020","Sat May 23 12:40:54 PDT 2020","Mon May 25 12:40:54 PDT 2020","","","","127","0% (0/0)","0% (0/0)","0% (0/0)","v6ktz1kny13t68evfpzb"
"3AFT28WXLF2N2NIWAVAYSVZYCJXIOO","32KI9HN0SH8Q5EEER27HJI3DITGU1K","Reading a passage and responding to questions","You will read a short passage about a person, then answer questions related to the passage.","sentences, decisions, language","$0.40","Sat May 23 11:46:52 PDT 2020","352","BatchId:4050339;OriginalHitTemplateId:920937340;","7200","172800","Sat May 23 15:46:52 PDT 2020","","","3NG53N1RLVJEK1GE6BGNSQ6SL7M8PI","A33QC6NBDMG2J4","Submitted","Sat May 23 13:29:24 PDT 2020","Sat May 23 13:33:36 PDT 2020","Mon May 25 13:33:36 PDT 2020","","","","252","0% (0/0)","0% (0/0)","0% (0/0)","nx4bmkhdyjstftgmfewt"
"3AFT28WXLF2N2NIWAVAYSVZYCJXIOO","32KI9HN0SH8Q5EEER27HJI3DITGU1K","Reading a passage and responding to questions","You will read a short passage about a person, then answer questions related to the passage.","sentences, decisions, language","$0.40","Sat May 23 11:46:52 PDT 2020","352","BatchId:4050339;OriginalHitTemplateId:920937340;","7200","172800","Sat May 23 15:46:52 PDT 2020","","","3NGMS9VZTLIB83170MQOQO9A65EFF5","A3JYTT5ZHFKR7A","Submitted","Sat May 23 13:46:41 PDT 2020","Sat May 23 13:55:01 PDT 2020","Mon May 25 13:55:01 PDT 2020","","","","500","0% (0/0)","0% (0/0)","0% (0/0)","ee583d6ep3obg0rp86r9"
"3AFT28WXLF2N2NIWAVAYSVZYCJXIOO","32KI9HN0SH8Q5EEER27HJI3DITGU1K","Reading a passage and responding to questions","You will read a short passage about a person, then answer questions related to the passage.","sentences, decisions, language","$0.40","Sat May 23 11:46:52 PDT 2020","352","BatchId:4050339;OriginalHitTemplateId:920937340;","7200","172800","Sat May 23 15:46:52 PDT 2020","","","3OE22WJIGIOXIAO69RWHONERNUMQUT","A1WWLKG2YHYGY4","Submitted","Sat May 23 11:54:22 PDT 2020","Sat May 23 11:55:26 PDT 2020","Mon May 25 11:55:26 PDT 2020","","","","64","0% (0/0)","0% (0/0)","0% (0/0)","23dhopi122002"
"3AFT28WXLF2N2NIWAVAYSVZYCJXIOO","32KI9HN0SH8Q5EEER27HJI3DITGU1K","Reading a passage and responding to questions","You will read a short passage about a person, then answer questions related to the passage.","sentences, decisions, language","$0.40","Sat May 23 11:46:52 PDT 2020","352","BatchId:4050339;OriginalHitTemplateId:920937340;","7200","172800","Sat May 23 15:46:52 PDT 2020","","","3P4RDNWND56BNWPTKKNU8JEUF4CIJR","ASYJGERU2D9QL","Submitted","Sat May 23 12:27:17 PDT 2020","Sat May 23 12:31:24 PDT 2020","Mon May 25 12:31:24 PDT 2020","","","","247","0% (0/0)","0% (0/0)","0% (0/0)","xznwx3jeunh9jk5lh787"
"3AFT28WXLF2N2NIWAVAYSVZYCJXIOO","32KI9HN0SH8Q5EEER27HJI3DITGU1K","Reading a passage and responding to questions","You will read a short passage about a person, then answer questions related to the passage.","sentences, decisions, language","$0.40","Sat May 23 11:46:52 PDT 2020","352","BatchId:4050339;OriginalHitTemplateId:920937340;","7200","172800","Sat May 23 15:46:52 PDT 2020","","","3PDJHANYK5GZ36Z2UJBKZ38ATMZH6F","A12WJK0I7N4BQ1","Submitted","Sat May 23 15:31:43 PDT 2020","Sat May 23 15:35:19 PDT 2020","Mon May 25 15:35:19 PDT 2020","","","","216","0% (0/0)","0% (0/0)","0% (0/0)","r67y1vpno0j1d28260wm"
"3AFT28WXLF2N2NIWAVAYSVZYCJXIOO","32KI9HN0SH8Q5EEER27HJI3DITGU1K","Reading a passage and responding to questions","You will read a short passage about a person, then answer questions related to the passage.","sentences, decisions, language","$0.40","Sat May 23 11:46:52 PDT 2020","352","BatchId:4050339;OriginalHitTemplateId:920937340;","7200","172800","Sat May 23 15:46:52 PDT 2020","","","3QILPRALQ5VEHG41QW3VO11XLS6N8M","A3C6ST1COY4UX6","Submitted","Sat May 23 11:49:13 PDT 2020","Sat May 23 11:53:13 PDT 2020","Mon May 25 11:53:13 PDT 2020","","","","240","0% (0/0)","0% (0/0)","0% (0/0)","vrqpdqamy7lvgs6t46g1"
"3AFT28WXLF2N2NIWAVAYSVZYCJXIOO","32KI9HN0SH8Q5EEER27HJI3DITGU1K","Reading a passage and responding to questions","You will read a short passage about a person, then answer questions related to the passage.","sentences, decisions, language","$0.40","Sat May 23 11:46:52 PDT 2020","352","BatchId:4050339;OriginalHitTemplateId:920937340;","7200","172800","Sat May 23 15:46:52 PDT 2020","","","3R08VXYT7CV04W8W8S2C6KIT3K4W7Z","A1BD1GI273RPFF","Submitted","Sat May 23 11:47:36 PDT 2020","Sat May 23 11:57:16 PDT 2020","Mon May 25 11:57:16 PDT 2020","","","","580","0% (0/0)","0% (0/0)","0% (0/0)","pp1bvxmhrx0um428q7l8"
"3AFT28WXLF2N2NIWAVAYSVZYCJXIOO","32KI9HN0SH8Q5EEER27HJI3DITGU1K","Reading a passage and responding to questions","You will read a short passage about a person, then answer questions related to the passage.","sentences, decisions, language","$0.40","Sat May 23 11:46:52 PDT 2020","352","BatchId:4050339;OriginalHitTemplateId:920937340;","7200","172800","Sat May 23 15:46:52 PDT 2020","","","3R08VXYT7CV04W8W8S2C6KIT3KJ7WP","A39QC1BM2TDRL","Submitted","Sat May 23 13:31:49 PDT 2020","Sat May 23 13:48:34 PDT 2020","Mon May 25 13:48:34 PDT 2020","","","","1005","0% (0/0)","0% (0/0)","0% (0/0)","7badha3zr8r8m4gvexyz"
"3AFT28WXLF2N2NIWAVAYSVZYCJXIOO","32KI9HN0SH8Q5EEER27HJI3DITGU1K","Reading a passage and responding to questions","You will read a short passage about a person, then answer questions related to the passage.","sentences, decisions, language","$0.40","Sat May 23 11:46:52 PDT 2020","352","BatchId:4050339;OriginalHitTemplateId:920937340;","7200","172800","Sat May 23 15:46:52 PDT 2020","","","3RXPCZQMQPBQWO3U47HLJ75S6AF1G9","A374SYNCQGB9B3","Submitted","Sat May 23 11:48:13 PDT 2020","Sat May 23 11:58:38 PDT 2020","Mon May 25 11:58:38 PDT 2020","","","","625","0% (0/0)","0% (0/0)","0% (0/0)","fl5xkhkyfrnesg5sd9nq"
"3AFT28WXLF2N2NIWAVAYSVZYCJXIOO","32KI9HN0SH8Q5EEER27HJI3DITGU1K","Reading a passage and responding to questions","You will read a short passage about a person, then answer questions related to the passage.","sentences, decisions, language","$0.40","Sat May 23 11:46:52 PDT 2020","352","BatchId:4050339;OriginalHitTemplateId:920937340;","7200","172800","Sat May 23 15:46:52 PDT 2020","","","3SLE99ER0NDR03GRWWYZAQY73CZZBE","A2M3LVBUZLN8MO","Submitted","Sat May 23 11:48:48 PDT 2020","Sat May 23 11:53:07 PDT 2020","Mon May 25 11:53:07 PDT 2020","","","","259","100% (1/1)","0% (0/0)","0% (0/0)","qp63tmd8sts4aj7jz9bl"
"3AFT28WXLF2N2NIWAVAYSVZYCJXIOO","32KI9HN0SH8Q5EEER27HJI3DITGU1K","Reading a passage and responding to questions","You will read a short passage about a person, then answer questions related to the passage.","sentences, decisions, language","$0.40","Sat May 23 11:46:52 PDT 2020","352","BatchId:4050339;OriginalHitTemplateId:920937340;","7200","172800","Sat May 23 15:46:52 PDT 2020","","","3UN61F00HWPG9WDRL5D9L1WGKZ3R5L","A1H7XQCN2TQJM7","Submitted","Sat May 23 12:51:07 PDT 2020","Sat May 23 12:54:34 PDT 2020","Mon May 25 12:54:34 PDT 2020","","","","207","0% (0/0)","0% (0/0)","0% (0/0)","5706plfek7dcdegz6906"
"3AFT28WXLF2N2NIWAVAYSVZYCJXIOO","32KI9HN0SH8Q5EEER27HJI3DITGU1K","Reading a passage and responding to questions","You will read a short passage about a person, then answer questions related to the passage.","sentences, decisions, language","$0.40","Sat May 23 11:46:52 PDT 2020","352","BatchId:4050339;OriginalHitTemplateId:920937340;","7200","172800","Sat May 23 15:46:52 PDT 2020","","","3VAR3R6G1P1WZ14DRB383Q12B2K8OV","AYN2UIUYSKVFA","Submitted","Sat May 23 12:49:08 PDT 2020","Sat May 23 13:06:14 PDT 2020","Mon May 25 13:06:14 PDT 2020","","","","1026","0% (0/0)","0% (0/0)","0% (0/0)","t7trqxjtga8dev6f965k"
"3AFT28WXLF2N2NIWAVAYSVZYCJXIOO","32KI9HN0SH8Q5EEER27HJI3DITGU1K","Reading a passage and responding to questions","You will read a short passage about a person, then answer questions related to the passage.","sentences, decisions, language","$0.40","Sat May 23 11:46:52 PDT 2020","352","BatchId:4050339;OriginalHitTemplateId:920937340;","7200","172800","Sat May 23 15:46:52 PDT 2020","","","3WEV0KO0OMSNEOSXF0VX9NP4JJ2DSN","A27SO6KBJWGX5B","Submitted","Sat May 23 15:18:02 PDT 2020","Sat May 23 15:25:08 PDT 2020","Mon May 25 15:25:08 PDT 2020","","","","426","0% (0/0)","0% (0/0)","0% (0/0)","z0t5g4g4hlxpawtaj1fa"
"3AFT28WXLF2N2NIWAVAYSVZYCJXIOO","32KI9HN0SH8Q5EEER27HJI3DITGU1K","Reading a passage and responding to questions","You will read a short passage about a person, then answer questions related to the passage.","sentences, decisions, language","$0.40","Sat May 23 11:46:52 PDT 2020","352","BatchId:4050339;OriginalHitTemplateId:920937340;","7200","172800","Sat May 23 15:46:52 PDT 2020","","","3WEV0KO0OMSNEOSXF0VX9NP4JJ3DSO","A2CISHIOILFDHN","Submitted","Sat May 23 15:28:23 PDT 2020","Sat May 23 15:41:03 PDT 2020","Mon May 25 15:41:03 PDT 2020","","","","760","0% (0/0)","0% (0/0)","0% (0/0)","kn6pb38yg2kf19gpmblf"
"3AFT28WXLF2N2NIWAVAYSVZYCJXIOO","32KI9HN0SH8Q5EEER27HJI3DITGU1K","Reading a passage and responding to questions","You will read a short passage about a person, then answer questions related to the passage.","sentences, decisions, language","$0.40","Sat May 23 11:46:52 PDT 2020","352","BatchId:4050339;OriginalHitTemplateId:920937340;","7200","172800","Sat May 23 15:46:52 PDT 2020","","","3WI0P0II61SBD9SK0BVSJDK8XGARD2","A1CMMZ6AR7NOOH","Submitted","Sat May 23 13:59:21 PDT 2020","Sat May 23 14:14:35 PDT 2020","Mon May 25 14:14:35 PDT 2020","","","","914","0% (0/0)","0% (0/0)","0% (0/0)","1jwgc4xdhcuu3bp7rejt"
"3AFT28WXLF2N2NIWAVAYSVZYCJXIOO","32KI9HN0SH8Q5EEER27HJI3DITGU1K","Reading a passage and responding to questions","You will read a short passage about a person, then answer questions related to the passage.","sentences, decisions, language","$0.40","Sat May 23 11:46:52 PDT 2020","352","BatchId:4050339;OriginalHitTemplateId:920937340;","7200","172800","Sat May 23 15:46:52 PDT 2020","","","3WLEIWSYHOHBL5G17HZH9QRYDHSH2T","A3K2I1RP5MQN8Y","Submitted","Sat May 23 14:42:59 PDT 2020","Sat May 23 14:45:33 PDT 2020","Mon May 25 14:45:33 PDT 2020","","","","154","0% (0/0)","0% (0/0)","0% (0/0)","0qbun5bvy1k2ugdb1sdp"
"3AFT28WXLF2N2NIWAVAYSVZYCJXIOO","32KI9HN0SH8Q5EEER27HJI3DITGU1K","Reading a passage and responding to questions","You will read a short passage about a person, then answer questions related to the passage.","sentences, decisions, language","$0.40","Sat May 23 11:46:52 PDT 2020","352","BatchId:4050339;OriginalHitTemplateId:920937340;","7200","172800","Sat May 23 15:46:52 PDT 2020","","","3WQQ9FUS6AUCG7F4N6YMX61343UB8N","AVOW3NF71AD21","Submitted","Sat May 23 11:58:49 PDT 2020","Sat May 23 12:02:28 PDT 2020","Mon May 25 12:02:28 PDT 2020","","","","219","0% (0/0)","0% (0/0)","0% (0/0)","jhh82s4t046u05jv21pl"
"3AFT28WXLF2N2NIWAVAYSVZYCJXIOO","32KI9HN0SH8Q5EEER27HJI3DITGU1K","Reading a passage and responding to questions","You will read a short passage about a person, then answer questions related to the passage.","sentences, decisions, language","$0.40","Sat May 23 11:46:52 PDT 2020","352","BatchId:4050339;OriginalHitTemplateId:920937340;","7200","172800","Sat May 23 15:46:52 PDT 2020","","","3XCC1ODXDLB52IWP5X1CJCR7GVHQRO","A3SPO9OVI0JDQF","Submitted","Sat May 23 11:46:54 PDT 2020","Sat May 23 12:17:01 PDT 2020","Mon May 25 12:17:01 PDT 2020","","","","1807","0% (0/0)","0% (0/0)","0% (0/0)","sn8o7w8bckynyrm6c3u1"
"3AFT28WXLF2N2NIWAVAYSVZYCJXIOO","32KI9HN0SH8Q5EEER27HJI3DITGU1K","Reading a passage and responding to questions","You will read a short passage about a person, then answer questions related to the passage.","sentences, decisions, language","$0.40","Sat May 23 11:46:52 PDT 2020","352","BatchId:4050339;OriginalHitTemplateId:920937340;","7200","172800","Sat May 23 15:46:52 PDT 2020","","","3XCC1ODXDLB52IWP5X1CJCR7GVHRQP","A2DT28O8YHDU9B","Submitted","Sat May 23 11:48:16 PDT 2020","Sat May 23 12:40:41 PDT 2020","Mon May 25 12:40:41 PDT 2020","","","","3145","0% (0/0)","0% (0/0)","0% (0/0)","70xotg1akzyhsykb53uh"
"3AFT28WXLF2N2NIWAVAYSVZYCJXIOO","32KI9HN0SH8Q5EEER27HJI3DITGU1K","Reading a passage and responding to questions","You will read a short passage about a person, then answer questions related to the passage.","sentences, decisions, language","$0.40","Sat May 23 11:46:52 PDT 2020","352","BatchId:4050339;OriginalHitTemplateId:920937340;","7200","172800","Sat May 23 15:46:52 PDT 2020","","","3Y54SXRO1LLAAQGYQVQCTSPE711UTR","A7O5C5Z70KKQA","Submitted","Sat May 23 13:46:54 PDT 2020","Sat May 23 13:51:44 PDT 2020","Mon May 25 13:51:44 PDT 2020","","","","290","0% (0/0)","0% (0/0)","0% (0/0)","ezgdxtkvrsnghr8moz0h"
"3AFT28WXLF2N2NIWAVAYSVZYCJXIOO","32KI9HN0SH8Q5EEER27HJI3DITGU1K","Reading a passage and responding to questions","You will read a short passage about a person, then answer questions related to the passage.","sentences, decisions, language","$0.40","Sat May 23 11:46:52 PDT 2020","352","BatchId:4050339;OriginalHitTemplateId:920937340;","7200","172800","Sat May 23 15:46:52 PDT 2020","","","3YMU66OBIN810ZO86WK6BULZN01HGG","AG8A7DTUVAIW6","Submitted","Sat May 23 15:21:11 PDT 2020","Sat May 23 15:24:12 PDT 2020","Mon May 25 15:24:12 PDT 2020","","","","181","0% (0/0)","0% (0/0)","0% (0/0)","tnqoaz27hoqrbqe9ndzq"
"3AFT28WXLF2N2NIWAVAYSVZYCJXIOO","32KI9HN0SH8Q5EEER27HJI3DITGU1K","Reading a passage and responding to questions","You will read a short passage about a person, then answer questions related to the passage.","sentences, decisions, language","$0.40","Sat May 23 11:46:52 PDT 2020","352","BatchId:4050339;OriginalHitTemplateId:920937340;","7200","172800","Sat May 23 15:46:52 PDT 2020","","","3YMU66OBIN810ZO86WK6BULZNZVHG8","A13FTIHWW9GE8X","Submitted","Sat May 23 14:20:38 PDT 2020","Sat May 23 14:27:28 PDT 2020","Mon May 25 14:27:28 PDT 2020","","","","410","0% (0/0)","0% (0/0)","0% (0/0)","gwadv3f3esyotm4e8mo5"
"3AFT28WXLF2N2NIWAVAYSVZYCJXIOO","32KI9HN0SH8Q5EEER27HJI3DITGU1K","Reading a passage and responding to questions","You will read a short passage about a person, then answer questions related to the passage.","sentences, decisions, language","$0.40","Sat May 23 11:46:52 PDT 2020","352","BatchId:4050339;OriginalHitTemplateId:920937340;","7200","172800","Sat May 23 15:46:52 PDT 2020","","","3YW4XOSQKQL9164POC62NM6JFJJ1U0","A3RE75WDWVEE67","Submitted","Sat May 23 15:04:22 PDT 2020","Sat May 23 15:12:38 PDT 2020","Mon May 25 15:12:38 PDT 2020","","","","496","0% (0/0)","0% (0/0)","0% (0/0)","d6wdjyaaqnxgh082bg8t"
"3AFT28WXLF2N2NIWAVAYSVZYCJXIOO","32KI9HN0SH8Q5EEER27HJI3DITGU1K","Reading a passage and responding to questions","You will read a short passage about a person, then answer questions related to the passage.","sentences, decisions, language","$0.40","Sat May 23 11:46:52 PDT 2020","352","BatchId:4050339;OriginalHitTemplateId:920937340;","7200","172800","Sat May 23 15:46:52 PDT 2020","","","3ZDAD0O1T1D2RUATV01ZDZOI1J2TX2","A2JVWXY9U5MWAN","Submitted","Sat May 23 11:55:04 PDT 2020","Sat May 23 12:00:48 PDT 2020","Mon May 25 12:00:48 PDT 2020","","","","344","0% (0/0)","0% (0/0)","0% (0/0)","guhk0sv7zsp4j319v6xs"
"3AFT28WXLF2N2NIWAVAYSVZYCJXIOO","32KI9HN0SH8Q5EEER27HJI3DITGU1K","Reading a passage and responding to questions","You will read a short passage about a person, then answer questions related to the passage.","sentences, decisions, language","$0.40","Sat May 23 11:46:52 PDT 2020","352","BatchId:4050339;OriginalHitTemplateId:920937340;","7200","172800","Sat May 23 15:46:52 PDT 2020","","","3ZGVPD4G6THRWPA8WIPKAK4T9JZZT4","AQQGU4HHPTP3J","Submitted","Sat May 23 11:49:33 PDT 2020","Sat May 23 11:56:55 PDT 2020","Mon May 25 11:56:55 PDT 2020","","","","442","0% (0/0)","0% (0/0)","0% (0/0)","svf0sovq6xy15yankj5b"
"3AFT28WXLF2N2NIWAVAYSVZYCJXIOO","32KI9HN0SH8Q5EEER27HJI3DITGU1K","Reading a passage and responding to questions","You will read a short passage about a person, then answer questions related to the passage.","sentences, decisions, language","$0.40","Sat May 23 11:46:52 PDT 2020","352","BatchId:4050339;OriginalHitTemplateId:920937340;","7200","172800","Sat May 23 15:46:52 PDT 2020","","","3ZV9H2YQQD7I3D796GZMT36DYIK3W3","A1369KYYA2I1PS","Submitted","Sat May 23 12:01:31 PDT 2020","Sat May 23 12:06:48 PDT 2020","Mon May 25 12:06:48 PDT 2020","","","","317","0% (0/0)","0% (0/0)","0% (0/0)","tkd91ga5k16pszpl457o"