"HITId","HITTypeId","Title","Description","Keywords","Reward","CreationTime","MaxAssignments","RequesterAnnotation","AssignmentDurationInSeconds","AutoApprovalDelayInSeconds","Expiration","NumberOfSimilarHITs","LifetimeInSeconds","AssignmentId","WorkerId","AssignmentStatus","AcceptTime","SubmitTime","AutoApprovalTime","ApprovalTime","RejectionTime","RequesterFeedback","WorkTimeInSeconds","LifetimeApprovalRate","Last30DaysApprovalRate","Last7DaysApprovalRate","Answer.surveycode","Approve","Reject"
"38Z7YZ2SB32QNZVCP822H0UYRM3IQO","32KI9HN0SH8Q5EEER27HJI3DITGU1K","Reading a passage and responding to questions","You will read a short passage about a person, then answer questions related to the passage.","sentences, decisions, language","$0.40","Mon May 25 05:58:12 PDT 2020","352","BatchId:4051985;OriginalHitTemplateId:920937340;","7200","172800","Mon May 25 09:58:12 PDT 2020","","","30MVJZJNHMDICVWQGQHHVQFRWIR9J9","A39N2R47D03TZD","Submitted","Mon May 25 05:58:25 PDT 2020","Mon May 25 06:09:59 PDT 2020","Wed May 27 06:09:59 PDT 2020","","","","694","0% (0/0)","0% (0/0)","0% (0/0)","njfk3ct6he7lpmco390p"
"38Z7YZ2SB32QNZVCP822H0UYRM3IQO","32KI9HN0SH8Q5EEER27HJI3DITGU1K","Reading a passage and responding to questions","You will read a short passage about a person, then answer questions related to the passage.","sentences, decisions, language","$0.40","Mon May 25 05:58:12 PDT 2020","352","BatchId:4051985;OriginalHitTemplateId:920937340;","7200","172800","Mon May 25 09:58:12 PDT 2020","","","30MVJZJNHMDICVWQGQHHVQFRWIS9JA","A2HGAQ9WOEU9PN","Submitted","Mon May 25 06:20:14 PDT 2020","Mon May 25 06:23:46 PDT 2020","Wed May 27 06:23:46 PDT 2020","","","","212","0% (0/0)","0% (0/0)","0% (0/0)","d3xejqm94enbcjogr0nf"
"38Z7YZ2SB32QNZVCP822H0UYRM3IQO","32KI9HN0SH8Q5EEER27HJI3DITGU1K","Reading a passage and responding to questions","You will read a short passage about a person, then answer questions related to the passage.","sentences, decisions, language","$0.40","Mon May 25 05:58:12 PDT 2020","352","BatchId:4051985;OriginalHitTemplateId:920937340;","7200","172800","Mon May 25 09:58:12 PDT 2020","","","31Z0PCVWUKF8CF42DNX1J0BUZUV7T1","A1GHJCQDEOM8S1","Submitted","Mon May 25 06:12:52 PDT 2020","Mon May 25 06:16:40 PDT 2020","Wed May 27 06:16:40 PDT 2020","","","","228","0% (0/0)","0% (0/0)","0% (0/0)","q3kcbuz1vzxgc186rkym"
"38Z7YZ2SB32QNZVCP822H0UYRM3IQO","32KI9HN0SH8Q5EEER27HJI3DITGU1K","Reading a passage and responding to questions","You will read a short passage about a person, then answer questions related to the passage.","sentences, decisions, language","$0.40","Mon May 25 05:58:12 PDT 2020","352","BatchId:4051985;OriginalHitTemplateId:920937340;","7200","172800","Mon May 25 09:58:12 PDT 2020","","","320DUZ38G7MXR5JYUWNRN71E0VOGJ9","A2Z0DX8BF3RMT8","Submitted","Mon May 25 06:32:38 PDT 2020","Mon May 25 06:33:05 PDT 2020","Wed May 27 06:33:05 PDT 2020","","","","27","0% (0/0)","0% (0/0)","0% (0/0)","21355"
"38Z7YZ2SB32QNZVCP822H0UYRM3IQO","32KI9HN0SH8Q5EEER27HJI3DITGU1K","Reading a passage and responding to questions","You will read a short passage about a person, then answer questions related to the passage.","sentences, decisions, language","$0.40","Mon May 25 05:58:12 PDT 2020","352","BatchId:4051985;OriginalHitTemplateId:920937340;","7200","172800","Mon May 25 09:58:12 PDT 2020","","","336KAV9KYQSX706QHH35VQM13GVY25","A30J4IZCMCR31F","Submitted","Mon May 25 07:14:20 PDT 2020","Mon May 25 08:51:26 PDT 2020","Wed May 27 08:51:26 PDT 2020","","","","5826","0% (0/0)","0% (0/0)","0% (0/0)","vgdy9tzdy4lfy3cz2yhb"
"38Z7YZ2SB32QNZVCP822H0UYRM3IQO","32KI9HN0SH8Q5EEER27HJI3DITGU1K","Reading a passage and responding to questions","You will read a short passage about a person, then answer questions related to the passage.","sentences, decisions, language","$0.40","Mon May 25 05:58:12 PDT 2020","352","BatchId:4051985;OriginalHitTemplateId:920937340;","7200","172800","Mon May 25 09:58:12 PDT 2020","","","338JKRMM26Z0Q8B5KWSWF8AWP8EHA0","A2ODZYV6RRJ7NJ","Submitted","Mon May 25 07:45:35 PDT 2020","Mon May 25 07:48:02 PDT 2020","Wed May 27 07:48:02 PDT 2020","","","","147","0% (0/0)","0% (0/0)","0% (0/0)","sllr6csv354v8zuo28bs"
"38Z7YZ2SB32QNZVCP822H0UYRM3IQO","32KI9HN0SH8Q5EEER27HJI3DITGU1K","Reading a passage and responding to questions","You will read a short passage about a person, then answer questions related to the passage.","sentences, decisions, language","$0.40","Mon May 25 05:58:12 PDT 2020","352","BatchId:4051985;OriginalHitTemplateId:920937340;","7200","172800","Mon May 25 09:58:12 PDT 2020","","","33FOTY3KEMLDFCNP2LL2TGKD8MX1CH","A7D8NYR8B92VK","Submitted","Mon May 25 06:49:31 PDT 2020","Mon May 25 08:31:59 PDT 2020","Wed May 27 08:31:59 PDT 2020","","","","6148","0% (0/0)","0% (0/0)","0% (0/0)","4vj88tal4d9a692nphvb"
"38Z7YZ2SB32QNZVCP822H0UYRM3IQO","32KI9HN0SH8Q5EEER27HJI3DITGU1K","Reading a passage and responding to questions","You will read a short passage about a person, then answer questions related to the passage.","sentences, decisions, language","$0.40","Mon May 25 05:58:12 PDT 2020","352","BatchId:4051985;OriginalHitTemplateId:920937340;","7200","172800","Mon May 25 09:58:12 PDT 2020","","","33IZTU6J8111CUXE60W93USWZ5ISXG","A6BXO4JNQP7W9","Submitted","Mon May 25 09:31:51 PDT 2020","Mon May 25 09:53:15 PDT 2020","Wed May 27 09:53:15 PDT 2020","","","","1284","0% (0/0)","0% (0/0)","0% (0/0)","y30h2uwmdx5e9ktytgct"
"38Z7YZ2SB32QNZVCP822H0UYRM3IQO","32KI9HN0SH8Q5EEER27HJI3DITGU1K","Reading a passage and responding to questions","You will read a short passage about a person, then answer questions related to the passage.","sentences, decisions, language","$0.40","Mon May 25 05:58:12 PDT 2020","352","BatchId:4051985;OriginalHitTemplateId:920937340;","7200","172800","Mon May 25 09:58:12 PDT 2020","","","34QN5IT0TZRBWKCUPQ1XDP5KD4U805","A2NK752HHGLXSQ","Submitted","Mon May 25 09:57:14 PDT 2020","Mon May 25 10:04:49 PDT 2020","Wed May 27 10:04:49 PDT 2020","","","","455","0% (0/0)","0% (0/0)","0% (0/0)","d45sdm4aaubzc5b3guwx"
"38Z7YZ2SB32QNZVCP822H0UYRM3IQO","32KI9HN0SH8Q5EEER27HJI3DITGU1K","Reading a passage and responding to questions","You will read a short passage about a person, then answer questions related to the passage.","sentences, decisions, language","$0.40","Mon May 25 05:58:12 PDT 2020","352","BatchId:4051985;OriginalHitTemplateId:920937340;","7200","172800","Mon May 25 09:58:12 PDT 2020","","","358010RM5ETH4MEI0V1EEHC3Y8XXV9","A2UTDZAZV1DF0N","Submitted","Mon May 25 07:41:04 PDT 2020","Mon May 25 09:39:40 PDT 2020","Wed May 27 09:39:40 PDT 2020","","","","7116","100% (1/1)","0% (0/0)","0% (0/0)","t0sulp1ezsas2q6k5vn2"
"38Z7YZ2SB32QNZVCP822H0UYRM3IQO","32KI9HN0SH8Q5EEER27HJI3DITGU1K","Reading a passage and responding to questions","You will read a short passage about a person, then answer questions related to the passage.","sentences, decisions, language","$0.40","Mon May 25 05:58:12 PDT 2020","352","BatchId:4051985;OriginalHitTemplateId:920937340;","7200","172800","Mon May 25 09:58:12 PDT 2020","","","35LDD5557A4SUZL2NKLY1RLOB7NKM9","A3TF0TA67EBKBE","Submitted","Mon May 25 09:47:02 PDT 2020","Mon May 25 10:08:52 PDT 2020","Wed May 27 10:08:52 PDT 2020","","","","1310","0% (0/0)","0% (0/0)","0% (0/0)","poz15dld4hdke2896bl1"
"38Z7YZ2SB32QNZVCP822H0UYRM3IQO","32KI9HN0SH8Q5EEER27HJI3DITGU1K","Reading a passage and responding to questions","You will read a short passage about a person, then answer questions related to the passage.","sentences, decisions, language","$0.40","Mon May 25 05:58:12 PDT 2020","352","BatchId:4051985;OriginalHitTemplateId:920937340;","7200","172800","Mon May 25 09:58:12 PDT 2020","","","3634BBTX0OUVIU3X1UW9TLM2M1ZIF0","A17T6TVHCLK3MH","Submitted","Mon May 25 06:33:47 PDT 2020","Mon May 25 06:41:20 PDT 2020","Wed May 27 06:41:20 PDT 2020","","","","453","0% (0/0)","0% (0/0)","0% (0/0)","n1yxt86391pw855plxdf"
"38Z7YZ2SB32QNZVCP822H0UYRM3IQO","32KI9HN0SH8Q5EEER27HJI3DITGU1K","Reading a passage and responding to questions","You will read a short passage about a person, then answer questions related to the passage.","sentences, decisions, language","$0.40","Mon May 25 05:58:12 PDT 2020","352","BatchId:4051985;OriginalHitTemplateId:920937340;","7200","172800","Mon May 25 09:58:12 PDT 2020","","","36WLNQG78ZATP8PV09KMPGXPFAZBE1","A35BY30TC8WCL4","Submitted","Mon May 25 06:18:36 PDT 2020","Mon May 25 06:21:58 PDT 2020","Wed May 27 06:21:58 PDT 2020","","","","202","100% (1/1)","0% (0/0)","0% (0/0)","8pyyr6eo3uyqpw8fl04u"
"38Z7YZ2SB32QNZVCP822H0UYRM3IQO","32KI9HN0SH8Q5EEER27HJI3DITGU1K","Reading a passage and responding to questions","You will read a short passage about a person, then answer questions related to the passage.","sentences, decisions, language","$0.40","Mon May 25 05:58:12 PDT 2020","352","BatchId:4051985;OriginalHitTemplateId:920937340;","7200","172800","Mon May 25 09:58:12 PDT 2020","","","36ZN444YTRYPO7GQ0XFZGFVGE22IOY","A3TUX0I8G6VFK8","Submitted","Mon May 25 08:21:57 PDT 2020","Mon May 25 08:24:26 PDT 2020","Wed May 27 08:24:26 PDT 2020","","","","149","0% (0/0)","0% (0/0)","0% (0/0)","r1rvus55lt1dzzx7e2ad"
"38Z7YZ2SB32QNZVCP822H0UYRM3IQO","32KI9HN0SH8Q5EEER27HJI3DITGU1K","Reading a passage and responding to questions","You will read a short passage about a person, then answer questions related to the passage.","sentences, decisions, language","$0.40","Mon May 25 05:58:12 PDT 2020","352","BatchId:4051985;OriginalHitTemplateId:920937340;","7200","172800","Mon May 25 09:58:12 PDT 2020","","","37U1UTWH9VMZWEWTJ3KCXL67MT68RE","A3D4UBV1G7X3JK","Submitted","Mon May 25 06:47:51 PDT 2020","Mon May 25 08:17:41 PDT 2020","Wed May 27 08:17:41 PDT 2020","","","","5390","0% (0/0)","0% (0/0)","0% (0/0)","oqzvemvpuvnpgk9boyf7"
"38Z7YZ2SB32QNZVCP822H0UYRM3IQO","32KI9HN0SH8Q5EEER27HJI3DITGU1K","Reading a passage and responding to questions","You will read a short passage about a person, then answer questions related to the passage.","sentences, decisions, language","$0.40","Mon May 25 05:58:12 PDT 2020","352","BatchId:4051985;OriginalHitTemplateId:920937340;","7200","172800","Mon May 25 09:58:12 PDT 2020","","","37WLF8U1WPQQ5W0A04EHCVO2L6TK6I","A2K7AVZWEC9B14","Submitted","Mon May 25 07:55:33 PDT 2020","Mon May 25 08:01:39 PDT 2020","Wed May 27 08:01:39 PDT 2020","","","","366","0% (0/0)","0% (0/0)","0% (0/0)","jnh9stw5ohwyszf4m2w8"
"38Z7YZ2SB32QNZVCP822H0UYRM3IQO","32KI9HN0SH8Q5EEER27HJI3DITGU1K","Reading a passage and responding to questions","You will read a short passage about a person, then answer questions related to the passage.","sentences, decisions, language","$0.40","Mon May 25 05:58:12 PDT 2020","352","BatchId:4051985;OriginalHitTemplateId:920937340;","7200","172800","Mon May 25 09:58:12 PDT 2020","","","39ASUFLU6X702BSW55C4EDOHYDNEXD","A1NXF2S374AGLU","Submitted","Mon May 25 06:21:52 PDT 2020","Mon May 25 06:29:42 PDT 2020","Wed May 27 06:29:42 PDT 2020","","","","470","0% (0/0)","0% (0/0)","0% (0/0)","ypj5m273nrqsj76axf4p"
"38Z7YZ2SB32QNZVCP822H0UYRM3IQO","32KI9HN0SH8Q5EEER27HJI3DITGU1K","Reading a passage and responding to questions","You will read a short passage about a person, then answer questions related to the passage.","sentences, decisions, language","$0.40","Mon May 25 05:58:12 PDT 2020","352","BatchId:4051985;OriginalHitTemplateId:920937340;","7200","172800","Mon May 25 09:58:12 PDT 2020","","","39ASUFLU6X702BSW55C4EDOHYDREXH","ALVNLAB9WP9I4","Submitted","Mon May 25 07:09:48 PDT 2020","Mon May 25 09:08:14 PDT 2020","Wed May 27 09:08:14 PDT 2020","","","","7106","0% (0/0)","0% (0/0)","0% (0/0)","t7qb9fnd6qjbphxh8wvp"
"38Z7YZ2SB32QNZVCP822H0UYRM3IQO","32KI9HN0SH8Q5EEER27HJI3DITGU1K","Reading a passage and responding to questions","You will read a short passage about a person, then answer questions related to the passage.","sentences, decisions, language","$0.40","Mon May 25 05:58:12 PDT 2020","352","BatchId:4051985;OriginalHitTemplateId:920937340;","7200","172800","Mon May 25 09:58:12 PDT 2020","","","39K0FND3AHFMIMCGBT897DIS6UAAMZ","A3DZCWB0J90PHT","Submitted","Mon May 25 07:15:35 PDT 2020","Mon May 25 07:20:21 PDT 2020","Wed May 27 07:20:21 PDT 2020","","","","286","0% (0/0)","0% (0/0)","0% (0/0)","1mwjkbdayw1yw60ee09x"
"38Z7YZ2SB32QNZVCP822H0UYRM3IQO","32KI9HN0SH8Q5EEER27HJI3DITGU1K","Reading a passage and responding to questions","You will read a short passage about a person, then answer questions related to the passage.","sentences, decisions, language","$0.40","Mon May 25 05:58:12 PDT 2020","352","BatchId:4051985;OriginalHitTemplateId:920937340;","7200","172800","Mon May 25 09:58:12 PDT 2020","","","39PAAFCODM0AN55YVL0HPERXLC4TVH","A2J1MW8827JOOP","Submitted","Mon May 25 06:53:52 PDT 2020","Mon May 25 07:01:13 PDT 2020","Wed May 27 07:01:13 PDT 2020","","","","441","0% (0/0)","0% (0/0)","0% (0/0)","fe9b8alb46rt19aunr31"
"38Z7YZ2SB32QNZVCP822H0UYRM3IQO","32KI9HN0SH8Q5EEER27HJI3DITGU1K","Reading a passage and responding to questions","You will read a short passage about a person, then answer questions related to the passage.","sentences, decisions, language","$0.40","Mon May 25 05:58:12 PDT 2020","352","BatchId:4051985;OriginalHitTemplateId:920937340;","7200","172800","Mon May 25 09:58:12 PDT 2020","","","3A4NIXBJ76Z3E53K8KXZGRY3063LMM","ALYZEGVGT4CXD","Submitted","Mon May 25 05:59:35 PDT 2020","Mon May 25 06:04:45 PDT 2020","Wed May 27 06:04:45 PDT 2020","","","","310","0% (0/0)","0% (0/0)","0% (0/0)","am3dygoov2xfdxk7lgxf"
"38Z7YZ2SB32QNZVCP822H0UYRM3IQO","32KI9HN0SH8Q5EEER27HJI3DITGU1K","Reading a passage and responding to questions","You will read a short passage about a person, then answer questions related to the passage.","sentences, decisions, language","$0.40","Mon May 25 05:58:12 PDT 2020","352","BatchId:4051985;OriginalHitTemplateId:920937340;","7200","172800","Mon May 25 09:58:12 PDT 2020","","","3AAPLD8UCCH554AEQWJDAD0ODY5TH5","A1ZLY60CGN617T","Submitted","Mon May 25 08:29:04 PDT 2020","Mon May 25 08:32:09 PDT 2020","Wed May 27 08:32:09 PDT 2020","","","","185","0% (0/0)","0% (0/0)","0% (0/0)","fx4xkyvp634kwmoegwuz"
"38Z7YZ2SB32QNZVCP822H0UYRM3IQO","32KI9HN0SH8Q5EEER27HJI3DITGU1K","Reading a passage and responding to questions","You will read a short passage about a person, then answer questions related to the passage.","sentences, decisions, language","$0.40","Mon May 25 05:58:12 PDT 2020","352","BatchId:4051985;OriginalHitTemplateId:920937340;","7200","172800","Mon May 25 09:58:12 PDT 2020","","","3AQF3RZ558IFPA8WZTNKWIWXDA9F68","AVIOR20K5ZXQD","Submitted","Mon May 25 07:28:06 PDT 2020","Mon May 25 07:32:03 PDT 2020","Wed May 27 07:32:03 PDT 2020","","","","237","0% (0/0)","0% (0/0)","0% (0/0)","fag0eucv8ykjdt85ss43"
"38Z7YZ2SB32QNZVCP822H0UYRM3IQO","32KI9HN0SH8Q5EEER27HJI3DITGU1K","Reading a passage and responding to questions","You will read a short passage about a person, then answer questions related to the passage.","sentences, decisions, language","$0.40","Mon May 25 05:58:12 PDT 2020","352","BatchId:4051985;OriginalHitTemplateId:920937340;","7200","172800","Mon May 25 09:58:12 PDT 2020","","","3CN4LGXD5XO7AELDLVMTO5JZNVA4YS","A28RL79ONUXTET","Submitted","Mon May 25 09:35:11 PDT 2020","Mon May 25 09:43:09 PDT 2020","Wed May 27 09:43:09 PDT 2020","","","","478","0% (0/0)","0% (0/0)","0% (0/0)","pq7wybgr53l9jnne8sqw"
"38Z7YZ2SB32QNZVCP822H0UYRM3IQO","32KI9HN0SH8Q5EEER27HJI3DITGU1K","Reading a passage and responding to questions","You will read a short passage about a person, then answer questions related to the passage.","sentences, decisions, language","$0.40","Mon May 25 05:58:12 PDT 2020","352","BatchId:4051985;OriginalHitTemplateId:920937340;","7200","172800","Mon May 25 09:58:12 PDT 2020","","","3CP1TO84PT1Z5CW66FY8KTO88CC25G","A316JVOTVR7J3B","Submitted","Mon May 25 09:47:56 PDT 2020","Mon May 25 09:55:46 PDT 2020","Wed May 27 09:55:46 PDT 2020","","","","470","0% (0/0)","0% (0/0)","0% (0/0)","csahq7co2xv6q32m4f1c"
"38Z7YZ2SB32QNZVCP822H0UYRM3IQO","32KI9HN0SH8Q5EEER27HJI3DITGU1K","Reading a passage and responding to questions","You will read a short passage about a person, then answer questions related to the passage.","sentences, decisions, language","$0.40","Mon May 25 05:58:12 PDT 2020","352","BatchId:4051985;OriginalHitTemplateId:920937340;","7200","172800","Mon May 25 09:58:12 PDT 2020","","","3CTOC39K37QEYC8X1TJXHUOL1SFJ7J","A1JG9HUSU3DK08","Submitted","Mon May 25 08:12:11 PDT 2020","Mon May 25 08:36:59 PDT 2020","Wed May 27 08:36:59 PDT 2020","","","","1488","0% (0/0)","0% (0/0)","0% (0/0)","3akmjha4zxwveqmcw3pr"
"38Z7YZ2SB32QNZVCP822H0UYRM3IQO","32KI9HN0SH8Q5EEER27HJI3DITGU1K","Reading a passage and responding to questions","You will read a short passage about a person, then answer questions related to the passage.","sentences, decisions, language","$0.40","Mon May 25 05:58:12 PDT 2020","352","BatchId:4051985;OriginalHitTemplateId:920937340;","7200","172800","Mon May 25 09:58:12 PDT 2020","","","3DH6GAKTYYPNDB926OCJI1W8OPRZYB","A32TEQYVIZNCLV","Submitted","Mon May 25 06:45:05 PDT 2020","Mon May 25 06:50:52 PDT 2020","Wed May 27 06:50:52 PDT 2020","","","","347","0% (0/0)","0% (0/0)","0% (0/0)","6vwo2xr49mj00pcs64os"
"38Z7YZ2SB32QNZVCP822H0UYRM3IQO","32KI9HN0SH8Q5EEER27HJI3DITGU1K","Reading a passage and responding to questions","You will read a short passage about a person, then answer questions related to the passage.","sentences, decisions, language","$0.40","Mon May 25 05:58:12 PDT 2020","352","BatchId:4051985;OriginalHitTemplateId:920937340;","7200","172800","Mon May 25 09:58:12 PDT 2020","","","3DL65MZB8DFCZDH1E9GH0037XV1CEB","A1OUAXMBLEGHQV","Submitted","Mon May 25 06:53:13 PDT 2020","Mon May 25 07:01:23 PDT 2020","Wed May 27 07:01:23 PDT 2020","","","","490","0% (0/0)","0% (0/0)","0% (0/0)","8ux0eyvdy0d1evg2m7fh"
"38Z7YZ2SB32QNZVCP822H0UYRM3IQO","32KI9HN0SH8Q5EEER27HJI3DITGU1K","Reading a passage and responding to questions","You will read a short passage about a person, then answer questions related to the passage.","sentences, decisions, language","$0.40","Mon May 25 05:58:12 PDT 2020","352","BatchId:4051985;OriginalHitTemplateId:920937340;","7200","172800","Mon May 25 09:58:12 PDT 2020","","","3DPNQGW4LLF5RUB7FCR15EZ6OL846J","A198DUK9EYE707","Submitted","Mon May 25 08:24:14 PDT 2020","Mon May 25 08:31:01 PDT 2020","Wed May 27 08:31:01 PDT 2020","","","","407","0% (0/0)","0% (0/0)","0% (0/0)","hofck7xr07kftfw09gyd"
"38Z7YZ2SB32QNZVCP822H0UYRM3IQO","32KI9HN0SH8Q5EEER27HJI3DITGU1K","Reading a passage and responding to questions","You will read a short passage about a person, then answer questions related to the passage.","sentences, decisions, language","$0.40","Mon May 25 05:58:12 PDT 2020","352","BatchId:4051985;OriginalHitTemplateId:920937340;","7200","172800","Mon May 25 09:58:12 PDT 2020","","","3DQQ64TANGLPA2CW4EWT669E3IIWPM","A1TCDQNDVZFTLE","Submitted","Mon May 25 06:04:01 PDT 2020","Mon May 25 06:07:10 PDT 2020","Wed May 27 06:07:10 PDT 2020","","","","189","0% (0/0)","0% (0/0)","0% (0/0)","bdbdrng93furtd7suxs4"
"38Z7YZ2SB32QNZVCP822H0UYRM3IQO","32KI9HN0SH8Q5EEER27HJI3DITGU1K","Reading a passage and responding to questions","You will read a short passage about a person, then answer questions related to the passage.","sentences, decisions, language","$0.40","Mon May 25 05:58:12 PDT 2020","352","BatchId:4051985;OriginalHitTemplateId:920937340;","7200","172800","Mon May 25 09:58:12 PDT 2020","","","3DZQRBDBSLFPWWQ0MBPLWE3SS9V3S3","A2ZEE0T533JG2X","Submitted","Mon May 25 06:15:45 PDT 2020","Mon May 25 06:23:22 PDT 2020","Wed May 27 06:23:22 PDT 2020","","","","457","0% (0/0)","0% (0/0)","0% (0/0)","zz94uk2argg2vrgynvml"
"38Z7YZ2SB32QNZVCP822H0UYRM3IQO","32KI9HN0SH8Q5EEER27HJI3DITGU1K","Reading a passage and responding to questions","You will read a short passage about a person, then answer questions related to the passage.","sentences, decisions, language","$0.40","Mon May 25 05:58:12 PDT 2020","352","BatchId:4051985;OriginalHitTemplateId:920937340;","7200","172800","Mon May 25 09:58:12 PDT 2020","","","3E4GGUZ1T8R2NVH9D22EMI7Q520K2C","A2VBE60SS7PIGS","Submitted","Mon May 25 08:57:38 PDT 2020","Mon May 25 09:01:26 PDT 2020","Wed May 27 09:01:26 PDT 2020","","","","228","0% (0/0)","0% (0/0)","0% (0/0)","fxw4xd774duhmoqguejq"
"38Z7YZ2SB32QNZVCP822H0UYRM3IQO","32KI9HN0SH8Q5EEER27HJI3DITGU1K","Reading a passage and responding to questions","You will read a short passage about a person, then answer questions related to the passage.","sentences, decisions, language","$0.40","Mon May 25 05:58:12 PDT 2020","352","BatchId:4051985;OriginalHitTemplateId:920937340;","7200","172800","Mon May 25 09:58:12 PDT 2020","","","3EWIJTFFVO7S5LML2TNX5Z16O680EA","A38XRCVYVF4A31","Submitted","Mon May 25 07:23:22 PDT 2020","Mon May 25 07:32:14 PDT 2020","Wed May 27 07:32:14 PDT 2020","","","","532","0% (0/0)","0% (0/0)","0% (0/0)","b5bf0cyz4lew1doxo7lc"
"38Z7YZ2SB32QNZVCP822H0UYRM3IQO","32KI9HN0SH8Q5EEER27HJI3DITGU1K","Reading a passage and responding to questions","You will read a short passage about a person, then answer questions related to the passage.","sentences, decisions, language","$0.40","Mon May 25 05:58:12 PDT 2020","352","BatchId:4051985;OriginalHitTemplateId:920937340;","7200","172800","Mon May 25 09:58:12 PDT 2020","","","3FDJT1UU748UMS0WVL4CKPA2PBB5KG","A3PVZU4FCR24VK","Submitted","Mon May 25 06:46:17 PDT 2020","Mon May 25 06:54:59 PDT 2020","Wed May 27 06:54:59 PDT 2020","","","","522","0% (0/0)","0% (0/0)","0% (0/0)","qoh6gy6zal9rgsz79kk6"
"38Z7YZ2SB32QNZVCP822H0UYRM3IQO","32KI9HN0SH8Q5EEER27HJI3DITGU1K","Reading a passage and responding to questions","You will read a short passage about a person, then answer questions related to the passage.","sentences, decisions, language","$0.40","Mon May 25 05:58:12 PDT 2020","352","BatchId:4051985;OriginalHitTemplateId:920937340;","7200","172800","Mon May 25 09:58:12 PDT 2020","","","3FPRZHYEPY75OO74G6UQ71NZRDPV30","A1DZLZE63NE1ZI","Submitted","Mon May 25 06:28:34 PDT 2020","Mon May 25 06:35:30 PDT 2020","Wed May 27 06:35:30 PDT 2020","","","","416","0% (0/0)","0% (0/0)","0% (0/0)","ek0oxh0qohr5gzh3929w"
"38Z7YZ2SB32QNZVCP822H0UYRM3IQO","32KI9HN0SH8Q5EEER27HJI3DITGU1K","Reading a passage and responding to questions","You will read a short passage about a person, then answer questions related to the passage.","sentences, decisions, language","$0.40","Mon May 25 05:58:12 PDT 2020","352","BatchId:4051985;OriginalHitTemplateId:920937340;","7200","172800","Mon May 25 09:58:12 PDT 2020","","","3FTF2T8WLRI4IFWPNP0WKG9ZYE39W7","A15MSV2S2NY45B","Submitted","Mon May 25 06:52:45 PDT 2020","Mon May 25 06:56:19 PDT 2020","Wed May 27 06:56:19 PDT 2020","","","","214","0% (0/0)","0% (0/0)","0% (0/0)","7a9f6vsa17kbm6muoq4c"
"38Z7YZ2SB32QNZVCP822H0UYRM3IQO","32KI9HN0SH8Q5EEER27HJI3DITGU1K","Reading a passage and responding to questions","You will read a short passage about a person, then answer questions related to the passage.","sentences, decisions, language","$0.40","Mon May 25 05:58:12 PDT 2020","352","BatchId:4051985;OriginalHitTemplateId:920937340;","7200","172800","Mon May 25 09:58:12 PDT 2020","","","3GD6L00D3SXQOYZGFAFGWCPP20Z1MX","A10IWBDA3WYEU1","Submitted","Mon May 25 06:02:44 PDT 2020","Mon May 25 06:09:23 PDT 2020","Wed May 27 06:09:23 PDT 2020","","","","399","0% (0/0)","0% (0/0)","0% (0/0)","2n4dbn5fzlo73zg3uqkd"
"38Z7YZ2SB32QNZVCP822H0UYRM3IQO","32KI9HN0SH8Q5EEER27HJI3DITGU1K","Reading a passage and responding to questions","You will read a short passage about a person, then answer questions related to the passage.","sentences, decisions, language","$0.40","Mon May 25 05:58:12 PDT 2020","352","BatchId:4051985;OriginalHitTemplateId:920937340;","7200","172800","Mon May 25 09:58:12 PDT 2020","","","3GGAI1SQEVYAB19EV740D88G6XQCMY","A35AEGPE73CX8Q","Submitted","Mon May 25 06:11:23 PDT 2020","Mon May 25 06:19:31 PDT 2020","Wed May 27 06:19:31 PDT 2020","","","","488","0% (0/0)","0% (0/0)","0% (0/0)","od19b43fkctn1mqyxpzs"
"38Z7YZ2SB32QNZVCP822H0UYRM3IQO","32KI9HN0SH8Q5EEER27HJI3DITGU1K","Reading a passage and responding to questions","You will read a short passage about a person, then answer questions related to the passage.","sentences, decisions, language","$0.40","Mon May 25 05:58:12 PDT 2020","352","BatchId:4051985;OriginalHitTemplateId:920937340;","7200","172800","Mon May 25 09:58:12 PDT 2020","","","3H0W84IWBK2G5F6KW66CPV2TXWARE2","A1ZTE9EC3EF2MZ","Submitted","Mon May 25 07:46:12 PDT 2020","Mon May 25 07:58:48 PDT 2020","Wed May 27 07:58:48 PDT 2020","","","","756","0% (0/0)","0% (0/0)","0% (0/0)","3v4udoqgpbyzmaoozqs5"
"38Z7YZ2SB32QNZVCP822H0UYRM3IQO","32KI9HN0SH8Q5EEER27HJI3DITGU1K","Reading a passage and responding to questions","You will read a short passage about a person, then answer questions related to the passage.","sentences, decisions, language","$0.40","Mon May 25 05:58:12 PDT 2020","352","BatchId:4051985;OriginalHitTemplateId:920937340;","7200","172800","Mon May 25 09:58:12 PDT 2020","","","3H8DHMCCW9BPQ5FPARMVI1YU2S8KD2","ACHDPT9K1KPJU","Submitted","Mon May 25 06:39:52 PDT 2020","Mon May 25 06:47:47 PDT 2020","Wed May 27 06:47:47 PDT 2020","","","","475","0% (0/0)","0% (0/0)","0% (0/0)","qo4bvavlf74v9wvq552n"
"38Z7YZ2SB32QNZVCP822H0UYRM3IQO","32KI9HN0SH8Q5EEER27HJI3DITGU1K","Reading a passage and responding to questions","You will read a short passage about a person, then answer questions related to the passage.","sentences, decisions, language","$0.40","Mon May 25 05:58:12 PDT 2020","352","BatchId:4051985;OriginalHitTemplateId:920937340;","7200","172800","Mon May 25 09:58:12 PDT 2020","","","3II4UPYCOJ7B18DKNW6SENA31ZEQDG","A2FH4EUAWHFLQU","Submitted","Mon May 25 08:34:31 PDT 2020","Mon May 25 08:40:02 PDT 2020","Wed May 27 08:40:02 PDT 2020","","","","331","0% (0/0)","0% (0/0)","0% (0/0)","ufs7kpo5p02y6yf5mt7z"
"38Z7YZ2SB32QNZVCP822H0UYRM3IQO","32KI9HN0SH8Q5EEER27HJI3DITGU1K","Reading a passage and responding to questions","You will read a short passage about a person, then answer questions related to the passage.","sentences, decisions, language","$0.40","Mon May 25 05:58:12 PDT 2020","352","BatchId:4051985;OriginalHitTemplateId:920937340;","7200","172800","Mon May 25 09:58:12 PDT 2020","","","3IQ1VMJRYTK7B2TMMK442RC86V49A0","A2PEG3Z3EAZ6Q2","Submitted","Mon May 25 07:27:02 PDT 2020","Mon May 25 07:29:31 PDT 2020","Wed May 27 07:29:31 PDT 2020","","","","149","0% (0/0)","0% (0/0)","0% (0/0)","7klzwn6cohb3j9pc25gp"
"38Z7YZ2SB32QNZVCP822H0UYRM3IQO","32KI9HN0SH8Q5EEER27HJI3DITGU1K","Reading a passage and responding to questions","You will read a short passage about a person, then answer questions related to the passage.","sentences, decisions, language","$0.40","Mon May 25 05:58:12 PDT 2020","352","BatchId:4051985;OriginalHitTemplateId:920937340;","7200","172800","Mon May 25 09:58:12 PDT 2020","","","3JRJSWSMQHLOMDLILG5G7XZDRIZ3EF","AMD40D0GC1L4R","Submitted","Mon May 25 08:19:11 PDT 2020","Mon May 25 08:23:22 PDT 2020","Wed May 27 08:23:22 PDT 2020","","","","251","0% (0/0)","0% (0/0)","0% (0/0)","jdc3no728szrupd45tcq"
"38Z7YZ2SB32QNZVCP822H0UYRM3IQO","32KI9HN0SH8Q5EEER27HJI3DITGU1K","Reading a passage and responding to questions","You will read a short passage about a person, then answer questions related to the passage.","sentences, decisions, language","$0.40","Mon May 25 05:58:12 PDT 2020","352","BatchId:4051985;OriginalHitTemplateId:920937340;","7200","172800","Mon May 25 09:58:12 PDT 2020","","","3JWH6J9I9SDXJE28T8N5F3RYT26NB8","A1K4CZTYIDH376","Submitted","Mon May 25 07:31:07 PDT 2020","Mon May 25 07:31:15 PDT 2020","Wed May 27 07:31:15 PDT 2020","","","","8","0% (0/0)","0% (0/0)","0% (0/0)","4rpefrd0z58edycfz8pn"
"38Z7YZ2SB32QNZVCP822H0UYRM3IQO","32KI9HN0SH8Q5EEER27HJI3DITGU1K","Reading a passage and responding to questions","You will read a short passage about a person, then answer questions related to the passage.","sentences, decisions, language","$0.40","Mon May 25 05:58:12 PDT 2020","352","BatchId:4051985;OriginalHitTemplateId:920937340;","7200","172800","Mon May 25 09:58:12 PDT 2020","","","3K5TEWLKGVBKERPN191DB7POAVLIVM","A2TBR5A4X7WQ03","Submitted","Mon May 25 05:58:48 PDT 2020","Mon May 25 06:12:32 PDT 2020","Wed May 27 06:12:32 PDT 2020","","","","824","0% (0/0)","0% (0/0)","0% (0/0)","2e3qhgawmee5yu2heany"
"38Z7YZ2SB32QNZVCP822H0UYRM3IQO","32KI9HN0SH8Q5EEER27HJI3DITGU1K","Reading a passage and responding to questions","You will read a short passage about a person, then answer questions related to the passage.","sentences, decisions, language","$0.40","Mon May 25 05:58:12 PDT 2020","352","BatchId:4051985;OriginalHitTemplateId:920937340;","7200","172800","Mon May 25 09:58:12 PDT 2020","","","3KAKFY4PGU202IN4HZV7SCX5JB1I3Y","A2C4R0TBPZGWTD","Submitted","Mon May 25 07:47:16 PDT 2020","Mon May 25 07:49:40 PDT 2020","Wed May 27 07:49:40 PDT 2020","","","","144","0% (0/0)","0% (0/0)","0% (0/0)","ommmp683j194a3d25eml"
"38Z7YZ2SB32QNZVCP822H0UYRM3IQO","32KI9HN0SH8Q5EEER27HJI3DITGU1K","Reading a passage and responding to questions","You will read a short passage about a person, then answer questions related to the passage.","sentences, decisions, language","$0.40","Mon May 25 05:58:12 PDT 2020","352","BatchId:4051985;OriginalHitTemplateId:920937340;","7200","172800","Mon May 25 09:58:12 PDT 2020","","","3KJYX6QCM9BG929TJRMDN84ONBUVJX","A3S6FAHJWR0IA6","Submitted","Mon May 25 09:07:40 PDT 2020","Mon May 25 09:15:18 PDT 2020","Wed May 27 09:15:18 PDT 2020","","","","458","0% (0/0)","0% (0/0)","0% (0/0)","tlvxfdb2qr22plnqbr2b"
"38Z7YZ2SB32QNZVCP822H0UYRM3IQO","32KI9HN0SH8Q5EEER27HJI3DITGU1K","Reading a passage and responding to questions","You will read a short passage about a person, then answer questions related to the passage.","sentences, decisions, language","$0.40","Mon May 25 05:58:12 PDT 2020","352","BatchId:4051985;OriginalHitTemplateId:920937340;","7200","172800","Mon May 25 09:58:12 PDT 2020","","","3L2IS5HSFAICFDBETZ40KTJMINEUNX","A8AM2FPMB3EXR","Submitted","Mon May 25 07:39:51 PDT 2020","Mon May 25 08:02:15 PDT 2020","Wed May 27 08:02:15 PDT 2020","","","","1344","0% (0/0)","0% (0/0)","0% (0/0)","vfx4r274r55z4scks84o"
"38Z7YZ2SB32QNZVCP822H0UYRM3IQO","32KI9HN0SH8Q5EEER27HJI3DITGU1K","Reading a passage and responding to questions","You will read a short passage about a person, then answer questions related to the passage.","sentences, decisions, language","$0.40","Mon May 25 05:58:12 PDT 2020","352","BatchId:4051985;OriginalHitTemplateId:920937340;","7200","172800","Mon May 25 09:58:12 PDT 2020","","","3LEIZ60CDJZ8CA1UYCK3JK3HFG4Z9K","A1UZCHDDWRTMU","Submitted","Mon May 25 06:05:47 PDT 2020","Mon May 25 06:14:46 PDT 2020","Wed May 27 06:14:46 PDT 2020","","","","539","0% (0/0)","0% (0/0)","0% (0/0)","6ss7odl79d4sscjur332"
"38Z7YZ2SB32QNZVCP822H0UYRM3IQO","32KI9HN0SH8Q5EEER27HJI3DITGU1K","Reading a passage and responding to questions","You will read a short passage about a person, then answer questions related to the passage.","sentences, decisions, language","$0.40","Mon May 25 05:58:12 PDT 2020","352","BatchId:4051985;OriginalHitTemplateId:920937340;","7200","172800","Mon May 25 09:58:12 PDT 2020","","","3LOZAJ85YDD87VGGCLH3CCFS1A02X2","A1T7EB1WEDCMXV","Submitted","Mon May 25 06:56:10 PDT 2020","Mon May 25 07:14:46 PDT 2020","Wed May 27 07:14:46 PDT 2020","","","","1116","0% (0/0)","0% (0/0)","0% (0/0)","2rjgowc0yrhk205nsp9h"
"38Z7YZ2SB32QNZVCP822H0UYRM3IQO","32KI9HN0SH8Q5EEER27HJI3DITGU1K","Reading a passage and responding to questions","You will read a short passage about a person, then answer questions related to the passage.","sentences, decisions, language","$0.40","Mon May 25 05:58:12 PDT 2020","352","BatchId:4051985;OriginalHitTemplateId:920937340;","7200","172800","Mon May 25 09:58:12 PDT 2020","","","3MH9DQ757WC65LUS6VR5U9APHBKGU3","A1XBL7V77YK4QM","Submitted","Mon May 25 05:59:11 PDT 2020","Mon May 25 06:11:20 PDT 2020","Wed May 27 06:11:20 PDT 2020","","","","729","0% (0/0)","0% (0/0)","0% (0/0)","rle4381olkb9v6016pm9"
"38Z7YZ2SB32QNZVCP822H0UYRM3IQO","32KI9HN0SH8Q5EEER27HJI3DITGU1K","Reading a passage and responding to questions","You will read a short passage about a person, then answer questions related to the passage.","sentences, decisions, language","$0.40","Mon May 25 05:58:12 PDT 2020","352","BatchId:4051985;OriginalHitTemplateId:920937340;","7200","172800","Mon May 25 09:58:12 PDT 2020","","","3NC5L260MOM5EGE0ZP9EDIIOYBLOFQ","A3TDXHCNPOU829","Submitted","Mon May 25 09:46:11 PDT 2020","Mon May 25 09:49:23 PDT 2020","Wed May 27 09:49:23 PDT 2020","","","","192","0% (0/0)","0% (0/0)","0% (0/0)","sp0yu69joxnsrr9pk4m2"
"38Z7YZ2SB32QNZVCP822H0UYRM3IQO","32KI9HN0SH8Q5EEER27HJI3DITGU1K","Reading a passage and responding to questions","You will read a short passage about a person, then answer questions related to the passage.","sentences, decisions, language","$0.40","Mon May 25 05:58:12 PDT 2020","352","BatchId:4051985;OriginalHitTemplateId:920937340;","7200","172800","Mon May 25 09:58:12 PDT 2020","","","3ND9UOO81K2ZJHXYCM3MPP0UY8OWLV","A14C5P1WHGKZWW","Submitted","Mon May 25 07:30:08 PDT 2020","Mon May 25 07:44:14 PDT 2020","Wed May 27 07:44:14 PDT 2020","","","","846","0% (0/0)","0% (0/0)","0% (0/0)","ccphh0wvqy7evrf42yrj"
"38Z7YZ2SB32QNZVCP822H0UYRM3IQO","32KI9HN0SH8Q5EEER27HJI3DITGU1K","Reading a passage and responding to questions","You will read a short passage about a person, then answer questions related to the passage.","sentences, decisions, language","$0.40","Mon May 25 05:58:12 PDT 2020","352","BatchId:4051985;OriginalHitTemplateId:920937340;","7200","172800","Mon May 25 09:58:12 PDT 2020","","","3NPFYT4IZC4YMPONB02SEG9TBULGXH","A1QKGG2O3537DY","Submitted","Mon May 25 09:08:18 PDT 2020","Mon May 25 09:19:06 PDT 2020","Wed May 27 09:19:06 PDT 2020","","","","648","0% (0/0)","0% (0/0)","0% (0/0)","A1QKGG2O3537DY"
"38Z7YZ2SB32QNZVCP822H0UYRM3IQO","32KI9HN0SH8Q5EEER27HJI3DITGU1K","Reading a passage and responding to questions","You will read a short passage about a person, then answer questions related to the passage.","sentences, decisions, language","$0.40","Mon May 25 05:58:12 PDT 2020","352","BatchId:4051985;OriginalHitTemplateId:920937340;","7200","172800","Mon May 25 09:58:12 PDT 2020","","","3OLQQLKKNSPZ7RN7O1X3N4G2NFBEJS","A1CBBW8W1KJ8VF","Submitted","Mon May 25 07:00:58 PDT 2020","Mon May 25 07:37:57 PDT 2020","Wed May 27 07:37:57 PDT 2020","","","","2219","0% (0/0)","0% (0/0)","0% (0/0)","7blwkjyanmkt1osd5wdj"
"38Z7YZ2SB32QNZVCP822H0UYRM3IQO","32KI9HN0SH8Q5EEER27HJI3DITGU1K","Reading a passage and responding to questions","You will read a short passage about a person, then answer questions related to the passage.","sentences, decisions, language","$0.40","Mon May 25 05:58:12 PDT 2020","352","BatchId:4051985;OriginalHitTemplateId:920937340;","7200","172800","Mon May 25 09:58:12 PDT 2020","","","3OXV7EAXLEQK9YS3FYMIV970AK863U","A2Z3QW94BOIN3S","Submitted","Mon May 25 08:00:20 PDT 2020","Mon May 25 08:04:12 PDT 2020","Wed May 27 08:04:12 PDT 2020","","","","232","0% (0/0)","0% (0/0)","0% (0/0)","fxub21e3ldzo1w12kxkq"
"38Z7YZ2SB32QNZVCP822H0UYRM3IQO","32KI9HN0SH8Q5EEER27HJI3DITGU1K","Reading a passage and responding to questions","You will read a short passage about a person, then answer questions related to the passage.","sentences, decisions, language","$0.40","Mon May 25 05:58:12 PDT 2020","352","BatchId:4051985;OriginalHitTemplateId:920937340;","7200","172800","Mon May 25 09:58:12 PDT 2020","","","3Q5ZZ9ZEVOFARRYVMW79UK1BUBJ58Z","A1AXN8VOE1LBL3","Submitted","Mon May 25 07:05:53 PDT 2020","Mon May 25 07:08:57 PDT 2020","Wed May 27 07:08:57 PDT 2020","","","","184","100% (3/3)","0% (0/0)","0% (0/0)","86ml1bdpugo38ypgbzsb"
"38Z7YZ2SB32QNZVCP822H0UYRM3IQO","32KI9HN0SH8Q5EEER27HJI3DITGU1K","Reading a passage and responding to questions","You will read a short passage about a person, then answer questions related to the passage.","sentences, decisions, language","$0.40","Mon May 25 05:58:12 PDT 2020","352","BatchId:4051985;OriginalHitTemplateId:920937340;","7200","172800","Mon May 25 09:58:12 PDT 2020","","","3QBD8R3Z21JVG0HBF8DVMELX9KR4OV","A3JHO0IA0BLQ3I","Submitted","Mon May 25 06:54:40 PDT 2020","Mon May 25 06:58:18 PDT 2020","Wed May 27 06:58:18 PDT 2020","","","","218","0% (0/0)","0% (0/0)","0% (0/0)","rjjv4qbpjoahl1qkz685"
"38Z7YZ2SB32QNZVCP822H0UYRM3IQO","32KI9HN0SH8Q5EEER27HJI3DITGU1K","Reading a passage and responding to questions","You will read a short passage about a person, then answer questions related to the passage.","sentences, decisions, language","$0.40","Mon May 25 05:58:12 PDT 2020","352","BatchId:4051985;OriginalHitTemplateId:920937340;","7200","172800","Mon May 25 09:58:12 PDT 2020","","","3QHK8ZVMIMI7VEZNHV7Q2BN9O8GBL6","A265Y95XHCU9AH","Submitted","Mon May 25 08:36:20 PDT 2020","Mon May 25 08:40:10 PDT 2020","Wed May 27 08:40:10 PDT 2020","","","","230","0% (0/0)","0% (0/0)","0% (0/0)","f5lykrhswhp3j6asc2p7"
"38Z7YZ2SB32QNZVCP822H0UYRM3IQO","32KI9HN0SH8Q5EEER27HJI3DITGU1K","Reading a passage and responding to questions","You will read a short passage about a person, then answer questions related to the passage.","sentences, decisions, language","$0.40","Mon May 25 05:58:12 PDT 2020","352","BatchId:4051985;OriginalHitTemplateId:920937340;","7200","172800","Mon May 25 09:58:12 PDT 2020","","","3QRYMNZ7FYHXF0WPTUEQFXXKZ93NTV","A2DOBTIJ2QWXKN","Submitted","Mon May 25 07:05:58 PDT 2020","Mon May 25 07:11:46 PDT 2020","Wed May 27 07:11:46 PDT 2020","","","","348","0% (0/0)","0% (0/0)","0% (0/0)","0dm0ls3o72q87xjzattl"
"38Z7YZ2SB32QNZVCP822H0UYRM3IQO","32KI9HN0SH8Q5EEER27HJI3DITGU1K","Reading a passage and responding to questions","You will read a short passage about a person, then answer questions related to the passage.","sentences, decisions, language","$0.40","Mon May 25 05:58:12 PDT 2020","352","BatchId:4051985;OriginalHitTemplateId:920937340;","7200","172800","Mon May 25 09:58:12 PDT 2020","","","3R0T90IZ1SCAJRDSK46503OJABLGC1","A2VOF7X9MFC93H","Submitted","Mon May 25 07:35:55 PDT 2020","Mon May 25 07:44:26 PDT 2020","Wed May 27 07:44:26 PDT 2020","","","","511","0% (0/0)","0% (0/0)","0% (0/0)","vg82zlvsmnu1l3ux9ps4"
"38Z7YZ2SB32QNZVCP822H0UYRM3IQO","32KI9HN0SH8Q5EEER27HJI3DITGU1K","Reading a passage and responding to questions","You will read a short passage about a person, then answer questions related to the passage.","sentences, decisions, language","$0.40","Mon May 25 05:58:12 PDT 2020","352","BatchId:4051985;OriginalHitTemplateId:920937340;","7200","172800","Mon May 25 09:58:12 PDT 2020","","","3R2UR8A0IAGME25LZJF0JPIV2GCXOL","AWFBOCP06P0D8","Submitted","Mon May 25 09:13:35 PDT 2020","Mon May 25 09:16:38 PDT 2020","Wed May 27 09:16:38 PDT 2020","","","","183","0% (0/0)","0% (0/0)","0% (0/0)","71yqrl5yk6srbzn454cp"
"38Z7YZ2SB32QNZVCP822H0UYRM3IQO","32KI9HN0SH8Q5EEER27HJI3DITGU1K","Reading a passage and responding to questions","You will read a short passage about a person, then answer questions related to the passage.","sentences, decisions, language","$0.40","Mon May 25 05:58:12 PDT 2020","352","BatchId:4051985;OriginalHitTemplateId:920937340;","7200","172800","Mon May 25 09:58:12 PDT 2020","","","3RRCEFRB7MCBX6S2B389GULY2L6B4W","A3O3RIY1ELZ6YR","Submitted","Mon May 25 06:32:30 PDT 2020","Mon May 25 06:37:21 PDT 2020","Wed May 27 06:37:21 PDT 2020","","","","291","0% (0/0)","0% (0/0)","0% (0/0)","bbqfrngbp0zereb17oka"
"38Z7YZ2SB32QNZVCP822H0UYRM3IQO","32KI9HN0SH8Q5EEER27HJI3DITGU1K","Reading a passage and responding to questions","You will read a short passage about a person, then answer questions related to the passage.","sentences, decisions, language","$0.40","Mon May 25 05:58:12 PDT 2020","352","BatchId:4051985;OriginalHitTemplateId:920937340;","7200","172800","Mon May 25 09:58:12 PDT 2020","","","3SLE99ER0NDR03GRWWYZAQY73G7BZ6","A3DR5W06XL43R0","Submitted","Mon May 25 05:58:55 PDT 2020","Mon May 25 06:16:33 PDT 2020","Wed May 27 06:16:33 PDT 2020","","","","1058","0% (0/0)","0% (0/0)","0% (0/0)","t6tqy6vhrbt7pbnar0ek"
"38Z7YZ2SB32QNZVCP822H0UYRM3IQO","32KI9HN0SH8Q5EEER27HJI3DITGU1K","Reading a passage and responding to questions","You will read a short passage about a person, then answer questions related to the passage.","sentences, decisions, language","$0.40","Mon May 25 05:58:12 PDT 2020","352","BatchId:4051985;OriginalHitTemplateId:920937340;","7200","172800","Mon May 25 09:58:12 PDT 2020","","","3TMSXRD2X60MTATUJCL35ARG02CW1I","A31842X2M9HQ4O","Submitted","Mon May 25 06:00:20 PDT 2020","Mon May 25 06:07:45 PDT 2020","Wed May 27 06:07:45 PDT 2020","","","","445","0% (0/0)","0% (0/0)","0% (0/0)","ggmfpkbknccenktdtma1"
"38Z7YZ2SB32QNZVCP822H0UYRM3IQO","32KI9HN0SH8Q5EEER27HJI3DITGU1K","Reading a passage and responding to questions","You will read a short passage about a person, then answer questions related to the passage.","sentences, decisions, language","$0.40","Mon May 25 05:58:12 PDT 2020","352","BatchId:4051985;OriginalHitTemplateId:920937340;","7200","172800","Mon May 25 09:58:12 PDT 2020","","","3TPWUS5F8916GD3SZ9ANM6A74ZECWZ","A2VG9XAX3PF0QT","Submitted","Mon May 25 08:05:20 PDT 2020","Mon May 25 08:09:10 PDT 2020","Wed May 27 08:09:10 PDT 2020","","","","230","0% (0/0)","0% (0/0)","0% (0/0)","48zly05ups60d5rn2y5h"
"38Z7YZ2SB32QNZVCP822H0UYRM3IQO","32KI9HN0SH8Q5EEER27HJI3DITGU1K","Reading a passage and responding to questions","You will read a short passage about a person, then answer questions related to the passage.","sentences, decisions, language","$0.40","Mon May 25 05:58:12 PDT 2020","352","BatchId:4051985;OriginalHitTemplateId:920937340;","7200","172800","Mon May 25 09:58:12 PDT 2020","","","3TR2532VIPUVUCUSIJE5BGOP6HT6J5","A24EYMUIGY8M5O","Submitted","Mon May 25 07:52:30 PDT 2020","Mon May 25 08:50:36 PDT 2020","Wed May 27 08:50:36 PDT 2020","","","","3486","0% (0/0)","0% (0/0)","0% (0/0)","dn3go5b60ukgummjyl0u"
"38Z7YZ2SB32QNZVCP822H0UYRM3IQO","32KI9HN0SH8Q5EEER27HJI3DITGU1K","Reading a passage and responding to questions","You will read a short passage about a person, then answer questions related to the passage.","sentences, decisions, language","$0.40","Mon May 25 05:58:12 PDT 2020","352","BatchId:4051985;OriginalHitTemplateId:920937340;","7200","172800","Mon May 25 09:58:12 PDT 2020","","","3TVRFO09GKFE8H2OMRZ8R8E17A0XLV","A2D522C4MOFNOF","Submitted","Mon May 25 08:18:17 PDT 2020","Mon May 25 08:37:06 PDT 2020","Wed May 27 08:37:06 PDT 2020","","","","1129","0% (0/0)","0% (0/0)","0% (0/0)","ewhdn6c1j2ldtxnm2ku3"
"38Z7YZ2SB32QNZVCP822H0UYRM3IQO","32KI9HN0SH8Q5EEER27HJI3DITGU1K","Reading a passage and responding to questions","You will read a short passage about a person, then answer questions related to the passage.","sentences, decisions, language","$0.40","Mon May 25 05:58:12 PDT 2020","352","BatchId:4051985;OriginalHitTemplateId:920937340;","7200","172800","Mon May 25 09:58:12 PDT 2020","","","3TVRFO09GKFE8H2OMRZ8R8E17ANXLI","A3BFELDUH8TF6T","Submitted","Mon May 25 06:08:04 PDT 2020","Mon May 25 06:13:14 PDT 2020","Wed May 27 06:13:14 PDT 2020","","","","310","0% (0/0)","0% (0/0)","0% (0/0)","50s8fq827n3j3xb2pge1"
"38Z7YZ2SB32QNZVCP822H0UYRM3IQO","32KI9HN0SH8Q5EEER27HJI3DITGU1K","Reading a passage and responding to questions","You will read a short passage about a person, then answer questions related to the passage.","sentences, decisions, language","$0.40","Mon May 25 05:58:12 PDT 2020","352","BatchId:4051985;OriginalHitTemplateId:920937340;","7200","172800","Mon May 25 09:58:12 PDT 2020","","","3TY7ZAOG5FKVRLEVYFY03UEB8300KQ","A1BVG2A7NMJGJX","Submitted","Mon May 25 06:46:50 PDT 2020","Mon May 25 07:11:10 PDT 2020","Wed May 27 07:11:10 PDT 2020","","","","1460","0% (0/0)","0% (0/0)","0% (0/0)","qa5pan0c1bcrcnrcyfw2"
"38Z7YZ2SB32QNZVCP822H0UYRM3IQO","32KI9HN0SH8Q5EEER27HJI3DITGU1K","Reading a passage and responding to questions","You will read a short passage about a person, then answer questions related to the passage.","sentences, decisions, language","$0.40","Mon May 25 05:58:12 PDT 2020","352","BatchId:4051985;OriginalHitTemplateId:920937340;","7200","172800","Mon May 25 09:58:12 PDT 2020","","","3TY7ZAOG5FKVRLEVYFY03UEB84LK0X","A32YYM8WVR8B7S","Submitted","Mon May 25 09:39:50 PDT 2020","Mon May 25 09:46:14 PDT 2020","Wed May 27 09:46:14 PDT 2020","","","","384","100% (1/1)","0% (0/0)","0% (0/0)","enylbb6vbwkwg0k43glu"
"38Z7YZ2SB32QNZVCP822H0UYRM3IQO","32KI9HN0SH8Q5EEER27HJI3DITGU1K","Reading a passage and responding to questions","You will read a short passage about a person, then answer questions related to the passage.","sentences, decisions, language","$0.40","Mon May 25 05:58:12 PDT 2020","352","BatchId:4051985;OriginalHitTemplateId:920937340;","7200","172800","Mon May 25 09:58:12 PDT 2020","","","3VD82FOHKQOYB4UQ8NJD5CXL1XAOCU","A1ENY8KI7RDXMM","Submitted","Mon May 25 07:17:50 PDT 2020","Mon May 25 07:21:13 PDT 2020","Wed May 27 07:21:13 PDT 2020","","","","203","0% (0/0)","0% (0/0)","0% (0/0)","fkbessmtwc79smhhht53"
"38Z7YZ2SB32QNZVCP822H0UYRM3IQO","32KI9HN0SH8Q5EEER27HJI3DITGU1K","Reading a passage and responding to questions","You will read a short passage about a person, then answer questions related to the passage.","sentences, decisions, language","$0.40","Mon May 25 05:58:12 PDT 2020","352","BatchId:4051985;OriginalHitTemplateId:920937340;","7200","172800","Mon May 25 09:58:12 PDT 2020","","","3VELCLL3GKJKIO7ZTNB31M5G5061FB","A7TBT91CMIJVS","Submitted","Mon May 25 09:00:47 PDT 2020","Mon May 25 09:12:05 PDT 2020","Wed May 27 09:12:05 PDT 2020","","","","678","0% (0/0)","0% (0/0)","0% (0/0)","kpapcfss8j5ek4n9bc6b"
"38Z7YZ2SB32QNZVCP822H0UYRM3IQO","32KI9HN0SH8Q5EEER27HJI3DITGU1K","Reading a passage and responding to questions","You will read a short passage about a person, then answer questions related to the passage.","sentences, decisions, language","$0.40","Mon May 25 05:58:12 PDT 2020","352","BatchId:4051985;OriginalHitTemplateId:920937340;","7200","172800","Mon May 25 09:58:12 PDT 2020","","","3VHHR074H3HKT2WX4EVAX91D5HI7L7","A2FN6RMCQ40T0N","Submitted","Mon May 25 07:54:50 PDT 2020","Mon May 25 08:25:41 PDT 2020","Wed May 27 08:25:41 PDT 2020","","","","1851","0% (0/0)","0% (0/0)","0% (0/0)","626kwd0z7hqx396zv5sq"
"38Z7YZ2SB32QNZVCP822H0UYRM3IQO","32KI9HN0SH8Q5EEER27HJI3DITGU1K","Reading a passage and responding to questions","You will read a short passage about a person, then answer questions related to the passage.","sentences, decisions, language","$0.40","Mon May 25 05:58:12 PDT 2020","352","BatchId:4051985;OriginalHitTemplateId:920937340;","7200","172800","Mon May 25 09:58:12 PDT 2020","","","3VP0C6EFSGWLVK0DLGRXR8G6ABE6MZ","AB64IIMTB2GB3","Submitted","Mon May 25 06:00:15 PDT 2020","Mon May 25 06:04:58 PDT 2020","Wed May 27 06:04:58 PDT 2020","","","","283","0% (0/0)","0% (0/0)","0% (0/0)","ozg4mv6yap1razjlkg8d"
"38Z7YZ2SB32QNZVCP822H0UYRM3IQO","32KI9HN0SH8Q5EEER27HJI3DITGU1K","Reading a passage and responding to questions","You will read a short passage about a person, then answer questions related to the passage.","sentences, decisions, language","$0.40","Mon May 25 05:58:12 PDT 2020","352","BatchId:4051985;OriginalHitTemplateId:920937340;","7200","172800","Mon May 25 09:58:12 PDT 2020","","","3WSELTNVR32QVH20KQ9LTRDK028TAL","AVVQUJTU6NV47","Submitted","Mon May 25 07:41:24 PDT 2020","Mon May 25 07:54:21 PDT 2020","Wed May 27 07:54:21 PDT 2020","","","","777","0% (0/0)","0% (0/0)","0% (0/0)","fbyz016p6pmv8n7ybtwu"
"38Z7YZ2SB32QNZVCP822H0UYRM3IQO","32KI9HN0SH8Q5EEER27HJI3DITGU1K","Reading a passage and responding to questions","You will read a short passage about a person, then answer questions related to the passage.","sentences, decisions, language","$0.40","Mon May 25 05:58:12 PDT 2020","352","BatchId:4051985;OriginalHitTemplateId:920937340;","7200","172800","Mon May 25 09:58:12 PDT 2020","","","3X4JMASXCM9UYIA1S2L74RVLL92B0S","A2CZRFNQP166WC","Submitted","Mon May 25 08:21:52 PDT 2020","Mon May 25 08:31:42 PDT 2020","Wed May 27 08:31:42 PDT 2020","","","","590","0% (0/0)","0% (0/0)","0% (0/0)","xm1badchs3mdql30rtyw"
"38Z7YZ2SB32QNZVCP822H0UYRM3IQO","32KI9HN0SH8Q5EEER27HJI3DITGU1K","Reading a passage and responding to questions","You will read a short passage about a person, then answer questions related to the passage.","sentences, decisions, language","$0.40","Mon May 25 05:58:12 PDT 2020","352","BatchId:4051985;OriginalHitTemplateId:920937340;","7200","172800","Mon May 25 09:58:12 PDT 2020","","","3XC1O3LBOSM7R0T4HHYB25TVUE0TLW","A3EEGNK5UKN9KE","Submitted","Mon May 25 06:21:08 PDT 2020","Mon May 25 06:25:41 PDT 2020","Wed May 27 06:25:41 PDT 2020","","","","273","0% (0/0)","0% (0/0)","0% (0/0)","urpp5tqkq9p9gbr9az2g"
"38Z7YZ2SB32QNZVCP822H0UYRM3IQO","32KI9HN0SH8Q5EEER27HJI3DITGU1K","Reading a passage and responding to questions","You will read a short passage about a person, then answer questions related to the passage.","sentences, decisions, language","$0.40","Mon May 25 05:58:12 PDT 2020","352","BatchId:4051985;OriginalHitTemplateId:920937340;","7200","172800","Mon May 25 09:58:12 PDT 2020","","","3XUHV3NRVKY3K2ZOP01F7XUAXU9H5Q","A1AH9D5Y4A08C0","Submitted","Mon May 25 07:10:18 PDT 2020","Mon May 25 07:40:07 PDT 2020","Wed May 27 07:40:07 PDT 2020","","","","1789","0% (0/0)","0% (0/0)","0% (0/0)","308u1uvo8z6nbtknyamp"
"38Z7YZ2SB32QNZVCP822H0UYRM3IQO","32KI9HN0SH8Q5EEER27HJI3DITGU1K","Reading a passage and responding to questions","You will read a short passage about a person, then answer questions related to the passage.","sentences, decisions, language","$0.40","Mon May 25 05:58:12 PDT 2020","352","BatchId:4051985;OriginalHitTemplateId:920937340;","7200","172800","Mon May 25 09:58:12 PDT 2020","","","3YGXWBAF70HU7BK8P344RERGK67C45","A22LQL0UHAOMC9","Submitted","Mon May 25 06:51:43 PDT 2020","Mon May 25 06:55:19 PDT 2020","Wed May 27 06:55:19 PDT 2020","","","","216","0% (0/0)","0% (0/0)","0% (0/0)","affaz92n4o965bl3sldb"
"38Z7YZ2SB32QNZVCP822H0UYRM3IQO","32KI9HN0SH8Q5EEER27HJI3DITGU1K","Reading a passage and responding to questions","You will read a short passage about a person, then answer questions related to the passage.","sentences, decisions, language","$0.40","Mon May 25 05:58:12 PDT 2020","352","BatchId:4051985;OriginalHitTemplateId:920937340;","7200","172800","Mon May 25 09:58:12 PDT 2020","","","3YJ6NA41JBG34ICXXFDEHGF61M9JPE","ADJ6HSU1QWJKA","Submitted","Mon May 25 06:01:39 PDT 2020","Mon May 25 06:04:40 PDT 2020","Wed May 27 06:04:40 PDT 2020","","","","181","0% (0/0)","0% (0/0)","0% (0/0)","ke6nte4hg22topbdg4ze"
"38Z7YZ2SB32QNZVCP822H0UYRM3IQO","32KI9HN0SH8Q5EEER27HJI3DITGU1K","Reading a passage and responding to questions","You will read a short passage about a person, then answer questions related to the passage.","sentences, decisions, language","$0.40","Mon May 25 05:58:12 PDT 2020","352","BatchId:4051985;OriginalHitTemplateId:920937340;","7200","172800","Mon May 25 09:58:12 PDT 2020","","","3YMTUJH0DSGBTSMJBPZUGORK8S4T42","A16DMEHVXW2F7Y","Submitted","Mon May 25 05:59:07 PDT 2020","Mon May 25 06:03:02 PDT 2020","Wed May 27 06:03:02 PDT 2020","","","","235","0% (0/0)","0% (0/0)","0% (0/0)","mgwy57d93p96c03r7eh6"
"38Z7YZ2SB32QNZVCP822H0UYRM3IQO","32KI9HN0SH8Q5EEER27HJI3DITGU1K","Reading a passage and responding to questions","You will read a short passage about a person, then answer questions related to the passage.","sentences, decisions, language","$0.40","Mon May 25 05:58:12 PDT 2020","352","BatchId:4051985;OriginalHitTemplateId:920937340;","7200","172800","Mon May 25 09:58:12 PDT 2020","","","3Z4XG4ZF48RJTAI5S2Q4M3SVNAUX82","A1XVWRT9KMPFPF","Submitted","Mon May 25 07:22:19 PDT 2020","Mon May 25 07:28:00 PDT 2020","Wed May 27 07:28:00 PDT 2020","","","","341","0% (0/0)","0% (0/0)","0% (0/0)","wacrtq87aum5b30vrprn"
"38Z7YZ2SB32QNZVCP822H0UYRM3IQO","32KI9HN0SH8Q5EEER27HJI3DITGU1K","Reading a passage and responding to questions","You will read a short passage about a person, then answer questions related to the passage.","sentences, decisions, language","$0.40","Mon May 25 05:58:12 PDT 2020","352","BatchId:4051985;OriginalHitTemplateId:920937340;","7200","172800","Mon May 25 09:58:12 PDT 2020","","","3Z7EFSHGN9EL5D8I9E69OPOED1FCXN","A36TOQGLBA5QOJ","Submitted","Mon May 25 07:20:42 PDT 2020","Mon May 25 07:39:28 PDT 2020","Wed May 27 07:39:28 PDT 2020","","","","1126","0% (0/0)","0% (0/0)","0% (0/0)","kqttrrekowbf2luddlyv"
"38Z7YZ2SB32QNZVCP822H0UYRM3IQO","32KI9HN0SH8Q5EEER27HJI3DITGU1K","Reading a passage and responding to questions","You will read a short passage about a person, then answer questions related to the passage.","sentences, decisions, language","$0.40","Mon May 25 05:58:12 PDT 2020","352","BatchId:4051985;OriginalHitTemplateId:920937340;","7200","172800","Mon May 25 09:58:12 PDT 2020","","","3Z7EFSHGN9EL5D8I9E69OPOED1LXCE","A1T375AT3M1EHX","Submitted","Mon May 25 08:11:30 PDT 2020","Mon May 25 08:17:26 PDT 2020","Wed May 27 08:17:26 PDT 2020","","","","356","0% (0/0)","0% (0/0)","0% (0/0)","fq1bz4akg7muky0f3dvr"
"38Z7YZ2SB32QNZVCP822H0UYRM3IQO","32KI9HN0SH8Q5EEER27HJI3DITGU1K","Reading a passage and responding to questions","You will read a short passage about a person, then answer questions related to the passage.","sentences, decisions, language","$0.40","Mon May 25 05:58:12 PDT 2020","352","BatchId:4051985;OriginalHitTemplateId:920937340;","7200","172800","Mon May 25 09:58:12 PDT 2020","","","3ZPBJO59KP1YOFEH46JY59I2AB2HDT","A2IDGM7FUYH669","Submitted","Mon May 25 06:01:29 PDT 2020","Mon May 25 06:35:47 PDT 2020","Wed May 27 06:35:47 PDT 2020","","","","2058","0% (0/0)","0% (0/0)","0% (0/0)","hdvmwq7etmozfaxkgx0s"
"38Z7YZ2SB32QNZVCP822H0UYRM3IQO","32KI9HN0SH8Q5EEER27HJI3DITGU1K","Reading a passage and responding to questions","You will read a short passage about a person, then answer questions related to the passage.","sentences, decisions, language","$0.40","Mon May 25 05:58:12 PDT 2020","352","BatchId:4051985;OriginalHitTemplateId:920937340;","7200","172800","Mon May 25 09:58:12 PDT 2020","","","3ZQIG0FLQEG2FM9SQQ5SCYYWP6JWV7","ADS9U0CVXT2IE","Submitted","Mon May 25 06:04:44 PDT 2020","Mon May 25 06:06:38 PDT 2020","Wed May 27 06:06:38 PDT 2020","","","","114","0% (0/0)","0% (0/0)","0% (0/0)","klvmbqg5j46ncermwrfm"
"38Z7YZ2SB32QNZVCP822H0UYRM3IQO","32KI9HN0SH8Q5EEER27HJI3DITGU1K","Reading a passage and responding to questions","You will read a short passage about a person, then answer questions related to the passage.","sentences, decisions, language","$0.40","Mon May 25 05:58:12 PDT 2020","352","BatchId:4051985;OriginalHitTemplateId:920937340;","7200","172800","Mon May 25 09:58:12 PDT 2020","","","3ZV9H2YQQD7I3D796GZMT36DYMQW3A","AFGWDX72P1M12","Submitted","Mon May 25 06:00:29 PDT 2020","Mon May 25 06:07:40 PDT 2020","Wed May 27 06:07:40 PDT 2020","","","","431","0% (0/0)","0% (0/0)","0% (0/0)","tmm6lpevt3r71oapx00t"