"HITId","HITTypeId","Title","Description","Keywords","Reward","CreationTime","MaxAssignments","RequesterAnnotation","AssignmentDurationInSeconds","AutoApprovalDelayInSeconds","Expiration","NumberOfSimilarHITs","LifetimeInSeconds","AssignmentId","WorkerId","AssignmentStatus","AcceptTime","SubmitTime","AutoApprovalTime","ApprovalTime","RejectionTime","RequesterFeedback","WorkTimeInSeconds","LifetimeApprovalRate","Last30DaysApprovalRate","Last7DaysApprovalRate","Answer.surveycode","Approve","Reject"
"3VJ4PFXFJ3739AJVUTUUA334HX4AUD","32KI9HN0SH8Q5EEER27HJI3DITGU1K","Reading a passage and responding to questions","You will read a short passage about a person, then answer questions related to the passage.","sentences, decisions, language","$0.40","Sat May 23 05:38:28 PDT 2020","352","BatchId:4049961;OriginalHitTemplateId:920937340;","7200","172800","Sat May 23 09:38:28 PDT 2020","","","30IQTZXKAK61BLD2XYDPTOMD46XX0I","A3TCQEP8OAOXMP","Submitted","Sat May 23 05:48:21 PDT 2020","Sat May 23 06:08:23 PDT 2020","Mon May 25 06:08:23 PDT 2020","","","","1202","0% (0/0)","0% (0/0)","0% (0/0)","ntuh553jhs8378phh3an"
"3VJ4PFXFJ3739AJVUTUUA334HX4AUD","32KI9HN0SH8Q5EEER27HJI3DITGU1K","Reading a passage and responding to questions","You will read a short passage about a person, then answer questions related to the passage.","sentences, decisions, language","$0.40","Sat May 23 05:38:28 PDT 2020","352","BatchId:4049961;OriginalHitTemplateId:920937340;","7200","172800","Sat May 23 09:38:28 PDT 2020","","","30OG32W0SUBVQHES3ZPVGBXJWT0EN4","ACVEFRSUAPSEQ","Submitted","Sat May 23 06:05:31 PDT 2020","Sat May 23 06:30:50 PDT 2020","Mon May 25 06:30:50 PDT 2020","","","","1519","0% (0/0)","0% (0/0)","0% (0/0)","26wc1bopeyqgb7jgpn0o"
"3VJ4PFXFJ3739AJVUTUUA334HX4AUD","32KI9HN0SH8Q5EEER27HJI3DITGU1K","Reading a passage and responding to questions","You will read a short passage about a person, then answer questions related to the passage.","sentences, decisions, language","$0.40","Sat May 23 05:38:28 PDT 2020","352","BatchId:4049961;OriginalHitTemplateId:920937340;","7200","172800","Sat May 23 09:38:28 PDT 2020","","","317HQ483I7S76MGEZIFM1QVBOM6ING","A3OMORMMKTV694","Submitted","Sat May 23 05:59:42 PDT 2020","Sat May 23 06:06:38 PDT 2020","Mon May 25 06:06:38 PDT 2020","","","","416","0% (0/0)","0% (0/0)","0% (0/0)","kvkpfcnbshwnzvsbmoha"
"3VJ4PFXFJ3739AJVUTUUA334HX4AUD","32KI9HN0SH8Q5EEER27HJI3DITGU1K","Reading a passage and responding to questions","You will read a short passage about a person, then answer questions related to the passage.","sentences, decisions, language","$0.40","Sat May 23 05:38:28 PDT 2020","352","BatchId:4049961;OriginalHitTemplateId:920937340;","7200","172800","Sat May 23 09:38:28 PDT 2020","","","31Q0U3WYDPF73VSTB4DRDUSZ75O17U","A25R725Y3Y1IVV","Submitted","Sat May 23 05:40:04 PDT 2020","Sat May 23 05:41:49 PDT 2020","Mon May 25 05:41:49 PDT 2020","","","","105","0% (0/0)","0% (0/0)","0% (0/0)","6qd1cakorv1gfc0t7zq4"
"3VJ4PFXFJ3739AJVUTUUA334HX4AUD","32KI9HN0SH8Q5EEER27HJI3DITGU1K","Reading a passage and responding to questions","You will read a short passage about a person, then answer questions related to the passage.","sentences, decisions, language","$0.40","Sat May 23 05:38:28 PDT 2020","352","BatchId:4049961;OriginalHitTemplateId:920937340;","7200","172800","Sat May 23 09:38:28 PDT 2020","","","31UV0MXWNQC3GXA8VIJ079VPX14I5O","AXAE6TVUBSQ9N","Submitted","Sat May 23 05:43:07 PDT 2020","Sat May 23 05:47:08 PDT 2020","Mon May 25 05:47:08 PDT 2020","","","","241","0% (0/0)","0% (0/0)","0% (0/0)","tzjxx8r6r8bc7zymsv2q"
"3VJ4PFXFJ3739AJVUTUUA334HX4AUD","32KI9HN0SH8Q5EEER27HJI3DITGU1K","Reading a passage and responding to questions","You will read a short passage about a person, then answer questions related to the passage.","sentences, decisions, language","$0.40","Sat May 23 05:38:28 PDT 2020","352","BatchId:4049961;OriginalHitTemplateId:920937340;","7200","172800","Sat May 23 09:38:28 PDT 2020","","","31UV0MXWNQC3GXA8VIJ079VPX15I5P","A1N2TDFP4RWOYW","Submitted","Sat May 23 05:51:30 PDT 2020","Sat May 23 05:57:59 PDT 2020","Mon May 25 05:57:59 PDT 2020","","","","389","0% (0/0)","0% (0/0)","0% (0/0)","jyc4cld2b67nsldczbtz"
"3VJ4PFXFJ3739AJVUTUUA334HX4AUD","32KI9HN0SH8Q5EEER27HJI3DITGU1K","Reading a passage and responding to questions","You will read a short passage about a person, then answer questions related to the passage.","sentences, decisions, language","$0.40","Sat May 23 05:38:28 PDT 2020","352","BatchId:4049961;OriginalHitTemplateId:920937340;","7200","172800","Sat May 23 09:38:28 PDT 2020","","","32N49TQG3GI5896PPL90U915XH1AVJ","AGBCI77TO20G7","Submitted","Sat May 23 05:43:57 PDT 2020","Sat May 23 05:45:33 PDT 2020","Mon May 25 05:45:33 PDT 2020","","","","96","0% (0/0)","0% (0/0)","0% (0/0)","h145sbrk63c6ksa4h3de"
"3VJ4PFXFJ3739AJVUTUUA334HX4AUD","32KI9HN0SH8Q5EEER27HJI3DITGU1K","Reading a passage and responding to questions","You will read a short passage about a person, then answer questions related to the passage.","sentences, decisions, language","$0.40","Sat May 23 05:38:28 PDT 2020","352","BatchId:4049961;OriginalHitTemplateId:920937340;","7200","172800","Sat May 23 09:38:28 PDT 2020","","","32SCWG5HIH4RGNXQDWJP8CA1FA16PV","AQPQ17MLNIQ3O","Submitted","Sat May 23 07:47:43 PDT 2020","Sat May 23 07:55:09 PDT 2020","Mon May 25 07:55:09 PDT 2020","","","","446","0% (0/0)","0% (0/0)","0% (0/0)","fjc8n0uuwzylofwrevxo"
"3VJ4PFXFJ3739AJVUTUUA334HX4AUD","32KI9HN0SH8Q5EEER27HJI3DITGU1K","Reading a passage and responding to questions","You will read a short passage about a person, then answer questions related to the passage.","sentences, decisions, language","$0.40","Sat May 23 05:38:28 PDT 2020","352","BatchId:4049961;OriginalHitTemplateId:920937340;","7200","172800","Sat May 23 09:38:28 PDT 2020","","","33JKGHPFYCUT2565KXDETJ2S5V8MNI","A3IQ2IGJQ9P7HU","Submitted","Sat May 23 07:24:27 PDT 2020","Sat May 23 07:29:02 PDT 2020","Mon May 25 07:29:02 PDT 2020","","","","275","0% (0/0)","0% (0/0)","0% (0/0)","2fgpqvp82x6wg39e6xwj"
"3VJ4PFXFJ3739AJVUTUUA334HX4AUD","32KI9HN0SH8Q5EEER27HJI3DITGU1K","Reading a passage and responding to questions","You will read a short passage about a person, then answer questions related to the passage.","sentences, decisions, language","$0.40","Sat May 23 05:38:28 PDT 2020","352","BatchId:4049961;OriginalHitTemplateId:920937340;","7200","172800","Sat May 23 09:38:28 PDT 2020","","","33LK57MYLT5QHPXT7IKU0F877YJZS9","A20XJDZ9VQPAHK","Submitted","Sat May 23 06:18:03 PDT 2020","Sat May 23 06:24:16 PDT 2020","Mon May 25 06:24:16 PDT 2020","","","","373","0% (0/0)","0% (0/0)","0% (0/0)","1oc5cn5r2adg42ykwgeh"
"3VJ4PFXFJ3739AJVUTUUA334HX4AUD","32KI9HN0SH8Q5EEER27HJI3DITGU1K","Reading a passage and responding to questions","You will read a short passage about a person, then answer questions related to the passage.","sentences, decisions, language","$0.40","Sat May 23 05:38:28 PDT 2020","352","BatchId:4049961;OriginalHitTemplateId:920937340;","7200","172800","Sat May 23 09:38:28 PDT 2020","","","33M4IA01QG1PBFX1RBW4DKN0DWNRX1","A1I3F99BZ6PWUN","Submitted","Sat May 23 07:48:11 PDT 2020","Sat May 23 07:52:26 PDT 2020","Mon May 25 07:52:26 PDT 2020","","","","255","0% (0/0)","0% (0/0)","0% (0/0)","cam2h28tctv7k8vfmlgt"
"3VJ4PFXFJ3739AJVUTUUA334HX4AUD","32KI9HN0SH8Q5EEER27HJI3DITGU1K","Reading a passage and responding to questions","You will read a short passage about a person, then answer questions related to the passage.","sentences, decisions, language","$0.40","Sat May 23 05:38:28 PDT 2020","352","BatchId:4049961;OriginalHitTemplateId:920937340;","7200","172800","Sat May 23 09:38:28 PDT 2020","","","33SA9F9TRXULDBN6V0GICUAAP53EWU","A2H4513C1BSBF4","Submitted","Sat May 23 05:56:52 PDT 2020","Sat May 23 06:02:31 PDT 2020","Mon May 25 06:02:31 PDT 2020","","","","339","0% (0/0)","0% (0/0)","0% (0/0)","9b5dm4bp1mhs9uekkbtl"
"3VJ4PFXFJ3739AJVUTUUA334HX4AUD","32KI9HN0SH8Q5EEER27HJI3DITGU1K","Reading a passage and responding to questions","You will read a short passage about a person, then answer questions related to the passage.","sentences, decisions, language","$0.40","Sat May 23 05:38:28 PDT 2020","352","BatchId:4049961;OriginalHitTemplateId:920937340;","7200","172800","Sat May 23 09:38:28 PDT 2020","","","3570Y55XZPJNMUEXGWOUXUG2DT4GYY","A2CXGW9J98PTMA","Submitted","Sat May 23 07:39:32 PDT 2020","Sat May 23 07:43:05 PDT 2020","Mon May 25 07:43:05 PDT 2020","","","","213","0% (0/0)","0% (0/0)","0% (0/0)","y3ra4h5e9jl4850ceapl"
"3VJ4PFXFJ3739AJVUTUUA334HX4AUD","32KI9HN0SH8Q5EEER27HJI3DITGU1K","Reading a passage and responding to questions","You will read a short passage about a person, then answer questions related to the passage.","sentences, decisions, language","$0.40","Sat May 23 05:38:28 PDT 2020","352","BatchId:4049961;OriginalHitTemplateId:920937340;","7200","172800","Sat May 23 09:38:28 PDT 2020","","","358010RM5ETH4MEI0V1EEHC3Y2KXVK","A2DFLKG5RY7KR8","Submitted","Sat May 23 06:42:04 PDT 2020","Sat May 23 06:49:27 PDT 2020","Mon May 25 06:49:27 PDT 2020","","","","443","0% (0/0)","0% (0/0)","0% (0/0)","jh598ohh94alfd0ncl2q"
"3VJ4PFXFJ3739AJVUTUUA334HX4AUD","32KI9HN0SH8Q5EEER27HJI3DITGU1K","Reading a passage and responding to questions","You will read a short passage about a person, then answer questions related to the passage.","sentences, decisions, language","$0.40","Sat May 23 05:38:28 PDT 2020","352","BatchId:4049961;OriginalHitTemplateId:920937340;","7200","172800","Sat May 23 09:38:28 PDT 2020","","","358UUM7WRZ3VW0RA9YS6JLACB3LR7J","A1X7HAW9BWJNW7","Submitted","Sat May 23 06:07:04 PDT 2020","Sat May 23 06:12:27 PDT 2020","Mon May 25 06:12:27 PDT 2020","","","","323","0% (0/0)","0% (0/0)","0% (0/0)","xkoexmwwvvqu3jz8r5qd"
"3VJ4PFXFJ3739AJVUTUUA334HX4AUD","32KI9HN0SH8Q5EEER27HJI3DITGU1K","Reading a passage and responding to questions","You will read a short passage about a person, then answer questions related to the passage.","sentences, decisions, language","$0.40","Sat May 23 05:38:28 PDT 2020","352","BatchId:4049961;OriginalHitTemplateId:920937340;","7200","172800","Sat May 23 09:38:28 PDT 2020","","","35GMH2SV3EHD82E44EP8V0XOM3BOEZ","A11LRUPBEBJDNY","Submitted","Sat May 23 06:36:12 PDT 2020","Sat May 23 06:40:24 PDT 2020","Mon May 25 06:40:24 PDT 2020","","","","252","0% (0/0)","0% (0/0)","0% (0/0)","1f8z89wn8wdzyusrcdp5"
"3VJ4PFXFJ3739AJVUTUUA334HX4AUD","32KI9HN0SH8Q5EEER27HJI3DITGU1K","Reading a passage and responding to questions","You will read a short passage about a person, then answer questions related to the passage.","sentences, decisions, language","$0.40","Sat May 23 05:38:28 PDT 2020","352","BatchId:4049961;OriginalHitTemplateId:920937340;","7200","172800","Sat May 23 09:38:28 PDT 2020","","","36PW28KO4ZWO6YK3UVKQU5DJXNXEAI","A36B9OFG2QJTM7","Submitted","Sat May 23 08:17:28 PDT 2020","Sat May 23 08:23:13 PDT 2020","Mon May 25 08:23:13 PDT 2020","","","","345","0% (0/0)","0% (0/0)","0% (0/0)","9x7yncqucsfuqf2exxg3"
"3VJ4PFXFJ3739AJVUTUUA334HX4AUD","32KI9HN0SH8Q5EEER27HJI3DITGU1K","Reading a passage and responding to questions","You will read a short passage about a person, then answer questions related to the passage.","sentences, decisions, language","$0.40","Sat May 23 05:38:28 PDT 2020","352","BatchId:4049961;OriginalHitTemplateId:920937340;","7200","172800","Sat May 23 09:38:28 PDT 2020","","","37C0GNLMHF3IRQU08NSU8ITC1RSD6I","A2GBNGC4UA4B3N","Submitted","Sat May 23 07:28:02 PDT 2020","Sat May 23 07:34:31 PDT 2020","Mon May 25 07:34:31 PDT 2020","","","","389","0% (0/0)","0% (0/0)","0% (0/0)","wdvlzy8eotv9vm7w8dgw"
"3VJ4PFXFJ3739AJVUTUUA334HX4AUD","32KI9HN0SH8Q5EEER27HJI3DITGU1K","Reading a passage and responding to questions","You will read a short passage about a person, then answer questions related to the passage.","sentences, decisions, language","$0.40","Sat May 23 05:38:28 PDT 2020","352","BatchId:4049961;OriginalHitTemplateId:920937340;","7200","172800","Sat May 23 09:38:28 PDT 2020","","","37TRT2X24QR10OBNEAVDMWAHKCSBJ7","A25S8BTK83Z7VE","Submitted","Sat May 23 06:50:42 PDT 2020","Sat May 23 06:55:02 PDT 2020","Mon May 25 06:55:02 PDT 2020","","","","260","0% (0/0)","0% (0/0)","0% (0/0)","gycuuo7b8p29399ske7z"
"3VJ4PFXFJ3739AJVUTUUA334HX4AUD","32KI9HN0SH8Q5EEER27HJI3DITGU1K","Reading a passage and responding to questions","You will read a short passage about a person, then answer questions related to the passage.","sentences, decisions, language","$0.40","Sat May 23 05:38:28 PDT 2020","352","BatchId:4049961;OriginalHitTemplateId:920937340;","7200","172800","Sat May 23 09:38:28 PDT 2020","","","37UEWGM5HT8HLEC8KIBXIBJZ8H6R17","A2SMLHZ7OQ1S6T","Submitted","Sat May 23 07:40:14 PDT 2020","Sat May 23 07:55:43 PDT 2020","Mon May 25 07:55:43 PDT 2020","","","","929","0% (0/0)","0% (0/0)","0% (0/0)","n71pnpy5g16bdkd96e33"
"3VJ4PFXFJ3739AJVUTUUA334HX4AUD","32KI9HN0SH8Q5EEER27HJI3DITGU1K","Reading a passage and responding to questions","You will read a short passage about a person, then answer questions related to the passage.","sentences, decisions, language","$0.40","Sat May 23 05:38:28 PDT 2020","352","BatchId:4049961;OriginalHitTemplateId:920937340;","7200","172800","Sat May 23 09:38:28 PDT 2020","","","37W3JXSD668JJG4XV1SCJX2Q7HMWY5","A1VPD12Q3TBJNY","Submitted","Sat May 23 07:06:35 PDT 2020","Sat May 23 07:10:09 PDT 2020","Mon May 25 07:10:09 PDT 2020","","","","214","0% (0/0)","0% (0/0)","0% (0/0)","2vl96m2ven7yj5hrm2qx"
"3VJ4PFXFJ3739AJVUTUUA334HX4AUD","32KI9HN0SH8Q5EEER27HJI3DITGU1K","Reading a passage and responding to questions","You will read a short passage about a person, then answer questions related to the passage.","sentences, decisions, language","$0.40","Sat May 23 05:38:28 PDT 2020","352","BatchId:4049961;OriginalHitTemplateId:920937340;","7200","172800","Sat May 23 09:38:28 PDT 2020","","","37XITHEISW918HM60F0HZ72QCEXRCX","A32E4XRLXHG882","Submitted","Sat May 23 07:40:20 PDT 2020","Sat May 23 08:10:05 PDT 2020","Mon May 25 08:10:05 PDT 2020","","","","1785","0% (0/0)","0% (0/0)","0% (0/0)","5hghvfcnuge0njsay9en"
"3VJ4PFXFJ3739AJVUTUUA334HX4AUD","32KI9HN0SH8Q5EEER27HJI3DITGU1K","Reading a passage and responding to questions","You will read a short passage about a person, then answer questions related to the passage.","sentences, decisions, language","$0.40","Sat May 23 05:38:28 PDT 2020","352","BatchId:4049961;OriginalHitTemplateId:920937340;","7200","172800","Sat May 23 09:38:28 PDT 2020","","","37Z929RLG98UVDOU1QVCER7QM2UTSK","ACWSL5U1ZBL70","Submitted","Sat May 23 06:01:41 PDT 2020","Sat May 23 06:05:38 PDT 2020","Mon May 25 06:05:38 PDT 2020","","","","237","0% (0/0)","0% (0/0)","0% (0/0)","q8rl86bl3nn17230fay7"
"3VJ4PFXFJ3739AJVUTUUA334HX4AUD","32KI9HN0SH8Q5EEER27HJI3DITGU1K","Reading a passage and responding to questions","You will read a short passage about a person, then answer questions related to the passage.","sentences, decisions, language","$0.40","Sat May 23 05:38:28 PDT 2020","352","BatchId:4049961;OriginalHitTemplateId:920937340;","7200","172800","Sat May 23 09:38:28 PDT 2020","","","39OWYR0EPKRH8UI25CICF9GQCEFYFS","A2V8BIUL76PGHF","Submitted","Sat May 23 05:39:40 PDT 2020","Sat May 23 05:54:43 PDT 2020","Mon May 25 05:54:43 PDT 2020","","","","903","0% (0/0)","0% (0/0)","0% (0/0)","sfp6cw0x83t17xfv0uwr"
"3VJ4PFXFJ3739AJVUTUUA334HX4AUD","32KI9HN0SH8Q5EEER27HJI3DITGU1K","Reading a passage and responding to questions","You will read a short passage about a person, then answer questions related to the passage.","sentences, decisions, language","$0.40","Sat May 23 05:38:28 PDT 2020","352","BatchId:4049961;OriginalHitTemplateId:920937340;","7200","172800","Sat May 23 09:38:28 PDT 2020","","","39ZSFO5CA8WGWNKTE1C8RM259XMUJU","A360LPV1WB6ABN","Submitted","Sat May 23 05:48:10 PDT 2020","Sat May 23 06:17:14 PDT 2020","Mon May 25 06:17:14 PDT 2020","","","","1744","0% (0/0)","0% (0/0)","0% (0/0)","d3lmrcoyubt8b3uv55dk"
"3VJ4PFXFJ3739AJVUTUUA334HX4AUD","32KI9HN0SH8Q5EEER27HJI3DITGU1K","Reading a passage and responding to questions","You will read a short passage about a person, then answer questions related to the passage.","sentences, decisions, language","$0.40","Sat May 23 05:38:28 PDT 2020","352","BatchId:4049961;OriginalHitTemplateId:920937340;","7200","172800","Sat May 23 09:38:28 PDT 2020","","","3A0EX8ZRN8ORVD6M0AWGWJP5XGNYBA","AZ5DGT67Y3ILC","Submitted","Sat May 23 05:39:37 PDT 2020","Sat May 23 05:53:01 PDT 2020","Mon May 25 05:53:01 PDT 2020","","","","804","0% (0/0)","0% (0/0)","0% (0/0)","sy9u6jkwtvdwlv4vngq2"
"3VJ4PFXFJ3739AJVUTUUA334HX4AUD","32KI9HN0SH8Q5EEER27HJI3DITGU1K","Reading a passage and responding to questions","You will read a short passage about a person, then answer questions related to the passage.","sentences, decisions, language","$0.40","Sat May 23 05:38:28 PDT 2020","352","BatchId:4049961;OriginalHitTemplateId:920937340;","7200","172800","Sat May 23 09:38:28 PDT 2020","","","3A1PQ49WVHH4WKY5ODZ347HTL9F1HT","A2QUAK4ZYPPSFW","Submitted","Sat May 23 08:01:27 PDT 2020","Sat May 23 08:09:30 PDT 2020","Mon May 25 08:09:30 PDT 2020","","","","483","0% (0/0)","0% (0/0)","0% (0/0)","xk8rptfycq7w4a86k688"
"3VJ4PFXFJ3739AJVUTUUA334HX4AUD","32KI9HN0SH8Q5EEER27HJI3DITGU1K","Reading a passage and responding to questions","You will read a short passage about a person, then answer questions related to the passage.","sentences, decisions, language","$0.40","Sat May 23 05:38:28 PDT 2020","352","BatchId:4049961;OriginalHitTemplateId:920937340;","7200","172800","Sat May 23 09:38:28 PDT 2020","","","3A4NIXBJ76Z3E53K8KXZGRY3010MLA","A2AU2AM72MK5J6","Submitted","Sat May 23 09:01:38 PDT 2020","Sat May 23 09:06:37 PDT 2020","Mon May 25 09:06:37 PDT 2020","","","","299","0% (0/0)","0% (0/0)","0% (0/0)","zjgnfubsnes5v5upb8bt"
"3VJ4PFXFJ3739AJVUTUUA334HX4AUD","32KI9HN0SH8Q5EEER27HJI3DITGU1K","Reading a passage and responding to questions","You will read a short passage about a person, then answer questions related to the passage.","sentences, decisions, language","$0.40","Sat May 23 05:38:28 PDT 2020","352","BatchId:4049961;OriginalHitTemplateId:920937340;","7200","172800","Sat May 23 09:38:28 PDT 2020","","","3AMW0RGHOD2ZN83ICD56ANWNA06PN4","A20NJGHYKL73LC","Submitted","Sat May 23 06:29:11 PDT 2020","Sat May 23 06:33:25 PDT 2020","Mon May 25 06:33:25 PDT 2020","","","","254","0% (0/0)","0% (0/0)","0% (0/0)","ke038wmkk4z96lx7nfu8"
"3VJ4PFXFJ3739AJVUTUUA334HX4AUD","32KI9HN0SH8Q5EEER27HJI3DITGU1K","Reading a passage and responding to questions","You will read a short passage about a person, then answer questions related to the passage.","sentences, decisions, language","$0.40","Sat May 23 05:38:28 PDT 2020","352","BatchId:4049961;OriginalHitTemplateId:920937340;","7200","172800","Sat May 23 09:38:28 PDT 2020","","","3AQF3RZ558IFPA8WZTNKWIWXD4O6F2","A3MHXFJYKE305R","Submitted","Sat May 23 05:46:12 PDT 2020","Sat May 23 05:49:26 PDT 2020","Mon May 25 05:49:26 PDT 2020","","","","194","0% (0/0)","0% (0/0)","0% (0/0)","4v429ww561q0avfqruca"
"3VJ4PFXFJ3739AJVUTUUA334HX4AUD","32KI9HN0SH8Q5EEER27HJI3DITGU1K","Reading a passage and responding to questions","You will read a short passage about a person, then answer questions related to the passage.","sentences, decisions, language","$0.40","Sat May 23 05:38:28 PDT 2020","352","BatchId:4049961;OriginalHitTemplateId:920937340;","7200","172800","Sat May 23 09:38:28 PDT 2020","","","3AZHRG4CU4KPVN6OD961M8X9XBK30C","A15LPXZLC6NUHT","Submitted","Sat May 23 07:38:19 PDT 2020","Sat May 23 07:43:11 PDT 2020","Mon May 25 07:43:11 PDT 2020","","","","292","0% (0/0)","0% (0/0)","0% (0/0)","xuoyvx9jugwfnnnyotye"
"3VJ4PFXFJ3739AJVUTUUA334HX4AUD","32KI9HN0SH8Q5EEER27HJI3DITGU1K","Reading a passage and responding to questions","You will read a short passage about a person, then answer questions related to the passage.","sentences, decisions, language","$0.40","Sat May 23 05:38:28 PDT 2020","352","BatchId:4049961;OriginalHitTemplateId:920937340;","7200","172800","Sat May 23 09:38:28 PDT 2020","","","3B837J3LDOWHFYB2X1QHEC68YH2SRB","A3KIDRWRKC7RI5","Submitted","Sat May 23 06:30:09 PDT 2020","Sat May 23 07:32:39 PDT 2020","Mon May 25 07:32:39 PDT 2020","","","","3750","0% (0/0)","0% (0/0)","0% (0/0)","vfp4joovktqnlze81540"
"3VJ4PFXFJ3739AJVUTUUA334HX4AUD","32KI9HN0SH8Q5EEER27HJI3DITGU1K","Reading a passage and responding to questions","You will read a short passage about a person, then answer questions related to the passage.","sentences, decisions, language","$0.40","Sat May 23 05:38:28 PDT 2020","352","BatchId:4049961;OriginalHitTemplateId:920937340;","7200","172800","Sat May 23 09:38:28 PDT 2020","","","3BQU611VFPKT6JJHUEQ46W1O08J998","AM59CFD87RG8","Submitted","Sat May 23 09:24:16 PDT 2020","Sat May 23 09:30:07 PDT 2020","Mon May 25 09:30:07 PDT 2020","","","","351","0% (0/0)","0% (0/0)","0% (0/0)","k01c9ztctrfl7lxp6ee0"
"3VJ4PFXFJ3739AJVUTUUA334HX4AUD","32KI9HN0SH8Q5EEER27HJI3DITGU1K","Reading a passage and responding to questions","You will read a short passage about a person, then answer questions related to the passage.","sentences, decisions, language","$0.40","Sat May 23 05:38:28 PDT 2020","352","BatchId:4049961;OriginalHitTemplateId:920937340;","7200","172800","Sat May 23 09:38:28 PDT 2020","","","3BWI6RSP7G96NWM5NS86KEBTWFTE7T","A3H40SM2W9DE2A","Submitted","Sat May 23 08:23:35 PDT 2020","Sat May 23 08:31:20 PDT 2020","Mon May 25 08:31:20 PDT 2020","","","","465","0% (0/0)","0% (0/0)","0% (0/0)","a6to6ppmqk50ul729o84"
"3VJ4PFXFJ3739AJVUTUUA334HX4AUD","32KI9HN0SH8Q5EEER27HJI3DITGU1K","Reading a passage and responding to questions","You will read a short passage about a person, then answer questions related to the passage.","sentences, decisions, language","$0.40","Sat May 23 05:38:28 PDT 2020","352","BatchId:4049961;OriginalHitTemplateId:920937340;","7200","172800","Sat May 23 09:38:28 PDT 2020","","","3C6FJU71TQT6RCFS01DB19HTM1UUYN","AC3503D1BI8BM","Submitted","Sat May 23 05:41:28 PDT 2020","Sat May 23 05:50:33 PDT 2020","Mon May 25 05:50:33 PDT 2020","","","","545","0% (0/0)","0% (0/0)","0% (0/0)","4ofkynxvrt0qs08g5w12"
"3VJ4PFXFJ3739AJVUTUUA334HX4AUD","32KI9HN0SH8Q5EEER27HJI3DITGU1K","Reading a passage and responding to questions","You will read a short passage about a person, then answer questions related to the passage.","sentences, decisions, language","$0.40","Sat May 23 05:38:28 PDT 2020","352","BatchId:4049961;OriginalHitTemplateId:920937340;","7200","172800","Sat May 23 09:38:28 PDT 2020","","","3CCZ6YKWR7JA5WH5RODNUGWMEB559G","AHPW2FIJT6DX8","Submitted","Sat May 23 07:37:54 PDT 2020","Sat May 23 07:42:53 PDT 2020","Mon May 25 07:42:53 PDT 2020","","","","299","0% (0/0)","0% (0/0)","0% (0/0)","27bkle6trwnsrbufgm3w"
"3VJ4PFXFJ3739AJVUTUUA334HX4AUD","32KI9HN0SH8Q5EEER27HJI3DITGU1K","Reading a passage and responding to questions","You will read a short passage about a person, then answer questions related to the passage.","sentences, decisions, language","$0.40","Sat May 23 05:38:28 PDT 2020","352","BatchId:4049961;OriginalHitTemplateId:920937340;","7200","172800","Sat May 23 09:38:28 PDT 2020","","","3CPLWGV3MOZEVLNBVO99OXW85WH9NM","A3RW1RI9S5BXB2","Submitted","Sat May 23 05:41:41 PDT 2020","Sat May 23 05:46:48 PDT 2020","Mon May 25 05:46:48 PDT 2020","","","","307","0% (0/0)","0% (0/0)","0% (0/0)","fte4zwmomx7u1z8vn256"
"3VJ4PFXFJ3739AJVUTUUA334HX4AUD","32KI9HN0SH8Q5EEER27HJI3DITGU1K","Reading a passage and responding to questions","You will read a short passage about a person, then answer questions related to the passage.","sentences, decisions, language","$0.40","Sat May 23 05:38:28 PDT 2020","352","BatchId:4049961;OriginalHitTemplateId:920937340;","7200","172800","Sat May 23 09:38:28 PDT 2020","","","3EO896NRAWV1WA54EWMYMQG3QJEJTR","A3R6Z6HDL5JGM6","Submitted","Sat May 23 05:39:41 PDT 2020","Sat May 23 05:41:35 PDT 2020","Mon May 25 05:41:35 PDT 2020","","","","114","0% (0/0)","0% (0/0)","0% (0/0)","2vvnrgtzdbhklpu151tk"
"3VJ4PFXFJ3739AJVUTUUA334HX4AUD","32KI9HN0SH8Q5EEER27HJI3DITGU1K","Reading a passage and responding to questions","You will read a short passage about a person, then answer questions related to the passage.","sentences, decisions, language","$0.40","Sat May 23 05:38:28 PDT 2020","352","BatchId:4049961;OriginalHitTemplateId:920937340;","7200","172800","Sat May 23 09:38:28 PDT 2020","","","3EWIJTFFVO7S5LML2TNX5Z16O1N0EF","A1OKSOCF34T2H","Submitted","Sat May 23 08:22:25 PDT 2020","Sat May 23 08:26:13 PDT 2020","Mon May 25 08:26:13 PDT 2020","","","","228","0% (0/0)","0% (0/0)","0% (0/0)","er3wqn0egjoxmuslvj5k"
"3VJ4PFXFJ3739AJVUTUUA334HX4AUD","32KI9HN0SH8Q5EEER27HJI3DITGU1K","Reading a passage and responding to questions","You will read a short passage about a person, then answer questions related to the passage.","sentences, decisions, language","$0.40","Sat May 23 05:38:28 PDT 2020","352","BatchId:4049961;OriginalHitTemplateId:920937340;","7200","172800","Sat May 23 09:38:28 PDT 2020","","","3FDJT1UU748UMS0WVL4CKPA2P6C5K7","A1BLDN3Q5FZV36","Submitted","Sat May 23 09:23:51 PDT 2020","Sat May 23 09:29:53 PDT 2020","Mon May 25 09:29:53 PDT 2020","","","","362","100% (1/1)","0% (0/0)","0% (0/0)","xgyt64llmlyfc7g88rvv"
"3VJ4PFXFJ3739AJVUTUUA334HX4AUD","32KI9HN0SH8Q5EEER27HJI3DITGU1K","Reading a passage and responding to questions","You will read a short passage about a person, then answer questions related to the passage.","sentences, decisions, language","$0.40","Sat May 23 05:38:28 PDT 2020","352","BatchId:4049961;OriginalHitTemplateId:920937340;","7200","172800","Sat May 23 09:38:28 PDT 2020","","","3FE7TXL1LINOYYF4Q7MBI4JZ4112QH","A41ERZYAHWRB9","Submitted","Sat May 23 06:25:07 PDT 2020","Sat May 23 06:29:17 PDT 2020","Mon May 25 06:29:17 PDT 2020","","","","250","0% (0/0)","0% (0/0)","0% (0/0)","sp4pjx9736hglnfh2joy"
"3VJ4PFXFJ3739AJVUTUUA334HX4AUD","32KI9HN0SH8Q5EEER27HJI3DITGU1K","Reading a passage and responding to questions","You will read a short passage about a person, then answer questions related to the passage.","sentences, decisions, language","$0.40","Sat May 23 05:38:28 PDT 2020","352","BatchId:4049961;OriginalHitTemplateId:920937340;","7200","172800","Sat May 23 09:38:28 PDT 2020","","","3FTOP5WARFO0G18DGUYO2FEYT8J0JY","A30T7NTZLBK6DF","Submitted","Sat May 23 05:50:28 PDT 2020","Sat May 23 05:57:35 PDT 2020","Mon May 25 05:57:35 PDT 2020","","","","427","0% (0/0)","0% (0/0)","0% (0/0)","4ru6ltzra1dou6lt4mmq"
"3VJ4PFXFJ3739AJVUTUUA334HX4AUD","32KI9HN0SH8Q5EEER27HJI3DITGU1K","Reading a passage and responding to questions","You will read a short passage about a person, then answer questions related to the passage.","sentences, decisions, language","$0.40","Sat May 23 05:38:28 PDT 2020","352","BatchId:4049961;OriginalHitTemplateId:920937340;","7200","172800","Sat May 23 09:38:28 PDT 2020","","","3GLB5JMZFXVKOJJ6K01GK961V5PGDH","A8O6Q41G4FX5G","Submitted","Sat May 23 06:59:15 PDT 2020","Sat May 23 07:03:59 PDT 2020","Mon May 25 07:03:59 PDT 2020","","","","284","0% (0/0)","0% (0/0)","0% (0/0)","bclkpnpes8oobn81u901"
"3VJ4PFXFJ3739AJVUTUUA334HX4AUD","32KI9HN0SH8Q5EEER27HJI3DITGU1K","Reading a passage and responding to questions","You will read a short passage about a person, then answer questions related to the passage.","sentences, decisions, language","$0.40","Sat May 23 05:38:28 PDT 2020","352","BatchId:4049961;OriginalHitTemplateId:920937340;","7200","172800","Sat May 23 09:38:28 PDT 2020","","","3GNCZX450INS3P9T3901OHCNBTMPAZ","AKQOFKKZNHIUJ","Submitted","Sat May 23 07:31:34 PDT 2020","Sat May 23 08:04:03 PDT 2020","Mon May 25 08:04:03 PDT 2020","","","","1949","0% (0/0)","0% (0/0)","0% (0/0)","vmgkr8wlj4qxhcm0ugyp"
"3VJ4PFXFJ3739AJVUTUUA334HX4AUD","32KI9HN0SH8Q5EEER27HJI3DITGU1K","Reading a passage and responding to questions","You will read a short passage about a person, then answer questions related to the passage.","sentences, decisions, language","$0.40","Sat May 23 05:38:28 PDT 2020","352","BatchId:4049961;OriginalHitTemplateId:920937340;","7200","172800","Sat May 23 09:38:28 PDT 2020","","","3H7Z272LX779Z80X00PRXVSY55CPL8","A3QN9B9ZS1CWWM","Submitted","Sat May 23 06:53:14 PDT 2020","Sat May 23 06:56:36 PDT 2020","Mon May 25 06:56:36 PDT 2020","","","","202","0% (0/0)","0% (0/0)","0% (0/0)","pfjs6q10nakw3ovanvwx"
"3VJ4PFXFJ3739AJVUTUUA334HX4AUD","32KI9HN0SH8Q5EEER27HJI3DITGU1K","Reading a passage and responding to questions","You will read a short passage about a person, then answer questions related to the passage.","sentences, decisions, language","$0.40","Sat May 23 05:38:28 PDT 2020","352","BatchId:4049961;OriginalHitTemplateId:920937340;","7200","172800","Sat May 23 09:38:28 PDT 2020","","","3HRMW88U16QQH9EYJRBGI76FX2CM0M","A4Z832KQIBO73","Submitted","Sat May 23 05:39:24 PDT 2020","Sat May 23 05:45:57 PDT 2020","Mon May 25 05:45:57 PDT 2020","","","","393","0% (0/0)","0% (0/0)","0% (0/0)","28vrs4cb40sm4h436bjk"
"3VJ4PFXFJ3739AJVUTUUA334HX4AUD","32KI9HN0SH8Q5EEER27HJI3DITGU1K","Reading a passage and responding to questions","You will read a short passage about a person, then answer questions related to the passage.","sentences, decisions, language","$0.40","Sat May 23 05:38:28 PDT 2020","352","BatchId:4049961;OriginalHitTemplateId:920937340;","7200","172800","Sat May 23 09:38:28 PDT 2020","","","3I0BTBYZAXLQBQ3C2UZRC2TM6C3Y01","A21ESMYFZ9EZLY","Submitted","Sat May 23 06:49:55 PDT 2020","Sat May 23 06:57:33 PDT 2020","Mon May 25 06:57:33 PDT 2020","","","","458","0% (0/0)","0% (0/0)","0% (0/0)","973wz4bw3fqzvx4tgz8z"
"3VJ4PFXFJ3739AJVUTUUA334HX4AUD","32KI9HN0SH8Q5EEER27HJI3DITGU1K","Reading a passage and responding to questions","You will read a short passage about a person, then answer questions related to the passage.","sentences, decisions, language","$0.40","Sat May 23 05:38:28 PDT 2020","352","BatchId:4049961;OriginalHitTemplateId:920937340;","7200","172800","Sat May 23 09:38:28 PDT 2020","","","3I0BTBYZAXLQBQ3C2UZRC2TM6DXY0X","A353ZWBGYHFOBK","Submitted","Sat May 23 08:43:04 PDT 2020","Sat May 23 08:50:15 PDT 2020","Mon May 25 08:50:15 PDT 2020","","","","431","0% (0/0)","0% (0/0)","0% (0/0)","9vscmoulrwxlzr902dlg"
"3VJ4PFXFJ3739AJVUTUUA334HX4AUD","32KI9HN0SH8Q5EEER27HJI3DITGU1K","Reading a passage and responding to questions","You will read a short passage about a person, then answer questions related to the passage.","sentences, decisions, language","$0.40","Sat May 23 05:38:28 PDT 2020","352","BatchId:4049961;OriginalHitTemplateId:920937340;","7200","172800","Sat May 23 09:38:28 PDT 2020","","","3IQ1VMJRYTK7B2TMMK442RC86QRA9E","A3K4CVN63BUHCS","Submitted","Sat May 23 08:51:31 PDT 2020","Sat May 23 08:55:32 PDT 2020","Mon May 25 08:55:32 PDT 2020","","","","241","0% (0/0)","0% (0/0)","0% (0/0)","2h75bt9a458t50eckanr"
"3VJ4PFXFJ3739AJVUTUUA334HX4AUD","32KI9HN0SH8Q5EEER27HJI3DITGU1K","Reading a passage and responding to questions","You will read a short passage about a person, then answer questions related to the passage.","sentences, decisions, language","$0.40","Sat May 23 05:38:28 PDT 2020","352","BatchId:4049961;OriginalHitTemplateId:920937340;","7200","172800","Sat May 23 09:38:28 PDT 2020","","","3K3R2QNK8B3RQB7KSPLV2SO2DTQU9H","A2HJDLSU95MH8Q","Submitted","Sat May 23 09:16:45 PDT 2020","Sat May 23 09:24:06 PDT 2020","Mon May 25 09:24:06 PDT 2020","","","","441","0% (0/0)","0% (0/0)","0% (0/0)","yfjuvt89tpd4e5fzt54n"
"3VJ4PFXFJ3739AJVUTUUA334HX4AUD","32KI9HN0SH8Q5EEER27HJI3DITGU1K","Reading a passage and responding to questions","You will read a short passage about a person, then answer questions related to the passage.","sentences, decisions, language","$0.40","Sat May 23 05:38:28 PDT 2020","352","BatchId:4049961;OriginalHitTemplateId:920937340;","7200","172800","Sat May 23 09:38:28 PDT 2020","","","3KAKFY4PGU202IN4HZV7SCX5J5MI37","A1VFZK7GD0EUY8","Submitted","Sat May 23 06:37:24 PDT 2020","Sat May 23 06:50:57 PDT 2020","Mon May 25 06:50:57 PDT 2020","","","","813","0% (0/0)","0% (0/0)","0% (0/0)","8xr0xbtfajfoedb3u38t"
"3VJ4PFXFJ3739AJVUTUUA334HX4AUD","32KI9HN0SH8Q5EEER27HJI3DITGU1K","Reading a passage and responding to questions","You will read a short passage about a person, then answer questions related to the passage.","sentences, decisions, language","$0.40","Sat May 23 05:38:28 PDT 2020","352","BatchId:4049961;OriginalHitTemplateId:920937340;","7200","172800","Sat May 23 09:38:28 PDT 2020","","","3KXIR214I4GH9TS6SAFYF1IU89H24X","A1LKLU13MO7JU7","Submitted","Sat May 23 06:14:06 PDT 2020","Sat May 23 06:20:11 PDT 2020","Mon May 25 06:20:11 PDT 2020","","","","365","0% (0/0)","0% (0/0)","0% (0/0)","8mhu07up2x79859fgee4"
"3VJ4PFXFJ3739AJVUTUUA334HX4AUD","32KI9HN0SH8Q5EEER27HJI3DITGU1K","Reading a passage and responding to questions","You will read a short passage about a person, then answer questions related to the passage.","sentences, decisions, language","$0.40","Sat May 23 05:38:28 PDT 2020","352","BatchId:4049961;OriginalHitTemplateId:920937340;","7200","172800","Sat May 23 09:38:28 PDT 2020","","","3L0KT67Y8EGQCZNOBWIBM8Z515FSYD","A217VBYX84MSID","Submitted","Sat May 23 08:39:40 PDT 2020","Sat May 23 08:45:04 PDT 2020","Mon May 25 08:45:04 PDT 2020","","","","324","0% (0/0)","0% (0/0)","0% (0/0)","qk7om5j31a8mc42ux51p"
"3VJ4PFXFJ3739AJVUTUUA334HX4AUD","32KI9HN0SH8Q5EEER27HJI3DITGU1K","Reading a passage and responding to questions","You will read a short passage about a person, then answer questions related to the passage.","sentences, decisions, language","$0.40","Sat May 23 05:38:28 PDT 2020","352","BatchId:4049961;OriginalHitTemplateId:920937340;","7200","172800","Sat May 23 09:38:28 PDT 2020","","","3LWJHTCVCCM8ZSRGE21I2NDOD5ZQFI","A225F8E4QMOWXF","Submitted","Sat May 23 05:44:27 PDT 2020","Sat May 23 05:47:09 PDT 2020","Mon May 25 05:47:09 PDT 2020","","","","162","0% (0/0)","0% (0/0)","0% (0/0)","9dsg6klq4d09g52k2ph7"
"3VJ4PFXFJ3739AJVUTUUA334HX4AUD","32KI9HN0SH8Q5EEER27HJI3DITGU1K","Reading a passage and responding to questions","You will read a short passage about a person, then answer questions related to the passage.","sentences, decisions, language","$0.40","Sat May 23 05:38:28 PDT 2020","352","BatchId:4049961;OriginalHitTemplateId:920937340;","7200","172800","Sat May 23 09:38:28 PDT 2020","","","3M0NZ3JDP1YPBNZIVM7M74YFTEB5ZD","A1WZBK5PRHBW3H","Submitted","Sat May 23 06:15:29 PDT 2020","Sat May 23 07:00:17 PDT 2020","Mon May 25 07:00:17 PDT 2020","","","","2688","0% (0/0)","0% (0/0)","0% (0/0)","zdx8agf6pwhg0dsr6vpa"
"3VJ4PFXFJ3739AJVUTUUA334HX4AUD","32KI9HN0SH8Q5EEER27HJI3DITGU1K","Reading a passage and responding to questions","You will read a short passage about a person, then answer questions related to the passage.","sentences, decisions, language","$0.40","Sat May 23 05:38:28 PDT 2020","352","BatchId:4049961;OriginalHitTemplateId:920937340;","7200","172800","Sat May 23 09:38:28 PDT 2020","","","3MTMREQS4VIINY6UFVEWGBKJ4QUAWK","A27JGWV6UWXCM1","Submitted","Sat May 23 07:49:32 PDT 2020","Sat May 23 07:58:08 PDT 2020","Mon May 25 07:58:08 PDT 2020","","","","516","0% (0/0)","0% (0/0)","0% (0/0)","a39jr6kfzjv7u7ev1vgg"
"3VJ4PFXFJ3739AJVUTUUA334HX4AUD","32KI9HN0SH8Q5EEER27HJI3DITGU1K","Reading a passage and responding to questions","You will read a short passage about a person, then answer questions related to the passage.","sentences, decisions, language","$0.40","Sat May 23 05:38:28 PDT 2020","352","BatchId:4049961;OriginalHitTemplateId:920937340;","7200","172800","Sat May 23 09:38:28 PDT 2020","","","3OHYZ19UGC5AIPXSO9NMZH7X1O5OAW","ARNXCAZYZ62I0","Submitted","Sat May 23 05:53:15 PDT 2020","Sat May 23 05:58:04 PDT 2020","Mon May 25 05:58:04 PDT 2020","","","","289","0% (0/0)","0% (0/0)","0% (0/0)","15xo4q3k7r3k8vrz26cp"
"3VJ4PFXFJ3739AJVUTUUA334HX4AUD","32KI9HN0SH8Q5EEER27HJI3DITGU1K","Reading a passage and responding to questions","You will read a short passage about a person, then answer questions related to the passage.","sentences, decisions, language","$0.40","Sat May 23 05:38:28 PDT 2020","352","BatchId:4049961;OriginalHitTemplateId:920937340;","7200","172800","Sat May 23 09:38:28 PDT 2020","","","3Q5ZZ9ZEVOFARRYVMW79UK1BU53587","A3B20DD6Y5ORPB","Submitted","Sat May 23 06:09:21 PDT 2020","Sat May 23 06:12:34 PDT 2020","Mon May 25 06:12:34 PDT 2020","","","","193","0% (0/0)","0% (0/0)","0% (0/0)","5ydm60kqfxs1nypgnaow"
"3VJ4PFXFJ3739AJVUTUUA334HX4AUD","32KI9HN0SH8Q5EEER27HJI3DITGU1K","Reading a passage and responding to questions","You will read a short passage about a person, then answer questions related to the passage.","sentences, decisions, language","$0.40","Sat May 23 05:38:28 PDT 2020","352","BatchId:4049961;OriginalHitTemplateId:920937340;","7200","172800","Sat May 23 09:38:28 PDT 2020","","","3R6BYFZZP7CS8PSS0GWAWV9HA8QFX8","A3R4KNPQLYX1V4","Submitted","Sat May 23 06:10:33 PDT 2020","Sat May 23 06:17:18 PDT 2020","Mon May 25 06:17:18 PDT 2020","","","","405","0% (0/0)","0% (0/0)","0% (0/0)","xwawgc9afa8hcwpws1at"
"3VJ4PFXFJ3739AJVUTUUA334HX4AUD","32KI9HN0SH8Q5EEER27HJI3DITGU1K","Reading a passage and responding to questions","You will read a short passage about a person, then answer questions related to the passage.","sentences, decisions, language","$0.40","Sat May 23 05:38:28 PDT 2020","352","BatchId:4049961;OriginalHitTemplateId:920937340;","7200","172800","Sat May 23 09:38:28 PDT 2020","","","3RJSC4XJ10US92TSRSUU15VTB7N50G","A1FWDXO9U3BZVA","Submitted","Sat May 23 05:42:20 PDT 2020","Sat May 23 05:50:03 PDT 2020","Mon May 25 05:50:03 PDT 2020","","","","463","0% (0/0)","0% (0/0)","0% (0/0)","ss7sa0nymdw9vbko5"
"3VJ4PFXFJ3739AJVUTUUA334HX4AUD","32KI9HN0SH8Q5EEER27HJI3DITGU1K","Reading a passage and responding to questions","You will read a short passage about a person, then answer questions related to the passage.","sentences, decisions, language","$0.40","Sat May 23 05:38:28 PDT 2020","352","BatchId:4049961;OriginalHitTemplateId:920937340;","7200","172800","Sat May 23 09:38:28 PDT 2020","","","3RXPCZQMQPBQWO3U47HLJ75S6871GX","A1QXVP28VKN45L","Submitted","Sat May 23 05:40:17 PDT 2020","Sat May 23 05:43:19 PDT 2020","Mon May 25 05:43:19 PDT 2020","","","","182","0% (0/0)","0% (0/0)","0% (0/0)","gnc7xry7ck0hm320pora"
"3VJ4PFXFJ3739AJVUTUUA334HX4AUD","32KI9HN0SH8Q5EEER27HJI3DITGU1K","Reading a passage and responding to questions","You will read a short passage about a person, then answer questions related to the passage.","sentences, decisions, language","$0.40","Sat May 23 05:38:28 PDT 2020","352","BatchId:4049961;OriginalHitTemplateId:920937340;","7200","172800","Sat May 23 09:38:28 PDT 2020","","","3RXPCZQMQPBQWO3U47HLJ75S68O1GE","A3T3UVT5LGP47V","Submitted","Sat May 23 07:08:48 PDT 2020","Sat May 23 07:19:01 PDT 2020","Mon May 25 07:19:01 PDT 2020","","","","613","0% (0/0)","0% (0/0)","0% (0/0)","agrauqcs4za0b2p637ct"
"3VJ4PFXFJ3739AJVUTUUA334HX4AUD","32KI9HN0SH8Q5EEER27HJI3DITGU1K","Reading a passage and responding to questions","You will read a short passage about a person, then answer questions related to the passage.","sentences, decisions, language","$0.40","Sat May 23 05:38:28 PDT 2020","352","BatchId:4049961;OriginalHitTemplateId:920937340;","7200","172800","Sat May 23 09:38:28 PDT 2020","","","3RYC5T2D73TK26VA5KMNJ71XBXVPRS","A3EXEK028GISUY","Submitted","Sat May 23 06:29:17 PDT 2020","Sat May 23 06:41:20 PDT 2020","Mon May 25 06:41:20 PDT 2020","","","","723","0% (0/0)","0% (0/0)","0% (0/0)","2yxb3qetegpc1mabprgw"
"3VJ4PFXFJ3739AJVUTUUA334HX4AUD","32KI9HN0SH8Q5EEER27HJI3DITGU1K","Reading a passage and responding to questions","You will read a short passage about a person, then answer questions related to the passage.","sentences, decisions, language","$0.40","Sat May 23 05:38:28 PDT 2020","352","BatchId:4049961;OriginalHitTemplateId:920937340;","7200","172800","Sat May 23 09:38:28 PDT 2020","","","3S4AW7T80BINAFEE2GX3UXH3EAE4LW","A1H6OBSA5SU3SR","Submitted","Sat May 23 08:57:58 PDT 2020","Sat May 23 09:03:32 PDT 2020","Mon May 25 09:03:32 PDT 2020","","","","334","0% (0/0)","0% (0/0)","0% (0/0)","x1oueu90zdsjgb9l6bqz"
"3VJ4PFXFJ3739AJVUTUUA334HX4AUD","32KI9HN0SH8Q5EEER27HJI3DITGU1K","Reading a passage and responding to questions","You will read a short passage about a person, then answer questions related to the passage.","sentences, decisions, language","$0.40","Sat May 23 05:38:28 PDT 2020","352","BatchId:4049961;OriginalHitTemplateId:920937340;","7200","172800","Sat May 23 09:38:28 PDT 2020","","","3SITXWYCNV92V8GCVEAED5IWVBYBXO","A20U74OX7XFA0I","Submitted","Sat May 23 08:34:44 PDT 2020","Sat May 23 08:41:39 PDT 2020","Mon May 25 08:41:39 PDT 2020","","","","415","0% (0/0)","0% (0/0)","0% (0/0)","zk5dd7bo6e51gdlpwcut"
"3VJ4PFXFJ3739AJVUTUUA334HX4AUD","32KI9HN0SH8Q5EEER27HJI3DITGU1K","Reading a passage and responding to questions","You will read a short passage about a person, then answer questions related to the passage.","sentences, decisions, language","$0.40","Sat May 23 05:38:28 PDT 2020","352","BatchId:4049961;OriginalHitTemplateId:920937340;","7200","172800","Sat May 23 09:38:28 PDT 2020","","","3SUWZRL0MYDNJW804I3EE0BX131E6K","A3RLVR1VL7Z9PM","Submitted","Sat May 23 07:57:36 PDT 2020","Sat May 23 08:11:11 PDT 2020","Mon May 25 08:11:11 PDT 2020","","","","815","0% (0/0)","0% (0/0)","0% (0/0)","j4hmluwzcc8t89d1wpqm"
"3VJ4PFXFJ3739AJVUTUUA334HX4AUD","32KI9HN0SH8Q5EEER27HJI3DITGU1K","Reading a passage and responding to questions","You will read a short passage about a person, then answer questions related to the passage.","sentences, decisions, language","$0.40","Sat May 23 05:38:28 PDT 2020","352","BatchId:4049961;OriginalHitTemplateId:920937340;","7200","172800","Sat May 23 09:38:28 PDT 2020","","","3TE3O857308OAZU43MBBNUT40NVR2Z","A291N8V4V03AT9","Submitted","Sat May 23 05:39:23 PDT 2020","Sat May 23 05:42:51 PDT 2020","Mon May 25 05:42:51 PDT 2020","","","","208","0% (0/0)","0% (0/0)","0% (0/0)","stsg8pv7jrtc60x66gzk"
"3VJ4PFXFJ3739AJVUTUUA334HX4AUD","32KI9HN0SH8Q5EEER27HJI3DITGU1K","Reading a passage and responding to questions","You will read a short passage about a person, then answer questions related to the passage.","sentences, decisions, language","$0.40","Sat May 23 05:38:28 PDT 2020","352","BatchId:4049961;OriginalHitTemplateId:920937340;","7200","172800","Sat May 23 09:38:28 PDT 2020","","","3TY7ZAOG5FKVRLEVYFY03UEB8XK0KY","ACW5ZIBHY3TOB","Submitted","Sat May 23 05:57:01 PDT 2020","Sat May 23 06:09:19 PDT 2020","Mon May 25 06:09:19 PDT 2020","","","","738","0% (0/0)","0% (0/0)","0% (0/0)","ppy6g5drr3prhxt2qqas"
"3VJ4PFXFJ3739AJVUTUUA334HX4AUD","32KI9HN0SH8Q5EEER27HJI3DITGU1K","Reading a passage and responding to questions","You will read a short passage about a person, then answer questions related to the passage.","sentences, decisions, language","$0.40","Sat May 23 05:38:28 PDT 2020","352","BatchId:4049961;OriginalHitTemplateId:920937340;","7200","172800","Sat May 23 09:38:28 PDT 2020","","","3U5JL4WY5K9IA9V3GZ0R5RCQLJR4XL","A1R1E7TZ9OHFIG","Submitted","Sat May 23 09:08:13 PDT 2020","Sat May 23 09:15:47 PDT 2020","Mon May 25 09:15:47 PDT 2020","","","","454","0% (0/0)","0% (0/0)","0% (0/0)","1r27ncs3k99rn6s7kktm"
"3VJ4PFXFJ3739AJVUTUUA334HX4AUD","32KI9HN0SH8Q5EEER27HJI3DITGU1K","Reading a passage and responding to questions","You will read a short passage about a person, then answer questions related to the passage.","sentences, decisions, language","$0.40","Sat May 23 05:38:28 PDT 2020","352","BatchId:4049961;OriginalHitTemplateId:920937340;","7200","172800","Sat May 23 09:38:28 PDT 2020","","","3UN61F00HWPG9WDRL5D9L1WGKXUR58","A2EED3HLTA96CP","Submitted","Sat May 23 06:28:06 PDT 2020","Sat May 23 06:34:29 PDT 2020","Mon May 25 06:34:29 PDT 2020","","","","383","0% (0/0)","0% (0/0)","0% (0/0)","hmbev5z9zrfvn8hqh9ov"
"3VJ4PFXFJ3739AJVUTUUA334HX4AUD","32KI9HN0SH8Q5EEER27HJI3DITGU1K","Reading a passage and responding to questions","You will read a short passage about a person, then answer questions related to the passage.","sentences, decisions, language","$0.40","Sat May 23 05:38:28 PDT 2020","352","BatchId:4049961;OriginalHitTemplateId:920937340;","7200","172800","Sat May 23 09:38:28 PDT 2020","","","3V26SBZTBDENI1J72AE2W85AUDDZZ8","A2OCVU34E4SD3I","Submitted","Sat May 23 05:42:05 PDT 2020","Sat May 23 05:46:14 PDT 2020","Mon May 25 05:46:14 PDT 2020","","","","249","0% (0/0)","0% (0/0)","0% (0/0)","v0prc2he5tweugyk5t1o"
"3VJ4PFXFJ3739AJVUTUUA334HX4AUD","32KI9HN0SH8Q5EEER27HJI3DITGU1K","Reading a passage and responding to questions","You will read a short passage about a person, then answer questions related to the passage.","sentences, decisions, language","$0.40","Sat May 23 05:38:28 PDT 2020","352","BatchId:4049961;OriginalHitTemplateId:920937340;","7200","172800","Sat May 23 09:38:28 PDT 2020","","","3WOKGM4L71GEHCZAW7QTABVKS22O0E","A1FK6WHUQHLZP9","Submitted","Sat May 23 06:40:08 PDT 2020","Sat May 23 07:14:43 PDT 2020","Mon May 25 07:14:43 PDT 2020","","","","2075","0% (0/0)","0% (0/0)","0% (0/0)","y5qcl3g1d1zdceaxd87a"
"3VJ4PFXFJ3739AJVUTUUA334HX4AUD","32KI9HN0SH8Q5EEER27HJI3DITGU1K","Reading a passage and responding to questions","You will read a short passage about a person, then answer questions related to the passage.","sentences, decisions, language","$0.40","Sat May 23 05:38:28 PDT 2020","352","BatchId:4049961;OriginalHitTemplateId:920937340;","7200","172800","Sat May 23 09:38:28 PDT 2020","","","3WRFBPLXRAOSGJYVEF8ZXKTM554N3I","A255CJSGL9QRFI","Submitted","Sat May 23 08:11:48 PDT 2020","Sat May 23 08:24:47 PDT 2020","Mon May 25 08:24:47 PDT 2020","","","","779","0% (0/0)","0% (0/0)","0% (0/0)","1ta7ybxtkrz9ooc76cvc"
"3VJ4PFXFJ3739AJVUTUUA334HX4AUD","32KI9HN0SH8Q5EEER27HJI3DITGU1K","Reading a passage and responding to questions","You will read a short passage about a person, then answer questions related to the passage.","sentences, decisions, language","$0.40","Sat May 23 05:38:28 PDT 2020","352","BatchId:4049961;OriginalHitTemplateId:920937340;","7200","172800","Sat May 23 09:38:28 PDT 2020","","","3WT783CTPBHESA5H4IERZSXMUS9BCJ","A3QQGQNFXVZP62","Submitted","Sat May 23 06:05:41 PDT 2020","Sat May 23 06:14:12 PDT 2020","Mon May 25 06:14:12 PDT 2020","","","","511","0% (0/0)","0% (0/0)","0% (0/0)","c89tktdgyfv39fa8owh6"
"3VJ4PFXFJ3739AJVUTUUA334HX4AUD","32KI9HN0SH8Q5EEER27HJI3DITGU1K","Reading a passage and responding to questions","You will read a short passage about a person, then answer questions related to the passage.","sentences, decisions, language","$0.40","Sat May 23 05:38:28 PDT 2020","352","BatchId:4049961;OriginalHitTemplateId:920937340;","7200","172800","Sat May 23 09:38:28 PDT 2020","","","3X4MXAO0BGOAMFSBH60IB19T4U1WRX","A1X19BA815KYJ4","Submitted","Sat May 23 06:41:15 PDT 2020","Sat May 23 06:44:36 PDT 2020","Mon May 25 06:44:36 PDT 2020","","","","201","0% (0/0)","0% (0/0)","0% (0/0)","1frox6khh2obb67mv6ow"
"3VJ4PFXFJ3739AJVUTUUA334HX4AUD","32KI9HN0SH8Q5EEER27HJI3DITGU1K","Reading a passage and responding to questions","You will read a short passage about a person, then answer questions related to the passage.","sentences, decisions, language","$0.40","Sat May 23 05:38:28 PDT 2020","352","BatchId:4049961;OriginalHitTemplateId:920937340;","7200","172800","Sat May 23 09:38:28 PDT 2020","","","3X73LLYYQ1E7AR5UT0X11EUWOAAHN7","A46DGMYAWYN1","Submitted","Sat May 23 09:31:09 PDT 2020","Sat May 23 09:35:34 PDT 2020","Mon May 25 09:35:34 PDT 2020","","","","265","0% (0/0)","0% (0/0)","0% (0/0)","ho9tyreeckct38gdfuvs"
"3VJ4PFXFJ3739AJVUTUUA334HX4AUD","32KI9HN0SH8Q5EEER27HJI3DITGU1K","Reading a passage and responding to questions","You will read a short passage about a person, then answer questions related to the passage.","sentences, decisions, language","$0.40","Sat May 23 05:38:28 PDT 2020","352","BatchId:4049961;OriginalHitTemplateId:920937340;","7200","172800","Sat May 23 09:38:28 PDT 2020","","","3Y9N9SS8LYBJU77IPLUW1FHSR053DH","A37JR1K53GSXZ6","Submitted","Sat May 23 05:39:43 PDT 2020","Sat May 23 05:50:23 PDT 2020","Mon May 25 05:50:23 PDT 2020","","","","640","0% (0/0)","0% (0/0)","0% (0/0)","8n575ouavdvrg6rz38qg"
"3VJ4PFXFJ3739AJVUTUUA334HX4AUD","32KI9HN0SH8Q5EEER27HJI3DITGU1K","Reading a passage and responding to questions","You will read a short passage about a person, then answer questions related to the passage.","sentences, decisions, language","$0.40","Sat May 23 05:38:28 PDT 2020","352","BatchId:4049961;OriginalHitTemplateId:920937340;","7200","172800","Sat May 23 09:38:28 PDT 2020","","","3YT88D1N08YR8DDSH2GJ5SCIB923KU","A3NQUEB4PGNKZ7","Submitted","Sat May 23 05:39:58 PDT 2020","Sat May 23 05:42:52 PDT 2020","Mon May 25 05:42:52 PDT 2020","","","","174","0% (0/0)","0% (0/0)","0% (0/0)","hpgkt5a4usebmkj5vmh0"