"HITId","HITTypeId","Title","Description","Keywords","Reward","CreationTime","MaxAssignments","RequesterAnnotation","AssignmentDurationInSeconds","AutoApprovalDelayInSeconds","Expiration","NumberOfSimilarHITs","LifetimeInSeconds","AssignmentId","WorkerId","AssignmentStatus","AcceptTime","SubmitTime","AutoApprovalTime","ApprovalTime","RejectionTime","RequesterFeedback","WorkTimeInSeconds","LifetimeApprovalRate","Last30DaysApprovalRate","Last7DaysApprovalRate","Answer.surveycode","Approve","Reject"
"3JYPJ2TAYI8LDWS7ONHSEYRW5P4FPZ","32KI9HN0SH8Q5EEER27HJI3DITGU1K","Reading a passage and responding to questions","You will read a short passage about a person, then answer questions related to the passage.","sentences, decisions, language","$0.40","Tue May 19 12:38:11 PDT 2020","352","BatchId:4044545;OriginalHitTemplateId:920937340;","7200","172800","Tue May 19 16:38:11 PDT 2020","","","30H4UDGLT2IT5QII0CQ6X87N4WFMPR","A1L8ERUX8LJG6K","Submitted","Tue May 19 12:46:14 PDT 2020","Tue May 19 12:51:09 PDT 2020","Thu May 21 12:51:09 PDT 2020","","","","295","0% (0/0)","0% (0/0)","0% (0/0)","whru37hyu3825luu65sy"
"3JYPJ2TAYI8LDWS7ONHSEYRW5P4FPZ","32KI9HN0SH8Q5EEER27HJI3DITGU1K","Reading a passage and responding to questions","You will read a short passage about a person, then answer questions related to the passage.","sentences, decisions, language","$0.40","Tue May 19 12:38:11 PDT 2020","352","BatchId:4044545;OriginalHitTemplateId:920937340;","7200","172800","Tue May 19 16:38:11 PDT 2020","","","30JNVC0OR9KSDOIM9SPI58P1T7HQHV","A2TBMZH5NLK8MG","Submitted","Tue May 19 15:57:24 PDT 2020","Tue May 19 16:05:28 PDT 2020","Thu May 21 16:05:28 PDT 2020","","","","484","0% (0/0)","0% (0/0)","0% (0/0)","df4x4ghesn8ooym0mtjs"
"3JYPJ2TAYI8LDWS7ONHSEYRW5P4FPZ","32KI9HN0SH8Q5EEER27HJI3DITGU1K","Reading a passage and responding to questions","You will read a short passage about a person, then answer questions related to the passage.","sentences, decisions, language","$0.40","Tue May 19 12:38:11 PDT 2020","352","BatchId:4044545;OriginalHitTemplateId:920937340;","7200","172800","Tue May 19 16:38:11 PDT 2020","","","3180JW2OT4CZB8UED040JAAP92J5JK","A1RK314J53UK1N","Submitted","Tue May 19 12:47:57 PDT 2020","Tue May 19 12:53:30 PDT 2020","Thu May 21 12:53:30 PDT 2020","","","","333","100% (2/2)","0% (0/0)","0% (0/0)","ro2480lgfg8xg5g7rn24"
"3JYPJ2TAYI8LDWS7ONHSEYRW5P4FPZ","32KI9HN0SH8Q5EEER27HJI3DITGU1K","Reading a passage and responding to questions","You will read a short passage about a person, then answer questions related to the passage.","sentences, decisions, language","$0.40","Tue May 19 12:38:11 PDT 2020","352","BatchId:4044545;OriginalHitTemplateId:920937340;","7200","172800","Tue May 19 16:38:11 PDT 2020","","","326O153BMIYM45NFE5BSK6LPIC3ED1","A25OK203N0QYH2","Submitted","Tue May 19 16:24:27 PDT 2020","Tue May 19 16:31:00 PDT 2020","Thu May 21 16:31:00 PDT 2020","","","","393","0% (0/0)","0% (0/0)","0% (0/0)","qny2mc561y870qdl530m"
"3JYPJ2TAYI8LDWS7ONHSEYRW5P4FPZ","32KI9HN0SH8Q5EEER27HJI3DITGU1K","Reading a passage and responding to questions","You will read a short passage about a person, then answer questions related to the passage.","sentences, decisions, language","$0.40","Tue May 19 12:38:11 PDT 2020","352","BatchId:4044545;OriginalHitTemplateId:920937340;","7200","172800","Tue May 19 16:38:11 PDT 2020","","","32Q90QCQ1SLUIBTP6MXFOJGF1KJEKU","A1Y4PK1XCHCF6Q","Submitted","Tue May 19 12:55:41 PDT 2020","Tue May 19 12:58:23 PDT 2020","Thu May 21 12:58:23 PDT 2020","","","","162","0% (0/0)","0% (0/0)","0% (0/0)","7jfz5bu5ff39ogkvzwo2"
"3JYPJ2TAYI8LDWS7ONHSEYRW5P4FPZ","32KI9HN0SH8Q5EEER27HJI3DITGU1K","Reading a passage and responding to questions","You will read a short passage about a person, then answer questions related to the passage.","sentences, decisions, language","$0.40","Tue May 19 12:38:11 PDT 2020","352","BatchId:4044545;OriginalHitTemplateId:920937340;","7200","172800","Tue May 19 16:38:11 PDT 2020","","","33IZTU6J8111CUXE60W93USWYK8XS4","A3I08AKU78MMMI","Submitted","Tue May 19 13:23:46 PDT 2020","Tue May 19 13:27:33 PDT 2020","Thu May 21 13:27:33 PDT 2020","","","","227","0% (0/0)","0% (0/0)","0% (0/0)","8nrpby5jrc2btud1nn2v"
"3JYPJ2TAYI8LDWS7ONHSEYRW5P4FPZ","32KI9HN0SH8Q5EEER27HJI3DITGU1K","Reading a passage and responding to questions","You will read a short passage about a person, then answer questions related to the passage.","sentences, decisions, language","$0.40","Tue May 19 12:38:11 PDT 2020","352","BatchId:4044545;OriginalHitTemplateId:920937340;","7200","172800","Tue May 19 16:38:11 PDT 2020","","","33L7PJKHCGYCCT9LNSP7X07PAVP8TB","A18WG7Z9X9GH7E","Submitted","Tue May 19 15:36:14 PDT 2020","Tue May 19 15:40:43 PDT 2020","Thu May 21 15:40:43 PDT 2020","","","","269","0% (0/0)","0% (0/0)","0% (0/0)","07ovr78rz5esdpdlefmr"
"3JYPJ2TAYI8LDWS7ONHSEYRW5P4FPZ","32KI9HN0SH8Q5EEER27HJI3DITGU1K","Reading a passage and responding to questions","You will read a short passage about a person, then answer questions related to the passage.","sentences, decisions, language","$0.40","Tue May 19 12:38:11 PDT 2020","352","BatchId:4044545;OriginalHitTemplateId:920937340;","7200","172800","Tue May 19 16:38:11 PDT 2020","","","33LKR6A5KEKU1TP0O7GSIQKHVO4T1U","A2VNEHFA6RSDX5","Submitted","Tue May 19 12:38:46 PDT 2020","Tue May 19 14:20:48 PDT 2020","Thu May 21 14:20:48 PDT 2020","","","","6122","0% (0/0)","0% (0/0)","0% (0/0)","eyhv3237f2hdnf82ghzb"
"3JYPJ2TAYI8LDWS7ONHSEYRW5P4FPZ","32KI9HN0SH8Q5EEER27HJI3DITGU1K","Reading a passage and responding to questions","You will read a short passage about a person, then answer questions related to the passage.","sentences, decisions, language","$0.40","Tue May 19 12:38:11 PDT 2020","352","BatchId:4044545;OriginalHitTemplateId:920937340;","7200","172800","Tue May 19 16:38:11 PDT 2020","","","34BBWHLWHABXTGPSRJ69X982HLCWIX","A16MBZV4NK3OBZ","Submitted","Tue May 19 15:41:22 PDT 2020","Tue May 19 15:47:14 PDT 2020","Thu May 21 15:47:14 PDT 2020","","","","352","0% (0/0)","0% (0/0)","0% (0/0)","e10b1smsv7e8gxr8f1rd"
"3JYPJ2TAYI8LDWS7ONHSEYRW5P4FPZ","32KI9HN0SH8Q5EEER27HJI3DITGU1K","Reading a passage and responding to questions","You will read a short passage about a person, then answer questions related to the passage.","sentences, decisions, language","$0.40","Tue May 19 12:38:11 PDT 2020","352","BatchId:4044545;OriginalHitTemplateId:920937340;","7200","172800","Tue May 19 16:38:11 PDT 2020","","","34J10VATJFYS9JT6FA735KQGSJGQI5","A1QYTV4R5UWV4G","Submitted","Tue May 19 12:39:26 PDT 2020","Tue May 19 12:42:14 PDT 2020","Thu May 21 12:42:14 PDT 2020","","","","168","0% (0/0)","0% (0/0)","0% (0/0)","moxkyfk6vsh2tw4lzbp7"
"3JYPJ2TAYI8LDWS7ONHSEYRW5P4FPZ","32KI9HN0SH8Q5EEER27HJI3DITGU1K","Reading a passage and responding to questions","You will read a short passage about a person, then answer questions related to the passage.","sentences, decisions, language","$0.40","Tue May 19 12:38:11 PDT 2020","352","BatchId:4044545;OriginalHitTemplateId:920937340;","7200","172800","Tue May 19 16:38:11 PDT 2020","","","34PGFRQONOBTOR9Y91R99AN2TZOJWG","AIU0DXN4BTPDO","Submitted","Tue May 19 13:01:08 PDT 2020","Tue May 19 13:19:50 PDT 2020","Thu May 21 13:19:50 PDT 2020","","","","1122","0% (0/0)","0% (0/0)","0% (0/0)","575zxgw41cot9uc2xsu0"
"3JYPJ2TAYI8LDWS7ONHSEYRW5P4FPZ","32KI9HN0SH8Q5EEER27HJI3DITGU1K","Reading a passage and responding to questions","You will read a short passage about a person, then answer questions related to the passage.","sentences, decisions, language","$0.40","Tue May 19 12:38:11 PDT 2020","352","BatchId:4044545;OriginalHitTemplateId:920937340;","7200","172800","Tue May 19 16:38:11 PDT 2020","","","34V1S5K3GS16O0HJW7NSMMAMATU69L","A2XQTQJLRGENPT","Submitted","Tue May 19 15:14:37 PDT 2020","Tue May 19 15:25:07 PDT 2020","Thu May 21 15:25:07 PDT 2020","","","","630","0% (0/0)","0% (0/0)","0% (0/0)","sj71q40bwmyg0drxxm4o"
"3JYPJ2TAYI8LDWS7ONHSEYRW5P4FPZ","32KI9HN0SH8Q5EEER27HJI3DITGU1K","Reading a passage and responding to questions","You will read a short passage about a person, then answer questions related to the passage.","sentences, decisions, language","$0.40","Tue May 19 12:38:11 PDT 2020","352","BatchId:4044545;OriginalHitTemplateId:920937340;","7200","172800","Tue May 19 16:38:11 PDT 2020","","","35BLDD71I6X69HEX1DPZB2SE5O0VZ4","A36I563NEN8LF8","Submitted","Tue May 19 13:17:25 PDT 2020","Tue May 19 13:20:46 PDT 2020","Thu May 21 13:20:46 PDT 2020","","","","201","0% (0/0)","0% (0/0)","0% (0/0)","0w02169sq7pn24s4ulus"
"3JYPJ2TAYI8LDWS7ONHSEYRW5P4FPZ","32KI9HN0SH8Q5EEER27HJI3DITGU1K","Reading a passage and responding to questions","You will read a short passage about a person, then answer questions related to the passage.","sentences, decisions, language","$0.40","Tue May 19 12:38:11 PDT 2020","352","BatchId:4044545;OriginalHitTemplateId:920937340;","7200","172800","Tue May 19 16:38:11 PDT 2020","","","3634BBTX0OUVIU3X1UW9TLM2LH8FI1","A103A7PRZURWVQ","Submitted","Tue May 19 12:46:42 PDT 2020","Tue May 19 13:03:34 PDT 2020","Thu May 21 13:03:34 PDT 2020","","","","1012","0% (0/0)","0% (0/0)","0% (0/0)","m61rwq1ten3qx7pxnda5"
"3JYPJ2TAYI8LDWS7ONHSEYRW5P4FPZ","32KI9HN0SH8Q5EEER27HJI3DITGU1K","Reading a passage and responding to questions","You will read a short passage about a person, then answer questions related to the passage.","sentences, decisions, language","$0.40","Tue May 19 12:38:11 PDT 2020","352","BatchId:4044545;OriginalHitTemplateId:920937340;","7200","172800","Tue May 19 16:38:11 PDT 2020","","","36H9ULYP62URD5N3JCH95M12YWYFJE","A28PBIZ3X36QIQ","Submitted","Tue May 19 12:59:10 PDT 2020","Tue May 19 13:09:18 PDT 2020","Thu May 21 13:09:18 PDT 2020","","","","608","0% (0/0)","0% (0/0)","0% (0/0)","h8u01ry4dbytqa9hfgpp"
"3JYPJ2TAYI8LDWS7ONHSEYRW5P4FPZ","32KI9HN0SH8Q5EEER27HJI3DITGU1K","Reading a passage and responding to questions","You will read a short passage about a person, then answer questions related to the passage.","sentences, decisions, language","$0.40","Tue May 19 12:38:11 PDT 2020","352","BatchId:4044545;OriginalHitTemplateId:920937340;","7200","172800","Tue May 19 16:38:11 PDT 2020","","","36TFCYNS44ACMLJYV6KAZGLUP9PHX1","A1WMTDO8G9ZLU1","Submitted","Tue May 19 12:46:53 PDT 2020","Tue May 19 12:53:43 PDT 2020","Thu May 21 12:53:43 PDT 2020","","","","410","0% (0/0)","0% (0/0)","0% (0/0)","ou9138gllb0hdeb1xppr"
"3JYPJ2TAYI8LDWS7ONHSEYRW5P4FPZ","32KI9HN0SH8Q5EEER27HJI3DITGU1K","Reading a passage and responding to questions","You will read a short passage about a person, then answer questions related to the passage.","sentences, decisions, language","$0.40","Tue May 19 12:38:11 PDT 2020","352","BatchId:4044545;OriginalHitTemplateId:920937340;","7200","172800","Tue May 19 16:38:11 PDT 2020","","","36TFCYNS44ACMLJYV6KAZGLUP9RHX3","A19QGOCCXFEK71","Submitted","Tue May 19 13:13:38 PDT 2020","Tue May 19 13:18:59 PDT 2020","Thu May 21 13:18:59 PDT 2020","","","","321","0% (0/0)","0% (0/0)","0% (0/0)","2hwwte80ntmhrrh00mu0"
"3JYPJ2TAYI8LDWS7ONHSEYRW5P4FPZ","32KI9HN0SH8Q5EEER27HJI3DITGU1K","Reading a passage and responding to questions","You will read a short passage about a person, then answer questions related to the passage.","sentences, decisions, language","$0.40","Tue May 19 12:38:11 PDT 2020","352","BatchId:4044545;OriginalHitTemplateId:920937340;","7200","172800","Tue May 19 16:38:11 PDT 2020","","","37TRT2X24QR10OBNEAVDMWAHKZBJB8","A1O1ADBQ6FU5WS","Submitted","Tue May 19 14:02:33 PDT 2020","Tue May 19 14:48:36 PDT 2020","Thu May 21 14:48:36 PDT 2020","","","","2763","0% (0/0)","0% (0/0)","0% (0/0)","wqkklqwreo0qb1rq4keb"
"3JYPJ2TAYI8LDWS7ONHSEYRW5P4FPZ","32KI9HN0SH8Q5EEER27HJI3DITGU1K","Reading a passage and responding to questions","You will read a short passage about a person, then answer questions related to the passage.","sentences, decisions, language","$0.40","Tue May 19 12:38:11 PDT 2020","352","BatchId:4044545;OriginalHitTemplateId:920937340;","7200","172800","Tue May 19 16:38:11 PDT 2020","","","37Z929RLG98UVDOU1QVCER7QLOHTSE","AJFO6Q9JBD48Q","Submitted","Tue May 19 12:41:25 PDT 2020","Tue May 19 12:48:26 PDT 2020","Thu May 21 12:48:26 PDT 2020","","","","421","0% (0/0)","0% (0/0)","0% (0/0)","7wy361fj7nb3pw6rer2s"
"3JYPJ2TAYI8LDWS7ONHSEYRW5P4FPZ","32KI9HN0SH8Q5EEER27HJI3DITGU1K","Reading a passage and responding to questions","You will read a short passage about a person, then answer questions related to the passage.","sentences, decisions, language","$0.40","Tue May 19 12:38:11 PDT 2020","352","BatchId:4044545;OriginalHitTemplateId:920937340;","7200","172800","Tue May 19 16:38:11 PDT 2020","","","386CSBG1OZMCGZY5D9YE8H0BJSLQ6B","A2YJR21L4362SI","Submitted","Tue May 19 12:38:37 PDT 2020","Tue May 19 12:43:12 PDT 2020","Thu May 21 12:43:12 PDT 2020","","","","275","0% (0/0)","0% (0/0)","0% (0/0)","zsrqb9racrx1po7dwp2h"
"3JYPJ2TAYI8LDWS7ONHSEYRW5P4FPZ","32KI9HN0SH8Q5EEER27HJI3DITGU1K","Reading a passage and responding to questions","You will read a short passage about a person, then answer questions related to the passage.","sentences, decisions, language","$0.40","Tue May 19 12:38:11 PDT 2020","352","BatchId:4044545;OriginalHitTemplateId:920937340;","7200","172800","Tue May 19 16:38:11 PDT 2020","","","39L1G8WVWQRP2CR69SA10DGJ1PS13M","A3G5OHKTO6O9RM","Submitted","Tue May 19 12:40:38 PDT 2020","Tue May 19 12:40:41 PDT 2020","Thu May 21 12:40:41 PDT 2020","","","","3","0% (0/0)","0% (0/0)","0% (0/0)","g9jl58xyoafxob4otq30"
"3JYPJ2TAYI8LDWS7ONHSEYRW5P4FPZ","32KI9HN0SH8Q5EEER27HJI3DITGU1K","Reading a passage and responding to questions","You will read a short passage about a person, then answer questions related to the passage.","sentences, decisions, language","$0.40","Tue May 19 12:38:11 PDT 2020","352","BatchId:4044545;OriginalHitTemplateId:920937340;","7200","172800","Tue May 19 16:38:11 PDT 2020","","","39PAAFCODM0AN55YVL0HPERXKSEVTO","A3PBF1TGMTWG9L","Submitted","Tue May 19 13:17:04 PDT 2020","Tue May 19 13:20:09 PDT 2020","Thu May 21 13:20:09 PDT 2020","","","","185","0% (0/0)","0% (0/0)","0% (0/0)","90ogvetyemo541g95ayo"
"3JYPJ2TAYI8LDWS7ONHSEYRW5P4FPZ","32KI9HN0SH8Q5EEER27HJI3DITGU1K","Reading a passage and responding to questions","You will read a short passage about a person, then answer questions related to the passage.","sentences, decisions, language","$0.40","Tue May 19 12:38:11 PDT 2020","352","BatchId:4044545;OriginalHitTemplateId:920937340;","7200","172800","Tue May 19 16:38:11 PDT 2020","","","39U1BHVTDLRQBW3FBBUB6JZET8J3TX","ATUCGR0S3K69G","Submitted","Tue May 19 12:42:07 PDT 2020","Tue May 19 13:40:17 PDT 2020","Thu May 21 13:40:17 PDT 2020","","","","3490","0% (0/0)","0% (0/0)","0% (0/0)","t4qzo0t4uwzow7cbl95d"
"3JYPJ2TAYI8LDWS7ONHSEYRW5P4FPZ","32KI9HN0SH8Q5EEER27HJI3DITGU1K","Reading a passage and responding to questions","You will read a short passage about a person, then answer questions related to the passage.","sentences, decisions, language","$0.40","Tue May 19 12:38:11 PDT 2020","352","BatchId:4044545;OriginalHitTemplateId:920937340;","7200","172800","Tue May 19 16:38:11 PDT 2020","","","3A7Y0R2P2OO8DREOJ6NVBT19328JXQ","A1V5WK1X3P0T6V","Submitted","Tue May 19 15:53:54 PDT 2020","Tue May 19 16:03:28 PDT 2020","Thu May 21 16:03:28 PDT 2020","","","","574","0% (0/0)","0% (0/0)","0% (0/0)","xe0dzmrc7zb61g4p71s8"
"3JYPJ2TAYI8LDWS7ONHSEYRW5P4FPZ","32KI9HN0SH8Q5EEER27HJI3DITGU1K","Reading a passage and responding to questions","You will read a short passage about a person, then answer questions related to the passage.","sentences, decisions, language","$0.40","Tue May 19 12:38:11 PDT 2020","352","BatchId:4044545;OriginalHitTemplateId:920937340;","7200","172800","Tue May 19 16:38:11 PDT 2020","","","3AAPLD8UCCH554AEQWJDAD0OCD1HTI","A2PK2JP60TTO7N","Submitted","Tue May 19 12:46:31 PDT 2020","Tue May 19 13:14:40 PDT 2020","Thu May 21 13:14:40 PDT 2020","","","","1689","0% (0/0)","0% (0/0)","0% (0/0)","nvnjcv2hta2ta7ml4fbl"
"3JYPJ2TAYI8LDWS7ONHSEYRW5P4FPZ","32KI9HN0SH8Q5EEER27HJI3DITGU1K","Reading a passage and responding to questions","You will read a short passage about a person, then answer questions related to the passage.","sentences, decisions, language","$0.40","Tue May 19 12:38:11 PDT 2020","352","BatchId:4044545;OriginalHitTemplateId:920937340;","7200","172800","Tue May 19 16:38:11 PDT 2020","","","3ATPCQ38J8AMC31UUWWK185ZEKSYAC","A8EG8PH2OMNF","Submitted","Tue May 19 12:40:48 PDT 2020","Tue May 19 12:47:22 PDT 2020","Thu May 21 12:47:22 PDT 2020","","","","394","0% (0/0)","0% (0/0)","0% (0/0)","vlq5lp9prlh0e206s52b"
"3JYPJ2TAYI8LDWS7ONHSEYRW5P4FPZ","32KI9HN0SH8Q5EEER27HJI3DITGU1K","Reading a passage and responding to questions","You will read a short passage about a person, then answer questions related to the passage.","sentences, decisions, language","$0.40","Tue May 19 12:38:11 PDT 2020","352","BatchId:4044545;OriginalHitTemplateId:920937340;","7200","172800","Tue May 19 16:38:11 PDT 2020","","","3ATTHHXXWAOCIGUI1O2VZSM9PM3IXU","AUS3O4CPGHYR5","Submitted","Tue May 19 12:40:22 PDT 2020","Tue May 19 12:42:37 PDT 2020","Thu May 21 12:42:37 PDT 2020","","","","135","0% (0/0)","0% (0/0)","0% (0/0)","qb1we2dwqlhx80243e20"
"3JYPJ2TAYI8LDWS7ONHSEYRW5P4FPZ","32KI9HN0SH8Q5EEER27HJI3DITGU1K","Reading a passage and responding to questions","You will read a short passage about a person, then answer questions related to the passage.","sentences, decisions, language","$0.40","Tue May 19 12:38:11 PDT 2020","352","BatchId:4044545;OriginalHitTemplateId:920937340;","7200","172800","Tue May 19 16:38:11 PDT 2020","","","3B2X28YI3WFPCTWGUR1ODS5CYTY6BW","A1CB6ZN8ZXJO2M","Submitted","Tue May 19 15:27:28 PDT 2020","Tue May 19 15:31:19 PDT 2020","Thu May 21 15:31:19 PDT 2020","","","","231","0% (0/0)","0% (0/0)","0% (0/0)","hbt8k2ewch7sbgh7h8nz"
"3JYPJ2TAYI8LDWS7ONHSEYRW5P4FPZ","32KI9HN0SH8Q5EEER27HJI3DITGU1K","Reading a passage and responding to questions","You will read a short passage about a person, then answer questions related to the passage.","sentences, decisions, language","$0.40","Tue May 19 12:38:11 PDT 2020","352","BatchId:4044545;OriginalHitTemplateId:920937340;","7200","172800","Tue May 19 16:38:11 PDT 2020","","","3BDCF01OGXU38MSYRNLAAMLA8WSYLV","A2EW7SKI7PQ2QG","Submitted","Tue May 19 12:57:00 PDT 2020","Tue May 19 13:05:18 PDT 2020","Thu May 21 13:05:18 PDT 2020","","","","498","0% (0/0)","0% (0/0)","0% (0/0)","83tzjh70u8k9cptvlqxl"
"3JYPJ2TAYI8LDWS7ONHSEYRW5P4FPZ","32KI9HN0SH8Q5EEER27HJI3DITGU1K","Reading a passage and responding to questions","You will read a short passage about a person, then answer questions related to the passage.","sentences, decisions, language","$0.40","Tue May 19 12:38:11 PDT 2020","352","BatchId:4044545;OriginalHitTemplateId:920937340;","7200","172800","Tue May 19 16:38:11 PDT 2020","","","3BWI6RSP7G96NWM5NS86KEBTW1O7EP","ABBHZO5O4SCPQ","Submitted","Tue May 19 13:57:38 PDT 2020","Tue May 19 14:05:07 PDT 2020","Thu May 21 14:05:07 PDT 2020","","","","449","0% (0/0)","0% (0/0)","0% (0/0)","2ho5sx3a8cmc7mehds5r"
"3JYPJ2TAYI8LDWS7ONHSEYRW5P4FPZ","32KI9HN0SH8Q5EEER27HJI3DITGU1K","Reading a passage and responding to questions","You will read a short passage about a person, then answer questions related to the passage.","sentences, decisions, language","$0.40","Tue May 19 12:38:11 PDT 2020","352","BatchId:4044545;OriginalHitTemplateId:920937340;","7200","172800","Tue May 19 16:38:11 PDT 2020","","","3BXQMRHWKZY6XVQEHYP07EUMCD6UMU","A24DSECWUBZC0Z","Submitted","Tue May 19 12:43:47 PDT 2020","Tue May 19 12:47:10 PDT 2020","Thu May 21 12:47:10 PDT 2020","","","","203","0% (0/0)","0% (0/0)","0% (0/0)","q3eeoh1cz9key2pumqy9"
"3JYPJ2TAYI8LDWS7ONHSEYRW5P4FPZ","32KI9HN0SH8Q5EEER27HJI3DITGU1K","Reading a passage and responding to questions","You will read a short passage about a person, then answer questions related to the passage.","sentences, decisions, language","$0.40","Tue May 19 12:38:11 PDT 2020","352","BatchId:4044545;OriginalHitTemplateId:920937340;","7200","172800","Tue May 19 16:38:11 PDT 2020","","","3C2NJ6JBKAH3V12CAFUUEAOUYCZN27","A4ZMSDAV8E8D1","Submitted","Tue May 19 13:12:34 PDT 2020","Tue May 19 13:18:54 PDT 2020","Thu May 21 13:18:54 PDT 2020","","","","380","0% (0/0)","0% (0/0)","0% (0/0)","2zkxalke4dbnzyzwws1w"
"3JYPJ2TAYI8LDWS7ONHSEYRW5P4FPZ","32KI9HN0SH8Q5EEER27HJI3DITGU1K","Reading a passage and responding to questions","You will read a short passage about a person, then answer questions related to the passage.","sentences, decisions, language","$0.40","Tue May 19 12:38:11 PDT 2020","352","BatchId:4044545;OriginalHitTemplateId:920937340;","7200","172800","Tue May 19 16:38:11 PDT 2020","","","3C8HJ7UOP7UNJUKONLO8O691EVNMZD","AMG800JQZGS2E","Submitted","Tue May 19 13:03:35 PDT 2020","Tue May 19 13:40:50 PDT 2020","Thu May 21 13:40:50 PDT 2020","","","","2235","0% (0/0)","0% (0/0)","0% (0/0)","c2fsxz468e9f466pjb8q"
"3JYPJ2TAYI8LDWS7ONHSEYRW5P4FPZ","32KI9HN0SH8Q5EEER27HJI3DITGU1K","Reading a passage and responding to questions","You will read a short passage about a person, then answer questions related to the passage.","sentences, decisions, language","$0.40","Tue May 19 12:38:11 PDT 2020","352","BatchId:4044545;OriginalHitTemplateId:920937340;","7200","172800","Tue May 19 16:38:11 PDT 2020","","","3DYGAII7PL8KQ5GAS5XNEHRSEXBQPH","A3BE7WH4RS23VA","Submitted","Tue May 19 12:39:43 PDT 2020","Tue May 19 12:45:56 PDT 2020","Thu May 21 12:45:56 PDT 2020","","","","373","0% (0/0)","0% (0/0)","0% (0/0)","4xegcxf3e2hvv08fckp7"
"3JYPJ2TAYI8LDWS7ONHSEYRW5P4FPZ","32KI9HN0SH8Q5EEER27HJI3DITGU1K","Reading a passage and responding to questions","You will read a short passage about a person, then answer questions related to the passage.","sentences, decisions, language","$0.40","Tue May 19 12:38:11 PDT 2020","352","BatchId:4044545;OriginalHitTemplateId:920937340;","7200","172800","Tue May 19 16:38:11 PDT 2020","","","3E13VNJ1NNV4SF9PUVHO4JI8L80I1H","AZT19Y8A0811M","Submitted","Tue May 19 15:08:28 PDT 2020","Tue May 19 15:12:57 PDT 2020","Thu May 21 15:12:57 PDT 2020","","","","269","0% (0/0)","0% (0/0)","0% (0/0)","eqsb8rkfq10wq8eunen1"
"3JYPJ2TAYI8LDWS7ONHSEYRW5P4FPZ","32KI9HN0SH8Q5EEER27HJI3DITGU1K","Reading a passage and responding to questions","You will read a short passage about a person, then answer questions related to the passage.","sentences, decisions, language","$0.40","Tue May 19 12:38:11 PDT 2020","352","BatchId:4044545;OriginalHitTemplateId:920937340;","7200","172800","Tue May 19 16:38:11 PDT 2020","","","3E47SOBEYQWOFIJNAS68LF1ZO4GCIN","AD2F4LH9MTYC2","Submitted","Tue May 19 12:47:26 PDT 2020","Tue May 19 12:51:07 PDT 2020","Thu May 21 12:51:07 PDT 2020","","","","221","0% (0/0)","0% (0/0)","0% (0/0)","1kfpzbrsesqhf08mxz5z"
"3JYPJ2TAYI8LDWS7ONHSEYRW5P4FPZ","32KI9HN0SH8Q5EEER27HJI3DITGU1K","Reading a passage and responding to questions","You will read a short passage about a person, then answer questions related to the passage.","sentences, decisions, language","$0.40","Tue May 19 12:38:11 PDT 2020","352","BatchId:4044545;OriginalHitTemplateId:920937340;","7200","172800","Tue May 19 16:38:11 PDT 2020","","","3E7TUJ2EGCM599WY6UV6SSKEQE69D2","A2FPCCVXZWHGZF","Submitted","Tue May 19 12:55:42 PDT 2020","Tue May 19 12:59:35 PDT 2020","Thu May 21 12:59:35 PDT 2020","","","","233","0% (0/0)","0% (0/0)","0% (0/0)","kx9614nsj2pweg67rvbb"
"3JYPJ2TAYI8LDWS7ONHSEYRW5P4FPZ","32KI9HN0SH8Q5EEER27HJI3DITGU1K","Reading a passage and responding to questions","You will read a short passage about a person, then answer questions related to the passage.","sentences, decisions, language","$0.40","Tue May 19 12:38:11 PDT 2020","352","BatchId:4044545;OriginalHitTemplateId:920937340;","7200","172800","Tue May 19 16:38:11 PDT 2020","","","3EF8EXOTT1V0NQTVCD2OGKX8XME1JY","ARGET66XU2CRA","Submitted","Tue May 19 12:42:04 PDT 2020","Tue May 19 12:45:21 PDT 2020","Thu May 21 12:45:21 PDT 2020","","","","197","0% (0/0)","0% (0/0)","0% (0/0)","s8frt0rm02sdmeaqa60p"
"3JYPJ2TAYI8LDWS7ONHSEYRW5P4FPZ","32KI9HN0SH8Q5EEER27HJI3DITGU1K","Reading a passage and responding to questions","You will read a short passage about a person, then answer questions related to the passage.","sentences, decisions, language","$0.40","Tue May 19 12:38:11 PDT 2020","352","BatchId:4044545;OriginalHitTemplateId:920937340;","7200","172800","Tue May 19 16:38:11 PDT 2020","","","3EFE17QCRC54Q4XZ1WEN0842AUOHSU","A2S65LTZV3PROT","Submitted","Tue May 19 13:03:00 PDT 2020","Tue May 19 13:06:09 PDT 2020","Thu May 21 13:06:09 PDT 2020","","","","189","0% (0/0)","0% (0/0)","0% (0/0)","jueweg6v6obqv9mq5uo5"
"3JYPJ2TAYI8LDWS7ONHSEYRW5P4FPZ","32KI9HN0SH8Q5EEER27HJI3DITGU1K","Reading a passage and responding to questions","You will read a short passage about a person, then answer questions related to the passage.","sentences, decisions, language","$0.40","Tue May 19 12:38:11 PDT 2020","352","BatchId:4044545;OriginalHitTemplateId:920937340;","7200","172800","Tue May 19 16:38:11 PDT 2020","","","3EG49X351UCWPWZHZNT62PW4HWLX6V","A1KT69RTBOUYMV","Submitted","Tue May 19 15:19:02 PDT 2020","Tue May 19 15:25:30 PDT 2020","Thu May 21 15:25:30 PDT 2020","","","","388","0% (0/0)","0% (0/0)","0% (0/0)","g7ez8xoa9thckqkb16br"
"3JYPJ2TAYI8LDWS7ONHSEYRW5P4FPZ","32KI9HN0SH8Q5EEER27HJI3DITGU1K","Reading a passage and responding to questions","You will read a short passage about a person, then answer questions related to the passage.","sentences, decisions, language","$0.40","Tue May 19 12:38:11 PDT 2020","352","BatchId:4044545;OriginalHitTemplateId:920937340;","7200","172800","Tue May 19 16:38:11 PDT 2020","","","3EG49X351UCWPWZHZNT62PW4HWQX60","A19QB9PIVEACNG","Submitted","Tue May 19 16:17:55 PDT 2020","Tue May 19 16:20:41 PDT 2020","Thu May 21 16:20:41 PDT 2020","","","","166","0% (0/0)","0% (0/0)","0% (0/0)","lkx7oaqa1r158m5tlh29"
"3JYPJ2TAYI8LDWS7ONHSEYRW5P4FPZ","32KI9HN0SH8Q5EEER27HJI3DITGU1K","Reading a passage and responding to questions","You will read a short passage about a person, then answer questions related to the passage.","sentences, decisions, language","$0.40","Tue May 19 12:38:11 PDT 2020","352","BatchId:4044545;OriginalHitTemplateId:920937340;","7200","172800","Tue May 19 16:38:11 PDT 2020","","","3EO896NRAWV1WA54EWMYMQG3P55JTP","A1T4W0RNUJQR99","Submitted","Tue May 19 12:44:59 PDT 2020","Tue May 19 12:47:33 PDT 2020","Thu May 21 12:47:33 PDT 2020","","","","154","0% (0/0)","0% (0/0)","0% (0/0)","ll78ph1ueyvv4a54xze6"
"3JYPJ2TAYI8LDWS7ONHSEYRW5P4FPZ","32KI9HN0SH8Q5EEER27HJI3DITGU1K","Reading a passage and responding to questions","You will read a short passage about a person, then answer questions related to the passage.","sentences, decisions, language","$0.40","Tue May 19 12:38:11 PDT 2020","352","BatchId:4044545;OriginalHitTemplateId:920937340;","7200","172800","Tue May 19 16:38:11 PDT 2020","","","3G0WWMR1UVKKNK4XCQKVASMXEIAQNL","AYO9K8VF5A11I","Submitted","Tue May 19 12:39:39 PDT 2020","Tue May 19 12:45:41 PDT 2020","Thu May 21 12:45:41 PDT 2020","","","","362","100% (1/1)","0% (0/0)","0% (0/0)","qadallh7r09aspw7poyj"
"3JYPJ2TAYI8LDWS7ONHSEYRW5P4FPZ","32KI9HN0SH8Q5EEER27HJI3DITGU1K","Reading a passage and responding to questions","You will read a short passage about a person, then answer questions related to the passage.","sentences, decisions, language","$0.40","Tue May 19 12:38:11 PDT 2020","352","BatchId:4044545;OriginalHitTemplateId:920937340;","7200","172800","Tue May 19 16:38:11 PDT 2020","","","3G0WWMR1UVKKNK4XCQKVASMXFJGNQR","AS2MFSWNC5CQI","Submitted","Tue May 19 13:51:13 PDT 2020","Tue May 19 13:57:08 PDT 2020","Thu May 21 13:57:08 PDT 2020","","","","355","0% (0/0)","0% (0/0)","0% (0/0)","hk8erbrunym8vvhs1m7n"
"3JYPJ2TAYI8LDWS7ONHSEYRW5P4FPZ","32KI9HN0SH8Q5EEER27HJI3DITGU1K","Reading a passage and responding to questions","You will read a short passage about a person, then answer questions related to the passage.","sentences, decisions, language","$0.40","Tue May 19 12:38:11 PDT 2020","352","BatchId:4044545;OriginalHitTemplateId:920937340;","7200","172800","Tue May 19 16:38:11 PDT 2020","","","3GLB5JMZFXVKOJJ6K01GK961URZGDY","A1EIVUU0RIGPFT","Submitted","Tue May 19 12:38:40 PDT 2020","Tue May 19 12:41:54 PDT 2020","Thu May 21 12:41:54 PDT 2020","","","","194","0% (0/0)","0% (0/0)","0% (0/0)","bets9untddw49u727dxr"
"3JYPJ2TAYI8LDWS7ONHSEYRW5P4FPZ","32KI9HN0SH8Q5EEER27HJI3DITGU1K","Reading a passage and responding to questions","You will read a short passage about a person, then answer questions related to the passage.","sentences, decisions, language","$0.40","Tue May 19 12:38:11 PDT 2020","352","BatchId:4044545;OriginalHitTemplateId:920937340;","7200","172800","Tue May 19 16:38:11 PDT 2020","","","3GM6G9ZBKNXRXIBPHTZQ2I8KU04MT3","A3LCO8WBGHAI4K","Submitted","Tue May 19 13:45:17 PDT 2020","Tue May 19 13:52:24 PDT 2020","Thu May 21 13:52:24 PDT 2020","","","","427","0% (0/0)","0% (0/0)","0% (0/0)","2lklghe8e3uv0hw9ng8d"
"3JYPJ2TAYI8LDWS7ONHSEYRW5P4FPZ","32KI9HN0SH8Q5EEER27HJI3DITGU1K","Reading a passage and responding to questions","You will read a short passage about a person, then answer questions related to the passage.","sentences, decisions, language","$0.40","Tue May 19 12:38:11 PDT 2020","352","BatchId:4044545;OriginalHitTemplateId:920937340;","7200","172800","Tue May 19 16:38:11 PDT 2020","","","3IFS6Q0HJIJ4MZ8J7EW80K5HB8GIS4","A9JZQLE5HFBX2","Submitted","Tue May 19 15:38:22 PDT 2020","Tue May 19 15:48:44 PDT 2020","Thu May 21 15:48:44 PDT 2020","","","","622","0% (0/0)","0% (0/0)","0% (0/0)","td9a5jyrvbkmdgadrwgh"
"3JYPJ2TAYI8LDWS7ONHSEYRW5P4FPZ","32KI9HN0SH8Q5EEER27HJI3DITGU1K","Reading a passage and responding to questions","You will read a short passage about a person, then answer questions related to the passage.","sentences, decisions, language","$0.40","Tue May 19 12:38:11 PDT 2020","352","BatchId:4044545;OriginalHitTemplateId:920937340;","7200","172800","Tue May 19 16:38:11 PDT 2020","","","3IO1LGZLK9X6AVY9RFHEMQFBPM386M","A2HOUF3XLW7WWD","Submitted","Tue May 19 13:25:50 PDT 2020","Tue May 19 13:35:32 PDT 2020","Thu May 21 13:35:32 PDT 2020","","","","582","0% (0/0)","0% (0/0)","0% (0/0)","emq5y83tajut4nlkmvqa"
"3JYPJ2TAYI8LDWS7ONHSEYRW5P4FPZ","32KI9HN0SH8Q5EEER27HJI3DITGU1K","Reading a passage and responding to questions","You will read a short passage about a person, then answer questions related to the passage.","sentences, decisions, language","$0.40","Tue May 19 12:38:11 PDT 2020","352","BatchId:4044545;OriginalHitTemplateId:920937340;","7200","172800","Tue May 19 16:38:11 PDT 2020","","","3JRJSWSMQHLOMDLILG5G7XZDRZ8E3X","A2B1YSMEHN1G2K","Submitted","Tue May 19 15:14:34 PDT 2020","Tue May 19 15:16:32 PDT 2020","Thu May 21 15:16:32 PDT 2020","","","","118","100% (1/1)","0% (0/0)","0% (0/0)","y124ayebuux6vll79b7c"
"3JYPJ2TAYI8LDWS7ONHSEYRW5P4FPZ","32KI9HN0SH8Q5EEER27HJI3DITGU1K","Reading a passage and responding to questions","You will read a short passage about a person, then answer questions related to the passage.","sentences, decisions, language","$0.40","Tue May 19 12:38:11 PDT 2020","352","BatchId:4044545;OriginalHitTemplateId:920937340;","7200","172800","Tue May 19 16:38:11 PDT 2020","","","3JWH6J9I9SDXJE28T8N5F3RYTJJNBJ","A1POXN67UONZJV","Submitted","Tue May 19 14:43:03 PDT 2020","Tue May 19 14:48:01 PDT 2020","Thu May 21 14:48:01 PDT 2020","","","","298","0% (0/0)","0% (0/0)","0% (0/0)","zqy3ayzcjnaustavopjf"
"3JYPJ2TAYI8LDWS7ONHSEYRW5P4FPZ","32KI9HN0SH8Q5EEER27HJI3DITGU1K","Reading a passage and responding to questions","You will read a short passage about a person, then answer questions related to the passage.","sentences, decisions, language","$0.40","Tue May 19 12:38:11 PDT 2020","352","BatchId:4044545;OriginalHitTemplateId:920937340;","7200","172800","Tue May 19 16:38:11 PDT 2020","","","3K772S5NP8B3GLSH01UIBR0NA4WEHA","A26W14M2UUGGAX","Submitted","Tue May 19 16:24:46 PDT 2020","Tue May 19 16:32:06 PDT 2020","Thu May 21 16:32:06 PDT 2020","","","","440","0% (0/0)","0% (0/0)","0% (0/0)","tvbwlyvbme6lepwdn8rb"
"3JYPJ2TAYI8LDWS7ONHSEYRW5P4FPZ","32KI9HN0SH8Q5EEER27HJI3DITGU1K","Reading a passage and responding to questions","You will read a short passage about a person, then answer questions related to the passage.","sentences, decisions, language","$0.40","Tue May 19 12:38:11 PDT 2020","352","BatchId:4044545;OriginalHitTemplateId:920937340;","7200","172800","Tue May 19 16:38:11 PDT 2020","","","3K9FOBBF2HJ9WNOKKLCZT6N35D5NLE","A3QLCGZ2QLXAYU","Submitted","Tue May 19 16:17:24 PDT 2020","Tue May 19 16:21:55 PDT 2020","Thu May 21 16:21:55 PDT 2020","","","","271","0% (0/0)","0% (0/0)","0% (0/0)","aulk8qldax5andhyq11k"
"3JYPJ2TAYI8LDWS7ONHSEYRW5P4FPZ","32KI9HN0SH8Q5EEER27HJI3DITGU1K","Reading a passage and responding to questions","You will read a short passage about a person, then answer questions related to the passage.","sentences, decisions, language","$0.40","Tue May 19 12:38:11 PDT 2020","352","BatchId:4044545;OriginalHitTemplateId:920937340;","7200","172800","Tue May 19 16:38:11 PDT 2020","","","3KGTPGBS6XLGQRML7G6GS5GO790U2H","ADTIO3A6TM9CG","Submitted","Tue May 19 14:54:06 PDT 2020","Tue May 19 16:28:13 PDT 2020","Thu May 21 16:28:13 PDT 2020","","","","5647","0% (0/0)","0% (0/0)","0% (0/0)","wgma1do7fa49nsrd5z1o"
"3JYPJ2TAYI8LDWS7ONHSEYRW5P4FPZ","32KI9HN0SH8Q5EEER27HJI3DITGU1K","Reading a passage and responding to questions","You will read a short passage about a person, then answer questions related to the passage.","sentences, decisions, language","$0.40","Tue May 19 12:38:11 PDT 2020","352","BatchId:4044545;OriginalHitTemplateId:920937340;","7200","172800","Tue May 19 16:38:11 PDT 2020","","","3KWTYT0870356YIEGLGDZPNHDRNL51","A30A22ZXDDO75R","Submitted","Tue May 19 12:39:03 PDT 2020","Tue May 19 12:59:44 PDT 2020","Thu May 21 12:59:44 PDT 2020","","","","1241","0% (0/0)","0% (0/0)","0% (0/0)","9q9ydalzxz1ln48068zt"
"3JYPJ2TAYI8LDWS7ONHSEYRW5P4FPZ","32KI9HN0SH8Q5EEER27HJI3DITGU1K","Reading a passage and responding to questions","You will read a short passage about a person, then answer questions related to the passage.","sentences, decisions, language","$0.40","Tue May 19 12:38:11 PDT 2020","352","BatchId:4044545;OriginalHitTemplateId:920937340;","7200","172800","Tue May 19 16:38:11 PDT 2020","","","3L0KT67Y8EGQCZNOBWIBM8Z50QZSY2","A1TL839GWIGH4V","Submitted","Tue May 19 12:40:18 PDT 2020","Tue May 19 12:48:43 PDT 2020","Thu May 21 12:48:43 PDT 2020","","","","505","0% (0/0)","0% (0/0)","0% (0/0)","tnn1m7k6bbj7hrcwqf2o"
"3JYPJ2TAYI8LDWS7ONHSEYRW5P4FPZ","32KI9HN0SH8Q5EEER27HJI3DITGU1K","Reading a passage and responding to questions","You will read a short passage about a person, then answer questions related to the passage.","sentences, decisions, language","$0.40","Tue May 19 12:38:11 PDT 2020","352","BatchId:4044545;OriginalHitTemplateId:920937340;","7200","172800","Tue May 19 16:38:11 PDT 2020","","","3L2IS5HSFAICFDBETZ40KTJMI4XNU7","A3DJI82SPV1HMH","Submitted","Tue May 19 16:08:42 PDT 2020","Tue May 19 16:14:11 PDT 2020","Thu May 21 16:14:11 PDT 2020","","","","329","0% (0/0)","0% (0/0)","0% (0/0)","2rd89evcnkbem61w6gre"
"3JYPJ2TAYI8LDWS7ONHSEYRW5P4FPZ","32KI9HN0SH8Q5EEER27HJI3DITGU1K","Reading a passage and responding to questions","You will read a short passage about a person, then answer questions related to the passage.","sentences, decisions, language","$0.40","Tue May 19 12:38:11 PDT 2020","352","BatchId:4044545;OriginalHitTemplateId:920937340;","7200","172800","Tue May 19 16:38:11 PDT 2020","","","3L4PIM1GQTGEBKNBW7I6WYU9EOGYRK","AGKRR5258FQRU","Submitted","Tue May 19 12:42:46 PDT 2020","Tue May 19 12:48:28 PDT 2020","Thu May 21 12:48:28 PDT 2020","","","","342","0% (0/0)","0% (0/0)","0% (0/0)","kf86p1b8gvb3vkvnp2q8"
"3JYPJ2TAYI8LDWS7ONHSEYRW5P4FPZ","32KI9HN0SH8Q5EEER27HJI3DITGU1K","Reading a passage and responding to questions","You will read a short passage about a person, then answer questions related to the passage.","sentences, decisions, language","$0.40","Tue May 19 12:38:11 PDT 2020","352","BatchId:4044545;OriginalHitTemplateId:920937340;","7200","172800","Tue May 19 16:38:11 PDT 2020","","","3L70J4KAZGMJES63Y096ONVYWWODAL","A8ME5JUVT4FSG","Submitted","Tue May 19 13:02:26 PDT 2020","Tue May 19 13:07:00 PDT 2020","Thu May 21 13:07:00 PDT 2020","","","","274","0% (0/0)","0% (0/0)","0% (0/0)","brdro1pypb94u2xb2123"
"3JYPJ2TAYI8LDWS7ONHSEYRW5P4FPZ","32KI9HN0SH8Q5EEER27HJI3DITGU1K","Reading a passage and responding to questions","You will read a short passage about a person, then answer questions related to the passage.","sentences, decisions, language","$0.40","Tue May 19 12:38:11 PDT 2020","352","BatchId:4044545;OriginalHitTemplateId:920937340;","7200","172800","Tue May 19 16:38:11 PDT 2020","","","3L70J4KAZGMJES63Y096ONVYXX1ADY","A3KNVVL06ERPOP","Submitted","Tue May 19 15:33:04 PDT 2020","Tue May 19 15:39:21 PDT 2020","Thu May 21 15:39:21 PDT 2020","","","","377","0% (0/0)","0% (0/0)","0% (0/0)","xjsmxgkn0qsya5opakwq"
"3JYPJ2TAYI8LDWS7ONHSEYRW5P4FPZ","32KI9HN0SH8Q5EEER27HJI3DITGU1K","Reading a passage and responding to questions","You will read a short passage about a person, then answer questions related to the passage.","sentences, decisions, language","$0.40","Tue May 19 12:38:11 PDT 2020","352","BatchId:4044545;OriginalHitTemplateId:920937340;","7200","172800","Tue May 19 16:38:11 PDT 2020","","","3LO69W1SU3D3MV7YXHZ43ME6301GLE","A32V950LR7ZXN1","Submitted","Tue May 19 12:39:06 PDT 2020","Tue May 19 12:41:45 PDT 2020","Thu May 21 12:41:45 PDT 2020","","","","159","0% (0/0)","0% (0/0)","0% (0/0)","snx77beuc342scta73p7"
"3JYPJ2TAYI8LDWS7ONHSEYRW5P4FPZ","32KI9HN0SH8Q5EEER27HJI3DITGU1K","Reading a passage and responding to questions","You will read a short passage about a person, then answer questions related to the passage.","sentences, decisions, language","$0.40","Tue May 19 12:38:11 PDT 2020","352","BatchId:4044545;OriginalHitTemplateId:920937340;","7200","172800","Tue May 19 16:38:11 PDT 2020","","","3LYA37P8IQNWB8H5WVVPNBAUZONBKB","A199ECPSCLODO6","Submitted","Tue May 19 16:24:35 PDT 2020","Tue May 19 16:29:16 PDT 2020","Thu May 21 16:29:16 PDT 2020","","","","281","0% (0/0)","0% (0/0)","0% (0/0)","ghmy64r1bdbkueoxkz1l"
"3JYPJ2TAYI8LDWS7ONHSEYRW5P4FPZ","32KI9HN0SH8Q5EEER27HJI3DITGU1K","Reading a passage and responding to questions","You will read a short passage about a person, then answer questions related to the passage.","sentences, decisions, language","$0.40","Tue May 19 12:38:11 PDT 2020","352","BatchId:4044545;OriginalHitTemplateId:920937340;","7200","172800","Tue May 19 16:38:11 PDT 2020","","","3MX2NQ3YC9U06SZ3U4J1AJI4K00X52","A3B8CHEB2ZS31K","Submitted","Tue May 19 13:21:17 PDT 2020","Tue May 19 13:25:42 PDT 2020","Thu May 21 13:25:42 PDT 2020","","","","265","0% (0/0)","0% (0/0)","0% (0/0)","tqxu327byowcr093v6k8"
"3JYPJ2TAYI8LDWS7ONHSEYRW5P4FPZ","32KI9HN0SH8Q5EEER27HJI3DITGU1K","Reading a passage and responding to questions","You will read a short passage about a person, then answer questions related to the passage.","sentences, decisions, language","$0.40","Tue May 19 12:38:11 PDT 2020","352","BatchId:4044545;OriginalHitTemplateId:920937340;","7200","172800","Tue May 19 16:38:11 PDT 2020","","","3NAPMVF0ZWFESGAPU8D5ID24ZY027K","A2RH1UQSCEC0OD","Submitted","Tue May 19 14:20:21 PDT 2020","Tue May 19 14:24:34 PDT 2020","Thu May 21 14:24:34 PDT 2020","","","","253","0% (0/0)","0% (0/0)","0% (0/0)","falcp72o3kfp04f39suq"
"3JYPJ2TAYI8LDWS7ONHSEYRW5P4FPZ","32KI9HN0SH8Q5EEER27HJI3DITGU1K","Reading a passage and responding to questions","You will read a short passage about a person, then answer questions related to the passage.","sentences, decisions, language","$0.40","Tue May 19 12:38:11 PDT 2020","352","BatchId:4044545;OriginalHitTemplateId:920937340;","7200","172800","Tue May 19 16:38:11 PDT 2020","","","3NXNZ5RS1AXPS0VOFHSKS0AI54797G","A3SKR31TXZ9GSR","Submitted","Tue May 19 13:45:27 PDT 2020","Tue May 19 13:51:03 PDT 2020","Thu May 21 13:51:03 PDT 2020","","","","336","0% (0/0)","0% (0/0)","0% (0/0)","d7l2r9wnyzag6n9yjhms"
"3JYPJ2TAYI8LDWS7ONHSEYRW5P4FPZ","32KI9HN0SH8Q5EEER27HJI3DITGU1K","Reading a passage and responding to questions","You will read a short passage about a person, then answer questions related to the passage.","sentences, decisions, language","$0.40","Tue May 19 12:38:11 PDT 2020","352","BatchId:4044545;OriginalHitTemplateId:920937340;","7200","172800","Tue May 19 16:38:11 PDT 2020","","","3O6CYIULED1227KSL0VNGCWDBGUUWY","A2CLSASUR08Z0O","Submitted","Tue May 19 14:45:11 PDT 2020","Tue May 19 14:48:50 PDT 2020","Thu May 21 14:48:50 PDT 2020","","","","219","0% (0/0)","0% (0/0)","0% (0/0)","vpqpgynmtewkumhfjk1h"
"3JYPJ2TAYI8LDWS7ONHSEYRW5P4FPZ","32KI9HN0SH8Q5EEER27HJI3DITGU1K","Reading a passage and responding to questions","You will read a short passage about a person, then answer questions related to the passage.","sentences, decisions, language","$0.40","Tue May 19 12:38:11 PDT 2020","352","BatchId:4044545;OriginalHitTemplateId:920937340;","7200","172800","Tue May 19 16:38:11 PDT 2020","","","3O7L7BFSHEP3CG316JC3B3129GVEIK","A28QLR9ZDK7TVN","Submitted","Tue May 19 13:11:10 PDT 2020","Tue May 19 14:32:01 PDT 2020","Thu May 21 14:32:01 PDT 2020","","","","4851","0% (0/0)","0% (0/0)","0% (0/0)","lqmuyave6mepb3xu0768"
"3JYPJ2TAYI8LDWS7ONHSEYRW5P4FPZ","32KI9HN0SH8Q5EEER27HJI3DITGU1K","Reading a passage and responding to questions","You will read a short passage about a person, then answer questions related to the passage.","sentences, decisions, language","$0.40","Tue May 19 12:38:11 PDT 2020","352","BatchId:4044545;OriginalHitTemplateId:920937340;","7200","172800","Tue May 19 16:38:11 PDT 2020","","","3OB0CAO74HP1MQ98026CIUS3RFIYHN","A8S744ESOB89J","Submitted","Tue May 19 12:41:46 PDT 2020","Tue May 19 12:43:37 PDT 2020","Thu May 21 12:43:37 PDT 2020","","","","111","0% (0/0)","0% (0/0)","0% (0/0)","t45cxlqnq61dln5xmcgc"
"3JYPJ2TAYI8LDWS7ONHSEYRW5P4FPZ","32KI9HN0SH8Q5EEER27HJI3DITGU1K","Reading a passage and responding to questions","You will read a short passage about a person, then answer questions related to the passage.","sentences, decisions, language","$0.40","Tue May 19 12:38:11 PDT 2020","352","BatchId:4044545;OriginalHitTemplateId:920937340;","7200","172800","Tue May 19 16:38:11 PDT 2020","","","3OONKJ5DKCJF1Z2KUNNIUSR3JTWOB7","A2MJUQS785GTGZ","Submitted","Tue May 19 16:20:03 PDT 2020","Tue May 19 16:25:40 PDT 2020","Thu May 21 16:25:40 PDT 2020","","","","337","0% (0/0)","0% (0/0)","0% (0/0)","m1wzz25m5k1a920xbqk7"
"3JYPJ2TAYI8LDWS7ONHSEYRW5P4FPZ","32KI9HN0SH8Q5EEER27HJI3DITGU1K","Reading a passage and responding to questions","You will read a short passage about a person, then answer questions related to the passage.","sentences, decisions, language","$0.40","Tue May 19 12:38:11 PDT 2020","352","BatchId:4044545;OriginalHitTemplateId:920937340;","7200","172800","Tue May 19 16:38:11 PDT 2020","","","3OUYGIZWR7YW2CBBB738ZB0A1TDP0I","A1DNC2UKP1IMP1","Submitted","Tue May 19 12:42:36 PDT 2020","Tue May 19 12:48:44 PDT 2020","Thu May 21 12:48:44 PDT 2020","","","","368","0% (0/0)","0% (0/0)","0% (0/0)","2vjk4em0ahebfou0tygd"
"3JYPJ2TAYI8LDWS7ONHSEYRW5P4FPZ","32KI9HN0SH8Q5EEER27HJI3DITGU1K","Reading a passage and responding to questions","You will read a short passage about a person, then answer questions related to the passage.","sentences, decisions, language","$0.40","Tue May 19 12:38:11 PDT 2020","352","BatchId:4044545;OriginalHitTemplateId:920937340;","7200","172800","Tue May 19 16:38:11 PDT 2020","","","3OWEPKL089CAH2ZIGRBPA152ATT7NI","A2RYO6QPTPBHC5","Submitted","Tue May 19 14:44:58 PDT 2020","Tue May 19 14:54:52 PDT 2020","Thu May 21 14:54:52 PDT 2020","","","","594","0% (0/0)","0% (0/0)","0% (0/0)","rlr03cys1huk3qwmz70r"
"3JYPJ2TAYI8LDWS7ONHSEYRW5P4FPZ","32KI9HN0SH8Q5EEER27HJI3DITGU1K","Reading a passage and responding to questions","You will read a short passage about a person, then answer questions related to the passage.","sentences, decisions, language","$0.40","Tue May 19 12:38:11 PDT 2020","352","BatchId:4044545;OriginalHitTemplateId:920937340;","7200","172800","Tue May 19 16:38:11 PDT 2020","","","3PDJHANYK5GZ36Z2UJBKZ38AS5Q6HW","A2AUFOPKR5W8YZ","Submitted","Tue May 19 12:44:18 PDT 2020","Tue May 19 12:47:23 PDT 2020","Thu May 21 12:47:23 PDT 2020","","","","185","0% (0/0)","0% (0/0)","0% (0/0)","vk33gw9898e7e7m3qp3d"
"3JYPJ2TAYI8LDWS7ONHSEYRW5P4FPZ","32KI9HN0SH8Q5EEER27HJI3DITGU1K","Reading a passage and responding to questions","You will read a short passage about a person, then answer questions related to the passage.","sentences, decisions, language","$0.40","Tue May 19 12:38:11 PDT 2020","352","BatchId:4044545;OriginalHitTemplateId:920937340;","7200","172800","Tue May 19 16:38:11 PDT 2020","","","3PJ71Z61R42BHEGMQ1BBRQJ52ID91P","A2AEOKSD4FN2FT","Submitted","Tue May 19 15:04:14 PDT 2020","Tue May 19 15:13:21 PDT 2020","Thu May 21 15:13:21 PDT 2020","","","","547","0% (0/0)","0% (0/0)","0% (0/0)","f3yrdhhs3ol1xh1px862"
"3JYPJ2TAYI8LDWS7ONHSEYRW5P4FPZ","32KI9HN0SH8Q5EEER27HJI3DITGU1K","Reading a passage and responding to questions","You will read a short passage about a person, then answer questions related to the passage.","sentences, decisions, language","$0.40","Tue May 19 12:38:11 PDT 2020","352","BatchId:4044545;OriginalHitTemplateId:920937340;","7200","172800","Tue May 19 16:38:11 PDT 2020","","","3PMBY0YE273V4HQK6Y0V8M2W5ETC94","A2QAQ5GMC9AAN2","Submitted","Tue May 19 12:46:02 PDT 2020","Tue May 19 12:52:08 PDT 2020","Thu May 21 12:52:08 PDT 2020","","","","366","0% (0/0)","0% (0/0)","0% (0/0)","nrecnk2epquz7hq8830l"
"3JYPJ2TAYI8LDWS7ONHSEYRW5P4FPZ","32KI9HN0SH8Q5EEER27HJI3DITGU1K","Reading a passage and responding to questions","You will read a short passage about a person, then answer questions related to the passage.","sentences, decisions, language","$0.40","Tue May 19 12:38:11 PDT 2020","352","BatchId:4044545;OriginalHitTemplateId:920937340;","7200","172800","Tue May 19 16:38:11 PDT 2020","","","3PPTZCWALQKE49IGFEVP5FT6OWKZQD","A11T2HC9LDKX3S","Submitted","Tue May 19 13:09:56 PDT 2020","Tue May 19 13:27:37 PDT 2020","Thu May 21 13:27:37 PDT 2020","","","","1061","0% (0/0)","0% (0/0)","0% (0/0)","edbexq5gs8ypltvma26n"
"3JYPJ2TAYI8LDWS7ONHSEYRW5P4FPZ","32KI9HN0SH8Q5EEER27HJI3DITGU1K","Reading a passage and responding to questions","You will read a short passage about a person, then answer questions related to the passage.","sentences, decisions, language","$0.40","Tue May 19 12:38:11 PDT 2020","352","BatchId:4044545;OriginalHitTemplateId:920937340;","7200","172800","Tue May 19 16:38:11 PDT 2020","","","3PWWM24LHSYISUF84D5BWDYZ9H1825","AYXR26L3MIPB0","Submitted","Tue May 19 13:25:27 PDT 2020","Tue May 19 13:31:44 PDT 2020","Thu May 21 13:31:44 PDT 2020","","","","377","0% (0/0)","0% (0/0)","0% (0/0)","xsylr47r1gupszwhau7o"
"3JYPJ2TAYI8LDWS7ONHSEYRW5P4FPZ","32KI9HN0SH8Q5EEER27HJI3DITGU1K","Reading a passage and responding to questions","You will read a short passage about a person, then answer questions related to the passage.","sentences, decisions, language","$0.40","Tue May 19 12:38:11 PDT 2020","352","BatchId:4044545;OriginalHitTemplateId:920937340;","7200","172800","Tue May 19 16:38:11 PDT 2020","","","3PZDLQMM0TLK4X5LLPLGYZUIZ8JC2C","APEE4S9XXSMGC","Submitted","Tue May 19 12:46:44 PDT 2020","Tue May 19 12:54:43 PDT 2020","Thu May 21 12:54:43 PDT 2020","","","","479","0% (0/0)","0% (0/0)","0% (0/0)","ft2mcvd7hbbkc1nlvt52"
"3JYPJ2TAYI8LDWS7ONHSEYRW5P4FPZ","32KI9HN0SH8Q5EEER27HJI3DITGU1K","Reading a passage and responding to questions","You will read a short passage about a person, then answer questions related to the passage.","sentences, decisions, language","$0.40","Tue May 19 12:38:11 PDT 2020","352","BatchId:4044545;OriginalHitTemplateId:920937340;","7200","172800","Tue May 19 16:38:11 PDT 2020","","","3PZDLQMM0TLK4X5LLPLGYZUIZ8L2C4","A2H1D8VRM4NI6M","Submitted","Tue May 19 13:09:36 PDT 2020","Tue May 19 13:21:58 PDT 2020","Thu May 21 13:21:58 PDT 2020","","","","742","0% (0/0)","0% (0/0)","0% (0/0)","73pkryce9cz87aztt2xg"
"3JYPJ2TAYI8LDWS7ONHSEYRW5P4FPZ","32KI9HN0SH8Q5EEER27HJI3DITGU1K","Reading a passage and responding to questions","You will read a short passage about a person, then answer questions related to the passage.","sentences, decisions, language","$0.40","Tue May 19 12:38:11 PDT 2020","352","BatchId:4044545;OriginalHitTemplateId:920937340;","7200","172800","Tue May 19 16:38:11 PDT 2020","","","3QJOXOW4XJRP8ZTSRYAV3W8JRQKMEG","A23LDUAOAOR2AS","Submitted","Tue May 19 14:17:28 PDT 2020","Tue May 19 14:20:49 PDT 2020","Thu May 21 14:20:49 PDT 2020","","","","201","0% (0/0)","0% (0/0)","0% (0/0)","ovjw5kj30axxsnyzfdpx"
"3JYPJ2TAYI8LDWS7ONHSEYRW5P4FPZ","32KI9HN0SH8Q5EEER27HJI3DITGU1K","Reading a passage and responding to questions","You will read a short passage about a person, then answer questions related to the passage.","sentences, decisions, language","$0.40","Tue May 19 12:38:11 PDT 2020","352","BatchId:4044545;OriginalHitTemplateId:920937340;","7200","172800","Tue May 19 16:38:11 PDT 2020","","","3QUO65DNQUOUXYBQUE4DZIJR7DLUO9","ANL7AD7TLYJLI","Submitted","Tue May 19 12:44:01 PDT 2020","Tue May 19 12:48:34 PDT 2020","Thu May 21 12:48:34 PDT 2020","","","","273","0% (0/0)","0% (0/0)","0% (0/0)","uqahj00luc2g7f3rtvwk"
"3JYPJ2TAYI8LDWS7ONHSEYRW5P4FPZ","32KI9HN0SH8Q5EEER27HJI3DITGU1K","Reading a passage and responding to questions","You will read a short passage about a person, then answer questions related to the passage.","sentences, decisions, language","$0.40","Tue May 19 12:38:11 PDT 2020","352","BatchId:4044545;OriginalHitTemplateId:920937340;","7200","172800","Tue May 19 16:38:11 PDT 2020","","","3QUO65DNQUOUXYBQUE4DZIJR7DOUOC","A11UQNKZGY2RN1","Submitted","Tue May 19 13:22:29 PDT 2020","Tue May 19 13:29:23 PDT 2020","Thu May 21 13:29:23 PDT 2020","","","","414","0% (0/0)","0% (0/0)","0% (0/0)","xg8rvstapob363j6g0of"
"3JYPJ2TAYI8LDWS7ONHSEYRW5P4FPZ","32KI9HN0SH8Q5EEER27HJI3DITGU1K","Reading a passage and responding to questions","You will read a short passage about a person, then answer questions related to the passage.","sentences, decisions, language","$0.40","Tue May 19 12:38:11 PDT 2020","352","BatchId:4044545;OriginalHitTemplateId:920937340;","7200","172800","Tue May 19 16:38:11 PDT 2020","","","3QXNC7EIPIVBAPV4UI7BDL0VXQD90S","A2LPPDSQEPDQ5P","Submitted","Tue May 19 16:12:11 PDT 2020","Tue May 19 16:20:16 PDT 2020","Thu May 21 16:20:16 PDT 2020","","","","485","0% (0/0)","0% (0/0)","0% (0/0)","u0rzu6jcz0qqhweej0qn"
"3JYPJ2TAYI8LDWS7ONHSEYRW5P4FPZ","32KI9HN0SH8Q5EEER27HJI3DITGU1K","Reading a passage and responding to questions","You will read a short passage about a person, then answer questions related to the passage.","sentences, decisions, language","$0.40","Tue May 19 12:38:11 PDT 2020","352","BatchId:4044545;OriginalHitTemplateId:920937340;","7200","172800","Tue May 19 16:38:11 PDT 2020","","","3R08VXYT7CV04W8W8S2C6KIT24MW7K","AHOAVGSI4TG30","Submitted","Tue May 19 12:40:20 PDT 2020","Tue May 19 12:44:23 PDT 2020","Thu May 21 12:44:23 PDT 2020","","","","243","0% (0/0)","0% (0/0)","0% (0/0)","xw69xr0koxhdlelbhnfm"
"3JYPJ2TAYI8LDWS7ONHSEYRW5P4FPZ","32KI9HN0SH8Q5EEER27HJI3DITGU1K","Reading a passage and responding to questions","You will read a short passage about a person, then answer questions related to the passage.","sentences, decisions, language","$0.40","Tue May 19 12:38:11 PDT 2020","352","BatchId:4044545;OriginalHitTemplateId:920937340;","7200","172800","Tue May 19 16:38:11 PDT 2020","","","3R5F3LQFV2KBJX50013LGAY6AW5OZ0","A1N12JHHZ181M0","Submitted","Tue May 19 13:43:13 PDT 2020","Tue May 19 13:47:49 PDT 2020","Thu May 21 13:47:49 PDT 2020","","","","276","0% (0/0)","0% (0/0)","0% (0/0)","8od4own1h1qhb5hqzt95"
"3JYPJ2TAYI8LDWS7ONHSEYRW5P4FPZ","32KI9HN0SH8Q5EEER27HJI3DITGU1K","Reading a passage and responding to questions","You will read a short passage about a person, then answer questions related to the passage.","sentences, decisions, language","$0.40","Tue May 19 12:38:11 PDT 2020","352","BatchId:4044545;OriginalHitTemplateId:920937340;","7200","172800","Tue May 19 16:38:11 PDT 2020","","","3S06PH7KSR4NK4T32HGDDM2VS2H1DK","A2WYUG5PTNXZNT","Submitted","Tue May 19 12:41:30 PDT 2020","Tue May 19 12:45:20 PDT 2020","Thu May 21 12:45:20 PDT 2020","","","","230","0% (0/0)","0% (0/0)","0% (0/0)","we1dszu85ny66htw7cna"
"3JYPJ2TAYI8LDWS7ONHSEYRW5P4FPZ","32KI9HN0SH8Q5EEER27HJI3DITGU1K","Reading a passage and responding to questions","You will read a short passage about a person, then answer questions related to the passage.","sentences, decisions, language","$0.40","Tue May 19 12:38:11 PDT 2020","352","BatchId:4044545;OriginalHitTemplateId:920937340;","7200","172800","Tue May 19 16:38:11 PDT 2020","","","3S3AMIZX3U577731IE5XUILMX0DDCU","AAC9DJ81ZXUE7","Submitted","Tue May 19 13:49:33 PDT 2020","Tue May 19 13:55:53 PDT 2020","Thu May 21 13:55:53 PDT 2020","","","","380","0% (0/0)","0% (0/0)","0% (0/0)","l5sepo9y1595ld71spfr"
"3JYPJ2TAYI8LDWS7ONHSEYRW5P4FPZ","32KI9HN0SH8Q5EEER27HJI3DITGU1K","Reading a passage and responding to questions","You will read a short passage about a person, then answer questions related to the passage.","sentences, decisions, language","$0.40","Tue May 19 12:38:11 PDT 2020","352","BatchId:4044545;OriginalHitTemplateId:920937340;","7200","172800","Tue May 19 16:38:11 PDT 2020","","","3SB4CE2TJVVXCYBKP0AIIUYQCE1XA8","A23Q978GYHTPD3","Submitted","Tue May 19 13:21:46 PDT 2020","Tue May 19 13:27:46 PDT 2020","Thu May 21 13:27:46 PDT 2020","","","","360","0% (0/0)","0% (0/0)","0% (0/0)","vs0qn3t9ak3wp9xe26vw"
"3JYPJ2TAYI8LDWS7ONHSEYRW5P4FPZ","32KI9HN0SH8Q5EEER27HJI3DITGU1K","Reading a passage and responding to questions","You will read a short passage about a person, then answer questions related to the passage.","sentences, decisions, language","$0.40","Tue May 19 12:38:11 PDT 2020","352","BatchId:4044545;OriginalHitTemplateId:920937340;","7200","172800","Tue May 19 16:38:11 PDT 2020","","","3SPJ0334213XDW4YO29XU78I585JYZ","ABGQ9MLWYOESO","Submitted","Tue May 19 16:29:03 PDT 2020","Tue May 19 16:46:06 PDT 2020","Thu May 21 16:46:06 PDT 2020","","","","1023","0% (0/0)","0% (0/0)","0% (0/0)","3ry9lyz46c38nsg4bc4f"
"3JYPJ2TAYI8LDWS7ONHSEYRW5P4FPZ","32KI9HN0SH8Q5EEER27HJI3DITGU1K","Reading a passage and responding to questions","You will read a short passage about a person, then answer questions related to the passage.","sentences, decisions, language","$0.40","Tue May 19 12:38:11 PDT 2020","352","BatchId:4044545;OriginalHitTemplateId:920937340;","7200","172800","Tue May 19 16:38:11 PDT 2020","","","3TMSXRD2X60MTATUJCL35ARG0JSW1W","A3T8THFPERMABH","Submitted","Tue May 19 13:51:59 PDT 2020","Tue May 19 13:57:48 PDT 2020","Thu May 21 13:57:48 PDT 2020","","","","349","0% (0/0)","0% (0/0)","0% (0/0)","fpym8nyog2jqcwztffoe"
"3JYPJ2TAYI8LDWS7ONHSEYRW5P4FPZ","32KI9HN0SH8Q5EEER27HJI3DITGU1K","Reading a passage and responding to questions","You will read a short passage about a person, then answer questions related to the passage.","sentences, decisions, language","$0.40","Tue May 19 12:38:11 PDT 2020","352","BatchId:4044545;OriginalHitTemplateId:920937340;","7200","172800","Tue May 19 16:38:11 PDT 2020","","","3TS1AR6UQQEYTAM1I3SC2WWT71Y7FZ","A30Y3Q0B3JJ4TM","Submitted","Tue May 19 12:58:05 PDT 2020","Tue May 19 13:11:53 PDT 2020","Thu May 21 13:11:53 PDT 2020","","","","828","0% (0/0)","0% (0/0)","0% (0/0)","s27nmr86z194k7yhv03f"
"3JYPJ2TAYI8LDWS7ONHSEYRW5P4FPZ","32KI9HN0SH8Q5EEER27HJI3DITGU1K","Reading a passage and responding to questions","You will read a short passage about a person, then answer questions related to the passage.","sentences, decisions, language","$0.40","Tue May 19 12:38:11 PDT 2020","352","BatchId:4044545;OriginalHitTemplateId:920937340;","7200","172800","Tue May 19 16:38:11 PDT 2020","","","3TS1AR6UQQEYTAM1I3SC2WWT8257F9","A37FYLIKSXP6S0","Submitted","Tue May 19 14:21:14 PDT 2020","Tue May 19 14:26:02 PDT 2020","Thu May 21 14:26:02 PDT 2020","","","","288","0% (0/0)","0% (0/0)","0% (0/0)","f3z2jm6mbty4wervfjdj"
"3JYPJ2TAYI8LDWS7ONHSEYRW5P4FPZ","32KI9HN0SH8Q5EEER27HJI3DITGU1K","Reading a passage and responding to questions","You will read a short passage about a person, then answer questions related to the passage.","sentences, decisions, language","$0.40","Tue May 19 12:38:11 PDT 2020","352","BatchId:4044545;OriginalHitTemplateId:920937340;","7200","172800","Tue May 19 16:38:11 PDT 2020","","","3TXMY6UCAEO1WG76N0BHUHSLFE0QC7","ACON9O9NMFOHE","Submitted","Tue May 19 13:31:15 PDT 2020","Tue May 19 13:38:36 PDT 2020","Thu May 21 13:38:36 PDT 2020","","","","441","0% (0/0)","0% (0/0)","0% (0/0)","4qt4beq8jdececdbz9y4"
"3JYPJ2TAYI8LDWS7ONHSEYRW5P4FPZ","32KI9HN0SH8Q5EEER27HJI3DITGU1K","Reading a passage and responding to questions","You will read a short passage about a person, then answer questions related to the passage.","sentences, decisions, language","$0.40","Tue May 19 12:38:11 PDT 2020","352","BatchId:4044545;OriginalHitTemplateId:920937340;","7200","172800","Tue May 19 16:38:11 PDT 2020","","","3TY7ZAOG5FKVRLEVYFY03UEB7JBK0G","AYZ527RJC2HY5","Submitted","Tue May 19 13:32:05 PDT 2020","Tue May 19 13:40:29 PDT 2020","Thu May 21 13:40:29 PDT 2020","","","","504","0% (0/0)","0% (0/0)","0% (0/0)","p2ajgxkwnpjh429yzn4e"
"3JYPJ2TAYI8LDWS7ONHSEYRW5P4FPZ","32KI9HN0SH8Q5EEER27HJI3DITGU1K","Reading a passage and responding to questions","You will read a short passage about a person, then answer questions related to the passage.","sentences, decisions, language","$0.40","Tue May 19 12:38:11 PDT 2020","352","BatchId:4044545;OriginalHitTemplateId:920937340;","7200","172800","Tue May 19 16:38:11 PDT 2020","","","3U84XHCDICD7F4VIHHOC2CS1S424Z0","A3MCGKRH5KEZR8","Submitted","Tue May 19 12:59:03 PDT 2020","Tue May 19 14:20:36 PDT 2020","Thu May 21 14:20:36 PDT 2020","","","","4893","0% (0/0)","0% (0/0)","0% (0/0)","0ol32tnm0bgcbtwlkjmr"
"3JYPJ2TAYI8LDWS7ONHSEYRW5P4FPZ","32KI9HN0SH8Q5EEER27HJI3DITGU1K","Reading a passage and responding to questions","You will read a short passage about a person, then answer questions related to the passage.","sentences, decisions, language","$0.40","Tue May 19 12:38:11 PDT 2020","352","BatchId:4044545;OriginalHitTemplateId:920937340;","7200","172800","Tue May 19 16:38:11 PDT 2020","","","3U84XHCDICD7F4VIHHOC2CS1S434Z1","A2XSFYQS6ZL8XG","Submitted","Tue May 19 13:11:11 PDT 2020","Tue May 19 13:14:25 PDT 2020","Thu May 21 13:14:25 PDT 2020","","","","194","0% (0/0)","0% (0/0)","0% (0/0)","ldfh6o7dh5wxy3tsu3cb"
"3JYPJ2TAYI8LDWS7ONHSEYRW5P4FPZ","32KI9HN0SH8Q5EEER27HJI3DITGU1K","Reading a passage and responding to questions","You will read a short passage about a person, then answer questions related to the passage.","sentences, decisions, language","$0.40","Tue May 19 12:38:11 PDT 2020","352","BatchId:4044545;OriginalHitTemplateId:920937340;","7200","172800","Tue May 19 16:38:11 PDT 2020","","","3U8YCDAGXPGH2OCQBKIXZGQK6P00QL","A1DWQO9X2ZQ35G","Submitted","Tue May 19 12:40:05 PDT 2020","Tue May 19 12:54:01 PDT 2020","Thu May 21 12:54:01 PDT 2020","","","","836","0% (0/0)","0% (0/0)","0% (0/0)","56jbl2rnpvh2k5s4dm0k"
"3JYPJ2TAYI8LDWS7ONHSEYRW5P4FPZ","32KI9HN0SH8Q5EEER27HJI3DITGU1K","Reading a passage and responding to questions","You will read a short passage about a person, then answer questions related to the passage.","sentences, decisions, language","$0.40","Tue May 19 12:38:11 PDT 2020","352","BatchId:4044545;OriginalHitTemplateId:920937340;","7200","172800","Tue May 19 16:38:11 PDT 2020","","","3W2LOLRXLBFJRFYUSSHFNQFYHANKRU","A3ERKH1ZX3VH0Z","Submitted","Tue May 19 15:56:38 PDT 2020","Tue May 19 16:01:30 PDT 2020","Thu May 21 16:01:30 PDT 2020","","","","292","0% (0/0)","0% (0/0)","0% (0/0)","mdh7zzb668ryfc9dqlt7"
"3JYPJ2TAYI8LDWS7ONHSEYRW5P4FPZ","32KI9HN0SH8Q5EEER27HJI3DITGU1K","Reading a passage and responding to questions","You will read a short passage about a person, then answer questions related to the passage.","sentences, decisions, language","$0.40","Tue May 19 12:38:11 PDT 2020","352","BatchId:4044545;OriginalHitTemplateId:920937340;","7200","172800","Tue May 19 16:38:11 PDT 2020","","","3W2LOLRXLBFJRFYUSSHFNQFYHAQKRX","A1J5C3SKTT1IDJ","Submitted","Tue May 19 16:31:02 PDT 2020","Tue May 19 16:35:57 PDT 2020","Thu May 21 16:35:57 PDT 2020","","","","295","0% (0/0)","0% (0/0)","0% (0/0)","bwsfwn2qhdso6lf226hf"
"3JYPJ2TAYI8LDWS7ONHSEYRW5P4FPZ","32KI9HN0SH8Q5EEER27HJI3DITGU1K","Reading a passage and responding to questions","You will read a short passage about a person, then answer questions related to the passage.","sentences, decisions, language","$0.40","Tue May 19 12:38:11 PDT 2020","352","BatchId:4044545;OriginalHitTemplateId:920937340;","7200","172800","Tue May 19 16:38:11 PDT 2020","","","3WJEQKOXA82PMXQRI7PBNLUP7ZK1AI","A2ULDZJDGYLIXY","Submitted","Tue May 19 12:41:00 PDT 2020","Tue May 19 12:47:56 PDT 2020","Thu May 21 12:47:56 PDT 2020","","","","416","0% (0/0)","0% (0/0)","0% (0/0)","j3n3amz0zy1u0m89hnao"
"3JYPJ2TAYI8LDWS7ONHSEYRW5P4FPZ","32KI9HN0SH8Q5EEER27HJI3DITGU1K","Reading a passage and responding to questions","You will read a short passage about a person, then answer questions related to the passage.","sentences, decisions, language","$0.40","Tue May 19 12:38:11 PDT 2020","352","BatchId:4044545;OriginalHitTemplateId:920937340;","7200","172800","Tue May 19 16:38:11 PDT 2020","","","3X3OR7WPZZ0OTG1GEJNGB9X8FHR8LT","A2HYJMC8JK3GR4","Submitted","Tue May 19 13:14:44 PDT 2020","Tue May 19 13:19:32 PDT 2020","Thu May 21 13:19:32 PDT 2020","","","","288","0% (0/0)","0% (0/0)","0% (0/0)","y1u0ejuyaau4v713lpze"
"3JYPJ2TAYI8LDWS7ONHSEYRW5P4FPZ","32KI9HN0SH8Q5EEER27HJI3DITGU1K","Reading a passage and responding to questions","You will read a short passage about a person, then answer questions related to the passage.","sentences, decisions, language","$0.40","Tue May 19 12:38:11 PDT 2020","352","BatchId:4044545;OriginalHitTemplateId:920937340;","7200","172800","Tue May 19 16:38:11 PDT 2020","","","3X66WABAJWIM6RH9RBV470KP4FIG3B","A17W4VSDK9SD33","Submitted","Tue May 19 14:14:40 PDT 2020","Tue May 19 14:19:13 PDT 2020","Thu May 21 14:19:13 PDT 2020","","","","273","0% (0/0)","0% (0/0)","0% (0/0)","vy1q0soqzbsjca5hzlmm"
"3JYPJ2TAYI8LDWS7ONHSEYRW5P4FPZ","32KI9HN0SH8Q5EEER27HJI3DITGU1K","Reading a passage and responding to questions","You will read a short passage about a person, then answer questions related to the passage.","sentences, decisions, language","$0.40","Tue May 19 12:38:11 PDT 2020","352","BatchId:4044545;OriginalHitTemplateId:920937340;","7200","172800","Tue May 19 16:38:11 PDT 2020","","","3YGXWBAF70HU7BK8P344RERGKNKC4G","A3BG2S9T5CCGC","Submitted","Tue May 19 13:46:11 PDT 2020","Tue May 19 13:49:34 PDT 2020","Thu May 21 13:49:34 PDT 2020","","","","203","0% (0/0)","0% (0/0)","0% (0/0)","dsj5xlmb2az4xhdty12e"
"3JYPJ2TAYI8LDWS7ONHSEYRW5P4FPZ","32KI9HN0SH8Q5EEER27HJI3DITGU1K","Reading a passage and responding to questions","You will read a short passage about a person, then answer questions related to the passage.","sentences, decisions, language","$0.40","Tue May 19 12:38:11 PDT 2020","352","BatchId:4044545;OriginalHitTemplateId:920937340;","7200","172800","Tue May 19 16:38:11 PDT 2020","","","3YHH42UU5BF6BRWDJFA1IURQWJE0LX","ACB8QHARLEEF6","Submitted","Tue May 19 12:53:08 PDT 2020","Tue May 19 12:57:07 PDT 2020","Thu May 21 12:57:07 PDT 2020","","","","239","0% (0/0)","0% (0/0)","0% (0/0)","s14z1x9hzmou1ogaq155"
"3JYPJ2TAYI8LDWS7ONHSEYRW5P4FPZ","32KI9HN0SH8Q5EEER27HJI3DITGU1K","Reading a passage and responding to questions","You will read a short passage about a person, then answer questions related to the passage.","sentences, decisions, language","$0.40","Tue May 19 12:38:11 PDT 2020","352","BatchId:4044545;OriginalHitTemplateId:920937340;","7200","172800","Tue May 19 16:38:11 PDT 2020","","","3YZ8UPK3VTMTO9EN49VM4IPAJ07UCK","A2QYUJHEGNSZ80","Submitted","Tue May 19 13:44:19 PDT 2020","Tue May 19 13:47:15 PDT 2020","Thu May 21 13:47:15 PDT 2020","","","","176","0% (0/0)","0% (0/0)","0% (0/0)","ey9e56z7puncwdt8vvzc"
"3JYPJ2TAYI8LDWS7ONHSEYRW5P4FPZ","32KI9HN0SH8Q5EEER27HJI3DITGU1K","Reading a passage and responding to questions","You will read a short passage about a person, then answer questions related to the passage.","sentences, decisions, language","$0.40","Tue May 19 12:38:11 PDT 2020","352","BatchId:4044545;OriginalHitTemplateId:920937340;","7200","172800","Tue May 19 16:38:11 PDT 2020","","","3Z7VU45IPYHQN5YZUZ5A4ELYHLX1ZS","A3Q9VCRY6LF42L","Submitted","Tue May 19 13:55:48 PDT 2020","Tue May 19 13:58:43 PDT 2020","Thu May 21 13:58:43 PDT 2020","","","","175","0% (0/0)","0% (0/0)","0% (0/0)","8yznq7aytvwjps0fr6vc"
"3JYPJ2TAYI8LDWS7ONHSEYRW5P4FPZ","32KI9HN0SH8Q5EEER27HJI3DITGU1K","Reading a passage and responding to questions","You will read a short passage about a person, then answer questions related to the passage.","sentences, decisions, language","$0.40","Tue May 19 12:38:11 PDT 2020","352","BatchId:4044545;OriginalHitTemplateId:920937340;","7200","172800","Tue May 19 16:38:11 PDT 2020","","","3ZPBJO59KP1YOFEH46JY59I29REHD0","A27CF65UO8YTP","Submitted","Tue May 19 13:01:25 PDT 2020","Tue May 19 13:10:03 PDT 2020","Thu May 21 13:10:03 PDT 2020","","","","518","0% (0/0)","0% (0/0)","0% (0/0)","h992t18ataabo95gac5j"
"3JYPJ2TAYI8LDWS7ONHSEYRW5P4FPZ","32KI9HN0SH8Q5EEER27HJI3DITGU1K","Reading a passage and responding to questions","You will read a short passage about a person, then answer questions related to the passage.","sentences, decisions, language","$0.40","Tue May 19 12:38:11 PDT 2020","352","BatchId:4044545;OriginalHitTemplateId:920937340;","7200","172800","Tue May 19 16:38:11 PDT 2020","","","3ZV9H2YQQD7I3D796GZMT36DY3DW3V","A2HZIKHNEBKXP3","Submitted","Tue May 19 15:23:25 PDT 2020","Tue May 19 15:29:41 PDT 2020","Thu May 21 15:29:41 PDT 2020","","","","376","0% (0/0)","0% (0/0)","0% (0/0)","uoffsrnofs8oqp7ar8kr"
"3JYPJ2TAYI8LDWS7ONHSEYRW5P4FPZ","32KI9HN0SH8Q5EEER27HJI3DITGU1K","Reading a passage and responding to questions","You will read a short passage about a person, then answer questions related to the passage.","sentences, decisions, language","$0.40","Tue May 19 12:38:11 PDT 2020","352","BatchId:4044545;OriginalHitTemplateId:920937340;","7200","172800","Tue May 19 16:38:11 PDT 2020","","","3ZWFC4W1UU78BT6GRHQI7DNT9E8RF1","A2EBW8BBGN9HV2","Submitted","Tue May 19 16:14:32 PDT 2020","Tue May 19 16:21:05 PDT 2020","Thu May 21 16:21:05 PDT 2020","","","","393","0% (0/0)","0% (0/0)","0% (0/0)","5j1zplaby4xw4pf8udll"