"HITId","HITTypeId","Title","Description","Keywords","Reward","CreationTime","MaxAssignments","RequesterAnnotation","AssignmentDurationInSeconds","AutoApprovalDelayInSeconds","Expiration","NumberOfSimilarHITs","LifetimeInSeconds","AssignmentId","WorkerId","AssignmentStatus","AcceptTime","SubmitTime","AutoApprovalTime","ApprovalTime","RejectionTime","RequesterFeedback","WorkTimeInSeconds","LifetimeApprovalRate","Last30DaysApprovalRate","Last7DaysApprovalRate","Answer.surveycode","Approve","Reject"
"3FI30CQHVKJNQ9YM4PWNP89UW46B6S","34NBII25NZIOGJLGY73HHZ47TJY2JF","Reading a passage and responding to questions","You will read a short passage about a person, then answer questions related to the passage.","sentences, decisions, language","$0.40","Tue Jun 02 07:37:12 PDT 2020","352","BatchId:4063639;OriginalHitTemplateId:920937340;","7200","259200","Tue Jun 02 11:37:12 PDT 2020","","","30MVJZJNHMDICVWQGQHHVQFRX5JJ9M","A3CDMBVUH76BBX","Submitted","Tue Jun 02 08:42:02 PDT 2020","Tue Jun 02 08:57:20 PDT 2020","Fri Jun 05 08:57:20 PDT 2020","","","","918","0% (0/0)","0% (0/0)","0% (0/0)","z3pdejdvbl7jkxw6rsrk"
"3FI30CQHVKJNQ9YM4PWNP89UW46B6S","34NBII25NZIOGJLGY73HHZ47TJY2JF","Reading a passage and responding to questions","You will read a short passage about a person, then answer questions related to the passage.","sentences, decisions, language","$0.40","Tue Jun 02 07:37:12 PDT 2020","352","BatchId:4063639;OriginalHitTemplateId:920937340;","7200","259200","Tue Jun 02 11:37:12 PDT 2020","","","30OG32W0SUBVQHES3ZPVGBXJXM9EN0","A1UFARYYBAOLKC","Submitted","Tue Jun 02 09:31:20 PDT 2020","Tue Jun 02 09:51:28 PDT 2020","Fri Jun 05 09:51:28 PDT 2020","","","","1208","0% (0/0)","0% (0/0)","0% (0/0)","348lxe30519syyeglzj9"
"3FI30CQHVKJNQ9YM4PWNP89UW46B6S","34NBII25NZIOGJLGY73HHZ47TJY2JF","Reading a passage and responding to questions","You will read a short passage about a person, then answer questions related to the passage.","sentences, decisions, language","$0.40","Tue Jun 02 07:37:12 PDT 2020","352","BatchId:4063639;OriginalHitTemplateId:920937340;","7200","259200","Tue Jun 02 11:37:12 PDT 2020","","","31EUONYN2V3UAD0QZ4EIV4LANR7VOS","A1ULX8TTW7ZFV7","Submitted","Tue Jun 02 07:50:32 PDT 2020","Tue Jun 02 07:55:03 PDT 2020","Fri Jun 05 07:55:03 PDT 2020","","","","271","0% (0/0)","0% (0/0)","0% (0/0)","ywlboh0egvwpxkp5l59j"
"3FI30CQHVKJNQ9YM4PWNP89UW46B6S","34NBII25NZIOGJLGY73HHZ47TJY2JF","Reading a passage and responding to questions","You will read a short passage about a person, then answer questions related to the passage.","sentences, decisions, language","$0.40","Tue Jun 02 07:37:12 PDT 2020","352","BatchId:4063639;OriginalHitTemplateId:920937340;","7200","259200","Tue Jun 02 11:37:12 PDT 2020","","","31N2WW6R9RQGSRLEGRPMPFKD46NF3T","A2RINH8P33GL6H","Submitted","Tue Jun 02 07:44:50 PDT 2020","Tue Jun 02 07:52:38 PDT 2020","Fri Jun 05 07:52:38 PDT 2020","","","","468","0% (0/0)","0% (0/0)","0% (0/0)","5bc6bkch2kov5zmeereh"
"3FI30CQHVKJNQ9YM4PWNP89UW46B6S","34NBII25NZIOGJLGY73HHZ47TJY2JF","Reading a passage and responding to questions","You will read a short passage about a person, then answer questions related to the passage.","sentences, decisions, language","$0.40","Tue Jun 02 07:37:12 PDT 2020","352","BatchId:4063639;OriginalHitTemplateId:920937340;","7200","259200","Tue Jun 02 11:37:12 PDT 2020","","","31QNSG6A5RTPEVCEAPM6S4F7M4F87T","A3L66F6UD9E837","Submitted","Tue Jun 02 10:57:05 PDT 2020","Tue Jun 02 11:01:57 PDT 2020","Fri Jun 05 11:01:57 PDT 2020","","","","292","0% (0/0)","0% (0/0)","0% (0/0)","mk1z08hcgju4m8sybxbp"
"3FI30CQHVKJNQ9YM4PWNP89UW46B6S","34NBII25NZIOGJLGY73HHZ47TJY2JF","Reading a passage and responding to questions","You will read a short passage about a person, then answer questions related to the passage.","sentences, decisions, language","$0.40","Tue Jun 02 07:37:12 PDT 2020","352","BatchId:4063639;OriginalHitTemplateId:920937340;","7200","259200","Tue Jun 02 11:37:12 PDT 2020","","","31QNSG6A5RTPEVCEAPM6S4F7M4Z78C","A3TX35R22CZAA0","Submitted","Tue Jun 02 08:13:24 PDT 2020","Tue Jun 02 08:19:23 PDT 2020","Fri Jun 05 08:19:23 PDT 2020","","","","359","0% (0/0)","0% (0/0)","0% (0/0)","jkuk1255xts39ab2yfvt"
"3FI30CQHVKJNQ9YM4PWNP89UW46B6S","34NBII25NZIOGJLGY73HHZ47TJY2JF","Reading a passage and responding to questions","You will read a short passage about a person, then answer questions related to the passage.","sentences, decisions, language","$0.40","Tue Jun 02 07:37:12 PDT 2020","352","BatchId:4063639;OriginalHitTemplateId:920937340;","7200","259200","Tue Jun 02 11:37:12 PDT 2020","","","31T4R4OBOSGRQY2RR12BUQBQCVI7CG","A36E1O48KQ6OP0","Submitted","Tue Jun 02 07:55:54 PDT 2020","Tue Jun 02 08:07:22 PDT 2020","Fri Jun 05 08:07:22 PDT 2020","","","","688","0% (0/0)","0% (0/0)","0% (0/0)","zk7194xagrvmo0qh46d8"
"3FI30CQHVKJNQ9YM4PWNP89UW46B6S","34NBII25NZIOGJLGY73HHZ47TJY2JF","Reading a passage and responding to questions","You will read a short passage about a person, then answer questions related to the passage.","sentences, decisions, language","$0.40","Tue Jun 02 07:37:12 PDT 2020","352","BatchId:4063639;OriginalHitTemplateId:920937340;","7200","259200","Tue Jun 02 11:37:12 PDT 2020","","","320DUZ38G7MXR5JYUWNRN71E1IVGJR","AZP301TUFBRUG","Submitted","Tue Jun 02 11:34:54 PDT 2020","Tue Jun 02 11:37:55 PDT 2020","Fri Jun 05 11:37:55 PDT 2020","","","","181","0% (0/0)","0% (0/0)","0% (0/0)","qsveqtq28bp9eaqjlw1t"
"3FI30CQHVKJNQ9YM4PWNP89UW46B6S","34NBII25NZIOGJLGY73HHZ47TJY2JF","Reading a passage and responding to questions","You will read a short passage about a person, then answer questions related to the passage.","sentences, decisions, language","$0.40","Tue Jun 02 07:37:12 PDT 2020","352","BatchId:4063639;OriginalHitTemplateId:920937340;","7200","259200","Tue Jun 02 11:37:12 PDT 2020","","","323Q6SJS8IGVMZSDVCEOT9LNNB5HF2","A1YIO6PCPBDC6W","Submitted","Tue Jun 02 07:44:00 PDT 2020","Tue Jun 02 07:54:59 PDT 2020","Fri Jun 05 07:54:59 PDT 2020","","","","659","0% (0/0)","0% (0/0)","0% (0/0)","138zge2ly1au5tr5cryc"
"3FI30CQHVKJNQ9YM4PWNP89UW46B6S","34NBII25NZIOGJLGY73HHZ47TJY2JF","Reading a passage and responding to questions","You will read a short passage about a person, then answer questions related to the passage.","sentences, decisions, language","$0.40","Tue Jun 02 07:37:12 PDT 2020","352","BatchId:4063639;OriginalHitTemplateId:920937340;","7200","259200","Tue Jun 02 11:37:12 PDT 2020","","","32N49TQG3GI5896PPL90U915YA2VAS","A2OBAS6S8DETSX","Submitted","Tue Jun 02 07:40:18 PDT 2020","Tue Jun 02 07:46:04 PDT 2020","Fri Jun 05 07:46:04 PDT 2020","","","","346","0% (0/0)","0% (0/0)","0% (0/0)","qhrls5b4lbyduvltlm2t"
"3FI30CQHVKJNQ9YM4PWNP89UW46B6S","34NBII25NZIOGJLGY73HHZ47TJY2JF","Reading a passage and responding to questions","You will read a short passage about a person, then answer questions related to the passage.","sentences, decisions, language","$0.40","Tue Jun 02 07:37:12 PDT 2020","352","BatchId:4063639;OriginalHitTemplateId:920937340;","7200","259200","Tue Jun 02 11:37:12 PDT 2020","","","337RC3OW052M4SXTMCYQ3NHGSM1LV0","A2HSAIR8NZ1Y1E","Submitted","Tue Jun 02 07:37:56 PDT 2020","Tue Jun 02 07:51:14 PDT 2020","Fri Jun 05 07:51:14 PDT 2020","","","","798","0% (0/0)","0% (0/0)","0% (0/0)","naw9qx91k5veu5dv8gpy"
"3FI30CQHVKJNQ9YM4PWNP89UW46B6S","34NBII25NZIOGJLGY73HHZ47TJY2JF","Reading a passage and responding to questions","You will read a short passage about a person, then answer questions related to the passage.","sentences, decisions, language","$0.40","Tue Jun 02 07:37:12 PDT 2020","352","BatchId:4063639;OriginalHitTemplateId:920937340;","7200","259200","Tue Jun 02 11:37:12 PDT 2020","","","337RC3OW052M4SXTMCYQ3NHGSMKVLT","A2XZXRNZ92CFMC","Submitted","Tue Jun 02 10:58:40 PDT 2020","Tue Jun 02 11:18:08 PDT 2020","Fri Jun 05 11:18:08 PDT 2020","","","","1168","0% (0/0)","0% (0/0)","0% (0/0)","t211b08lz8ynbnmr9mzb"
"3FI30CQHVKJNQ9YM4PWNP89UW46B6S","34NBII25NZIOGJLGY73HHZ47TJY2JF","Reading a passage and responding to questions","You will read a short passage about a person, then answer questions related to the passage.","sentences, decisions, language","$0.40","Tue Jun 02 07:37:12 PDT 2020","352","BatchId:4063639;OriginalHitTemplateId:920937340;","7200","259200","Tue Jun 02 11:37:12 PDT 2020","","","338JKRMM26Z0Q8B5KWSWF8AWQVSAHI","A37VAEKJSJF86R","Submitted","Tue Jun 02 07:45:58 PDT 2020","Tue Jun 02 07:53:05 PDT 2020","Fri Jun 05 07:53:05 PDT 2020","","","","427","0% (0/0)","0% (0/0)","0% (0/0)","nddj9h78fsnq1ea6wrua"
"3FI30CQHVKJNQ9YM4PWNP89UW46B6S","34NBII25NZIOGJLGY73HHZ47TJY2JF","Reading a passage and responding to questions","You will read a short passage about a person, then answer questions related to the passage.","sentences, decisions, language","$0.40","Tue Jun 02 07:37:12 PDT 2020","352","BatchId:4063639;OriginalHitTemplateId:920937340;","7200","259200","Tue Jun 02 11:37:12 PDT 2020","","","339ANSOTR526YGVB25N69YE7VK4KI3","A1MNVFRIMBY6SI","Submitted","Tue Jun 02 08:15:37 PDT 2020","Tue Jun 02 08:28:16 PDT 2020","Fri Jun 05 08:28:16 PDT 2020","","","","759","0% (0/0)","0% (0/0)","0% (0/0)","xkh46rv6rb1so1rr5von"
"3FI30CQHVKJNQ9YM4PWNP89UW46B6S","34NBII25NZIOGJLGY73HHZ47TJY2JF","Reading a passage and responding to questions","You will read a short passage about a person, then answer questions related to the passage.","sentences, decisions, language","$0.40","Tue Jun 02 07:37:12 PDT 2020","352","BatchId:4063639;OriginalHitTemplateId:920937340;","7200","259200","Tue Jun 02 11:37:12 PDT 2020","","","339ANSOTR526YGVB25N69YE7VKFIKC","A20JFJQZSF42HB","Submitted","Tue Jun 02 10:05:45 PDT 2020","Tue Jun 02 10:14:18 PDT 2020","Fri Jun 05 10:14:18 PDT 2020","","","","513","0% (0/0)","0% (0/0)","0% (0/0)","c94u2kdreyrkmxu036kh"
"3FI30CQHVKJNQ9YM4PWNP89UW46B6S","34NBII25NZIOGJLGY73HHZ47TJY2JF","Reading a passage and responding to questions","You will read a short passage about a person, then answer questions related to the passage.","sentences, decisions, language","$0.40","Tue Jun 02 07:37:12 PDT 2020","352","BatchId:4063639;OriginalHitTemplateId:920937340;","7200","259200","Tue Jun 02 11:37:12 PDT 2020","","","34QN5IT0TZRBWKCUPQ1XDP5KEQQ082","A2N1SLTD9SIVLR","Submitted","Tue Jun 02 07:38:42 PDT 2020","Tue Jun 02 07:51:40 PDT 2020","Fri Jun 05 07:51:40 PDT 2020","","","","778","0% (0/0)","0% (0/0)","0% (0/0)","qodg54vtxz6qg0f0psh1"
"3FI30CQHVKJNQ9YM4PWNP89UW46B6S","34NBII25NZIOGJLGY73HHZ47TJY2JF","Reading a passage and responding to questions","You will read a short passage about a person, then answer questions related to the passage.","sentences, decisions, language","$0.40","Tue Jun 02 07:37:12 PDT 2020","352","BatchId:4063639;OriginalHitTemplateId:920937340;","7200","259200","Tue Jun 02 11:37:12 PDT 2020","","","34YB12FSQYONSDPJXT0J3ZTV5CPMG0","A3CNCBUNWS6Z2U","Submitted","Tue Jun 02 11:26:19 PDT 2020","Tue Jun 02 11:33:31 PDT 2020","Fri Jun 05 11:33:31 PDT 2020","","","","432","0% (0/0)","0% (0/0)","0% (0/0)","o1vqvew9cvb1p83lyxep"
"3FI30CQHVKJNQ9YM4PWNP89UW46B6S","34NBII25NZIOGJLGY73HHZ47TJY2JF","Reading a passage and responding to questions","You will read a short passage about a person, then answer questions related to the passage.","sentences, decisions, language","$0.40","Tue Jun 02 07:37:12 PDT 2020","352","BatchId:4063639;OriginalHitTemplateId:920937340;","7200","259200","Tue Jun 02 11:37:12 PDT 2020","","","35LDD5557A4SUZL2NKLY1RLOCTMKMH","A1LIKCY7VTG68B","Submitted","Tue Jun 02 07:59:38 PDT 2020","Tue Jun 02 08:11:02 PDT 2020","Fri Jun 05 08:11:02 PDT 2020","","","","684","0% (0/0)","0% (0/0)","0% (0/0)","pofe6jsh1tqxnng26w6h"
"3FI30CQHVKJNQ9YM4PWNP89UW46B6S","34NBII25NZIOGJLGY73HHZ47TJY2JF","Reading a passage and responding to questions","You will read a short passage about a person, then answer questions related to the passage.","sentences, decisions, language","$0.40","Tue Jun 02 07:37:12 PDT 2020","352","BatchId:4063639;OriginalHitTemplateId:920937340;","7200","259200","Tue Jun 02 11:37:12 PDT 2020","","","369J354OFDAL3A4RADT2E3W9FCQ6GQ","A1M3HU7RRX0BXZ","Submitted","Tue Jun 02 07:52:50 PDT 2020","Tue Jun 02 07:57:28 PDT 2020","Fri Jun 05 07:57:28 PDT 2020","","","","278","0% (0/0)","0% (0/0)","0% (0/0)","znqh7pne28v335swfgs7"
"3FI30CQHVKJNQ9YM4PWNP89UW46B6S","34NBII25NZIOGJLGY73HHZ47TJY2JF","Reading a passage and responding to questions","You will read a short passage about a person, then answer questions related to the passage.","sentences, decisions, language","$0.40","Tue Jun 02 07:37:12 PDT 2020","352","BatchId:4063639;OriginalHitTemplateId:920937340;","7200","259200","Tue Jun 02 11:37:12 PDT 2020","","","36DSNE9QZ5YLJI0WIF0ZSGAGS4ZOJZ","A2XQQCGXCG0JL7","Submitted","Tue Jun 02 07:40:29 PDT 2020","Tue Jun 02 08:03:52 PDT 2020","Fri Jun 05 08:03:52 PDT 2020","","","","1403","0% (0/0)","0% (0/0)","0% (0/0)","ymjj691f0lda99xodwm5"
"3FI30CQHVKJNQ9YM4PWNP89UW46B6S","34NBII25NZIOGJLGY73HHZ47TJY2JF","Reading a passage and responding to questions","You will read a short passage about a person, then answer questions related to the passage.","sentences, decisions, language","$0.40","Tue Jun 02 07:37:12 PDT 2020","352","BatchId:4063639;OriginalHitTemplateId:920937340;","7200","259200","Tue Jun 02 11:37:12 PDT 2020","","","36U2A8VAG1ZSOGAG6N99VM8VL3ZYKK","A28SYXQL3YOKVL","Submitted","Tue Jun 02 07:52:18 PDT 2020","Tue Jun 02 08:11:53 PDT 2020","Fri Jun 05 08:11:53 PDT 2020","","","","1175","100% (1/1)","0% (0/0)","0% (0/0)","5dpfjny813v1ta3aeeam"
"3FI30CQHVKJNQ9YM4PWNP89UW46B6S","34NBII25NZIOGJLGY73HHZ47TJY2JF","Reading a passage and responding to questions","You will read a short passage about a person, then answer questions related to the passage.","sentences, decisions, language","$0.40","Tue Jun 02 07:37:12 PDT 2020","352","BatchId:4063639;OriginalHitTemplateId:920937340;","7200","259200","Tue Jun 02 11:37:12 PDT 2020","","","36V4Q8R5ZK0E52JX0P5VXDXXBZCQMD","A3A6BVDDO2M1C9","Submitted","Tue Jun 02 07:37:48 PDT 2020","Tue Jun 02 07:55:30 PDT 2020","Fri Jun 05 07:55:30 PDT 2020","","","","1062","0% (0/0)","0% (0/0)","0% (0/0)","3q6v27wtdf0llrw80379"
"3FI30CQHVKJNQ9YM4PWNP89UW46B6S","34NBII25NZIOGJLGY73HHZ47TJY2JF","Reading a passage and responding to questions","You will read a short passage about a person, then answer questions related to the passage.","sentences, decisions, language","$0.40","Tue Jun 02 07:37:12 PDT 2020","352","BatchId:4063639;OriginalHitTemplateId:920937340;","7200","259200","Tue Jun 02 11:37:12 PDT 2020","","","37KGEN7NJ3QZQTFVSSIYEC1IB8EPPU","AINNM07C74B9Q","Submitted","Tue Jun 02 09:51:22 PDT 2020","Tue Jun 02 09:56:49 PDT 2020","Fri Jun 05 09:56:49 PDT 2020","","","","327","0% (0/0)","0% (0/0)","0% (0/0)","rn8kjp3wdpxwq5hmkwb3"
"3FI30CQHVKJNQ9YM4PWNP89UW46B6S","34NBII25NZIOGJLGY73HHZ47TJY2JF","Reading a passage and responding to questions","You will read a short passage about a person, then answer questions related to the passage.","sentences, decisions, language","$0.40","Tue Jun 02 07:37:12 PDT 2020","352","BatchId:4063639;OriginalHitTemplateId:920937340;","7200","259200","Tue Jun 02 11:37:12 PDT 2020","","","37TRT2X24QR10OBNEAVDMWAHL5JBJL","A28Q62KFTLCFPC","Submitted","Tue Jun 02 08:07:08 PDT 2020","Tue Jun 02 08:31:32 PDT 2020","Fri Jun 05 08:31:32 PDT 2020","","","","1464","0% (0/0)","0% (0/0)","0% (0/0)","k00v47ray32wmfy3ufwb"
"3FI30CQHVKJNQ9YM4PWNP89UW46B6S","34NBII25NZIOGJLGY73HHZ47TJY2JF","Reading a passage and responding to questions","You will read a short passage about a person, then answer questions related to the passage.","sentences, decisions, language","$0.40","Tue Jun 02 07:37:12 PDT 2020","352","BatchId:4063639;OriginalHitTemplateId:920937340;","7200","259200","Tue Jun 02 11:37:12 PDT 2020","","","386PBUZZXFXDDXXZ5NK70Z6MXZ2LJN","A39K4JNYDU0QMJ","Submitted","Tue Jun 02 08:58:21 PDT 2020","Tue Jun 02 09:01:48 PDT 2020","Fri Jun 05 09:01:48 PDT 2020","","","","207","0% (0/0)","0% (0/0)","0% (0/0)","0h7lobqydv3xkv1qdomp"
"3FI30CQHVKJNQ9YM4PWNP89UW46B6S","34NBII25NZIOGJLGY73HHZ47TJY2JF","Reading a passage and responding to questions","You will read a short passage about a person, then answer questions related to the passage.","sentences, decisions, language","$0.40","Tue Jun 02 07:37:12 PDT 2020","352","BatchId:4063639;OriginalHitTemplateId:920937340;","7200","259200","Tue Jun 02 11:37:12 PDT 2020","","","388U7OUMF71HEPRQOZ7X460P4IE0RE","A27VZ926M1DMUN","Submitted","Tue Jun 02 07:40:41 PDT 2020","Tue Jun 02 07:50:59 PDT 2020","Fri Jun 05 07:50:59 PDT 2020","","","","618","0% (0/0)","0% (0/0)","0% (0/0)","ztvxspjy8rknjxqmuxb6"
"3FI30CQHVKJNQ9YM4PWNP89UW46B6S","34NBII25NZIOGJLGY73HHZ47TJY2JF","Reading a passage and responding to questions","You will read a short passage about a person, then answer questions related to the passage.","sentences, decisions, language","$0.40","Tue Jun 02 07:37:12 PDT 2020","352","BatchId:4063639;OriginalHitTemplateId:920937340;","7200","259200","Tue Jun 02 11:37:12 PDT 2020","","","38JBBYETQOA9494MLUAZH2RJ654E4V","A34MH0S0CZW6J","Submitted","Tue Jun 02 07:42:13 PDT 2020","Tue Jun 02 07:48:48 PDT 2020","Fri Jun 05 07:48:48 PDT 2020","","","","395","0% (0/0)","0% (0/0)","0% (0/0)","za51g08lagmrepmq4bjf"
"3FI30CQHVKJNQ9YM4PWNP89UW46B6S","34NBII25NZIOGJLGY73HHZ47TJY2JF","Reading a passage and responding to questions","You will read a short passage about a person, then answer questions related to the passage.","sentences, decisions, language","$0.40","Tue Jun 02 07:37:12 PDT 2020","352","BatchId:4063639;OriginalHitTemplateId:920937340;","7200","259200","Tue Jun 02 11:37:12 PDT 2020","","","39K0FND3AHFMIMCGBT897DIS7HTMA5","A3S5I8RSC6S5I1","Submitted","Tue Jun 02 08:12:17 PDT 2020","Tue Jun 02 08:17:19 PDT 2020","Fri Jun 05 08:17:19 PDT 2020","","","","302","0% (0/0)","0% (0/0)","0% (0/0)","lcuev4ps9xq6sbx0k5jx"
"3FI30CQHVKJNQ9YM4PWNP89UW46B6S","34NBII25NZIOGJLGY73HHZ47TJY2JF","Reading a passage and responding to questions","You will read a short passage about a person, then answer questions related to the passage.","sentences, decisions, language","$0.40","Tue Jun 02 07:37:12 PDT 2020","352","BatchId:4063639;OriginalHitTemplateId:920937340;","7200","259200","Tue Jun 02 11:37:12 PDT 2020","","","39KFRKBFINVBE7VV4F1223P4588OYT","AMR8HZ8DCIHCB","Submitted","Tue Jun 02 07:42:08 PDT 2020","Tue Jun 02 07:51:05 PDT 2020","Fri Jun 05 07:51:05 PDT 2020","","","","537","0% (0/0)","0% (0/0)","0% (0/0)","ew2ftony0bcmjxwlygzr"
"3FI30CQHVKJNQ9YM4PWNP89UW46B6S","34NBII25NZIOGJLGY73HHZ47TJY2JF","Reading a passage and responding to questions","You will read a short passage about a person, then answer questions related to the passage.","sentences, decisions, language","$0.40","Tue Jun 02 07:37:12 PDT 2020","352","BatchId:4063639;OriginalHitTemplateId:920937340;","7200","259200","Tue Jun 02 11:37:12 PDT 2020","","","39KFRKBFINVBE7VV4F1223P458BOYW","ALTE5LMH5XXGP","Submitted","Tue Jun 02 08:12:35 PDT 2020","Tue Jun 02 08:19:25 PDT 2020","Fri Jun 05 08:19:25 PDT 2020","","","","410","0% (0/0)","0% (0/0)","0% (0/0)","wfs75686uukbrb29kxz8"
"3FI30CQHVKJNQ9YM4PWNP89UW46B6S","34NBII25NZIOGJLGY73HHZ47TJY2JF","Reading a passage and responding to questions","You will read a short passage about a person, then answer questions related to the passage.","sentences, decisions, language","$0.40","Tue Jun 02 07:37:12 PDT 2020","352","BatchId:4063639;OriginalHitTemplateId:920937340;","7200","259200","Tue Jun 02 11:37:12 PDT 2020","","","39PAAFCODM0AN55YVL0HPERXMZOTVC","A321Z8POAOUB3K","Submitted","Tue Jun 02 07:53:26 PDT 2020","Tue Jun 02 07:59:34 PDT 2020","Fri Jun 05 07:59:34 PDT 2020","","","","368","0% (0/0)","0% (0/0)","0% (0/0)","hpef9q91tjesp1pg96h2"
"3FI30CQHVKJNQ9YM4PWNP89UW46B6S","34NBII25NZIOGJLGY73HHZ47TJY2JF","Reading a passage and responding to questions","You will read a short passage about a person, then answer questions related to the passage.","sentences, decisions, language","$0.40","Tue Jun 02 07:37:12 PDT 2020","352","BatchId:4063639;OriginalHitTemplateId:920937340;","7200","259200","Tue Jun 02 11:37:12 PDT 2020","","","3ATTHHXXWAOCIGUI1O2VZSM9RTZXIL","AA5PH9XHFRBEF","Submitted","Tue Jun 02 11:06:32 PDT 2020","Tue Jun 02 11:09:19 PDT 2020","Fri Jun 05 11:09:19 PDT 2020","","","","167","0% (0/0)","0% (0/0)","0% (0/0)","mk7wepdve1n8rgy8exec"
"3FI30CQHVKJNQ9YM4PWNP89UW46B6S","34NBII25NZIOGJLGY73HHZ47TJY2JF","Reading a passage and responding to questions","You will read a short passage about a person, then answer questions related to the passage.","sentences, decisions, language","$0.40","Tue Jun 02 07:37:12 PDT 2020","352","BatchId:4063639;OriginalHitTemplateId:920937340;","7200","259200","Tue Jun 02 11:37:12 PDT 2020","","","3B3WTRP3DB2I6ZYI95BPW9TAVUA922","A2ZA2JOAF1ANUM","Submitted","Tue Jun 02 10:51:22 PDT 2020","Tue Jun 02 11:18:04 PDT 2020","Fri Jun 05 11:18:04 PDT 2020","","","","1602","0% (0/0)","0% (0/0)","0% (0/0)","3lf7jg7bs94b8k1sr9bl"
"3FI30CQHVKJNQ9YM4PWNP89UW46B6S","34NBII25NZIOGJLGY73HHZ47TJY2JF","Reading a passage and responding to questions","You will read a short passage about a person, then answer questions related to the passage.","sentences, decisions, language","$0.40","Tue Jun 02 07:37:12 PDT 2020","352","BatchId:4063639;OriginalHitTemplateId:920937340;","7200","259200","Tue Jun 02 11:37:12 PDT 2020","","","3BC8WZX3V3W5EJBPICQCO21CD8WRRM","AZSCDSR2BSB5L","Submitted","Tue Jun 02 10:54:48 PDT 2020","Tue Jun 02 10:59:55 PDT 2020","Fri Jun 05 10:59:55 PDT 2020","","","","307","0% (0/0)","0% (0/0)","0% (0/0)","d67j3g3xrlnkrafu15yl"
"3FI30CQHVKJNQ9YM4PWNP89UW46B6S","34NBII25NZIOGJLGY73HHZ47TJY2JF","Reading a passage and responding to questions","You will read a short passage about a person, then answer questions related to the passage.","sentences, decisions, language","$0.40","Tue Jun 02 07:37:12 PDT 2020","352","BatchId:4063639;OriginalHitTemplateId:920937340;","7200","259200","Tue Jun 02 11:37:12 PDT 2020","","","3BXQMRHWKZY6XVQEHYP07EUMEK2UM6","A168B0VAQ1RXKB","Submitted","Tue Jun 02 11:05:56 PDT 2020","Tue Jun 02 11:10:10 PDT 2020","Fri Jun 05 11:10:10 PDT 2020","","","","254","0% (0/0)","0% (0/0)","0% (0/0)","8w4alur10zy2mzcxlkxw"
"3FI30CQHVKJNQ9YM4PWNP89UW46B6S","34NBII25NZIOGJLGY73HHZ47TJY2JF","Reading a passage and responding to questions","You will read a short passage about a person, then answer questions related to the passage.","sentences, decisions, language","$0.40","Tue Jun 02 07:37:12 PDT 2020","352","BatchId:4063639;OriginalHitTemplateId:920937340;","7200","259200","Tue Jun 02 11:37:12 PDT 2020","","","3BXQMRHWKZY6XVQEHYP07EUMEKMMUI","ANC8XUORTG3DZ","Submitted","Tue Jun 02 08:15:46 PDT 2020","Tue Jun 02 08:19:10 PDT 2020","Fri Jun 05 08:19:10 PDT 2020","","","","204","0% (0/0)","0% (0/0)","0% (0/0)","fz2v4px0f0609oblf6s7"
"3FI30CQHVKJNQ9YM4PWNP89UW46B6S","34NBII25NZIOGJLGY73HHZ47TJY2JF","Reading a passage and responding to questions","You will read a short passage about a person, then answer questions related to the passage.","sentences, decisions, language","$0.40","Tue Jun 02 07:37:12 PDT 2020","352","BatchId:4063639;OriginalHitTemplateId:920937340;","7200","259200","Tue Jun 02 11:37:12 PDT 2020","","","3C2NJ6JBKAH3V12CAFUUEAOU0JEN22","ATNTBEFDP8R11","Submitted","Tue Jun 02 08:37:53 PDT 2020","Tue Jun 02 08:48:05 PDT 2020","Fri Jun 05 08:48:05 PDT 2020","","","","612","0% (0/0)","0% (0/0)","0% (0/0)","zpddvcrt4dvmaghgnu1s"
"3FI30CQHVKJNQ9YM4PWNP89UW46B6S","34NBII25NZIOGJLGY73HHZ47TJY2JF","Reading a passage and responding to questions","You will read a short passage about a person, then answer questions related to the passage.","sentences, decisions, language","$0.40","Tue Jun 02 07:37:12 PDT 2020","352","BatchId:4063639;OriginalHitTemplateId:920937340;","7200","259200","Tue Jun 02 11:37:12 PDT 2020","","","3CFJTT4SXTQI31ORJBYX5T9LP04I7V","A2OJ8UERTJ967B","Submitted","Tue Jun 02 08:15:00 PDT 2020","Tue Jun 02 08:26:23 PDT 2020","Fri Jun 05 08:26:23 PDT 2020","","","","683","0% (0/0)","0% (0/0)","0% (0/0)","sfq71npducxttmj435p8"
"3FI30CQHVKJNQ9YM4PWNP89UW46B6S","34NBII25NZIOGJLGY73HHZ47TJY2JF","Reading a passage and responding to questions","You will read a short passage about a person, then answer questions related to the passage.","sentences, decisions, language","$0.40","Tue Jun 02 07:37:12 PDT 2020","352","BatchId:4063639;OriginalHitTemplateId:920937340;","7200","259200","Tue Jun 02 11:37:12 PDT 2020","","","3DBQWDE4Y6YVUYLZSYWSCHR6KTLN5J","AU0Q98WJMJQQL","Submitted","Tue Jun 02 11:28:36 PDT 2020","Tue Jun 02 12:33:04 PDT 2020","Fri Jun 05 12:33:04 PDT 2020","","","","3868","0% (0/0)","0% (0/0)","0% (0/0)","5chdsd39mcym456ecm1l"
"3FI30CQHVKJNQ9YM4PWNP89UW46B6S","34NBII25NZIOGJLGY73HHZ47TJY2JF","Reading a passage and responding to questions","You will read a short passage about a person, then answer questions related to the passage.","sentences, decisions, language","$0.40","Tue Jun 02 07:37:12 PDT 2020","352","BatchId:4063639;OriginalHitTemplateId:920937340;","7200","259200","Tue Jun 02 11:37:12 PDT 2020","","","3DEL4X4EL6LY8G9N56OYLGGXHCEXY8","A1MMERRH2H76O8","Submitted","Tue Jun 02 07:50:05 PDT 2020","Tue Jun 02 08:18:48 PDT 2020","Fri Jun 05 08:18:48 PDT 2020","","","","1723","0% (0/0)","0% (0/0)","0% (0/0)","t148c9pbzzf5uysmgc3a"
"3FI30CQHVKJNQ9YM4PWNP89UW46B6S","34NBII25NZIOGJLGY73HHZ47TJY2JF","Reading a passage and responding to questions","You will read a short passage about a person, then answer questions related to the passage.","sentences, decisions, language","$0.40","Tue Jun 02 07:37:12 PDT 2020","352","BatchId:4063639;OriginalHitTemplateId:920937340;","7200","259200","Tue Jun 02 11:37:12 PDT 2020","","","3DOCMVPBTNEZKNR5WYSE6YRSBE7NNV","A2UPKWTGEFIG35","Submitted","Tue Jun 02 08:57:22 PDT 2020","Tue Jun 02 10:02:27 PDT 2020","Fri Jun 05 10:02:27 PDT 2020","","","","3905","0% (0/0)","0% (0/0)","0% (0/0)","8su7ppsxz6f3o6hp89yk"
"3FI30CQHVKJNQ9YM4PWNP89UW46B6S","34NBII25NZIOGJLGY73HHZ47TJY2JF","Reading a passage and responding to questions","You will read a short passage about a person, then answer questions related to the passage.","sentences, decisions, language","$0.40","Tue Jun 02 07:37:12 PDT 2020","352","BatchId:4063639;OriginalHitTemplateId:920937340;","7200","259200","Tue Jun 02 11:37:12 PDT 2020","","","3E47SOBEYQWOFIJNAS68LF1ZQBDIC6","A1U81RF30MFM83","Submitted","Tue Jun 02 11:29:42 PDT 2020","Tue Jun 02 11:34:23 PDT 2020","Fri Jun 05 11:34:23 PDT 2020","","","","281","0% (0/0)","0% (0/0)","0% (0/0)","kss1wv84lt049tzxu321"
"3FI30CQHVKJNQ9YM4PWNP89UW46B6S","34NBII25NZIOGJLGY73HHZ47TJY2JF","Reading a passage and responding to questions","You will read a short passage about a person, then answer questions related to the passage.","sentences, decisions, language","$0.40","Tue Jun 02 07:37:12 PDT 2020","352","BatchId:4063639;OriginalHitTemplateId:920937340;","7200","259200","Tue Jun 02 11:37:12 PDT 2020","","","3FIUS151DV2N03TXMQ2OQU9Y9QRGG0","A1MBOVL1252O51","Submitted","Tue Jun 02 07:38:22 PDT 2020","Tue Jun 02 07:53:39 PDT 2020","Fri Jun 05 07:53:39 PDT 2020","","","","917","0% (0/0)","0% (0/0)","0% (0/0)","efr63rryx1specls8tjl"
"3FI30CQHVKJNQ9YM4PWNP89UW46B6S","34NBII25NZIOGJLGY73HHZ47TJY2JF","Reading a passage and responding to questions","You will read a short passage about a person, then answer questions related to the passage.","sentences, decisions, language","$0.40","Tue Jun 02 07:37:12 PDT 2020","352","BatchId:4063639;OriginalHitTemplateId:920937340;","7200","259200","Tue Jun 02 11:37:12 PDT 2020","","","3G5F9DBFOPXKIWE3VRJSBVO9B54VHF","AC2V0K7GQUUH3","Submitted","Tue Jun 02 09:42:22 PDT 2020","Tue Jun 02 09:56:49 PDT 2020","Fri Jun 05 09:56:49 PDT 2020","","","","867","0% (0/0)","0% (0/0)","0% (0/0)","e49a5hfnu7o18slgez3k"
"3FI30CQHVKJNQ9YM4PWNP89UW46B6S","34NBII25NZIOGJLGY73HHZ47TJY2JF","Reading a passage and responding to questions","You will read a short passage about a person, then answer questions related to the passage.","sentences, decisions, language","$0.40","Tue Jun 02 07:37:12 PDT 2020","352","BatchId:4063639;OriginalHitTemplateId:920937340;","7200","259200","Tue Jun 02 11:37:12 PDT 2020","","","3GD6L00D3SXQOYZGFAFGWCPP3N6M10","A31ER1E1ZBM6OR","Submitted","Tue Jun 02 11:25:03 PDT 2020","Tue Jun 02 11:38:26 PDT 2020","Fri Jun 05 11:38:26 PDT 2020","","","","803","0% (0/0)","0% (0/0)","0% (0/0)","vyzwnuaa1389ew2pdcpg"
"3FI30CQHVKJNQ9YM4PWNP89UW46B6S","34NBII25NZIOGJLGY73HHZ47TJY2JF","Reading a passage and responding to questions","You will read a short passage about a person, then answer questions related to the passage.","sentences, decisions, language","$0.40","Tue Jun 02 07:37:12 PDT 2020","352","BatchId:4063639;OriginalHitTemplateId:920937340;","7200","259200","Tue Jun 02 11:37:12 PDT 2020","","","3HWRJOOET52S6U6XBV6HF57PKLKESF","A24YCZF4NK5VQN","Submitted","Tue Jun 02 10:00:26 PDT 2020","Tue Jun 02 10:06:59 PDT 2020","Fri Jun 05 10:06:59 PDT 2020","","","","393","0% (0/0)","0% (0/0)","0% (0/0)","tjl7lzjnugx3ulenqn2m"
"3FI30CQHVKJNQ9YM4PWNP89UW46B6S","34NBII25NZIOGJLGY73HHZ47TJY2JF","Reading a passage and responding to questions","You will read a short passage about a person, then answer questions related to the passage.","sentences, decisions, language","$0.40","Tue Jun 02 07:37:12 PDT 2020","352","BatchId:4063639;OriginalHitTemplateId:920937340;","7200","259200","Tue Jun 02 11:37:12 PDT 2020","","","3HWRJOOET52S6U6XBV6HF57PKLPSEY","A1VLHS7UKVX52L","Submitted","Tue Jun 02 10:56:03 PDT 2020","Tue Jun 02 11:13:29 PDT 2020","Fri Jun 05 11:13:29 PDT 2020","","","","1046","0% (0/0)","0% (0/0)","0% (0/0)","mjkxxkcds14z1n5ockwm"
"3FI30CQHVKJNQ9YM4PWNP89UW46B6S","34NBII25NZIOGJLGY73HHZ47TJY2JF","Reading a passage and responding to questions","You will read a short passage about a person, then answer questions related to the passage.","sentences, decisions, language","$0.40","Tue Jun 02 07:37:12 PDT 2020","352","BatchId:4063639;OriginalHitTemplateId:920937340;","7200","259200","Tue Jun 02 11:37:12 PDT 2020","","","3HYA4D452RJR79PVCRBH65FLYS5F20","A3L7VXSFUFELW","Submitted","Tue Jun 02 10:52:44 PDT 2020","Tue Jun 02 11:05:24 PDT 2020","Fri Jun 05 11:05:24 PDT 2020","","","","760","0% (0/0)","0% (0/0)","0% (0/0)","8djbza4rym89yh2hxms5"
"3FI30CQHVKJNQ9YM4PWNP89UW46B6S","34NBII25NZIOGJLGY73HHZ47TJY2JF","Reading a passage and responding to questions","You will read a short passage about a person, then answer questions related to the passage.","sentences, decisions, language","$0.40","Tue Jun 02 07:37:12 PDT 2020","352","BatchId:4063639;OriginalHitTemplateId:920937340;","7200","259200","Tue Jun 02 11:37:12 PDT 2020","","","3HYA4D452RJR79PVCRBH65FLYSSF2N","A3QX2EA0T1WITU","Submitted","Tue Jun 02 08:38:10 PDT 2020","Tue Jun 02 08:47:30 PDT 2020","Fri Jun 05 08:47:30 PDT 2020","","","","560","0% (0/0)","0% (0/0)","0% (0/0)","5qz61qhwgy0tkbmkkofq"
"3FI30CQHVKJNQ9YM4PWNP89UW46B6S","34NBII25NZIOGJLGY73HHZ47TJY2JF","Reading a passage and responding to questions","You will read a short passage about a person, then answer questions related to the passage.","sentences, decisions, language","$0.40","Tue Jun 02 07:37:12 PDT 2020","352","BatchId:4063639;OriginalHitTemplateId:920937340;","7200","259200","Tue Jun 02 11:37:12 PDT 2020","","","3I0BTBYZAXLQBQ3C2UZRC2TM75UY0F","A2RE6YACUD9YYK","Submitted","Tue Jun 02 08:02:36 PDT 2020","Tue Jun 02 08:10:21 PDT 2020","Fri Jun 05 08:10:21 PDT 2020","","","","465","0% (0/0)","0% (0/0)","0% (0/0)","ah2esxr093sl9ho5trja"
"3FI30CQHVKJNQ9YM4PWNP89UW46B6S","34NBII25NZIOGJLGY73HHZ47TJY2JF","Reading a passage and responding to questions","You will read a short passage about a person, then answer questions related to the passage.","sentences, decisions, language","$0.40","Tue Jun 02 07:37:12 PDT 2020","352","BatchId:4063639;OriginalHitTemplateId:920937340;","7200","259200","Tue Jun 02 11:37:12 PDT 2020","","","3I33IC7ZWF2WBI8N1BPPS44U1CD2AV","A3E2Q3JGM683EX","Submitted","Tue Jun 02 08:15:47 PDT 2020","Tue Jun 02 08:24:43 PDT 2020","Fri Jun 05 08:24:43 PDT 2020","","","","536","0% (0/0)","0% (0/0)","0% (0/0)","u85z18oeoyw0onrz0da7"
"3FI30CQHVKJNQ9YM4PWNP89UW46B6S","34NBII25NZIOGJLGY73HHZ47TJY2JF","Reading a passage and responding to questions","You will read a short passage about a person, then answer questions related to the passage.","sentences, decisions, language","$0.40","Tue Jun 02 07:37:12 PDT 2020","352","BatchId:4063639;OriginalHitTemplateId:920937340;","7200","259200","Tue Jun 02 11:37:12 PDT 2020","","","3IJXV6UZ1XJSLK86SPW3AA0LQCUIRQ","A13QAA5JKRUI45","Submitted","Tue Jun 02 07:37:44 PDT 2020","Tue Jun 02 07:45:48 PDT 2020","Fri Jun 05 07:45:48 PDT 2020","","","","484","0% (0/0)","0% (0/0)","0% (0/0)","1f6mrv9np3fbcap1wl7o"
"3FI30CQHVKJNQ9YM4PWNP89UW46B6S","34NBII25NZIOGJLGY73HHZ47TJY2JF","Reading a passage and responding to questions","You will read a short passage about a person, then answer questions related to the passage.","sentences, decisions, language","$0.40","Tue Jun 02 07:37:12 PDT 2020","352","BatchId:4063639;OriginalHitTemplateId:920937340;","7200","259200","Tue Jun 02 11:37:12 PDT 2020","","","3IO1LGZLK9X6AVY9RFHEMQFBRTV86U","A1CCPIV9S3AKTH","Submitted","Tue Jun 02 10:57:28 PDT 2020","Tue Jun 02 11:06:51 PDT 2020","Fri Jun 05 11:06:51 PDT 2020","","","","563","0% (0/0)","0% (0/0)","0% (0/0)","lfzxyjhzs1hnuf7ymgds"
"3FI30CQHVKJNQ9YM4PWNP89UW46B6S","34NBII25NZIOGJLGY73HHZ47TJY2JF","Reading a passage and responding to questions","You will read a short passage about a person, then answer questions related to the passage.","sentences, decisions, language","$0.40","Tue Jun 02 07:37:12 PDT 2020","352","BatchId:4063639;OriginalHitTemplateId:920937340;","7200","259200","Tue Jun 02 11:37:12 PDT 2020","","","3IXQG4FA2TYCUCYESY40X2WEP05B9O","A2MHM7JK1T9XHR","Submitted","Tue Jun 02 07:41:30 PDT 2020","Tue Jun 02 07:45:15 PDT 2020","Fri Jun 05 07:45:15 PDT 2020","","","","225","0% (0/0)","0% (0/0)","0% (0/0)","uc0vkhfmv7l2p6wp7dkz"
"3FI30CQHVKJNQ9YM4PWNP89UW46B6S","34NBII25NZIOGJLGY73HHZ47TJY2JF","Reading a passage and responding to questions","You will read a short passage about a person, then answer questions related to the passage.","sentences, decisions, language","$0.40","Tue Jun 02 07:37:12 PDT 2020","352","BatchId:4063639;OriginalHitTemplateId:920937340;","7200","259200","Tue Jun 02 11:37:12 PDT 2020","","","3IXQG4FA2TYCUCYESY40X2WEP0G9BX","A14ZIJIYPEXC6I","Submitted","Tue Jun 02 09:37:17 PDT 2020","Tue Jun 02 09:43:45 PDT 2020","Fri Jun 05 09:43:45 PDT 2020","","","","388","0% (0/0)","0% (0/0)","0% (0/0)","9rlamuq3e34vs4nt4k6h"
"3FI30CQHVKJNQ9YM4PWNP89UW46B6S","34NBII25NZIOGJLGY73HHZ47TJY2JF","Reading a passage and responding to questions","You will read a short passage about a person, then answer questions related to the passage.","sentences, decisions, language","$0.40","Tue Jun 02 07:37:12 PDT 2020","352","BatchId:4063639;OriginalHitTemplateId:920937340;","7200","259200","Tue Jun 02 11:37:12 PDT 2020","","","3JC6VJ2SABJOAFRAJURNQB76LM5A55","A28SJSOGQKLI9T","Submitted","Tue Jun 02 08:25:07 PDT 2020","Tue Jun 02 08:32:54 PDT 2020","Fri Jun 05 08:32:54 PDT 2020","","","","467","0% (0/0)","0% (0/0)","0% (0/0)","crfya3wz5g0eww9689g3"
"3FI30CQHVKJNQ9YM4PWNP89UW46B6S","34NBII25NZIOGJLGY73HHZ47TJY2JF","Reading a passage and responding to questions","You will read a short passage about a person, then answer questions related to the passage.","sentences, decisions, language","$0.40","Tue Jun 02 07:37:12 PDT 2020","352","BatchId:4063639;OriginalHitTemplateId:920937340;","7200","259200","Tue Jun 02 11:37:12 PDT 2020","","","3JRJSWSMQHLOMDLILG5G7XZDS5B3E2","AV3WKAR3PUVRM","Submitted","Tue Jun 02 08:11:42 PDT 2020","Tue Jun 02 08:25:58 PDT 2020","Fri Jun 05 08:25:58 PDT 2020","","","","856","0% (0/0)","0% (0/0)","0% (0/0)","pp94gpy57h97tx717q33"
"3FI30CQHVKJNQ9YM4PWNP89UW46B6S","34NBII25NZIOGJLGY73HHZ47TJY2JF","Reading a passage and responding to questions","You will read a short passage about a person, then answer questions related to the passage.","sentences, decisions, language","$0.40","Tue Jun 02 07:37:12 PDT 2020","352","BatchId:4063639;OriginalHitTemplateId:920937340;","7200","259200","Tue Jun 02 11:37:12 PDT 2020","","","3JV9LGBJWTEBSGAVA9FWV3I00CIOGV","A2A0UH228PYMNX","Submitted","Tue Jun 02 07:39:58 PDT 2020","Tue Jun 02 08:02:11 PDT 2020","Fri Jun 05 08:02:11 PDT 2020","","","","1333","0% (0/0)","0% (0/0)","0% (0/0)","aodzu9qf6q5wamytue7q"
"3FI30CQHVKJNQ9YM4PWNP89UW46B6S","34NBII25NZIOGJLGY73HHZ47TJY2JF","Reading a passage and responding to questions","You will read a short passage about a person, then answer questions related to the passage.","sentences, decisions, language","$0.40","Tue Jun 02 07:37:12 PDT 2020","352","BatchId:4063639;OriginalHitTemplateId:920937340;","7200","259200","Tue Jun 02 11:37:12 PDT 2020","","","3K2755HG5S3EAJNB9GVY2O6PVJRFD6","A1I8VAUT4V90YR","Submitted","Tue Jun 02 10:18:54 PDT 2020","Tue Jun 02 10:22:32 PDT 2020","Fri Jun 05 10:22:32 PDT 2020","","","","218","0% (0/0)","0% (0/0)","0% (0/0)","j921dlp759p2as3hkrmr"
"3FI30CQHVKJNQ9YM4PWNP89UW46B6S","34NBII25NZIOGJLGY73HHZ47TJY2JF","Reading a passage and responding to questions","You will read a short passage about a person, then answer questions related to the passage.","sentences, decisions, language","$0.40","Tue Jun 02 07:37:12 PDT 2020","352","BatchId:4063639;OriginalHitTemplateId:920937340;","7200","259200","Tue Jun 02 11:37:12 PDT 2020","","","3KB8R4ZV1E7R9MLM64AAPJI1TD4BGJ","A2DLQFFZ6IBDV","Submitted","Tue Jun 02 08:28:06 PDT 2020","Tue Jun 02 08:31:25 PDT 2020","Fri Jun 05 08:31:25 PDT 2020","","","","199","0% (0/0)","0% (0/0)","0% (0/0)","pmm3h1wdb9nkttc3kb68"
"3FI30CQHVKJNQ9YM4PWNP89UW46B6S","34NBII25NZIOGJLGY73HHZ47TJY2JF","Reading a passage and responding to questions","You will read a short passage about a person, then answer questions related to the passage.","sentences, decisions, language","$0.40","Tue Jun 02 07:37:12 PDT 2020","352","BatchId:4063639;OriginalHitTemplateId:920937340;","7200","259200","Tue Jun 02 11:37:12 PDT 2020","","","3KIBXJ1WD5UGU26E000BTVAT7TZOKY","A1G70J5PZ3PZWI","Submitted","Tue Jun 02 07:40:30 PDT 2020","Tue Jun 02 07:43:56 PDT 2020","Fri Jun 05 07:43:56 PDT 2020","","","","206","0% (0/0)","0% (0/0)","0% (0/0)","1bwy7bznpdcbhg1watrz"
"3FI30CQHVKJNQ9YM4PWNP89UW46B6S","34NBII25NZIOGJLGY73HHZ47TJY2JF","Reading a passage and responding to questions","You will read a short passage about a person, then answer questions related to the passage.","sentences, decisions, language","$0.40","Tue Jun 02 07:37:12 PDT 2020","352","BatchId:4063639;OriginalHitTemplateId:920937340;","7200","259200","Tue Jun 02 11:37:12 PDT 2020","","","3KOPY89HM82WXT7AZHG74DC5XD3J3Z","A2EN2JB0M007A6","Submitted","Tue Jun 02 07:38:27 PDT 2020","Tue Jun 02 07:53:56 PDT 2020","Fri Jun 05 07:53:56 PDT 2020","","","","929","0% (0/0)","0% (0/0)","0% (0/0)","8nhsnqxpjxsfrypskm2q"
"3FI30CQHVKJNQ9YM4PWNP89UW46B6S","34NBII25NZIOGJLGY73HHZ47TJY2JF","Reading a passage and responding to questions","You will read a short passage about a person, then answer questions related to the passage.","sentences, decisions, language","$0.40","Tue Jun 02 07:37:12 PDT 2020","352","BatchId:4063639;OriginalHitTemplateId:920937340;","7200","259200","Tue Jun 02 11:37:12 PDT 2020","","","3LJ7UR74RHDDYFHZETDI7PLSKX54NA","AT5279Q4D0BY9","Submitted","Tue Jun 02 07:44:06 PDT 2020","Tue Jun 02 08:14:30 PDT 2020","Fri Jun 05 08:14:30 PDT 2020","","","","1824","0% (0/0)","0% (0/0)","0% (0/0)","e6k4vn8qkszjojue4z4o"
"3FI30CQHVKJNQ9YM4PWNP89UW46B6S","34NBII25NZIOGJLGY73HHZ47TJY2JF","Reading a passage and responding to questions","You will read a short passage about a person, then answer questions related to the passage.","sentences, decisions, language","$0.40","Tue Jun 02 07:37:12 PDT 2020","352","BatchId:4063639;OriginalHitTemplateId:920937340;","7200","259200","Tue Jun 02 11:37:12 PDT 2020","","","3LRKMWOKB5HXCQGVD35O9XV3AXKZ2T","A21QJYYUY3QONX","Submitted","Tue Jun 02 08:23:38 PDT 2020","Tue Jun 02 08:40:05 PDT 2020","Fri Jun 05 08:40:05 PDT 2020","","","","987","0% (0/0)","0% (0/0)","0% (0/0)","t3g721cwur37rvjdlatn"
"3FI30CQHVKJNQ9YM4PWNP89UW46B6S","34NBII25NZIOGJLGY73HHZ47TJY2JF","Reading a passage and responding to questions","You will read a short passage about a person, then answer questions related to the passage.","sentences, decisions, language","$0.40","Tue Jun 02 07:37:12 PDT 2020","352","BatchId:4063639;OriginalHitTemplateId:920937340;","7200","259200","Tue Jun 02 11:37:12 PDT 2020","","","3MMN5BL1WZ4MY1DV2ETZK54M17YM36","A3OHXCAWZXBFQA","Submitted","Tue Jun 02 07:38:21 PDT 2020","Tue Jun 02 09:30:40 PDT 2020","Fri Jun 05 09:30:40 PDT 2020","","","","6739","0% (0/0)","0% (0/0)","0% (0/0)","d7dsm1drxqm5dtqmqt7q"
"3FI30CQHVKJNQ9YM4PWNP89UW46B6S","34NBII25NZIOGJLGY73HHZ47TJY2JF","Reading a passage and responding to questions","You will read a short passage about a person, then answer questions related to the passage.","sentences, decisions, language","$0.40","Tue Jun 02 07:37:12 PDT 2020","352","BatchId:4063639;OriginalHitTemplateId:920937340;","7200","259200","Tue Jun 02 11:37:12 PDT 2020","","","3MYYFCXHJ377ON0DRP0NH5CVJLK4G3","A34UEZMXLOCAU","Submitted","Tue Jun 02 07:55:03 PDT 2020","Tue Jun 02 08:11:13 PDT 2020","Fri Jun 05 08:11:13 PDT 2020","","","","970","0% (0/0)","0% (0/0)","0% (0/0)","cbzhejtohhvgadmh0lgm"
"3FI30CQHVKJNQ9YM4PWNP89UW46B6S","34NBII25NZIOGJLGY73HHZ47TJY2JF","Reading a passage and responding to questions","You will read a short passage about a person, then answer questions related to the passage.","sentences, decisions, language","$0.40","Tue Jun 02 07:37:12 PDT 2020","352","BatchId:4063639;OriginalHitTemplateId:920937340;","7200","259200","Tue Jun 02 11:37:12 PDT 2020","","","3NLZY2D53PPUZK1C0D4GX0I8BUMLQ6","A1POQWMOWKNQCN","Submitted","Tue Jun 02 07:37:30 PDT 2020","Tue Jun 02 08:22:38 PDT 2020","Fri Jun 05 08:22:38 PDT 2020","","","","2708","0% (0/0)","0% (0/0)","0% (0/0)","qpekevv8owfwaz0tdlc9"
"3FI30CQHVKJNQ9YM4PWNP89UW46B6S","34NBII25NZIOGJLGY73HHZ47TJY2JF","Reading a passage and responding to questions","You will read a short passage about a person, then answer questions related to the passage.","sentences, decisions, language","$0.40","Tue Jun 02 07:37:12 PDT 2020","352","BatchId:4063639;OriginalHitTemplateId:920937340;","7200","259200","Tue Jun 02 11:37:12 PDT 2020","","","3OHYZ19UGC5AIPXSO9NMZH7X2H5OAJ","A18NX658XUSQ46","Submitted","Tue Jun 02 07:38:42 PDT 2020","Tue Jun 02 08:02:40 PDT 2020","Fri Jun 05 08:02:40 PDT 2020","","","","1438","0% (0/0)","0% (0/0)","0% (0/0)","x9d0gu360eajx63nav6u"
"3FI30CQHVKJNQ9YM4PWNP89UW46B6S","34NBII25NZIOGJLGY73HHZ47TJY2JF","Reading a passage and responding to questions","You will read a short passage about a person, then answer questions related to the passage.","sentences, decisions, language","$0.40","Tue Jun 02 07:37:12 PDT 2020","352","BatchId:4063639;OriginalHitTemplateId:920937340;","7200","259200","Tue Jun 02 11:37:12 PDT 2020","","","3ON104KXQKW3L9QD6U4538YJD99W4T","AN70M4HR3BSPA","Submitted","Tue Jun 02 07:53:25 PDT 2020","Tue Jun 02 07:55:45 PDT 2020","Fri Jun 05 07:55:45 PDT 2020","","","","140","0% (0/0)","0% (0/0)","0% (0/0)","nm95trnmd34xe8wb80jc"
"3FI30CQHVKJNQ9YM4PWNP89UW46B6S","34NBII25NZIOGJLGY73HHZ47TJY2JF","Reading a passage and responding to questions","You will read a short passage about a person, then answer questions related to the passage.","sentences, decisions, language","$0.40","Tue Jun 02 07:37:12 PDT 2020","352","BatchId:4063639;OriginalHitTemplateId:920937340;","7200","259200","Tue Jun 02 11:37:12 PDT 2020","","","3OSWBBLG1EXVA5EW9A1K8V6WZO7XDZ","A2YNLDUCO22THM","Submitted","Tue Jun 02 07:38:10 PDT 2020","Tue Jun 02 07:54:04 PDT 2020","Fri Jun 05 07:54:04 PDT 2020","","","","954","0% (0/0)","0% (0/0)","0% (0/0)","dxormgg23zx3kmdq3w24"
"3FI30CQHVKJNQ9YM4PWNP89UW46B6S","34NBII25NZIOGJLGY73HHZ47TJY2JF","Reading a passage and responding to questions","You will read a short passage about a person, then answer questions related to the passage.","sentences, decisions, language","$0.40","Tue Jun 02 07:37:12 PDT 2020","352","BatchId:4063639;OriginalHitTemplateId:920937340;","7200","259200","Tue Jun 02 11:37:12 PDT 2020","","","3PPTZCWALQKE49IGFEVP5FT6Q3UQZU","A2SOHTPWH4VGP5","Submitted","Tue Jun 02 07:38:55 PDT 2020","Tue Jun 02 07:58:00 PDT 2020","Fri Jun 05 07:58:00 PDT 2020","","","","1145","0% (0/0)","0% (0/0)","0% (0/0)","7cek3jmk2h1yzt5ddrer"
"3FI30CQHVKJNQ9YM4PWNP89UW46B6S","34NBII25NZIOGJLGY73HHZ47TJY2JF","Reading a passage and responding to questions","You will read a short passage about a person, then answer questions related to the passage.","sentences, decisions, language","$0.40","Tue Jun 02 07:37:12 PDT 2020","352","BatchId:4063639;OriginalHitTemplateId:920937340;","7200","259200","Tue Jun 02 11:37:12 PDT 2020","","","3PW9OPU9PQK0HUVN5SWWH3BRXI4123","A1ILD5BPLI8X1P","Submitted","Tue Jun 02 07:41:19 PDT 2020","Tue Jun 02 07:45:13 PDT 2020","Fri Jun 05 07:45:13 PDT 2020","","","","234","0% (0/0)","0% (0/0)","0% (0/0)","fm7owpm9jrmvs24vd5ys"
"3FI30CQHVKJNQ9YM4PWNP89UW46B6S","34NBII25NZIOGJLGY73HHZ47TJY2JF","Reading a passage and responding to questions","You will read a short passage about a person, then answer questions related to the passage.","sentences, decisions, language","$0.40","Tue Jun 02 07:37:12 PDT 2020","352","BatchId:4063639;OriginalHitTemplateId:920937340;","7200","259200","Tue Jun 02 11:37:12 PDT 2020","","","3Q5ZZ9ZEVOFARRYVMW79UK1BVY085U","A3U7EIF0P9GQKI","Submitted","Tue Jun 02 07:37:30 PDT 2020","Tue Jun 02 07:49:05 PDT 2020","Fri Jun 05 07:49:05 PDT 2020","","","","695","0% (0/0)","0% (0/0)","0% (0/0)","0f0wqjg6vczusyl2z68g"
"3FI30CQHVKJNQ9YM4PWNP89UW46B6S","34NBII25NZIOGJLGY73HHZ47TJY2JF","Reading a passage and responding to questions","You will read a short passage about a person, then answer questions related to the passage.","sentences, decisions, language","$0.40","Tue Jun 02 07:37:12 PDT 2020","352","BatchId:4063639;OriginalHitTemplateId:920937340;","7200","259200","Tue Jun 02 11:37:12 PDT 2020","","","3R08VXYT7CV04W8W8S2C6KIT4BYW7C","A1PIMJJ55A5ZTR","Submitted","Tue Jun 02 07:42:49 PDT 2020","Tue Jun 02 07:49:33 PDT 2020","Fri Jun 05 07:49:33 PDT 2020","","","","404","0% (0/0)","0% (0/0)","0% (0/0)","vvft80pxzbbv7017dwoy"
"3FI30CQHVKJNQ9YM4PWNP89UW46B6S","34NBII25NZIOGJLGY73HHZ47TJY2JF","Reading a passage and responding to questions","You will read a short passage about a person, then answer questions related to the passage.","sentences, decisions, language","$0.40","Tue Jun 02 07:37:12 PDT 2020","352","BatchId:4063639;OriginalHitTemplateId:920937340;","7200","259200","Tue Jun 02 11:37:12 PDT 2020","","","3S0TNUHWKTI5V4DO12PSSWP38FZD88","A3IP8WX9W9NAOD","Submitted","Tue Jun 02 07:47:51 PDT 2020","Tue Jun 02 07:56:34 PDT 2020","Fri Jun 05 07:56:34 PDT 2020","","","","523","0% (0/0)","0% (0/0)","0% (0/0)","k34fs78a8mjhqcwgklnn"
"3FI30CQHVKJNQ9YM4PWNP89UW46B6S","34NBII25NZIOGJLGY73HHZ47TJY2JF","Reading a passage and responding to questions","You will read a short passage about a person, then answer questions related to the passage.","sentences, decisions, language","$0.40","Tue Jun 02 07:37:12 PDT 2020","352","BatchId:4063639;OriginalHitTemplateId:920937340;","7200","259200","Tue Jun 02 11:37:12 PDT 2020","","","3SEPORI8WNZMHTBZQIY3FFE1ML9AZ8","A15SUEZF3TLJ5W","Submitted","Tue Jun 02 07:47:41 PDT 2020","Tue Jun 02 07:52:02 PDT 2020","Fri Jun 05 07:52:02 PDT 2020","","","","261","0% (0/0)","0% (0/0)","0% (0/0)","dxfat9rlje6o7s6ne5m0"
"3FI30CQHVKJNQ9YM4PWNP89UW46B6S","34NBII25NZIOGJLGY73HHZ47TJY2JF","Reading a passage and responding to questions","You will read a short passage about a person, then answer questions related to the passage.","sentences, decisions, language","$0.40","Tue Jun 02 07:37:12 PDT 2020","352","BatchId:4063639;OriginalHitTemplateId:920937340;","7200","259200","Tue Jun 02 11:37:12 PDT 2020","","","3TDXMTX3CBUZZ1AM01T5ZF9PUPI6II","A24T2U0MCJZO4T","Submitted","Tue Jun 02 07:53:20 PDT 2020","Tue Jun 02 07:56:38 PDT 2020","Fri Jun 05 07:56:38 PDT 2020","","","","198","0% (0/0)","0% (0/0)","0% (0/0)","q2925gj94zbmn1lutdnc"
"3FI30CQHVKJNQ9YM4PWNP89UW46B6S","34NBII25NZIOGJLGY73HHZ47TJY2JF","Reading a passage and responding to questions","You will read a short passage about a person, then answer questions related to the passage.","sentences, decisions, language","$0.40","Tue Jun 02 07:37:12 PDT 2020","352","BatchId:4063639;OriginalHitTemplateId:920937340;","7200","259200","Tue Jun 02 11:37:12 PDT 2020","","","3TYCR1GOTCJ3DC23N9NTOTUCGXGLZ9","A3CGDCXIOVQNE6","Submitted","Tue Jun 02 09:10:22 PDT 2020","Tue Jun 02 09:16:57 PDT 2020","Fri Jun 05 09:16:57 PDT 2020","","","","395","0% (0/0)","0% (0/0)","0% (0/0)","jztphgk5qbzl73yg4eh8"
"3FI30CQHVKJNQ9YM4PWNP89UW46B6S","34NBII25NZIOGJLGY73HHZ47TJY2JF","Reading a passage and responding to questions","You will read a short passage about a person, then answer questions related to the passage.","sentences, decisions, language","$0.40","Tue Jun 02 07:37:12 PDT 2020","352","BatchId:4063639;OriginalHitTemplateId:920937340;","7200","259200","Tue Jun 02 11:37:12 PDT 2020","","","3UXUOQ9OKEX3XJ5T7N6KOVL2CSWA7G","A1QBNMJNG3NYYY","Submitted","Tue Jun 02 07:44:58 PDT 2020","Tue Jun 02 08:01:03 PDT 2020","Fri Jun 05 08:01:03 PDT 2020","","","","965","0% (0/0)","0% (0/0)","0% (0/0)","cloqyk0c39w29h4wbcwx"
"3FI30CQHVKJNQ9YM4PWNP89UW46B6S","34NBII25NZIOGJLGY73HHZ47TJY2JF","Reading a passage and responding to questions","You will read a short passage about a person, then answer questions related to the passage.","sentences, decisions, language","$0.40","Tue Jun 02 07:37:12 PDT 2020","352","BatchId:4063639;OriginalHitTemplateId:920937340;","7200","259200","Tue Jun 02 11:37:12 PDT 2020","","","3VJ40NV2QINFXLW1U9E3UMXPQ6QOT4","A1JE75S9PGX76D","Submitted","Tue Jun 02 07:41:42 PDT 2020","Tue Jun 02 07:45:16 PDT 2020","Fri Jun 05 07:45:16 PDT 2020","","","","214","0% (0/0)","0% (0/0)","0% (0/0)","12pmbausv1x921v8mf4c"
"3FI30CQHVKJNQ9YM4PWNP89UW46B6S","34NBII25NZIOGJLGY73HHZ47TJY2JF","Reading a passage and responding to questions","You will read a short passage about a person, then answer questions related to the passage.","sentences, decisions, language","$0.40","Tue Jun 02 07:37:12 PDT 2020","352","BatchId:4063639;OriginalHitTemplateId:920937340;","7200","259200","Tue Jun 02 11:37:12 PDT 2020","","","3WJEQKOXA82PMXQRI7PBNLUP96X1AB","A22BRHO8I3T73","Submitted","Tue Jun 02 07:53:28 PDT 2020","Tue Jun 02 08:03:29 PDT 2020","Fri Jun 05 08:03:29 PDT 2020","","","","601","0% (0/0)","0% (0/0)","0% (0/0)","7qs4sja8p39q9srpxj3q"
"3FI30CQHVKJNQ9YM4PWNP89UW46B6S","34NBII25NZIOGJLGY73HHZ47TJY2JF","Reading a passage and responding to questions","You will read a short passage about a person, then answer questions related to the passage.","sentences, decisions, language","$0.40","Tue Jun 02 07:37:12 PDT 2020","352","BatchId:4063639;OriginalHitTemplateId:920937340;","7200","259200","Tue Jun 02 11:37:12 PDT 2020","","","3WMINLGALB39900PY4EV4HDGD3OCAC","A22TLF121MRXT1","Submitted","Tue Jun 02 07:57:00 PDT 2020","Tue Jun 02 08:22:14 PDT 2020","Fri Jun 05 08:22:14 PDT 2020","","","","1514","0% (0/0)","0% (0/0)","0% (0/0)","lu3zr0w1x7skgx2z9ntx"
"3FI30CQHVKJNQ9YM4PWNP89UW46B6S","34NBII25NZIOGJLGY73HHZ47TJY2JF","Reading a passage and responding to questions","You will read a short passage about a person, then answer questions related to the passage.","sentences, decisions, language","$0.40","Tue Jun 02 07:37:12 PDT 2020","352","BatchId:4063639;OriginalHitTemplateId:920937340;","7200","259200","Tue Jun 02 11:37:12 PDT 2020","","","3WQ3B2KGE8GU57VJOLP7IWEVROGB1E","A1SGLHYKESVNPP","Submitted","Tue Jun 02 07:37:53 PDT 2020","Tue Jun 02 08:57:35 PDT 2020","Fri Jun 05 08:57:35 PDT 2020","","","","4782","0% (0/0)","0% (0/0)","0% (0/0)","c7oh57xpyzx7hhowh855"
"3FI30CQHVKJNQ9YM4PWNP89UW46B6S","34NBII25NZIOGJLGY73HHZ47TJY2JF","Reading a passage and responding to questions","You will read a short passage about a person, then answer questions related to the passage.","sentences, decisions, language","$0.40","Tue Jun 02 07:37:12 PDT 2020","352","BatchId:4063639;OriginalHitTemplateId:920937340;","7200","259200","Tue Jun 02 11:37:12 PDT 2020","","","3WYP994K17RLP1PR4JF8L33DK8EY6E","AWAJ6QD4G7RF3","Submitted","Tue Jun 02 07:40:36 PDT 2020","Tue Jun 02 07:49:39 PDT 2020","Fri Jun 05 07:49:39 PDT 2020","","","","543","0% (0/0)","0% (0/0)","0% (0/0)","nyytp5fk97efm7hm3cub"
"3FI30CQHVKJNQ9YM4PWNP89UW46B6S","34NBII25NZIOGJLGY73HHZ47TJY2JF","Reading a passage and responding to questions","You will read a short passage about a person, then answer questions related to the passage.","sentences, decisions, language","$0.40","Tue Jun 02 07:37:12 PDT 2020","352","BatchId:4063639;OriginalHitTemplateId:920937340;","7200","259200","Tue Jun 02 11:37:12 PDT 2020","","","3WYP994K17RLP1PR4JF8L33DK8J6YR","A3NCES533M7SO6","Submitted","Tue Jun 02 08:22:18 PDT 2020","Tue Jun 02 08:27:05 PDT 2020","Fri Jun 05 08:27:05 PDT 2020","","","","287","0% (0/0)","0% (0/0)","0% (0/0)","cgls9kvglve418ugvc2a"
"3FI30CQHVKJNQ9YM4PWNP89UW46B6S","34NBII25NZIOGJLGY73HHZ47TJY2JF","Reading a passage and responding to questions","You will read a short passage about a person, then answer questions related to the passage.","sentences, decisions, language","$0.40","Tue Jun 02 07:37:12 PDT 2020","352","BatchId:4063639;OriginalHitTemplateId:920937340;","7200","259200","Tue Jun 02 11:37:12 PDT 2020","","","3X0H8UUIT1OMNUSOWV0N1BEPRPTSWD","A2TAFLACRRV5EP","Submitted","Tue Jun 02 10:48:10 PDT 2020","Tue Jun 02 10:54:30 PDT 2020","Fri Jun 05 10:54:30 PDT 2020","","","","380","0% (0/0)","0% (0/0)","0% (0/0)","82dp35atnoq94m4rl85z"
"3FI30CQHVKJNQ9YM4PWNP89UW46B6S","34NBII25NZIOGJLGY73HHZ47TJY2JF","Reading a passage and responding to questions","You will read a short passage about a person, then answer questions related to the passage.","sentences, decisions, language","$0.40","Tue Jun 02 07:37:12 PDT 2020","352","BatchId:4063639;OriginalHitTemplateId:920937340;","7200","259200","Tue Jun 02 11:37:12 PDT 2020","","","3X1FV8S5JXR6I0JSBL1AQVC8W51VGQ","A3NDLCR8UM6KHB","Submitted","Tue Jun 02 11:32:12 PDT 2020","Tue Jun 02 11:37:04 PDT 2020","Fri Jun 05 11:37:04 PDT 2020","","","","292","0% (0/0)","0% (0/0)","0% (0/0)","09zb41vafuo26qf70qna"
"3FI30CQHVKJNQ9YM4PWNP89UW46B6S","34NBII25NZIOGJLGY73HHZ47TJY2JF","Reading a passage and responding to questions","You will read a short passage about a person, then answer questions related to the passage.","sentences, decisions, language","$0.40","Tue Jun 02 07:37:12 PDT 2020","352","BatchId:4063639;OriginalHitTemplateId:920937340;","7200","259200","Tue Jun 02 11:37:12 PDT 2020","","","3X4JMASXCM9UYIA1S2L74RVLMWAB0B","A1SOQ9Q35SASE4","Submitted","Tue Jun 02 07:37:50 PDT 2020","Tue Jun 02 07:42:37 PDT 2020","Fri Jun 05 07:42:37 PDT 2020","","","","287","0% (0/0)","0% (0/0)","0% (0/0)","bo33wqbmp50w2qn8pgwc"
"3FI30CQHVKJNQ9YM4PWNP89UW46B6S","34NBII25NZIOGJLGY73HHZ47TJY2JF","Reading a passage and responding to questions","You will read a short passage about a person, then answer questions related to the passage.","sentences, decisions, language","$0.40","Tue Jun 02 07:37:12 PDT 2020","352","BatchId:4063639;OriginalHitTemplateId:920937340;","7200","259200","Tue Jun 02 11:37:12 PDT 2020","","","3XXU1SWE8MVPF859MOLB9GBF4E00AG","AAMAFP7EA2CY3","Submitted","Tue Jun 02 09:24:32 PDT 2020","Tue Jun 02 09:45:54 PDT 2020","Fri Jun 05 09:45:54 PDT 2020","","","","1282","0% (0/0)","0% (0/0)","0% (0/0)","u8k83b6pmo04e3t68cpm"
"3FI30CQHVKJNQ9YM4PWNP89UW46B6S","34NBII25NZIOGJLGY73HHZ47TJY2JF","Reading a passage and responding to questions","You will read a short passage about a person, then answer questions related to the passage.","sentences, decisions, language","$0.40","Tue Jun 02 07:37:12 PDT 2020","352","BatchId:4063639;OriginalHitTemplateId:920937340;","7200","259200","Tue Jun 02 11:37:12 PDT 2020","","","3Y4W8Q93LZK36G919V02KA9BJDZVDU","A33BG729TXFRYL","Submitted","Tue Jun 02 07:40:38 PDT 2020","Tue Jun 02 07:42:52 PDT 2020","Fri Jun 05 07:42:52 PDT 2020","","","","134","0% (0/0)","0% (0/0)","0% (0/0)","ndhpu307capu4eeavyjk"
"3FI30CQHVKJNQ9YM4PWNP89UW46B6S","34NBII25NZIOGJLGY73HHZ47TJY2JF","Reading a passage and responding to questions","You will read a short passage about a person, then answer questions related to the passage.","sentences, decisions, language","$0.40","Tue Jun 02 07:37:12 PDT 2020","352","BatchId:4063639;OriginalHitTemplateId:920937340;","7200","259200","Tue Jun 02 11:37:12 PDT 2020","","","3YHH42UU5BF6BRWDJFA1IURQYQQL0A","A1JMT7TW15X73N","Submitted","Tue Jun 02 08:00:42 PDT 2020","Tue Jun 02 08:15:11 PDT 2020","Fri Jun 05 08:15:11 PDT 2020","","","","869","0% (0/0)","0% (0/0)","0% (0/0)","rcvmmgy2d1fwmsv3fb6m"
"3FI30CQHVKJNQ9YM4PWNP89UW46B6S","34NBII25NZIOGJLGY73HHZ47TJY2JF","Reading a passage and responding to questions","You will read a short passage about a person, then answer questions related to the passage.","sentences, decisions, language","$0.40","Tue Jun 02 07:37:12 PDT 2020","352","BatchId:4063639;OriginalHitTemplateId:920937340;","7200","259200","Tue Jun 02 11:37:12 PDT 2020","","","3YZ8UPK3VTMTO9EN49VM4IPAK6FCUN","A20VNT5IHVO401","Submitted","Tue Jun 02 07:46:12 PDT 2020","Tue Jun 02 08:59:47 PDT 2020","Fri Jun 05 08:59:47 PDT 2020","","","","4415","0% (0/0)","0% (0/0)","0% (0/0)","w8p9h7ka3oug678emy6n"
"3FI30CQHVKJNQ9YM4PWNP89UW46B6S","34NBII25NZIOGJLGY73HHZ47TJY2JF","Reading a passage and responding to questions","You will read a short passage about a person, then answer questions related to the passage.","sentences, decisions, language","$0.40","Tue Jun 02 07:37:12 PDT 2020","352","BatchId:4063639;OriginalHitTemplateId:920937340;","7200","259200","Tue Jun 02 11:37:12 PDT 2020","","","3ZPBJO59KP1YOFEH46JY59I2BY1DHZ","A1PCMUFUBMTGKN","Submitted","Tue Jun 02 09:44:02 PDT 2020","Tue Jun 02 09:55:55 PDT 2020","Fri Jun 05 09:55:55 PDT 2020","","","","713","0% (0/0)","0% (0/0)","0% (0/0)","q7k8pu7k088h8zrll82w"
"3FI30CQHVKJNQ9YM4PWNP89UW46B6S","34NBII25NZIOGJLGY73HHZ47TJY2JF","Reading a passage and responding to questions","You will read a short passage about a person, then answer questions related to the passage.","sentences, decisions, language","$0.40","Tue Jun 02 07:37:12 PDT 2020","352","BatchId:4063639;OriginalHitTemplateId:920937340;","7200","259200","Tue Jun 02 11:37:12 PDT 2020","","","3ZSY5X72NXB2H6J9QK98U7W72LFORD","A8TWVGUDZFU46","Submitted","Tue Jun 02 11:26:08 PDT 2020","Tue Jun 02 11:28:55 PDT 2020","Fri Jun 05 11:28:55 PDT 2020","","","","167","0% (0/0)","0% (0/0)","0% (0/0)","l1s4sa2lew23o5yylpab"