"HITId","HITTypeId","Title","Description","Keywords","Reward","CreationTime","MaxAssignments","RequesterAnnotation","AssignmentDurationInSeconds","AutoApprovalDelayInSeconds","Expiration","NumberOfSimilarHITs","LifetimeInSeconds","AssignmentId","WorkerId","AssignmentStatus","AcceptTime","SubmitTime","AutoApprovalTime","ApprovalTime","RejectionTime","RequesterFeedback","WorkTimeInSeconds","LifetimeApprovalRate","Last30DaysApprovalRate","Last7DaysApprovalRate","Answer.surveycode","Approve","Reject"
"32PT7WK7DMFH8N9OZJPVDVLAPQ13DQ","32KI9HN0SH8Q5EEER27HJI3DITGU1K","Reading a passage and responding to questions","You will read a short passage about a person, then answer questions related to the passage.","sentences, decisions, language","$0.40","Mon May 25 13:14:50 PDT 2020","352","BatchId:4052589;OriginalHitTemplateId:920937340;","7200","172800","Mon May 25 17:14:50 PDT 2020","","","30JNVC0OR9KSDOIM9SPI58P1TSCHQN","A39H0BHUAB6WBK","Submitted","Mon May 25 14:14:40 PDT 2020","Mon May 25 14:28:10 PDT 2020","Wed May 27 14:28:10 PDT 2020","","","","810","0% (0/0)","0% (0/0)","0% (0/0)","dbf1ngjohxo1zhunudhm"
"32PT7WK7DMFH8N9OZJPVDVLAPQ13DQ","32KI9HN0SH8Q5EEER27HJI3DITGU1K","Reading a passage and responding to questions","You will read a short passage about a person, then answer questions related to the passage.","sentences, decisions, language","$0.40","Mon May 25 13:14:50 PDT 2020","352","BatchId:4052589;OriginalHitTemplateId:920937340;","7200","172800","Mon May 25 17:14:50 PDT 2020","","","30LB5CDZNCAQGGDHYG1AQ92OCEPZ0R","A24I61SS985QH","Submitted","Mon May 25 13:16:35 PDT 2020","Mon May 25 13:23:12 PDT 2020","Wed May 27 13:23:12 PDT 2020","","","","397","0% (0/0)","0% (0/0)","0% (0/0)","2dcbcdsod8oj1jqfkmwp"
"32PT7WK7DMFH8N9OZJPVDVLAPQ13DQ","32KI9HN0SH8Q5EEER27HJI3DITGU1K","Reading a passage and responding to questions","You will read a short passage about a person, then answer questions related to the passage.","sentences, decisions, language","$0.40","Mon May 25 13:14:50 PDT 2020","352","BatchId:4052589;OriginalHitTemplateId:920937340;","7200","172800","Mon May 25 17:14:50 PDT 2020","","","31LM9EDVOLS31X0KH00MDRAB19ONJ6","A2OJE0VQPEUJMT","Submitted","Mon May 25 13:27:01 PDT 2020","Mon May 25 13:38:24 PDT 2020","Wed May 27 13:38:24 PDT 2020","","","","683","0% (0/0)","0% (0/0)","0% (0/0)","ou8vha4edyoywkngl8d0"
"32PT7WK7DMFH8N9OZJPVDVLAPQ13DQ","32KI9HN0SH8Q5EEER27HJI3DITGU1K","Reading a passage and responding to questions","You will read a short passage about a person, then answer questions related to the passage.","sentences, decisions, language","$0.40","Mon May 25 13:14:50 PDT 2020","352","BatchId:4052589;OriginalHitTemplateId:920937340;","7200","172800","Mon May 25 17:14:50 PDT 2020","","","31LVTDXBL7AUBLGCDSTG2QSD6VHRLZ","A2WC8DV7EB0FOY","Submitted","Mon May 25 13:17:01 PDT 2020","Mon May 25 13:41:02 PDT 2020","Wed May 27 13:41:02 PDT 2020","","","","1441","0% (0/0)","0% (0/0)","0% (0/0)","onjh4e2esw8b4z0pbsx8"
"32PT7WK7DMFH8N9OZJPVDVLAPQ13DQ","32KI9HN0SH8Q5EEER27HJI3DITGU1K","Reading a passage and responding to questions","You will read a short passage about a person, then answer questions related to the passage.","sentences, decisions, language","$0.40","Mon May 25 13:14:50 PDT 2020","352","BatchId:4052589;OriginalHitTemplateId:920937340;","7200","172800","Mon May 25 17:14:50 PDT 2020","","","32XVDSJFPZXXDJHCYEFU1VZUU8SM2I","AXCIG7A957UO6","Submitted","Mon May 25 13:23:41 PDT 2020","Mon May 25 13:52:42 PDT 2020","Wed May 27 13:52:42 PDT 2020","","","","1741","0% (0/0)","0% (0/0)","0% (0/0)","3amfooqmttk163x08l1p"
"32PT7WK7DMFH8N9OZJPVDVLAPQ13DQ","32KI9HN0SH8Q5EEER27HJI3DITGU1K","Reading a passage and responding to questions","You will read a short passage about a person, then answer questions related to the passage.","sentences, decisions, language","$0.40","Mon May 25 13:14:50 PDT 2020","352","BatchId:4052589;OriginalHitTemplateId:920937340;","7200","172800","Mon May 25 17:14:50 PDT 2020","","","336KAV9KYQSX706QHH35VQM13I8Y2M","A1TVVXA5T60VYR","Submitted","Mon May 25 13:47:48 PDT 2020","Mon May 25 13:54:00 PDT 2020","Wed May 27 13:54:00 PDT 2020","","","","372","0% (0/0)","0% (0/0)","0% (0/0)","3goejean8dungluqqj32"
"32PT7WK7DMFH8N9OZJPVDVLAPQ13DQ","32KI9HN0SH8Q5EEER27HJI3DITGU1K","Reading a passage and responding to questions","You will read a short passage about a person, then answer questions related to the passage.","sentences, decisions, language","$0.40","Mon May 25 13:14:50 PDT 2020","352","BatchId:4052589;OriginalHitTemplateId:920937340;","7200","172800","Mon May 25 17:14:50 PDT 2020","","","336YQZE83VEPCG0ZGXHSZ226EIT5MC","A3MYQGYGHTZVCP","Submitted","Mon May 25 15:02:48 PDT 2020","Mon May 25 15:08:14 PDT 2020","Wed May 27 15:08:14 PDT 2020","","","","326","0% (0/0)","0% (0/0)","0% (0/0)","49l417gmz10pmt5aelam"
"32PT7WK7DMFH8N9OZJPVDVLAPQ13DQ","32KI9HN0SH8Q5EEER27HJI3DITGU1K","Reading a passage and responding to questions","You will read a short passage about a person, then answer questions related to the passage.","sentences, decisions, language","$0.40","Mon May 25 13:14:50 PDT 2020","352","BatchId:4052589;OriginalHitTemplateId:920937340;","7200","172800","Mon May 25 17:14:50 PDT 2020","","","337RC3OW052M4SXTMCYQ3NHGR1ULVM","AKIVKZX0MUZ6H","Submitted","Mon May 25 13:16:26 PDT 2020","Mon May 25 13:22:11 PDT 2020","Wed May 27 13:22:11 PDT 2020","","","","345","0% (0/0)","0% (0/0)","0% (0/0)","tc64drmbb8x3uyr99lab"
"32PT7WK7DMFH8N9OZJPVDVLAPQ13DQ","32KI9HN0SH8Q5EEER27HJI3DITGU1K","Reading a passage and responding to questions","You will read a short passage about a person, then answer questions related to the passage.","sentences, decisions, language","$0.40","Mon May 25 13:14:50 PDT 2020","352","BatchId:4052589;OriginalHitTemplateId:920937340;","7200","172800","Mon May 25 17:14:50 PDT 2020","","","33JKGHPFYCUT2565KXDETJ2S53VNMM","AFIK3VBMMX6G6","Submitted","Mon May 25 15:40:57 PDT 2020","Mon May 25 15:44:54 PDT 2020","Wed May 27 15:44:54 PDT 2020","","","","237","0% (0/0)","0% (0/0)","0% (0/0)","wdw19g1bakwafam0rjgf"
"32PT7WK7DMFH8N9OZJPVDVLAPQ13DQ","32KI9HN0SH8Q5EEER27HJI3DITGU1K","Reading a passage and responding to questions","You will read a short passage about a person, then answer questions related to the passage.","sentences, decisions, language","$0.40","Mon May 25 13:14:50 PDT 2020","352","BatchId:4052589;OriginalHitTemplateId:920937340;","7200","172800","Mon May 25 17:14:50 PDT 2020","","","33L7PJKHCGYCCT9LNSP7X07PAGG8T8","A8XNPDHS00O3N","Submitted","Mon May 25 13:23:07 PDT 2020","Mon May 25 13:31:08 PDT 2020","Wed May 27 13:31:08 PDT 2020","","","","481","0% (0/0)","0% (0/0)","0% (0/0)","vo85zrfzj2guqcf8dvrp"
"32PT7WK7DMFH8N9OZJPVDVLAPQ13DQ","32KI9HN0SH8Q5EEER27HJI3DITGU1K","Reading a passage and responding to questions","You will read a short passage about a person, then answer questions related to the passage.","sentences, decisions, language","$0.40","Mon May 25 13:14:50 PDT 2020","352","BatchId:4052589;OriginalHitTemplateId:920937340;","7200","172800","Mon May 25 17:14:50 PDT 2020","","","33LK57MYLT5QHPXT7IKU0F8776OSZN","A3CV6273JOLBHU","Submitted","Mon May 25 16:16:28 PDT 2020","Mon May 25 16:24:27 PDT 2020","Wed May 27 16:24:27 PDT 2020","","","","479","0% (0/0)","0% (0/0)","0% (0/0)","7erl3aaswfvslek1j66a"
"32PT7WK7DMFH8N9OZJPVDVLAPQ13DQ","32KI9HN0SH8Q5EEER27HJI3DITGU1K","Reading a passage and responding to questions","You will read a short passage about a person, then answer questions related to the passage.","sentences, decisions, language","$0.40","Mon May 25 13:14:50 PDT 2020","352","BatchId:4052589;OriginalHitTemplateId:920937340;","7200","172800","Mon May 25 17:14:50 PDT 2020","","","33PPO7FECVFYKAP1AO1J5LJHAQDIDN","A2U0E5RCHYV99N","Submitted","Mon May 25 16:26:57 PDT 2020","Mon May 25 16:38:20 PDT 2020","Wed May 27 16:38:20 PDT 2020","","","","683","0% (0/0)","0% (0/0)","0% (0/0)","m0ajbyux23bj9r6o4wcm"
"32PT7WK7DMFH8N9OZJPVDVLAPQ13DQ","32KI9HN0SH8Q5EEER27HJI3DITGU1K","Reading a passage and responding to questions","You will read a short passage about a person, then answer questions related to the passage.","sentences, decisions, language","$0.40","Mon May 25 13:14:50 PDT 2020","352","BatchId:4052589;OriginalHitTemplateId:920937340;","7200","172800","Mon May 25 17:14:50 PDT 2020","","","33PPO7FECVFYKAP1AO1J5LJHAQZDI4","AEOFJWOEXF94U","Submitted","Mon May 25 13:39:52 PDT 2020","Mon May 25 13:43:13 PDT 2020","Wed May 27 13:43:13 PDT 2020","","","","201","0% (0/0)","0% (0/0)","0% (0/0)","3l5p5chltvut7a6oahyn"
"32PT7WK7DMFH8N9OZJPVDVLAPQ13DQ","32KI9HN0SH8Q5EEER27HJI3DITGU1K","Reading a passage and responding to questions","You will read a short passage about a person, then answer questions related to the passage.","sentences, decisions, language","$0.40","Mon May 25 13:14:50 PDT 2020","352","BatchId:4052589;OriginalHitTemplateId:920937340;","7200","172800","Mon May 25 17:14:50 PDT 2020","","","34MAJL3QP4N6UBOPWAT3YBNMEVG43P","A1MIYNSRG2PMMK","Submitted","Mon May 25 14:52:05 PDT 2020","Mon May 25 15:02:22 PDT 2020","Wed May 27 15:02:22 PDT 2020","","","","617","0% (0/0)","0% (0/0)","0% (0/0)","81h42u22hkbb5cy1jz3h"
"32PT7WK7DMFH8N9OZJPVDVLAPQ13DQ","32KI9HN0SH8Q5EEER27HJI3DITGU1K","Reading a passage and responding to questions","You will read a short passage about a person, then answer questions related to the passage.","sentences, decisions, language","$0.40","Mon May 25 13:14:50 PDT 2020","352","BatchId:4052589;OriginalHitTemplateId:920937340;","7200","172800","Mon May 25 17:14:50 PDT 2020","","","34PGFRQONOBTOR9Y91R99AN2ULVJWW","A2VADT3IOGBUZ9","Submitted","Mon May 25 13:53:40 PDT 2020","Mon May 25 14:21:25 PDT 2020","Wed May 27 14:21:25 PDT 2020","","","","1665","0% (0/0)","0% (0/0)","0% (0/0)","l8c2tuteeql5bl51kr64"
"32PT7WK7DMFH8N9OZJPVDVLAPQ13DQ","32KI9HN0SH8Q5EEER27HJI3DITGU1K","Reading a passage and responding to questions","You will read a short passage about a person, then answer questions related to the passage.","sentences, decisions, language","$0.40","Mon May 25 13:14:50 PDT 2020","352","BatchId:4052589;OriginalHitTemplateId:920937340;","7200","172800","Mon May 25 17:14:50 PDT 2020","","","34S6N1K2ZVJHMR29HNHMOMQ7JMJHLS","A7T06JMP6BTDS","Submitted","Mon May 25 13:16:52 PDT 2020","Mon May 25 14:52:45 PDT 2020","Wed May 27 14:52:45 PDT 2020","","","","5753","0% (0/0)","0% (0/0)","0% (0/0)","aa8apkk6g74sk4c1y01z"
"32PT7WK7DMFH8N9OZJPVDVLAPQ13DQ","32KI9HN0SH8Q5EEER27HJI3DITGU1K","Reading a passage and responding to questions","You will read a short passage about a person, then answer questions related to the passage.","sentences, decisions, language","$0.40","Mon May 25 13:14:50 PDT 2020","352","BatchId:4052589;OriginalHitTemplateId:920937340;","7200","172800","Mon May 25 17:14:50 PDT 2020","","","34X6J5FLPTYO4UDCXSS3HL5G6KOJQ2","A2XLKQ3W2G9PE3","Submitted","Mon May 25 15:49:46 PDT 2020","Mon May 25 15:53:22 PDT 2020","Wed May 27 15:53:22 PDT 2020","","","","216","0% (0/0)","0% (0/0)","0% (0/0)","n7nfcj8t94af8rgday05"
"32PT7WK7DMFH8N9OZJPVDVLAPQ13DQ","32KI9HN0SH8Q5EEER27HJI3DITGU1K","Reading a passage and responding to questions","You will read a short passage about a person, then answer questions related to the passage.","sentences, decisions, language","$0.40","Mon May 25 13:14:50 PDT 2020","352","BatchId:4052589;OriginalHitTemplateId:920937340;","7200","172800","Mon May 25 17:14:50 PDT 2020","","","358010RM5ETH4MEI0V1EEHC3YA8XVO","AQUMYL80TS8WC","Submitted","Mon May 25 13:57:02 PDT 2020","Mon May 25 14:00:05 PDT 2020","Wed May 27 14:00:05 PDT 2020","","","","183","0% (0/0)","0% (0/0)","0% (0/0)","dy96zubatwjfjnoafvq7"
"32PT7WK7DMFH8N9OZJPVDVLAPQ13DQ","32KI9HN0SH8Q5EEER27HJI3DITGU1K","Reading a passage and responding to questions","You will read a short passage about a person, then answer questions related to the passage.","sentences, decisions, language","$0.40","Mon May 25 13:14:50 PDT 2020","352","BatchId:4052589;OriginalHitTemplateId:920937340;","7200","172800","Mon May 25 17:14:50 PDT 2020","","","35L9RVQFCOIK5HP3Q19NF9MQWDOHUY","A2JGWDPGYD5X0N","Submitted","Mon May 25 15:25:05 PDT 2020","Mon May 25 15:28:31 PDT 2020","Wed May 27 15:28:31 PDT 2020","","","","206","0% (0/0)","0% (0/0)","0% (0/0)","mehnvtycea66jq02tqs5"
"32PT7WK7DMFH8N9OZJPVDVLAPQ13DQ","32KI9HN0SH8Q5EEER27HJI3DITGU1K","Reading a passage and responding to questions","You will read a short passage about a person, then answer questions related to the passage.","sentences, decisions, language","$0.40","Mon May 25 13:14:50 PDT 2020","352","BatchId:4052589;OriginalHitTemplateId:920937340;","7200","172800","Mon May 25 17:14:50 PDT 2020","","","36DSNE9QZ5YLJI0WIF0ZSGAGRJBJOZ","AZKZCA3XGV3FI","Submitted","Mon May 25 17:00:28 PDT 2020","Mon May 25 17:07:18 PDT 2020","Wed May 27 17:07:18 PDT 2020","","","","410","0% (0/0)","0% (0/0)","0% (0/0)","0s717kea1ja2p0n32nf8"
"32PT7WK7DMFH8N9OZJPVDVLAPQ13DQ","32KI9HN0SH8Q5EEER27HJI3DITGU1K","Reading a passage and responding to questions","You will read a short passage about a person, then answer questions related to the passage.","sentences, decisions, language","$0.40","Mon May 25 13:14:50 PDT 2020","352","BatchId:4052589;OriginalHitTemplateId:920937340;","7200","172800","Mon May 25 17:14:50 PDT 2020","","","373ERPL3YO8IUYOHM1V7OH2U08KRTJ","ALRRK4B0VPPQ2","Submitted","Mon May 25 16:35:14 PDT 2020","Mon May 25 16:40:12 PDT 2020","Wed May 27 16:40:12 PDT 2020","","","","298","0% (0/0)","0% (0/0)","0% (0/0)","3h012y5qhusl9qrmxlo1"
"32PT7WK7DMFH8N9OZJPVDVLAPQ13DQ","32KI9HN0SH8Q5EEER27HJI3DITGU1K","Reading a passage and responding to questions","You will read a short passage about a person, then answer questions related to the passage.","sentences, decisions, language","$0.40","Mon May 25 13:14:50 PDT 2020","352","BatchId:4052589;OriginalHitTemplateId:920937340;","7200","172800","Mon May 25 17:14:50 PDT 2020","","","373ERPL3YO8IUYOHM1V7OH2U08KTRL","A2XJOIHPC33ZTP","Submitted","Mon May 25 16:32:13 PDT 2020","Mon May 25 16:35:02 PDT 2020","Wed May 27 16:35:02 PDT 2020","","","","169","0% (0/0)","0% (0/0)","0% (0/0)","rlc79k8j7ssfvxsh1ucc"
"32PT7WK7DMFH8N9OZJPVDVLAPQ13DQ","32KI9HN0SH8Q5EEER27HJI3DITGU1K","Reading a passage and responding to questions","You will read a short passage about a person, then answer questions related to the passage.","sentences, decisions, language","$0.40","Mon May 25 13:14:50 PDT 2020","352","BatchId:4052589;OriginalHitTemplateId:920937340;","7200","172800","Mon May 25 17:14:50 PDT 2020","","","37UQDCYH6XVNP78RIIXGKIZFWHPV7N","A827A0PSD3R10","Submitted","Mon May 25 13:18:46 PDT 2020","Mon May 25 13:25:47 PDT 2020","Wed May 27 13:25:47 PDT 2020","","","","421","0% (0/0)","0% (0/0)","0% (0/0)","4f61nhuk1w5vzz4p4z2u"
"32PT7WK7DMFH8N9OZJPVDVLAPQ13DQ","32KI9HN0SH8Q5EEER27HJI3DITGU1K","Reading a passage and responding to questions","You will read a short passage about a person, then answer questions related to the passage.","sentences, decisions, language","$0.40","Mon May 25 13:14:50 PDT 2020","352","BatchId:4052589;OriginalHitTemplateId:920937340;","7200","172800","Mon May 25 17:14:50 PDT 2020","","","37XITHEISW918HM60F0HZ72QCM4CR5","AMA18W8F60Y2J","Submitted","Mon May 25 13:19:50 PDT 2020","Mon May 25 13:50:41 PDT 2020","Wed May 27 13:50:41 PDT 2020","","","","1851","0% (0/0)","0% (0/0)","0% (0/0)","j4l5bevf0pzswnpy67ex"
"32PT7WK7DMFH8N9OZJPVDVLAPQ13DQ","32KI9HN0SH8Q5EEER27HJI3DITGU1K","Reading a passage and responding to questions","You will read a short passage about a person, then answer questions related to the passage.","sentences, decisions, language","$0.40","Mon May 25 13:14:50 PDT 2020","352","BatchId:4052589;OriginalHitTemplateId:920937340;","7200","172800","Mon May 25 17:14:50 PDT 2020","","","38F5OAUN5NCI76D7DTGC5H86O2QH7V","A1XO4ED2PGME2M","Submitted","Mon May 25 15:22:43 PDT 2020","Mon May 25 15:53:11 PDT 2020","Wed May 27 15:53:11 PDT 2020","","","","1828","0% (0/0)","0% (0/0)","0% (0/0)","2v8u7hm6zeal3wqva709"
"32PT7WK7DMFH8N9OZJPVDVLAPQ13DQ","32KI9HN0SH8Q5EEER27HJI3DITGU1K","Reading a passage and responding to questions","You will read a short passage about a person, then answer questions related to the passage.","sentences, decisions, language","$0.40","Mon May 25 13:14:50 PDT 2020","352","BatchId:4052589;OriginalHitTemplateId:920937340;","7200","172800","Mon May 25 17:14:50 PDT 2020","","","38F5OAUN5NCI76D7DTGC5H86O2T7HO","A2MGJ1JUAFGUC9","Submitted","Mon May 25 16:02:29 PDT 2020","Mon May 25 16:10:53 PDT 2020","Wed May 27 16:10:53 PDT 2020","","","","504","0% (0/0)","0% (0/0)","0% (0/0)","spcpbseglrevmzmvs67c"
"32PT7WK7DMFH8N9OZJPVDVLAPQ13DQ","32KI9HN0SH8Q5EEER27HJI3DITGU1K","Reading a passage and responding to questions","You will read a short passage about a person, then answer questions related to the passage.","sentences, decisions, language","$0.40","Mon May 25 13:14:50 PDT 2020","352","BatchId:4052589;OriginalHitTemplateId:920937340;","7200","172800","Mon May 25 17:14:50 PDT 2020","","","38SKSKU7R1XHIMDTN5Z7OYRMJZ5ILT","A1CO4EINRZCSSK","Submitted","Mon May 25 14:26:19 PDT 2020","Mon May 25 14:34:15 PDT 2020","Wed May 27 14:34:15 PDT 2020","","","","476","0% (0/0)","0% (0/0)","0% (0/0)","jf4gsvrhp7hjbaztzg2z"
"32PT7WK7DMFH8N9OZJPVDVLAPQ13DQ","32KI9HN0SH8Q5EEER27HJI3DITGU1K","Reading a passage and responding to questions","You will read a short passage about a person, then answer questions related to the passage.","sentences, decisions, language","$0.40","Mon May 25 13:14:50 PDT 2020","352","BatchId:4052589;OriginalHitTemplateId:920937340;","7200","172800","Mon May 25 17:14:50 PDT 2020","","","39DD6S19JPBP76SB6N0PBY4S6FIZEW","A11G2VFRF4FMPX","Submitted","Mon May 25 17:05:31 PDT 2020","Mon May 25 17:10:35 PDT 2020","Wed May 27 17:10:35 PDT 2020","","","","304","0% (0/0)","0% (0/0)","0% (0/0)","zve8vw77y2rccmyz6yqd"
"32PT7WK7DMFH8N9OZJPVDVLAPQ13DQ","32KI9HN0SH8Q5EEER27HJI3DITGU1K","Reading a passage and responding to questions","You will read a short passage about a person, then answer questions related to the passage.","sentences, decisions, language","$0.40","Mon May 25 13:14:50 PDT 2020","352","BatchId:4052589;OriginalHitTemplateId:920937340;","7200","172800","Mon May 25 17:14:50 PDT 2020","","","39GHHAVOMFRHFPQEZVLQEI4BASSJ46","A2567IHLKR4TC3","Submitted","Mon May 25 13:15:08 PDT 2020","Mon May 25 14:35:59 PDT 2020","Wed May 27 14:35:59 PDT 2020","","","","4851","0% (0/0)","0% (0/0)","0% (0/0)","rus3jzravge9a2r6ypme"
"32PT7WK7DMFH8N9OZJPVDVLAPQ13DQ","32KI9HN0SH8Q5EEER27HJI3DITGU1K","Reading a passage and responding to questions","You will read a short passage about a person, then answer questions related to the passage.","sentences, decisions, language","$0.40","Mon May 25 13:14:50 PDT 2020","352","BatchId:4052589;OriginalHitTemplateId:920937340;","7200","172800","Mon May 25 17:14:50 PDT 2020","","","39GXDJN2OTERPLDASNPMYIVA71CV8R","A31C379CHJN6VW","Submitted","Mon May 25 16:31:15 PDT 2020","Mon May 25 16:39:26 PDT 2020","Wed May 27 16:39:26 PDT 2020","","","","491","0% (0/0)","0% (0/0)","0% (0/0)","hqql7605t31y41obvu1e"
"32PT7WK7DMFH8N9OZJPVDVLAPQ13DQ","32KI9HN0SH8Q5EEER27HJI3DITGU1K","Reading a passage and responding to questions","You will read a short passage about a person, then answer questions related to the passage.","sentences, decisions, language","$0.40","Mon May 25 13:14:50 PDT 2020","352","BatchId:4052589;OriginalHitTemplateId:920937340;","7200","172800","Mon May 25 17:14:50 PDT 2020","","","39OWYR0EPKRH8UI25CICF9GQCMMYFF","A3INIZKOP9XYTT","Submitted","Mon May 25 15:31:23 PDT 2020","Mon May 25 15:33:58 PDT 2020","Wed May 27 15:33:58 PDT 2020","","","","155","0% (0/0)","0% (0/0)","0% (0/0)","apltgrwv8pxzzvxht4hd"
"32PT7WK7DMFH8N9OZJPVDVLAPQ13DQ","32KI9HN0SH8Q5EEER27HJI3DITGU1K","Reading a passage and responding to questions","You will read a short passage about a person, then answer questions related to the passage.","sentences, decisions, language","$0.40","Mon May 25 13:14:50 PDT 2020","352","BatchId:4052589;OriginalHitTemplateId:920937340;","7200","172800","Mon May 25 17:14:50 PDT 2020","","","3ATTHHXXWAOCIGUI1O2VZSM9Q8LXI0","A1PSW34UDDEFNX","Submitted","Mon May 25 15:39:55 PDT 2020","Mon May 25 15:46:03 PDT 2020","Wed May 27 15:46:03 PDT 2020","","","","368","0% (0/0)","0% (0/0)","0% (0/0)","rnjd3j8jrq3g1nptt3kd"
"32PT7WK7DMFH8N9OZJPVDVLAPQ13DQ","32KI9HN0SH8Q5EEER27HJI3DITGU1K","Reading a passage and responding to questions","You will read a short passage about a person, then answer questions related to the passage.","sentences, decisions, language","$0.40","Mon May 25 13:14:50 PDT 2020","352","BatchId:4052589;OriginalHitTemplateId:920937340;","7200","172800","Mon May 25 17:14:50 PDT 2020","","","3EA3QWIZ4IV51ZLYWE1YAP13DCKTI0","A2AMF590HYL3VX","Submitted","Mon May 25 13:15:49 PDT 2020","Mon May 25 13:20:53 PDT 2020","Wed May 27 13:20:53 PDT 2020","","","","304","0% (0/0)","0% (0/0)","0% (0/0)","5oqhf9l2e78tlxv2mxre"
"32PT7WK7DMFH8N9OZJPVDVLAPQ13DQ","32KI9HN0SH8Q5EEER27HJI3DITGU1K","Reading a passage and responding to questions","You will read a short passage about a person, then answer questions related to the passage.","sentences, decisions, language","$0.40","Mon May 25 13:14:50 PDT 2020","352","BatchId:4052589;OriginalHitTemplateId:920937340;","7200","172800","Mon May 25 17:14:50 PDT 2020","","","3EFVCAY5L39IYQDGBYB3VUKGCE28JG","A2YI5GRAI0GIMS","Submitted","Mon May 25 15:45:49 PDT 2020","Mon May 25 15:57:57 PDT 2020","Wed May 27 15:57:57 PDT 2020","","","","728","0% (0/0)","0% (0/0)","0% (0/0)","6oxrdwn0ylk10sr4fsv8"
"32PT7WK7DMFH8N9OZJPVDVLAPQ13DQ","32KI9HN0SH8Q5EEER27HJI3DITGU1K","Reading a passage and responding to questions","You will read a short passage about a person, then answer questions related to the passage.","sentences, decisions, language","$0.40","Mon May 25 13:14:50 PDT 2020","352","BatchId:4052589;OriginalHitTemplateId:920937340;","7200","172800","Mon May 25 17:14:50 PDT 2020","","","3EFVCAY5L39IYQDGBYB3VUKGCEOJ8D","A2ORC04Z3SEX0R","Submitted","Mon May 25 13:15:24 PDT 2020","Mon May 25 13:23:58 PDT 2020","Wed May 27 13:23:58 PDT 2020","","","","514","0% (0/0)","0% (0/0)","0% (0/0)","87ep5rfcd16tdrcxg8cn"
"32PT7WK7DMFH8N9OZJPVDVLAPQ13DQ","32KI9HN0SH8Q5EEER27HJI3DITGU1K","Reading a passage and responding to questions","You will read a short passage about a person, then answer questions related to the passage.","sentences, decisions, language","$0.40","Mon May 25 13:14:50 PDT 2020","352","BatchId:4052589;OriginalHitTemplateId:920937340;","7200","172800","Mon May 25 17:14:50 PDT 2020","","","3EQHHY4HQSSPK64D5UJXMXI9IW7G55","A3JUPCWYN6N6H4","Submitted","Mon May 25 13:21:44 PDT 2020","Mon May 25 13:26:01 PDT 2020","Wed May 27 13:26:01 PDT 2020","","","","257","0% (0/0)","0% (0/0)","0% (0/0)","n2jazvc40v5wse2d20o8"
"32PT7WK7DMFH8N9OZJPVDVLAPQ13DQ","32KI9HN0SH8Q5EEER27HJI3DITGU1K","Reading a passage and responding to questions","You will read a short passage about a person, then answer questions related to the passage.","sentences, decisions, language","$0.40","Mon May 25 13:14:50 PDT 2020","352","BatchId:4052589;OriginalHitTemplateId:920937340;","7200","172800","Mon May 25 17:14:50 PDT 2020","","","3G0WWMR1UVKKNK4XCQKVASMXF4RNQ8","AG1ODW7KG7CEP","Submitted","Mon May 25 15:28:57 PDT 2020","Mon May 25 15:34:35 PDT 2020","Wed May 27 15:34:35 PDT 2020","","","","338","0% (0/0)","0% (0/0)","0% (0/0)","gwzw3hqv6czfxh910pet"
"32PT7WK7DMFH8N9OZJPVDVLAPQ13DQ","32KI9HN0SH8Q5EEER27HJI3DITGU1K","Reading a passage and responding to questions","You will read a short passage about a person, then answer questions related to the passage.","sentences, decisions, language","$0.40","Mon May 25 13:14:50 PDT 2020","352","BatchId:4052589;OriginalHitTemplateId:920937340;","7200","172800","Mon May 25 17:14:50 PDT 2020","","","3G2UL9A02DE2AHTQHAP88QJGFOB67K","A2HL2THWOYKV97","Submitted","Mon May 25 15:31:28 PDT 2020","Mon May 25 15:34:30 PDT 2020","Wed May 27 15:34:30 PDT 2020","","","","182","0% (0/0)","0% (0/0)","0% (0/0)","xwavt0a33qtaopg7f15o"
"32PT7WK7DMFH8N9OZJPVDVLAPQ13DQ","32KI9HN0SH8Q5EEER27HJI3DITGU1K","Reading a passage and responding to questions","You will read a short passage about a person, then answer questions related to the passage.","sentences, decisions, language","$0.40","Mon May 25 13:14:50 PDT 2020","352","BatchId:4052589;OriginalHitTemplateId:920937340;","7200","172800","Mon May 25 17:14:50 PDT 2020","","","3GNA64GUZE4GXVYR8QO9GBMBOJY5Q7","A1ZEM7TJ8OPAKF","Submitted","Mon May 25 16:58:11 PDT 2020","Mon May 25 17:01:00 PDT 2020","Wed May 27 17:01:00 PDT 2020","","","","169","0% (0/0)","0% (0/0)","0% (0/0)","gk5ssawqcs4lyvn1na6p"
"32PT7WK7DMFH8N9OZJPVDVLAPQ13DQ","32KI9HN0SH8Q5EEER27HJI3DITGU1K","Reading a passage and responding to questions","You will read a short passage about a person, then answer questions related to the passage.","sentences, decisions, language","$0.40","Mon May 25 13:14:50 PDT 2020","352","BatchId:4052589;OriginalHitTemplateId:920937340;","7200","172800","Mon May 25 17:14:50 PDT 2020","","","3HOSI13XHZOHCZ9FIA08EO34IL0DDB","A1RMC2LZQUM9L6","Submitted","Mon May 25 15:27:07 PDT 2020","Mon May 25 15:35:11 PDT 2020","Wed May 27 15:35:11 PDT 2020","","","","484","0% (0/0)","0% (0/0)","0% (0/0)","p1zkz4zfrqb5jh737oaq"
"32PT7WK7DMFH8N9OZJPVDVLAPQ13DQ","32KI9HN0SH8Q5EEER27HJI3DITGU1K","Reading a passage and responding to questions","You will read a short passage about a person, then answer questions related to the passage.","sentences, decisions, language","$0.40","Mon May 25 13:14:50 PDT 2020","352","BatchId:4052589;OriginalHitTemplateId:920937340;","7200","172800","Mon May 25 17:14:50 PDT 2020","","","3HUTX6F6VUNLDM2OBUU7TZOZP8B2OH","A3PQBEW0N42DIF","Submitted","Mon May 25 13:56:42 PDT 2020","Mon May 25 14:02:06 PDT 2020","Wed May 27 14:02:06 PDT 2020","","","","324","0% (0/0)","0% (0/0)","0% (0/0)","ovlzcjju9o3ur43cw3bp"
"32PT7WK7DMFH8N9OZJPVDVLAPQ13DQ","32KI9HN0SH8Q5EEER27HJI3DITGU1K","Reading a passage and responding to questions","You will read a short passage about a person, then answer questions related to the passage.","sentences, decisions, language","$0.40","Mon May 25 13:14:50 PDT 2020","352","BatchId:4052589;OriginalHitTemplateId:920937340;","7200","172800","Mon May 25 17:14:50 PDT 2020","","","3HWRJOOET52S6U6XBV6HF57PJ0CES0","A2L3RT12ZODMYS","Submitted","Mon May 25 15:36:18 PDT 2020","Mon May 25 15:41:19 PDT 2020","Wed May 27 15:41:19 PDT 2020","","","","301","0% (0/0)","0% (0/0)","0% (0/0)","3t1h4aelbwhm0aagjtca"
"32PT7WK7DMFH8N9OZJPVDVLAPQ13DQ","32KI9HN0SH8Q5EEER27HJI3DITGU1K","Reading a passage and responding to questions","You will read a short passage about a person, then answer questions related to the passage.","sentences, decisions, language","$0.40","Mon May 25 13:14:50 PDT 2020","352","BatchId:4052589;OriginalHitTemplateId:920937340;","7200","172800","Mon May 25 17:14:50 PDT 2020","","","3IAEQB9FMEKGL596Z55Y6CSPP15DWJ","A346Y4O6PXRWWG","Submitted","Mon May 25 15:04:53 PDT 2020","Mon May 25 15:08:10 PDT 2020","Wed May 27 15:08:10 PDT 2020","","","","197","0% (0/0)","0% (0/0)","0% (0/0)","rued98rw7zf1zv9fl78o"
"32PT7WK7DMFH8N9OZJPVDVLAPQ13DQ","32KI9HN0SH8Q5EEER27HJI3DITGU1K","Reading a passage and responding to questions","You will read a short passage about a person, then answer questions related to the passage.","sentences, decisions, language","$0.40","Mon May 25 13:14:50 PDT 2020","352","BatchId:4052589;OriginalHitTemplateId:920937340;","7200","172800","Mon May 25 17:14:50 PDT 2020","","","3IRIK4HM3AK8MYOM8RXJOCBUGZ36CE","A3DY8YIJBC5GZU","Submitted","Mon May 25 15:47:36 PDT 2020","Mon May 25 15:52:56 PDT 2020","Wed May 27 15:52:56 PDT 2020","","","","320","0% (0/0)","0% (0/0)","0% (0/0)","ye9fy7y8oy2ewsbd3aa9"
"32PT7WK7DMFH8N9OZJPVDVLAPQ13DQ","32KI9HN0SH8Q5EEER27HJI3DITGU1K","Reading a passage and responding to questions","You will read a short passage about a person, then answer questions related to the passage.","sentences, decisions, language","$0.40","Mon May 25 13:14:50 PDT 2020","352","BatchId:4052589;OriginalHitTemplateId:920937340;","7200","172800","Mon May 25 17:14:50 PDT 2020","","","3IXEICO792JP8FQXUDS9DMBY4LPT66","A2JHF7CU91EVXW","Submitted","Mon May 25 13:15:28 PDT 2020","Mon May 25 13:17:49 PDT 2020","Wed May 27 13:17:49 PDT 2020","","","","141","100% (1/1)","0% (0/0)","0% (0/0)","ho2rqc612ow4kwrsxr97"
"32PT7WK7DMFH8N9OZJPVDVLAPQ13DQ","32KI9HN0SH8Q5EEER27HJI3DITGU1K","Reading a passage and responding to questions","You will read a short passage about a person, then answer questions related to the passage.","sentences, decisions, language","$0.40","Mon May 25 13:14:50 PDT 2020","352","BatchId:4052589;OriginalHitTemplateId:920937340;","7200","172800","Mon May 25 17:14:50 PDT 2020","","","3J2UYBXQQLCOS6T6WB4ZTB9T7A260H","A1P14N5TF1M7BL","Submitted","Mon May 25 14:50:59 PDT 2020","Mon May 25 14:53:51 PDT 2020","Wed May 27 14:53:51 PDT 2020","","","","172","0% (0/0)","0% (0/0)","0% (0/0)","s3xynrh3fqnyz1umfjab"
"32PT7WK7DMFH8N9OZJPVDVLAPQ13DQ","32KI9HN0SH8Q5EEER27HJI3DITGU1K","Reading a passage and responding to questions","You will read a short passage about a person, then answer questions related to the passage.","sentences, decisions, language","$0.40","Mon May 25 13:14:50 PDT 2020","352","BatchId:4052589;OriginalHitTemplateId:920937340;","7200","172800","Mon May 25 17:14:50 PDT 2020","","","3J4Q2Z4UTY3AAEDB4RBI6BZO8GYQW5","AXWD12V200PD9","Submitted","Mon May 25 16:03:19 PDT 2020","Mon May 25 16:09:02 PDT 2020","Wed May 27 16:09:02 PDT 2020","","","","343","0% (0/0)","0% (0/0)","0% (0/0)","uotbt7nb25cvq07nve6m"
"32PT7WK7DMFH8N9OZJPVDVLAPQ13DQ","32KI9HN0SH8Q5EEER27HJI3DITGU1K","Reading a passage and responding to questions","You will read a short passage about a person, then answer questions related to the passage.","sentences, decisions, language","$0.40","Mon May 25 13:14:50 PDT 2020","352","BatchId:4052589;OriginalHitTemplateId:920937340;","7200","172800","Mon May 25 17:14:50 PDT 2020","","","3JC6VJ2SABJOAFRAJURNQB76K125AQ","AMZ8YNPOM4SQS","Submitted","Mon May 25 14:39:02 PDT 2020","Mon May 25 14:50:43 PDT 2020","Wed May 27 14:50:43 PDT 2020","","","","701","0% (0/0)","0% (0/0)","0% (0/0)","3xye6wqspzhyqa82j8my"
"32PT7WK7DMFH8N9OZJPVDVLAPQ13DQ","32KI9HN0SH8Q5EEER27HJI3DITGU1K","Reading a passage and responding to questions","You will read a short passage about a person, then answer questions related to the passage.","sentences, decisions, language","$0.40","Mon May 25 13:14:50 PDT 2020","352","BatchId:4052589;OriginalHitTemplateId:920937340;","7200","172800","Mon May 25 17:14:50 PDT 2020","","","3L70J4KAZGMJES63Y096ONVYXITDAZ","A19H91HUNQNR54","Submitted","Mon May 25 13:29:46 PDT 2020","Mon May 25 13:34:58 PDT 2020","Wed May 27 13:34:58 PDT 2020","","","","312","0% (0/0)","0% (0/0)","0% (0/0)","p9ydc0ca2fju4j6yk4mn"
"32PT7WK7DMFH8N9OZJPVDVLAPQ13DQ","32KI9HN0SH8Q5EEER27HJI3DITGU1K","Reading a passage and responding to questions","You will read a short passage about a person, then answer questions related to the passage.","sentences, decisions, language","$0.40","Mon May 25 13:14:50 PDT 2020","352","BatchId:4052589;OriginalHitTemplateId:920937340;","7200","172800","Mon May 25 17:14:50 PDT 2020","","","3LBXNTKX0RVJ7F1FXUWIMZN67IR9XM","AWVL6H3C9WL5X","Submitted","Mon May 25 14:13:23 PDT 2020","Mon May 25 14:30:17 PDT 2020","Wed May 27 14:30:17 PDT 2020","","","","1014","0% (0/0)","0% (0/0)","0% (0/0)","03heyr3arpywje58p7zz"
"32PT7WK7DMFH8N9OZJPVDVLAPQ13DQ","32KI9HN0SH8Q5EEER27HJI3DITGU1K","Reading a passage and responding to questions","You will read a short passage about a person, then answer questions related to the passage.","sentences, decisions, language","$0.40","Mon May 25 13:14:50 PDT 2020","352","BatchId:4052589;OriginalHitTemplateId:920937340;","7200","172800","Mon May 25 17:14:50 PDT 2020","","","3LOTDFNYA7ZDJPN2QB0OUCVA1EAWF2","A3BJTC39BU7R4V","Submitted","Mon May 25 13:15:50 PDT 2020","Mon May 25 13:35:16 PDT 2020","Wed May 27 13:35:16 PDT 2020","","","","1166","100% (1/1)","0% (0/0)","0% (0/0)","kw50cushhq0rcaflwbns"
"32PT7WK7DMFH8N9OZJPVDVLAPQ13DQ","32KI9HN0SH8Q5EEER27HJI3DITGU1K","Reading a passage and responding to questions","You will read a short passage about a person, then answer questions related to the passage.","sentences, decisions, language","$0.40","Mon May 25 13:14:50 PDT 2020","352","BatchId:4052589;OriginalHitTemplateId:920937340;","7200","172800","Mon May 25 17:14:50 PDT 2020","","","3LPW2N6LKT28PO58PZ8EQCJ0R4WU5T","AA9K2ALXQSR6S","Submitted","Mon May 25 15:20:45 PDT 2020","Mon May 25 15:28:14 PDT 2020","Wed May 27 15:28:14 PDT 2020","","","","449","0% (0/0)","0% (0/0)","0% (0/0)","tjku6bj6cxconq7qghck"
"32PT7WK7DMFH8N9OZJPVDVLAPQ13DQ","32KI9HN0SH8Q5EEER27HJI3DITGU1K","Reading a passage and responding to questions","You will read a short passage about a person, then answer questions related to the passage.","sentences, decisions, language","$0.40","Mon May 25 13:14:50 PDT 2020","352","BatchId:4052589;OriginalHitTemplateId:920937340;","7200","172800","Mon May 25 17:14:50 PDT 2020","","","3LYA37P8IQNWB8H5WVVPNBAUZ99KBC","ATH8KYNMX17O2","Submitted","Mon May 25 13:17:21 PDT 2020","Mon May 25 13:21:09 PDT 2020","Wed May 27 13:21:09 PDT 2020","","","","228","0% (0/0)","0% (0/0)","0% (0/0)","m7lve4lvkhjqbat8ynta"
"32PT7WK7DMFH8N9OZJPVDVLAPQ13DQ","32KI9HN0SH8Q5EEER27HJI3DITGU1K","Reading a passage and responding to questions","You will read a short passage about a person, then answer questions related to the passage.","sentences, decisions, language","$0.40","Mon May 25 13:14:50 PDT 2020","352","BatchId:4052589;OriginalHitTemplateId:920937340;","7200","172800","Mon May 25 17:14:50 PDT 2020","","","3M0BCWMB8VWN68BML9ESBM4PMGXWBZ","A1SDDV3KYG16I2","Submitted","Mon May 25 16:07:00 PDT 2020","Mon May 25 16:12:52 PDT 2020","Wed May 27 16:12:52 PDT 2020","","","","352","0% (0/0)","0% (0/0)","0% (0/0)","pfbzdr0tbefryewu5o42"
"32PT7WK7DMFH8N9OZJPVDVLAPQ13DQ","32KI9HN0SH8Q5EEER27HJI3DITGU1K","Reading a passage and responding to questions","You will read a short passage about a person, then answer questions related to the passage.","sentences, decisions, language","$0.40","Mon May 25 13:14:50 PDT 2020","352","BatchId:4052589;OriginalHitTemplateId:920937340;","7200","172800","Mon May 25 17:14:50 PDT 2020","","","3M0NZ3JDP1YPBNZIVM7M74YFTM0Z5C","AU5UJIZ3TLI5M","Submitted","Mon May 25 13:16:40 PDT 2020","Mon May 25 15:14:52 PDT 2020","Wed May 27 15:14:52 PDT 2020","","","","7092","0% (0/0)","0% (0/0)","0% (0/0)","3ykz6u25rs81454u615z"
"32PT7WK7DMFH8N9OZJPVDVLAPQ13DQ","32KI9HN0SH8Q5EEER27HJI3DITGU1K","Reading a passage and responding to questions","You will read a short passage about a person, then answer questions related to the passage.","sentences, decisions, language","$0.40","Mon May 25 13:14:50 PDT 2020","352","BatchId:4052589;OriginalHitTemplateId:920937340;","7200","172800","Mon May 25 17:14:50 PDT 2020","","","3M1CVSFP605D31A83MFQOM2XGXOAQ7","A1CO5ONFXX6VLN","Submitted","Mon May 25 14:28:30 PDT 2020","Mon May 25 14:35:54 PDT 2020","Wed May 27 14:35:54 PDT 2020","","","","444","0% (0/0)","0% (0/0)","0% (0/0)","bxp8u9tzo8udyrsw7p99"
"32PT7WK7DMFH8N9OZJPVDVLAPQ13DQ","32KI9HN0SH8Q5EEER27HJI3DITGU1K","Reading a passage and responding to questions","You will read a short passage about a person, then answer questions related to the passage.","sentences, decisions, language","$0.40","Mon May 25 13:14:50 PDT 2020","352","BatchId:4052589;OriginalHitTemplateId:920937340;","7200","172800","Mon May 25 17:14:50 PDT 2020","","","3MRNMEIQW560ABX7VRYWX1B9RU3LD0","AMZ5N4KPS59G7","Submitted","Mon May 25 15:44:20 PDT 2020","Mon May 25 15:50:00 PDT 2020","Wed May 27 15:50:00 PDT 2020","","","","340","0% (0/0)","0% (0/0)","0% (0/0)","mjtgq22ruv933lp0m2r5"
"32PT7WK7DMFH8N9OZJPVDVLAPQ13DQ","32KI9HN0SH8Q5EEER27HJI3DITGU1K","Reading a passage and responding to questions","You will read a short passage about a person, then answer questions related to the passage.","sentences, decisions, language","$0.40","Mon May 25 13:14:50 PDT 2020","352","BatchId:4052589;OriginalHitTemplateId:920937340;","7200","172800","Mon May 25 17:14:50 PDT 2020","","","3MYYFCXHJ377ON0DRP0NH5CVI0HG45","A1Q3ESI4TUIW36","Submitted","Mon May 25 14:08:29 PDT 2020","Mon May 25 14:16:02 PDT 2020","Wed May 27 14:16:02 PDT 2020","","","","453","0% (0/0)","0% (0/0)","0% (0/0)","eakvppsvthdopmspg3xb"
"32PT7WK7DMFH8N9OZJPVDVLAPQ13DQ","32KI9HN0SH8Q5EEER27HJI3DITGU1K","Reading a passage and responding to questions","You will read a short passage about a person, then answer questions related to the passage.","sentences, decisions, language","$0.40","Mon May 25 13:14:50 PDT 2020","352","BatchId:4052589;OriginalHitTemplateId:920937340;","7200","172800","Mon May 25 17:14:50 PDT 2020","","","3NAPMVF0ZWFESGAPU8D5ID24ZJD273","A3B1NS540TRRLW","Submitted","Mon May 25 16:23:06 PDT 2020","Mon May 25 16:32:49 PDT 2020","Wed May 27 16:32:49 PDT 2020","","","","583","0% (0/0)","0% (0/0)","0% (0/0)","naqlakmus7gzy4y962ge"
"32PT7WK7DMFH8N9OZJPVDVLAPQ13DQ","32KI9HN0SH8Q5EEER27HJI3DITGU1K","Reading a passage and responding to questions","You will read a short passage about a person, then answer questions related to the passage.","sentences, decisions, language","$0.40","Mon May 25 13:14:50 PDT 2020","352","BatchId:4052589;OriginalHitTemplateId:920937340;","7200","172800","Mon May 25 17:14:50 PDT 2020","","","3NAPMVF0ZWFESGAPU8D5ID24ZJY27O","A2VA74E0XFNEM1","Submitted","Mon May 25 13:27:15 PDT 2020","Mon May 25 13:31:01 PDT 2020","Wed May 27 13:31:01 PDT 2020","","","","226","0% (0/0)","0% (0/0)","0% (0/0)","4rd5bhz5mbns2md570oc"
"32PT7WK7DMFH8N9OZJPVDVLAPQ13DQ","32KI9HN0SH8Q5EEER27HJI3DITGU1K","Reading a passage and responding to questions","You will read a short passage about a person, then answer questions related to the passage.","sentences, decisions, language","$0.40","Mon May 25 13:14:50 PDT 2020","352","BatchId:4052589;OriginalHitTemplateId:920937340;","7200","172800","Mon May 25 17:14:50 PDT 2020","","","3NLZY2D53PPUZK1C0D4GX0I8A9HQLZ","A2OH81QUNXZWEN","Submitted","Mon May 25 13:33:10 PDT 2020","Mon May 25 13:37:18 PDT 2020","Wed May 27 13:37:18 PDT 2020","","","","248","0% (0/0)","0% (0/0)","0% (0/0)","r6gwb67e9qrf0j4ne87s"
"32PT7WK7DMFH8N9OZJPVDVLAPQ13DQ","32KI9HN0SH8Q5EEER27HJI3DITGU1K","Reading a passage and responding to questions","You will read a short passage about a person, then answer questions related to the passage.","sentences, decisions, language","$0.40","Mon May 25 13:14:50 PDT 2020","352","BatchId:4052589;OriginalHitTemplateId:920937340;","7200","172800","Mon May 25 17:14:50 PDT 2020","","","3NLZY2D53PPUZK1C0D4GX0I8A9ILQV","A2XHD64QUKA5Z6","Submitted","Mon May 25 13:41:00 PDT 2020","Mon May 25 13:48:05 PDT 2020","Wed May 27 13:48:05 PDT 2020","","","","425","0% (0/0)","0% (0/0)","0% (0/0)","ok52ykuuq6jmacowg90k"
"32PT7WK7DMFH8N9OZJPVDVLAPQ13DQ","32KI9HN0SH8Q5EEER27HJI3DITGU1K","Reading a passage and responding to questions","You will read a short passage about a person, then answer questions related to the passage.","sentences, decisions, language","$0.40","Mon May 25 13:14:50 PDT 2020","352","BatchId:4052589;OriginalHitTemplateId:920937340;","7200","172800","Mon May 25 17:14:50 PDT 2020","","","3NVC2EB65QZMSI29LHHAE0RT9WFY34","A3NS7NYTI8BKDY","Submitted","Mon May 25 15:01:33 PDT 2020","Mon May 25 15:06:33 PDT 2020","Wed May 27 15:06:33 PDT 2020","","","","300","0% (0/0)","0% (0/0)","0% (0/0)","0s6nq1rc8pty30x5jo0p"
"32PT7WK7DMFH8N9OZJPVDVLAPQ13DQ","32KI9HN0SH8Q5EEER27HJI3DITGU1K","Reading a passage and responding to questions","You will read a short passage about a person, then answer questions related to the passage.","sentences, decisions, language","$0.40","Mon May 25 13:14:50 PDT 2020","352","BatchId:4052589;OriginalHitTemplateId:920937340;","7200","172800","Mon May 25 17:14:50 PDT 2020","","","3OHYZ19UGC5AIPXSO9NMZH7X1W8AO1","A1INSGEVD49CB1","Submitted","Mon May 25 14:57:32 PDT 2020","Mon May 25 15:00:40 PDT 2020","Wed May 27 15:00:40 PDT 2020","","","","188","0% (0/0)","0% (0/0)","0% (0/0)","8s68m24310wepnmda8uk"
"32PT7WK7DMFH8N9OZJPVDVLAPQ13DQ","32KI9HN0SH8Q5EEER27HJI3DITGU1K","Reading a passage and responding to questions","You will read a short passage about a person, then answer questions related to the passage.","sentences, decisions, language","$0.40","Mon May 25 13:14:50 PDT 2020","352","BatchId:4052589;OriginalHitTemplateId:920937340;","7200","172800","Mon May 25 17:14:50 PDT 2020","","","3ON104KXQKW3L9QD6U4538YJCO8W4L","A85VH89JLUUTP","Submitted","Mon May 25 14:29:03 PDT 2020","Mon May 25 14:32:40 PDT 2020","Wed May 27 14:32:40 PDT 2020","","","","217","0% (0/0)","0% (0/0)","0% (0/0)","d236pmr3c9yt3eo1ooap"
"32PT7WK7DMFH8N9OZJPVDVLAPQ13DQ","32KI9HN0SH8Q5EEER27HJI3DITGU1K","Reading a passage and responding to questions","You will read a short passage about a person, then answer questions related to the passage.","sentences, decisions, language","$0.40","Mon May 25 13:14:50 PDT 2020","352","BatchId:4052589;OriginalHitTemplateId:920937340;","7200","172800","Mon May 25 17:14:50 PDT 2020","","","3OS4RQUCR9FLVMPRVK4S7YIPRDCFBP","A6PDTBK8O8O4M","Submitted","Mon May 25 17:09:00 PDT 2020","Mon May 25 17:14:14 PDT 2020","Wed May 27 17:14:14 PDT 2020","","","","314","0% (0/0)","0% (0/0)","0% (0/0)","gcz5tb7w8lhhh64sgfup"
"32PT7WK7DMFH8N9OZJPVDVLAPQ13DQ","32KI9HN0SH8Q5EEER27HJI3DITGU1K","Reading a passage and responding to questions","You will read a short passage about a person, then answer questions related to the passage.","sentences, decisions, language","$0.40","Mon May 25 13:14:50 PDT 2020","352","BatchId:4052589;OriginalHitTemplateId:920937340;","7200","172800","Mon May 25 17:14:50 PDT 2020","","","3PS7W85Z8Z2CQYSVSKVLXW20UMXT9H","A1G3P00UMTFMDH","Submitted","Mon May 25 13:17:18 PDT 2020","Mon May 25 13:26:20 PDT 2020","Wed May 27 13:26:20 PDT 2020","","","","542","0% (0/0)","0% (0/0)","0% (0/0)","n33cyyt68uqzql60lrlw"
"32PT7WK7DMFH8N9OZJPVDVLAPQ13DQ","32KI9HN0SH8Q5EEER27HJI3DITGU1K","Reading a passage and responding to questions","You will read a short passage about a person, then answer questions related to the passage.","sentences, decisions, language","$0.40","Mon May 25 13:14:50 PDT 2020","352","BatchId:4052589;OriginalHitTemplateId:920937340;","7200","172800","Mon May 25 17:14:50 PDT 2020","","","3QUO65DNQUOUXYBQUE4DZIJR8Z3UO0","A3A8P4UR9A0DWQ","Submitted","Mon May 25 15:39:21 PDT 2020","Mon May 25 16:23:29 PDT 2020","Wed May 27 16:23:29 PDT 2020","","","","2648","100% (2/2)","0% (0/0)","0% (0/0)","wg9tupb366fn3a8j7tjy"
"32PT7WK7DMFH8N9OZJPVDVLAPQ13DQ","32KI9HN0SH8Q5EEER27HJI3DITGU1K","Reading a passage and responding to questions","You will read a short passage about a person, then answer questions related to the passage.","sentences, decisions, language","$0.40","Mon May 25 13:14:50 PDT 2020","352","BatchId:4052589;OriginalHitTemplateId:920937340;","7200","172800","Mon May 25 17:14:50 PDT 2020","","","3QUO65DNQUOUXYBQUE4DZIJR8ZQOUH","A2FBJV1VAI9SQ6","Submitted","Mon May 25 13:17:18 PDT 2020","Mon May 25 13:20:21 PDT 2020","Wed May 27 13:20:21 PDT 2020","","","","183","0% (0/0)","0% (0/0)","0% (0/0)","zyqq1d8bymzk8zau7zqa"
"32PT7WK7DMFH8N9OZJPVDVLAPQ13DQ","32KI9HN0SH8Q5EEER27HJI3DITGU1K","Reading a passage and responding to questions","You will read a short passage about a person, then answer questions related to the passage.","sentences, decisions, language","$0.40","Mon May 25 13:14:50 PDT 2020","352","BatchId:4052589;OriginalHitTemplateId:920937340;","7200","172800","Mon May 25 17:14:50 PDT 2020","","","3R8YZBNQ9HIVKZCAWJ36EV07FPIQ7W","A2Q3A0ARL0M8KY","Submitted","Mon May 25 14:35:48 PDT 2020","Mon May 25 14:39:46 PDT 2020","Wed May 27 14:39:46 PDT 2020","","","","238","0% (0/0)","0% (0/0)","0% (0/0)","gmqde4yzc4qzd2e7ft30"
"32PT7WK7DMFH8N9OZJPVDVLAPQ13DQ","32KI9HN0SH8Q5EEER27HJI3DITGU1K","Reading a passage and responding to questions","You will read a short passage about a person, then answer questions related to the passage.","sentences, decisions, language","$0.40","Mon May 25 13:14:50 PDT 2020","352","BatchId:4052589;OriginalHitTemplateId:920937340;","7200","172800","Mon May 25 17:14:50 PDT 2020","","","3RSDURM96AMP2GI6A1Y6XRVQ0L1EY7","A1ZSR7EOXOKRJ9","Submitted","Mon May 25 14:14:29 PDT 2020","Mon May 25 14:17:50 PDT 2020","Wed May 27 14:17:50 PDT 2020","","","","201","0% (0/0)","0% (0/0)","0% (0/0)","lu1c49tq9s9uu5v84dm1"
"32PT7WK7DMFH8N9OZJPVDVLAPQ13DQ","32KI9HN0SH8Q5EEER27HJI3DITGU1K","Reading a passage and responding to questions","You will read a short passage about a person, then answer questions related to the passage.","sentences, decisions, language","$0.40","Mon May 25 13:14:50 PDT 2020","352","BatchId:4052589;OriginalHitTemplateId:920937340;","7200","172800","Mon May 25 17:14:50 PDT 2020","","","3RYC5T2D73TK26VA5KMNJ71XB5ZRPE","A1B65EVDS55AME","Submitted","Mon May 25 16:34:52 PDT 2020","Mon May 25 16:44:11 PDT 2020","Wed May 27 16:44:11 PDT 2020","","","","559","0% (0/0)","0% (0/0)","0% (0/0)","stogyjlhorvzdzp41vod"
"32PT7WK7DMFH8N9OZJPVDVLAPQ13DQ","32KI9HN0SH8Q5EEER27HJI3DITGU1K","Reading a passage and responding to questions","You will read a short passage about a person, then answer questions related to the passage.","sentences, decisions, language","$0.40","Mon May 25 13:14:50 PDT 2020","352","BatchId:4052589;OriginalHitTemplateId:920937340;","7200","172800","Mon May 25 17:14:50 PDT 2020","","","3S06PH7KSR4NK4T32HGDDM2VTOOD1C","AB774I47XHB4K","Submitted","Mon May 25 13:39:22 PDT 2020","Mon May 25 13:44:48 PDT 2020","Wed May 27 13:44:48 PDT 2020","","","","326","100% (1/1)","0% (0/0)","0% (0/0)","osl4nk6n0ot0e3zxkuz5"
"32PT7WK7DMFH8N9OZJPVDVLAPQ13DQ","32KI9HN0SH8Q5EEER27HJI3DITGU1K","Reading a passage and responding to questions","You will read a short passage about a person, then answer questions related to the passage.","sentences, decisions, language","$0.40","Mon May 25 13:14:50 PDT 2020","352","BatchId:4052589;OriginalHitTemplateId:920937340;","7200","172800","Mon May 25 17:14:50 PDT 2020","","","3TMFV4NEP8E44ADFIXUIKKEOEAXW8L","A2DSSNN45FH4PG","Submitted","Mon May 25 13:15:23 PDT 2020","Mon May 25 13:37:38 PDT 2020","Wed May 27 13:37:38 PDT 2020","","","","1335","0% (0/0)","0% (0/0)","0% (0/0)","dcy6pdrqzouhta4sg631"
"32PT7WK7DMFH8N9OZJPVDVLAPQ13DQ","32KI9HN0SH8Q5EEER27HJI3DITGU1K","Reading a passage and responding to questions","You will read a short passage about a person, then answer questions related to the passage.","sentences, decisions, language","$0.40","Mon May 25 13:14:50 PDT 2020","352","BatchId:4052589;OriginalHitTemplateId:920937340;","7200","172800","Mon May 25 17:14:50 PDT 2020","","","3U4J9857OEB8GTALD16GJ658TPQB7E","A1BW7N44HGFDOC","Submitted","Mon May 25 16:31:03 PDT 2020","Mon May 25 16:43:08 PDT 2020","Wed May 27 16:43:08 PDT 2020","","","","725","0% (0/0)","0% (0/0)","0% (0/0)","qlrlljhcdwr3pjqplfrx"
"32PT7WK7DMFH8N9OZJPVDVLAPQ13DQ","32KI9HN0SH8Q5EEER27HJI3DITGU1K","Reading a passage and responding to questions","You will read a short passage about a person, then answer questions related to the passage.","sentences, decisions, language","$0.40","Mon May 25 13:14:50 PDT 2020","352","BatchId:4052589;OriginalHitTemplateId:920937340;","7200","172800","Mon May 25 17:14:50 PDT 2020","","","3V5Q80FXIXRWRX92SWAF5WQOUHS23Z","A1FKRZKU1H9YFC","Submitted","Mon May 25 16:37:59 PDT 2020","Mon May 25 16:50:45 PDT 2020","Wed May 27 16:50:45 PDT 2020","","","","766","0% (0/0)","0% (0/0)","0% (0/0)","zeumlgauxlh2ox7ne92v"
"32PT7WK7DMFH8N9OZJPVDVLAPQ13DQ","32KI9HN0SH8Q5EEER27HJI3DITGU1K","Reading a passage and responding to questions","You will read a short passage about a person, then answer questions related to the passage.","sentences, decisions, language","$0.40","Mon May 25 13:14:50 PDT 2020","352","BatchId:4052589;OriginalHitTemplateId:920937340;","7200","172800","Mon May 25 17:14:50 PDT 2020","","","3VE8AYVF8MX2TORKS8KIGWSOJ77F86","AO2G336NO923D","Submitted","Mon May 25 13:16:21 PDT 2020","Mon May 25 13:24:58 PDT 2020","Wed May 27 13:24:58 PDT 2020","","","","517","0% (0/0)","0% (0/0)","0% (0/0)","hcmn877qz4tdvfxflxhf"
"32PT7WK7DMFH8N9OZJPVDVLAPQ13DQ","32KI9HN0SH8Q5EEER27HJI3DITGU1K","Reading a passage and responding to questions","You will read a short passage about a person, then answer questions related to the passage.","sentences, decisions, language","$0.40","Mon May 25 13:14:50 PDT 2020","352","BatchId:4052589;OriginalHitTemplateId:920937340;","7200","172800","Mon May 25 17:14:50 PDT 2020","","","3VHP9MDGRNK45RHX9K0NIIO79YACFR","A3OC7DWUX0M17C","Submitted","Mon May 25 16:40:56 PDT 2020","Mon May 25 16:46:20 PDT 2020","Wed May 27 16:46:20 PDT 2020","","","","324","0% (0/0)","0% (0/0)","0% (0/0)","22jptspxr5fkq1hv3bk1"
"32PT7WK7DMFH8N9OZJPVDVLAPQ13DQ","32KI9HN0SH8Q5EEER27HJI3DITGU1K","Reading a passage and responding to questions","You will read a short passage about a person, then answer questions related to the passage.","sentences, decisions, language","$0.40","Mon May 25 13:14:50 PDT 2020","352","BatchId:4052589;OriginalHitTemplateId:920937340;","7200","172800","Mon May 25 17:14:50 PDT 2020","","","3WR9XG3T63BOVUPCYMWTBSZ2JX074V","A1RF7T0DE51BKN","Submitted","Mon May 25 14:32:17 PDT 2020","Mon May 25 14:42:30 PDT 2020","Wed May 27 14:42:30 PDT 2020","","","","613","0% (0/0)","0% (0/0)","0% (0/0)","m2kwba081tz3evlzs7zj"
"32PT7WK7DMFH8N9OZJPVDVLAPQ13DQ","32KI9HN0SH8Q5EEER27HJI3DITGU1K","Reading a passage and responding to questions","You will read a short passage about a person, then answer questions related to the passage.","sentences, decisions, language","$0.40","Mon May 25 13:14:50 PDT 2020","352","BatchId:4052589;OriginalHitTemplateId:920937340;","7200","172800","Mon May 25 17:14:50 PDT 2020","","","3WZ36BJEV3GVER7SQ49HO2XQIM3TBU","A3JDCLX5RZBGUP","Submitted","Mon May 25 13:46:04 PDT 2020","Mon May 25 13:50:23 PDT 2020","Wed May 27 13:50:23 PDT 2020","","","","259","0% (0/0)","0% (0/0)","0% (0/0)","0hrms6z64kqfutxcf2ds"
"32PT7WK7DMFH8N9OZJPVDVLAPQ13DQ","32KI9HN0SH8Q5EEER27HJI3DITGU1K","Reading a passage and responding to questions","You will read a short passage about a person, then answer questions related to the passage.","sentences, decisions, language","$0.40","Mon May 25 13:14:50 PDT 2020","352","BatchId:4052589;OriginalHitTemplateId:920937340;","7200","172800","Mon May 25 17:14:50 PDT 2020","","","3X65QVEQI0NQ5JRTVV3LDVTR6UICLI","A2907V9QMK6SN4","Submitted","Mon May 25 13:53:01 PDT 2020","Mon May 25 13:57:21 PDT 2020","Wed May 27 13:57:21 PDT 2020","","","","260","0% (0/0)","0% (0/0)","0% (0/0)","xfz4gf0428h9cbyuo3ad"
"32PT7WK7DMFH8N9OZJPVDVLAPQ13DQ","32KI9HN0SH8Q5EEER27HJI3DITGU1K","Reading a passage and responding to questions","You will read a short passage about a person, then answer questions related to the passage.","sentences, decisions, language","$0.40","Mon May 25 13:14:50 PDT 2020","352","BatchId:4052589;OriginalHitTemplateId:920937340;","7200","172800","Mon May 25 17:14:50 PDT 2020","","","3X73LLYYQ1E7AR5UT0X11EUWOH2NHJ","A2I37S7GQR6X1H","Submitted","Mon May 25 16:57:07 PDT 2020","Mon May 25 17:04:00 PDT 2020","Wed May 27 17:04:00 PDT 2020","","","","413","0% (0/0)","0% (0/0)","0% (0/0)","we73jbroo1hw58shb35b"
"32PT7WK7DMFH8N9OZJPVDVLAPQ13DQ","32KI9HN0SH8Q5EEER27HJI3DITGU1K","Reading a passage and responding to questions","You will read a short passage about a person, then answer questions related to the passage.","sentences, decisions, language","$0.40","Mon May 25 13:14:50 PDT 2020","352","BatchId:4052589;OriginalHitTemplateId:920937340;","7200","172800","Mon May 25 17:14:50 PDT 2020","","","3X87C8JFV6BH3XW2KM1H9MW323SSQI","A5BMKZRGHNSRT","Submitted","Mon May 25 14:06:35 PDT 2020","Mon May 25 14:07:55 PDT 2020","Wed May 27 14:07:55 PDT 2020","","","","80","100% (5/5)","0% (0/0)","0% (0/0)","1del76ymqwrg9nzmwx9t"
"32PT7WK7DMFH8N9OZJPVDVLAPQ13DQ","32KI9HN0SH8Q5EEER27HJI3DITGU1K","Reading a passage and responding to questions","You will read a short passage about a person, then answer questions related to the passage.","sentences, decisions, language","$0.40","Mon May 25 13:14:50 PDT 2020","352","BatchId:4052589;OriginalHitTemplateId:920937340;","7200","172800","Mon May 25 17:14:50 PDT 2020","","","3XUHV3NRVKY3K2ZOP01F7XUAXWJH54","A2LB9TFURISOXW","Submitted","Mon May 25 13:16:17 PDT 2020","Mon May 25 13:19:18 PDT 2020","Wed May 27 13:19:18 PDT 2020","","","","181","0% (0/0)","0% (0/0)","0% (0/0)","wvhdv86qzj2fu52jm4rw"
"32PT7WK7DMFH8N9OZJPVDVLAPQ13DQ","32KI9HN0SH8Q5EEER27HJI3DITGU1K","Reading a passage and responding to questions","You will read a short passage about a person, then answer questions related to the passage.","sentences, decisions, language","$0.40","Mon May 25 13:14:50 PDT 2020","352","BatchId:4052589;OriginalHitTemplateId:920937340;","7200","172800","Mon May 25 17:14:50 PDT 2020","","","3XXU1SWE8MVPF859MOLB9GBF3T10AA","A1XU57EYR5PVW8","Submitted","Mon May 25 16:53:55 PDT 2020","Mon May 25 16:58:32 PDT 2020","Wed May 27 16:58:32 PDT 2020","","","","277","0% (0/0)","0% (0/0)","0% (0/0)","zugdn4lm2k4ph0nu460y"
"32PT7WK7DMFH8N9OZJPVDVLAPQ13DQ","32KI9HN0SH8Q5EEER27HJI3DITGU1K","Reading a passage and responding to questions","You will read a short passage about a person, then answer questions related to the passage.","sentences, decisions, language","$0.40","Mon May 25 13:14:50 PDT 2020","352","BatchId:4052589;OriginalHitTemplateId:920937340;","7200","172800","Mon May 25 17:14:50 PDT 2020","","","3YDGXNSEOZUSV8UV8ROZPSVXUHA84N","A3G1PYBXMY8EWV","Submitted","Mon May 25 15:26:10 PDT 2020","Mon May 25 15:40:46 PDT 2020","Wed May 27 15:40:46 PDT 2020","","","","876","0% (0/0)","0% (0/0)","0% (0/0)","sv4vpc3zdx0mu42zfhoz"
"32PT7WK7DMFH8N9OZJPVDVLAPQ13DQ","32KI9HN0SH8Q5EEER27HJI3DITGU1K","Reading a passage and responding to questions","You will read a short passage about a person, then answer questions related to the passage.","sentences, decisions, language","$0.40","Mon May 25 13:14:50 PDT 2020","352","BatchId:4052589;OriginalHitTemplateId:920937340;","7200","172800","Mon May 25 17:14:50 PDT 2020","","","3YWRV122CSZRC6OANXFH2WTRTUXU8V","A2OTQJZW0I3M2Q","Submitted","Mon May 25 15:21:21 PDT 2020","Mon May 25 15:25:42 PDT 2020","Wed May 27 15:25:42 PDT 2020","","","","261","0% (0/0)","0% (0/0)","0% (0/0)","2th5akted4sqhbz6esl7"
"32PT7WK7DMFH8N9OZJPVDVLAPQ13DQ","32KI9HN0SH8Q5EEER27HJI3DITGU1K","Reading a passage and responding to questions","You will read a short passage about a person, then answer questions related to the passage.","sentences, decisions, language","$0.40","Mon May 25 13:14:50 PDT 2020","352","BatchId:4052589;OriginalHitTemplateId:920937340;","7200","172800","Mon May 25 17:14:50 PDT 2020","","","3ZSANO2JCF7KC86T66QNXNSPV1MFSE","A2C84QVRK3KG57","Submitted","Mon May 25 14:34:44 PDT 2020","Mon May 25 14:44:39 PDT 2020","Wed May 27 14:44:39 PDT 2020","","","","595","100% (1/1)","0% (0/0)","0% (0/0)","rwwg46f80qn51t2dukcn"