"rt","url","trial_type","trial_index","time_elapsed","internal_node_id","ppt","recipient_sex","metaphor","stimulus","button_pressed","qtype","view_history","response","responses"
"6479","consent.html","external-html","0","7803","0.0-0.0","prjlgauxvydx3yb9o5a8","male","battle","","","","","",""
"1432","","image-button-response","1","9241","0.0-1.0","prjlgauxvydx3yb9o5a8","male","battle","check-1.png","2","check1","","",""
"1187","","image-button-response","2","10430","0.0-2.0","prjlgauxvydx3yb9o5a8","male","battle","check-2.png","1","check2","","",""
"5721","","instructions","3","16152","0.0-3.0","prjlgauxvydx3yb9o5a8","male","battle","","","","[{""page_index"":0,""viewing_time"":1520},{""page_index"":1,""viewing_time"":1695},{""page_index"":2,""viewing_time"":1504},{""page_index"":3,""viewing_time"":1000}]","",""
"3661","","html-slider-response","4","19817","0.0-4.0","prjlgauxvydx3yb9o5a8","male","battle","<h3>Please carefully read the following campaign, and indicate below how     much you would donate.</h3><p>Once you are satisfied, press ""Continue"" at the bottom.</p>    <br><img src=""condition_mb.png"" class=""main-trial""/>","","trial","","35",""
"5083","","survey-text","5","24903","0.0-5.0","prjlgauxvydx3yb9o5a8","male","battle","","","description","","","{""Q0"":""NICE""}"
"4798","","survey-likert","6","29705","0.0-6.0-0.0","prjlgauxvydx3yb9o5a8","male","battle","","","urgent","","","{""Q0"":5}"
"2597","","survey-likert","7","32304","0.0-6.0-1.0","prjlgauxvydx3yb9o5a8","male","battle","","","sympathy","","","{""Q0"":5}"
"5237","","survey-text","8","37543","0.0-7.0","prjlgauxvydx3yb9o5a8","male","battle","","","past-donations","","","{""Q0"":""2""}"
"2714","","survey-multi-choice","9","40264","0.0-8.0-0.0","prjlgauxvydx3yb9o5a8","male","battle","","","self-cancer","","","{""Q0"":""Yes""}"
"1707","","survey-multi-choice","10","41976","0.0-8.0-1.0","prjlgauxvydx3yb9o5a8","male","battle","","","ff-cancer","","","{""Q0"":""Yes""}"
"10503","","survey-multi-choice","11","52498","0.0-9.0","prjlgauxvydx3yb9o5a8","male","battle","","","demographics","","","{""Q0"":""Male"",""Q1"":""Bachelor’s degree (e.g. BA, BS)"",""Q2"":""$75,000 through $99,999"",""Q3"":""Yes""}"
"5707","","survey-text","12","58208","0.0-10.0","prjlgauxvydx3yb9o5a8","male","battle","","","age","","","{""Q0"":""45""}"
"2783","","survey-text","13","60993","0.0-11.0","prjlgauxvydx3yb9o5a8","male","battle","","","purpose","","","{""Q0"":""""}"
"2099","","survey-text","14","63093","0.0-12.0","prjlgauxvydx3yb9o5a8","male","battle","","","feedback","","","{""Q0"":""""}"
"14966","debrief.html","external-html","15","79629","0.0-13.0","prjlgauxvydx3yb9o5a8","male","battle","","","","","",""
