"rt","url","trial_type","trial_index","time_elapsed","internal_node_id","ppt","recipient_sex","metaphor","stimulus","button_pressed","qtype","view_history","response","responses"
"5765","consent.html","external-html","0","5879","0.0-0.0","5adaq62b4oalb81gocln","male","battle","","","","","",""
"1950","","image-button-response","1","7840","0.0-1.0","5adaq62b4oalb81gocln","male","battle","check-1.png","1","check1","","",""
"3470","","image-button-response","2","11315","0.0-2.0","5adaq62b4oalb81gocln","male","battle","check-2.png","2","check2","","",""
"22568","","instructions","3","33886","0.0-3.0","5adaq62b4oalb81gocln","male","battle","","","","[{""page_index"":0,""viewing_time"":1257},{""page_index"":1,""viewing_time"":16127},{""page_index"":2,""viewing_time"":4301},{""page_index"":3,""viewing_time"":881}]","",""
"123176","","html-slider-response","4","157071","0.0-4.0","5adaq62b4oalb81gocln","male","battle","<h3>Please carefully read the following campaign, and indicate below how     much you would donate.</h3><p>Once you are satisfied, press ""Continue"" at the bottom.</p>    <br><img src=""condition_mb.png"" class=""main-trial""/>","","trial","","10",""
"71760","","survey-text","5","228837","0.0-5.0","5adaq62b4oalb81gocln","male","battle","","","description","","","{""Q0"":""Jason went in to get one thing fixed. He came out with worse news than he went in with.""}"
"20536","","survey-likert","6","249379","0.0-6.0-0.0","5adaq62b4oalb81gocln","male","battle","","","sympathy","","","{""Q0"":4}"
"4432","","survey-likert","7","253817","0.0-6.0-1.0","5adaq62b4oalb81gocln","male","battle","","","urgent","","","{""Q0"":3}"
"4903","","survey-text","8","258725","0.0-7.0","5adaq62b4oalb81gocln","male","battle","","","past-donations","","","{""Q0"":""8""}"
"3118","","survey-multi-choice","9","261853","0.0-8.0-0.0","5adaq62b4oalb81gocln","male","battle","","","self-cancer","","","{""Q0"":""No""}"
"3282","","survey-multi-choice","10","265142","0.0-8.0-1.0","5adaq62b4oalb81gocln","male","battle","","","ff-cancer","","","{""Q0"":""Yes""}"
"16800","","survey-multi-choice","11","281975","0.0-9.0","5adaq62b4oalb81gocln","male","battle","","","demographics","","","{""Q0"":""Female"",""Q1"":""High school degree or equivalent (e.g. GED)"",""Q2"":""$25,000 through $49,999"",""Q3"":""Yes""}"
"3043","","survey-text","12","285023","0.0-10.0","5adaq62b4oalb81gocln","male","battle","","","age","","","{""Q0"":""24""}"
"15130","","survey-text","13","300157","0.0-11.0","5adaq62b4oalb81gocln","male","battle","","","purpose","","","{""Q0"":""Sympathy ""}"
"4037766","","survey-text","14","4337930","0.0-12.0","5adaq62b4oalb81gocln","male","battle","","","feedback","","","{""Q0"":""It's easier to sympathize when the subject is something that you are aware of. I personally  don't know much about thyroids.""}"
"4490","debrief.html","external-html","15","4342857","0.0-13.0","5adaq62b4oalb81gocln","male","battle","","","","","",""
