"rt","url","trial_type","trial_index","time_elapsed","internal_node_id","ppt","recipient_sex","metaphor","stimulus","button_pressed","qtype","view_history","response","responses"
"3910","consent.html","external-html","0","4007","0.0-0.0","wdw19g1bakwafam0rjgf","male","literal","","","","","",""
"6304","","image-button-response","1","10319","0.0-1.0","wdw19g1bakwafam0rjgf","male","literal","check-1.png","0","check1","","",""
"6853","","image-button-response","2","17177","0.0-2.0","wdw19g1bakwafam0rjgf","male","literal","check-2.png","2","check2","","",""
"108155","","instructions","3","125336","0.0-3.0","wdw19g1bakwafam0rjgf","male","literal","","","","[{""page_index"":0,""viewing_time"":5099},{""page_index"":1,""viewing_time"":96844},{""page_index"":2,""viewing_time"":4419},{""page_index"":3,""viewing_time"":1791}]","",""
"25733","","html-slider-response","4","151076","0.0-4.0","wdw19g1bakwafam0rjgf","male","literal","<h3>Please carefully read the following campaign, and indicate below how     much you would donate.</h3><p>Once you are satisfied, press ""Continue"" at the bottom.</p>    <br><img src=""condition_ml.png"" class=""main-trial""/>","","trial","","40",""
"46279","","survey-text","5","197359","0.0-5.0","wdw19g1bakwafam0rjgf","male","literal","","","description","","","{""Q0"":""He is recovering from lymphoma and seeks funding for treatments and medical costs. He is ready to fight and needs financial help.""}"
"10298","","survey-likert","6","207663","0.0-6.0-0.0","wdw19g1bakwafam0rjgf","male","literal","","","urgent","","","{""Q0"":5}"
"4572","","survey-likert","7","212240","0.0-6.0-1.0","wdw19g1bakwafam0rjgf","male","literal","","","sympathy","","","{""Q0"":6}"
"4730","","survey-text","8","216972","0.0-7.0","wdw19g1bakwafam0rjgf","male","literal","","","past-donations","","","{""Q0"":""6""}"
"5892","","survey-multi-choice","9","222869","0.0-8.0-0.0","wdw19g1bakwafam0rjgf","male","literal","","","self-cancer","","","{""Q0"":""No""}"
"4465","","survey-multi-choice","10","227337","0.0-8.0-1.0","wdw19g1bakwafam0rjgf","male","literal","","","ff-cancer","","","{""Q0"":""Yes""}"
"13612","","survey-multi-choice","11","240965","0.0-9.0","wdw19g1bakwafam0rjgf","male","literal","","","demographics","","","{""Q0"":""Male"",""Q1"":""Bachelor’s degree (e.g. BA, BS)"",""Q2"":""$25,000 through $49,999"",""Q3"":""Yes""}"
"3992","","survey-text","12","244958","0.0-10.0","wdw19g1bakwafam0rjgf","male","literal","","","age","","","{""Q0"":""36""}"
"2779","","survey-text","13","247740","0.0-11.0","wdw19g1bakwafam0rjgf","male","literal","","","purpose","","","{""Q0"":""""}"
"2470","","survey-text","14","250212","0.0-12.0","wdw19g1bakwafam0rjgf","male","literal","","","feedback","","","{""Q0"":""""}"
"2131","debrief.html","external-html","15","252990","0.0-13.0","wdw19g1bakwafam0rjgf","male","literal","","","","","",""
