"rt","url","trial_type","trial_index","time_elapsed","internal_node_id","ppt","recipient_sex","metaphor","stimulus","button_pressed","qtype","view_history","response","responses"
"2897","consent.html","external-html","0","3028","0.0-0.0","gkhclhtf1188882rubql","female","journey","","","","","",""
"1788","","image-button-response","1","4826","0.0-1.0","gkhclhtf1188882rubql","female","journey","check-1.png","1","check1","","",""
"3806","","image-button-response","2","8640","0.0-2.0","gkhclhtf1188882rubql","female","journey","check-2.png","2","check2","","",""
"49500","","instructions","3","58146","0.0-3.0","gkhclhtf1188882rubql","female","journey","","","","[{""page_index"":0,""viewing_time"":8070},{""page_index"":1,""viewing_time"":30001},{""page_index"":2,""viewing_time"":10217},{""page_index"":3,""viewing_time"":1210}]","",""
"93417","","html-slider-response","4","151576","0.0-4.0","gkhclhtf1188882rubql","female","journey","<h3>Please carefully read the following campaign, and indicate below how     much you would donate.</h3><p>Once you are satisfied, press ""Continue"" at the bottom.</p>    <br><img src=""condition_female_journey.png"" class=""main-trial""/>","","trial","","9",""
"426365","","survey-text","5","577950","0.0-5.0","gkhclhtf1188882rubql","female","journey","","","description","","","{""Q0"":""Jennifer, after undergoing a serious heart surgery, has been diagnosed with lymphoma. Doctors say she will undoubtedly face issues concerning quality of life for an extensive amount of time, due in part to the countless treatments the patient will have to endure, coupled with the battles the aforementioned treatments will assuredly cause.""}"
"8527","","survey-likert","6","586488","0.0-6.0-0.0","gkhclhtf1188882rubql","female","journey","","","urgent","","","{""Q0"":5}"
"4298","","survey-likert","7","590797","0.0-6.0-1.0","gkhclhtf1188882rubql","female","journey","","","sympathy","","","{""Q0"":6}"
"23053","","survey-text","8","613859","0.0-7.0","gkhclhtf1188882rubql","female","journey","","","past-donations","","","{""Q0"":""9""}"
"5199","","survey-multi-choice","9","619070","0.0-8.0-0.0","gkhclhtf1188882rubql","female","journey","","","ff-cancer","","","{""Q0"":""Yes""}"
"1953","","survey-multi-choice","10","621032","0.0-8.0-1.0","gkhclhtf1188882rubql","female","journey","","","self-cancer","","","{""Q0"":""No""}"
"27488","","survey-multi-choice","11","648549","0.0-9.0","gkhclhtf1188882rubql","female","journey","","","demographics","","","{""Q0"":""Male"",""Q1"":""High school degree or equivalent (e.g. GED)"",""Q2"":""Less than $10,000"",""Q3"":""Yes""}"
"5304","","survey-text","12","653860","0.0-10.0","gkhclhtf1188882rubql","female","journey","","","age","","","{""Q0"":""27""}"
"787620","","survey-text","13","1441488","0.0-11.0","gkhclhtf1188882rubql","female","journey","","","purpose","","","{""Q0"":""To calculate not only a chatbot's ability to effectively encapsulate a certain situation, given limited parameters, in order to coerce a desired input from humans, but its ability to effect human retention levels beyond that which is usually found within normal use of chatbots. While not a typical scholar myself, I am extremely fascinated by IT and would love to see at the very least your opinions on your findings at the end. In the off chance this study is of a psychological nature, I would also be very interested in more information on how it goes as well. When all is said and done, if you have the means to point me in the right direction in order to find what public knowledge is available to learn the outcome, I would be grateful. Thank you for all you do, whatever it may be. ""}"
"107270","","survey-text","14","1548768","0.0-12.0","gkhclhtf1188882rubql","female","journey","","","feedback","","","{""Q0"":""I appreciate everything, it's cool moments like this that's better than sliced bread. Thank you all for real. :) stay safe""}"
"6188","debrief.html","external-html","15","1555320","0.0-13.0","gkhclhtf1188882rubql","female","journey","","","","","",""
